  0
SECTION
  2
HEADER
  9
$ACADVER
  1
AC1024
  9
$ACADMAINTVER
 70
6
  9
$DWGCODEPAGE
  3
ANSI_1252
  9
$LASTSAVEDBY
  1
ezdxf
  9
$INSBASE
 10
0.0
 20
0.0
 30
0.0
  9
$EXTMIN
 10
1e+20
 20
1e+20
 30
1e+20
  9
$EXTMAX
 10
-1e+20
 20
-1e+20
 30
-1e+20
  9
$LIMMIN
 10
0.0
 20
0.0
  9
$LIMMAX
 10
420.0
 20
297.0
  9
$ORTHOMODE
 70
0
  9
$REGENMODE
 70
1
  9
$FILLMODE
 70
1
  9
$QTEXTMODE
 70
0
  9
$MIRRTEXT
 70
1
  9
$LTSCALE
 40
1.0
  9
$ATTMODE
 70
1
  9
$TEXTSIZE
 40
2.5
  9
$TRACEWID
 40
1.0
  9
$TEXTSTYLE
  7
Standard
  9
$CLAYER
  8
0
  9
$CELTYPE
  6
ByLayer
  9
$CECOLOR
 62
256
  9
$CELTSCALE
 40
1.0
  9
$DISPSILH
 70
0
  9
$DIMSCALE
 40
1.0
  9
$DIMASZ
 40
2.5
  9
$DIMEXO
 40
0.625
  9
$DIMDLI
 40
3.75
  9
$DIMRND
 40
0.0
  9
$DIMDLE
 40
0.0
  9
$DIMEXE
 40
1.25
  9
$DIMTP
 40
0.0
  9
$DIMTM
 40
0.0
  9
$DIMTXT
 40
2.5
  9
$DIMCEN
 40
2.5
  9
$DIMTSZ
 40
0.0
  9
$DIMTOL
 70
0
  9
$DIMLIM
 70
0
  9
$DIMTIH
 70
0
  9
$DIMTOH
 70
0
  9
$DIMSE1
 70
0
  9
$DIMSE2
 70
0
  9
$DIMTAD
 70
1
  9
$DIMZIN
 70
8
  9
$DIMBLK
  1

  9
$DIMASO
 70
1
  9
$DIMSHO
 70
1
  9
$DIMPOST
  1

  9
$DIMAPOST
  1

  9
$DIMALT
 70
0
  9
$DIMALTD
 70
3
  9
$DIMALTF
 40
0.03937007874
  9
$DIMLFAC
 40
1.0
  9
$DIMTOFL
 70
1
  9
$DIMTVP
 40
0.0
  9
$DIMTIX
 70
0
  9
$DIMSOXD
 70
0
  9
$DIMSAH
 70
0
  9
$DIMBLK1
  1

  9
$DIMBLK2
  1

  9
$DIMSTYLE
  2
ISO-25
  9
$DIMCLRD
 70
0
  9
$DIMCLRE
 70
0
  9
$DIMCLRT
 70
0
  9
$DIMTFAC
 40
1.0
  9
$DIMGAP
 40
0.625
  9
$DIMJUST
 70
0
  9
$DIMSD1
 70
0
  9
$DIMSD2
 70
0
  9
$DIMTOLJ
 70
0
  9
$DIMTZIN
 70
8
  9
$DIMALTZ
 70
0
  9
$DIMALTTZ
 70
0
  9
$DIMUPT
 70
0
  9
$DIMDEC
 70
2
  9
$DIMTDEC
 70
2
  9
$DIMALTU
 70
2
  9
$DIMALTTD
 70
3
  9
$DIMTXSTY
  7
Standard
  9
$DIMAUNIT
 70
0
  9
$DIMADEC
 70
0
  9
$DIMALTRND
 40
0.0
  9
$DIMAZIN
 70
0
  9
$DIMDSEP
 70
44
  9
$DIMATFIT
 70
3
  9
$DIMFRAC
 70
0
  9
$DIMLDRBLK
  1

  9
$DIMLUNIT
 70
2
  9
$DIMLWD
 70
-2
  9
$DIMLWE
 70
-2
  9
$DIMTMOVE
 70
0
  9
$DIMFXL
 40
1.0
  9
$DIMFXLON
 70
0
  9
$DIMJOGANG
 40
0.785398163397
  9
$DIMTFILL
 70
0
  9
$DIMTFILLCLR
 70
0
  9
$DIMARCSYM
 70
0
  9
$DIMLTYPE
  6

  9
$DIMLTEX1
  6

  9
$DIMLTEX2
  6

  9
$DIMTXTDIRECTION
 70
0
  9
$LUNITS
 70
2
  9
$LUPREC
 70
4
  9
$SKETCHINC
 40
1.0
  9
$FILLETRAD
 40
10.0
  9
$AUNITS
 70
0
  9
$AUPREC
 70
2
  9
$MENU
  1
.
  9
$ELEVATION
 40
0.0
  9
$PELEVATION
 40
0.0
  9
$THICKNESS
 40
0.0
  9
$LIMCHECK
 70
0
  9
$CHAMFERA
 40
0.0
  9
$CHAMFERB
 40
0.0
  9
$CHAMFERC
 40
0.0
  9
$CHAMFERD
 40
0.0
  9
$SKPOLY
 70
0
  9
$TDCREATE
 40
2461238.4658217593
  9
$TDUCREATE
 40
2458532.153996898
  9
$TDUPDATE
 40
2461238.4658333333
  9
$TDUUPDATE
 40
2458532.1544311
  9
$TDINDWG
 40
0.0
  9
$TDUSRTIMER
 40
0.0
  9
$USRTIMER
 70
1
  9
$ANGBASE
 50
0.0
  9
$ANGDIR
 70
0
  9
$PDMODE
 70
0
  9
$PDSIZE
 40
0.0
  9
$PLINEWID
 40
0.0
  9
$SPLFRAME
 70
0
  9
$SPLINETYPE
 70
6
  9
$SPLINESEGS
 70
8
  9
$HANDSEED
  5
67
  9
$SURFTAB1
 70
6
  9
$SURFTAB2
 70
6
  9
$SURFTYPE
 70
6
  9
$SURFU
 70
6
  9
$SURFV
 70
6
  9
$UCSBASE
  2

  9
$UCSNAME
  2

  9
$UCSORG
 10
0.0
 20
0.0
 30
0.0
  9
$UCSXDIR
 10
1.0
 20
0.0
 30
0.0
  9
$UCSYDIR
 10
0.0
 20
1.0
 30
0.0
  9
$UCSORTHOREF
  2

  9
$UCSORTHOVIEW
 70
0
  9
$UCSORGTOP
 10
0.0
 20
0.0
 30
0.0
  9
$UCSORGBOTTOM
 10
0.0
 20
0.0
 30
0.0
  9
$UCSORGLEFT
 10
0.0
 20
0.0
 30
0.0
  9
$UCSORGRIGHT
 10
0.0
 20
0.0
 30
0.0
  9
$UCSORGFRONT
 10
0.0
 20
0.0
 30
0.0
  9
$UCSORGBACK
 10
0.0
 20
0.0
 30
0.0
  9
$PUCSBASE
  2

  9
$PUCSNAME
  2

  9
$PUCSORG
 10
0.0
 20
0.0
 30
0.0
  9
$PUCSXDIR
 10
1.0
 20
0.0
 30
0.0
  9
$PUCSYDIR
 10
0.0
 20
1.0
 30
0.0
  9
$PUCSORTHOREF
  2

  9
$PUCSORTHOVIEW
 70
0
  9
$PUCSORGTOP
 10
0.0
 20
0.0
 30
0.0
  9
$PUCSORGBOTTOM
 10
0.0
 20
0.0
 30
0.0
  9
$PUCSORGLEFT
 10
0.0
 20
0.0
 30
0.0
  9
$PUCSORGRIGHT
 10
0.0
 20
0.0
 30
0.0
  9
$PUCSORGFRONT
 10
0.0
 20
0.0
 30
0.0
  9
$PUCSORGBACK
 10
0.0
 20
0.0
 30
0.0
  9
$USERI1
 70
0
  9
$USERI2
 70
0
  9
$USERI3
 70
0
  9
$USERI4
 70
0
  9
$USERI5
 70
0
  9
$USERR1
 40
0.0
  9
$USERR2
 40
0.0
  9
$USERR3
 40
0.0
  9
$USERR4
 40
0.0
  9
$USERR5
 40
0.0
  9
$WORLDVIEW
 70
1
  9
$SHADEDGE
 70
3
  9
$SHADEDIF
 70
70
  9
$TILEMODE
 70
1
  9
$MAXACTVP
 70
64
  9
$PINSBASE
 10
0.0
 20
0.0
 30
0.0
  9
$PLIMCHECK
 70
0
  9
$PEXTMIN
 10
1e+20
 20
1e+20
 30
1e+20
  9
$PEXTMAX
 10
-1e+20
 20
-1e+20
 30
-1e+20
  9
$PLIMMIN
 10
0.0
 20
0.0
  9
$PLIMMAX
 10
420.0
 20
297.0
  9
$UNITMODE
 70
0
  9
$VISRETAIN
 70
1
  9
$PLINEGEN
 70
0
  9
$PSLTSCALE
 70
1
  9
$TREEDEPTH
 70
3020
  9
$CMLSTYLE
  2
Standard
  9
$CMLJUST
 70
0
  9
$CMLSCALE
 40
20.0
  9
$PROXYGRAPHICS
 70
1
  9
$MEASUREMENT
 70
1
  9
$CELWEIGHT
370
-1
  9
$ENDCAPS
280
0
  9
$JOINSTYLE
280
0
  9
$LWDISPLAY
290
0
  9
$INSUNITS
 70
6
  9
$HYPERLINKBASE
  1

  9
$STYLESHEET
  1

  9
$XEDIT
290
1
  9
$CEPSNTYPE
380
0
  9
$PSTYLEMODE
290
1
  9
$FINGERPRINTGUID
  2
{D69D213A-53F3-4651-89CF-9D853B7C81E3}
  9
$VERSIONGUID
  2
{7E224CF8-20A9-48AE-893B-6D729512075F}
  9
$EXTNAMES
290
1
  9
$PSVPSCALE
 40
0.0
  9
$OLESTARTUP
290
0
  9
$SORTENTS
280
127
  9
$INDEXCTL
280
0
  9
$HIDETEXT
280
1
  9
$XCLIPFRAME
280
1
  9
$HALOGAP
280
0
  9
$OBSCOLOR
 70
257
  9
$OBSLTYPE
280
0
  9
$INTERSECTIONDISPLAY
280
0
  9
$INTERSECTIONCOLOR
 70
257
  9
$DIMASSOC
280
2
  9
$PROJECTNAME
  1

  9
$CAMERADISPLAY
290
0
  9
$LENSLENGTH
 40
50.0
  9
$CAMERAHEIGHT
 40
0.0
  9
$STEPSPERSEC
 40
24.0
  9
$STEPSIZE
 40
100.0
  9
$3DDWFPREC
 40
2.0
  9
$PSOLWIDTH
 40
0.005
  9
$PSOLHEIGHT
 40
0.08
  9
$LOFTANG1
 40
1.570796326795
  9
$LOFTANG2
 40
1.570796326795
  9
$LOFTMAG1
 40
0.0
  9
$LOFTMAG2
 40
0.0
  9
$LOFTPARAM
 70
7
  9
$LOFTNORMALS
280
1
  9
$LATITUDE
 40
37.795
  9
$LONGITUDE
 40
-122.394
  9
$NORTHDIRECTION
 40
0.0
  9
$TIMEZONE
 70
-8000
  9
$LIGHTGLYPHDISPLAY
280
1
  9
$TILEMODELIGHTSYNCH
280
1
  9
$CMATERIAL
347
20
  9
$SOLIDHIST
280
0
  9
$SHOWHIST
280
1
  9
$DWFFRAME
280
2
  9
$DGNFRAME
280
2
  9
$REALWORLDSCALE
290
1
  9
$INTERFERECOLOR
 62
256
  9
$CSHADOW
280
0
  9
$SHADOWPLANELOCATION
 40
0.0
  0
ENDSEC
  0
SECTION
  2
CLASSES
  0
CLASS
  1
ACDBDICTIONARYWDFLT
  2
AcDbDictionaryWithDefault
  3
ObjectDBX Classes
 90
0
 91
0
280
0
281
0
  0
CLASS
  1
SUN
  2
AcDbSun
  3
SCENEOE
 90
1153
 91
0
280
0
281
0
  0
CLASS
  1
VISUALSTYLE
  2
AcDbVisualStyle
  3
ObjectDBX Classes
 90
4095
 91
0
280
0
281
0
  0
CLASS
  1
MATERIAL
  2
AcDbMaterial
  3
ObjectDBX Classes
 90
1153
 91
0
280
0
281
0
  0
CLASS
  1
SCALE
  2
AcDbScale
  3
ObjectDBX Classes
 90
1153
 91
0
280
0
281
0
  0
CLASS
  1
TABLESTYLE
  2
AcDbTableStyle
  3
ObjectDBX Classes
 90
4095
 91
0
280
0
281
0
  0
CLASS
  1
MLEADERSTYLE
  2
AcDbMLeaderStyle
  3
ACDB_MLEADERSTYLE_CLASS
 90
4095
 91
0
280
0
281
0
  0
CLASS
  1
DICTIONARYVAR
  2
AcDbDictionaryVar
  3
ObjectDBX Classes
 90
0
 91
0
280
0
281
0
  0
CLASS
  1
CELLSTYLEMAP
  2
AcDbCellStyleMap
  3
ObjectDBX Classes
 90
1152
 91
0
280
0
281
0
  0
CLASS
  1
MENTALRAYRENDERSETTINGS
  2
AcDbMentalRayRenderSettings
  3
SCENEOE
 90
1024
 91
0
280
0
281
0
  0
CLASS
  1
ACDBDETAILVIEWSTYLE
  2
AcDbDetailViewStyle
  3
ObjectDBX Classes
 90
1025
 91
0
280
0
281
0
  0
CLASS
  1
ACDBSECTIONVIEWSTYLE
  2
AcDbSectionViewStyle
  3
ObjectDBX Classes
 90
1025
 91
0
280
0
281
0
  0
CLASS
  1
RASTERVARIABLES
  2
AcDbRasterVariables
  3
ISM
 90
0
 91
0
280
0
281
0
  0
CLASS
  1
LAYOUT
  2
AcDbLayout
  3
ObjectDBX Classes
 90
0
 91
0
280
0
281
0
  0
CLASS
  1
ACDBPLACEHOLDER
  2
AcDbPlaceHolder
  3
ObjectDBX Classes
 90
0
 91
0
280
0
281
0
  0
ENDSEC
  0
SECTION
  2
TABLES
  0
TABLE
  2
VPORT
  5
8
330
0
100
AcDbSymbolTable
 70
1
  0
VPORT
  5
23
330
8
100
AcDbSymbolTableRecord
100
AcDbViewportTableRecord
  2
*Active
 70
0
 10
0.0
 20
0.0
 11
1.0
 21
1.0
 12
0.0
 22
0.0
 13
0.0
 23
0.0
 14
0.5
 24
0.5
 15
0.5
 25
0.5
 16
0.0
 26
0.0
 36
1.0
 17
0.0
 27
0.0
 37
0.0
 40
1000.0
 41
1.34
 42
50.0
 43
0.0
 44
0.0
 50
0.0
 51
0.0
 71
0
 72
1000
 73
1
 74
3
 75
0
 76
0
 77
0
 78
0
281
0
 65
0
146
0.0
  0
ENDTAB
  0
TABLE
  2
LTYPE
  5
2
330
0
100
AcDbSymbolTable
 70
3
  0
LTYPE
  5
24
330
2
100
AcDbSymbolTableRecord
100
AcDbLinetypeTableRecord
  2
ByBlock
 70
0
  3

 72
65
 73
0
 40
0.0
  0
LTYPE
  5
25
330
2
100
AcDbSymbolTableRecord
100
AcDbLinetypeTableRecord
  2
ByLayer
 70
0
  3

 72
65
 73
0
 40
0.0
  0
LTYPE
  5
26
330
2
100
AcDbSymbolTableRecord
100
AcDbLinetypeTableRecord
  2
Continuous
 70
0
  3

 72
65
 73
0
 40
0.0
  0
ENDTAB
  0
TABLE
  2
LAYER
  5
1
330
0
100
AcDbSymbolTable
 70
2
  0
LAYER
  5
27
330
1
100
AcDbSymbolTableRecord
100
AcDbLayerTableRecord
  2
0
 70
0
 62
7
  6
Continuous
370
-3
390
13
347
21
  0
LAYER
  5
28
330
1
100
AcDbSymbolTableRecord
100
AcDbLayerTableRecord
  2
Defpoints
 70
0
 62
7
  6
Continuous
290
0
370
-3
390
13
347
21
  0
ENDTAB
  0
TABLE
  2
STYLE
  5
5
330
0
100
AcDbSymbolTable
 70
1
  0
STYLE
  5
29
330
5
100
AcDbSymbolTableRecord
100
AcDbTextStyleTableRecord
  2
Standard
 70
0
 40
0.0
 41
1.0
 50
0.0
 71
0
 42
2.5
  3
txt
  4

  0
ENDTAB
  0
TABLE
  2
VIEW
  5
7
330
0
100
AcDbSymbolTable
 70
0
  0
ENDTAB
  0
TABLE
  2
UCS
  5
6
330
0
100
AcDbSymbolTable
 70
0
  0
ENDTAB
  0
TABLE
  2
APPID
  5
3
330
0
100
AcDbSymbolTable
 70
3
  0
APPID
  5
2A
330
3
100
AcDbSymbolTableRecord
100
AcDbRegAppTableRecord
  2
ACAD
 70
0
  0
APPID
  5
64
330
3
100
AcDbSymbolTableRecord
100
AcDbRegAppTableRecord
  2
HATCHBACKGROUNDCOLOR
 70
0
  0
APPID
  5
65
330
3
100
AcDbSymbolTableRecord
100
AcDbRegAppTableRecord
  2
EZDXF
 70
0
  0
ENDTAB
  0
TABLE
  2
DIMSTYLE
  5
4
330
0
100
AcDbSymbolTable
 70
1
100
AcDbDimStyleTable
  0
DIMSTYLE
105
2B
330
4
100
AcDbSymbolTableRecord
100
AcDbDimStyleTableRecord
  2
Standard
 70
0
 40
1.0
 41
2.5
 42
0.625
 43
3.75
 44
1.25
 45
0.0
 46
0.0
 47
0.0
 48
0.0
 49
2.5
140
2.5
141
2.5
142
0.0
143
0.03937007874
144
1.0
145
0.0
146
1.0
147
0.625
148
0.0
 69
0
 70
0
 71
0
 72
0
 73
0
 74
0
 75
0
 76
0
 77
1
 78
8
 79
3
170
0
171
3
172
1
173
0
174
0
175
0
176
0
177
0
178
0
179
2
271
2
272
2
273
2
274
3
275
0
276
0
277
2
278
44
279
0
280
0
281
0
282
0
283
0
284
8
285
0
286
0
288
0
289
3
290
0
371
-2
372
-2
  0
ENDTAB
  0
TABLE
  2
BLOCK_RECORD
  5
9
330
0
100
AcDbSymbolTable
 70
2
  0
BLOCK_RECORD
  5
17
330
9
100
AcDbSymbolTableRecord
100
AcDbBlockTableRecord
  2
*Model_Space
340
1A
 70
0
280
1
281
0
  0
BLOCK_RECORD
  5
1B
330
9
100
AcDbSymbolTableRecord
100
AcDbBlockTableRecord
  2
*Paper_Space
340
1E
 70
0
280
1
281
0
  0
ENDTAB
  0
ENDSEC
  0
SECTION
  2
BLOCKS
  0
BLOCK
  5
18
330
17
100
AcDbEntity
  8
0
100
AcDbBlockBegin
  2
*Model_Space
 70
0
 10
0.0
 20
0.0
 30
0.0
  3
*Model_Space
  1

  0
ENDBLK
  5
19
330
17
100
AcDbEntity
  8
0
100
AcDbBlockEnd
  0
BLOCK
  5
1C
330
1B
100
AcDbEntity
  8
0
100
AcDbBlockBegin
  2
*Paper_Space
 70
0
 10
0.0
 20
0.0
 30
0.0
  3
*Paper_Space
  1

  0
ENDBLK
  5
1D
330
1B
100
AcDbEntity
  8
0
100
AcDbBlockEnd
  0
ENDSEC
  0
SECTION
  2
ENTITIES
  0
LWPOLYLINE
  5
2F
330
17
100
AcDbEntity
  8
0
100
AcDbPolyline
 90
375
 70
1
 10
247.65079225069613
 20
-1.212990172604259
 10
251.3702384305976
 20
105.29801270722696
 10
251.19821513313886
 20
104.81140286833325
 10
251.14604046849263
 20
104.32366998256455
 10
250.97404158509644
 20
103.83706014367085
 10
250.8020427017002
 20
103.35043809774588
 10
153.7777233542981
 20
106.73860198877023
 10
153.62762451171875
 20
106.82801513671875
 10
153.56068115234376
 20
106.87213134765625
 10
153.48238525390624
 20
106.92647705078124
 10
153.39344482421876
 20
106.9916259765625
 10
153.31654052734376
 20
107.05615234375
 10
153.2408203125
 20
107.1260498046875
 10
153.16861572265626
 20
107.19970703125
 10
153.10263671875
 20
107.2754638671875
 10
153.04168701171875
 20
107.35308837890625
 10
152.98634033203126
 20
107.4318115234375
 10
152.93616943359376
 20
107.51112060546875
 10
152.8894775390625
 20
107.5906982421875
 10
152.84588623046875
 20
107.6702392578125
 10
152.80506591796876
 20
107.7497802734375
 10
152.7659912109375
 20
107.8292724609375
 10
152.72862548828124
 20
107.90875244140625
 10
152.6923095703125
 20
107.9882080078125
 10
152.65633544921874
 20
108.06768798828125
 10
152.62139892578125
 20
108.14715576171875
 10
152.58681640625
 20
108.22659912109376
 10
152.55223388671874
 20
108.3060546875
 10
152.51729736328124
 20
108.3855224609375
 10
152.4813232421875
 20
108.46500244140626
 10
152.44395751953124
 20
108.5444580078125
 10
152.40556640625
 20
108.6239501953125
 10
152.36544189453124
 20
108.70347900390625
 10
152.3239501953125
 20
108.7829833984375
 10
152.28037109375
 20
108.86251220703124
 10
152.23505859375
 20
108.9420654296875
 10
152.18836669921876
 20
109.02161865234375
 10
152.14063720703126
 20
109.10120849609375
 10
152.0918701171875
 20
109.1807861328125
 10
152.0424072265625
 20
109.26038818359375
 10
151.99224853515625
 20
109.34000244140626
 10
151.94278564453126
 20
109.41956787109375
 10
151.89403076171874
 20
109.49915771484375
 10
151.84593505859374
 20
109.57872314453125
 10
151.7985595703125
 20
109.65828857421874
 10
151.75186767578126
 20
109.73785400390625
 10
151.7055419921875
 20
109.81739501953125
 10
151.6595458984375
 20
109.89696044921875
 10
151.61251220703124
 20
109.97650146484375
 10
151.56444091796874
 20
110.0560791015625
 10
151.51531982421875
 20
110.13564453125
 10
151.46484375
 20
110.215234375
 10
151.4129638671875
 20
110.29483642578126
 10
151.36038818359376
 20
110.37445068359375
 10
151.30712890625
 20
110.45406494140624
 10
151.2542236328125
 20
110.5336669921875
 10
151.20166015625
 20
110.61326904296875
 10
151.1494384765625
 20
110.69287109375
 10
151.0986083984375
 20
110.77244873046875
 10
151.04915771484374
 20
110.85203857421875
 10
151.00108642578124
 20
110.93160400390624
 10
150.95440673828125
 20
111.01114501953126
 10
150.9087646484375
 20
111.09068603515625
 10
150.86380615234376
 20
111.17021484375
 10
150.8192138671875
 20
111.2497314453125
 10
150.7732177734375
 20
111.32896728515625
 10
150.72515869140625
 20
111.4072998046875
 10
150.67327880859375
 20
111.4841064453125
 10
150.6165771484375
 20
111.55848388671875
 10
150.5539794921875
 20
111.62921142578125
 10
150.48514404296876
 20
111.69473876953126
 10
150.40972900390625
 20
111.75322265625
 10
150.32841796875
 20
111.80311279296875
 10
150.2415771484375
 20
111.84345703125
 10
150.15057373046875
 20
111.873046875
 10
150.05677490234376
 20
111.89090576171876
 10
149.9615966796875
 20
111.8964111328125
 10
149.8663818359375
 20
111.8892578125
 10
149.77254638671874
 20
111.8694091796875
 10
149.6814697265625
 20
111.8371826171875
 10
149.5945068359375
 20
111.79224853515625
 10
149.51307373046876
 20
111.7345947265625
 10
149.4375
 20
111.66451416015624
 10
149.36846923828125
 20
111.58262939453125
 10
149.30565185546874
 20
111.48988037109375
 10
149.2487060546875
 20
111.38751220703125
 10
149.19659423828125
 20
111.2764404296875
 10
149.14827880859374
 20
111.15821533203125
 10
149.10167236328124
 20
111.03472900390625
 10
149.0561279296875
 20
110.90750732421876
 10
149.00986328125
 20
110.77784423828125
 10
148.9625732421875
 20
110.6466552734375
 10
148.9138916015625
 20
110.5145263671875
 10
148.8638427734375
 20
110.3821044921875
 10
148.81239013671876
 20
110.24970703125
 10
148.76058349609374
 20
110.1173095703125
 10
148.70810546875
 20
109.98489990234376
 10
148.6559814453125
 20
109.85252685546875
 10
148.60384521484374
 20
109.72012939453126
 10
148.55172119140624
 20
109.58773193359374
 10
148.49923095703124
 20
109.4553466796875
 10
148.44639892578124
 20
109.32296142578124
 10
148.39288330078125
 20
109.19061279296875
 10
148.3397216796875
 20
109.0582275390625
 10
148.2865478515625
 20
108.9258544921875
 10
148.2340576171875
 20
108.79346923828125
 10
148.18226318359376
 20
108.66107177734375
 10
148.1318603515625
 20
108.5286865234375
 10
148.08284912109374
 20
108.3962646484375
 10
148.0352294921875
 20
108.26383056640626
 10
147.98792724609376
 20
108.13138427734376
 10
147.9409912109375
 20
107.99896240234375
 10
147.89404296875
 20
107.8665283203125
 10
147.8467529296875
 20
107.73409423828124
 10
147.79842529296874
 20
107.6016845703125
 10
147.74871826171875
 20
107.46929931640625
 10
147.69727783203126
 20
107.3369140625
 10
147.6441162109375
 20
107.20452880859375
 10
147.58887939453126
 20
107.0721923828125
 10
147.53155517578125
 20
106.93988037109375
 10
147.47286376953124
 20
106.80755615234375
 10
147.4138427734375
 20
106.67525634765624
 10
147.35516357421875
 20
106.5429443359375
 10
147.29783935546874
 20
106.41063232421875
 10
147.2426025390625
 20
106.27828369140624
 10
147.19049072265625
 20
106.1458984375
 10
147.1414794921875
 20
106.0135009765625
 10
147.0955810546875
 20
105.8810791015625
 10
147.05174560546874
 20
105.74862060546874
 10
147.0096435546875
 20
105.61614990234375
 10
146.96824951171874
 20
105.48367919921876
 10
146.92718505859375
 20
105.3511962890625
 10
146.88543701171875
 20
105.21873779296875
 10
146.8429931640625
 20
105.08629150390625
 10
146.79884033203126
 20
104.9538330078125
 10
146.75328369140624
 20
104.8214111328125
 10
146.70634765625
 20
104.6889892578125
 10
146.65838623046875
 20
104.55660400390624
 10
146.609375
 20
104.4241943359375
 10
146.55933837890626
 20
104.2918212890625
 10
146.5082763671875
 20
104.15946044921876
 10
146.45718994140626
 20
104.02708740234375
 10
146.40576171875
 20
103.8947265625
 10
146.35400390625
 20
103.76234130859375
 10
146.30155029296876
 20
103.62999267578125
 10
146.24837646484374
 20
103.49766845703125
 10
146.19522705078126
 20
103.36531982421874
 10
146.14173583984376
 20
103.23297119140625
 10
146.08756103515626
 20
103.10062255859376
 10
146.0333740234375
 20
102.9682861328125
 10
145.9788330078125
 20
102.8359619140625
 10
145.92464599609374
 20
102.70362548828125
 10
145.8704833984375
 20
102.57130126953125
 10
145.81558837890626
 20
102.43896484375
 10
145.7607177734375
 20
102.306640625
 10
145.70550537109375
 20
102.17431640625
 10
145.6492431640625
 20
102.04200439453125
 10
145.5923095703125
 20
101.90970458984376
 10
145.53363037109375
 20
101.777734375
 10
145.47322998046874
 20
101.64638671875
 10
145.4111083984375
 20
101.51629638671875
 10
145.3458740234375
 20
101.38809814453126
 10
145.2771728515625
 20
101.26240234375
 10
145.20469970703124
 20
101.13984375
 10
145.12774658203125
 20
101.0213134765625
 10
145.04661865234374
 20
100.90687255859375
 10
144.96138916015624
 20
100.79677734375
 10
144.8719970703125
 20
100.69044189453125
 10
144.7794921875
 20
100.5875244140625
 10
144.68458251953126
 20
100.48773193359375
 10
144.5879638671875
 20
100.3910400390625
 10
144.49029541015625
 20
100.29652099609375
 10
144.39195556640624
 20
100.20419921875
 10
144.29326171875
 20
100.11339111328125
 10
144.19456787109374
 20
100.02445068359376
 10
144.0958740234375
 20
99.93704833984376
 10
143.9971923828125
 20
99.85089111328125
 10
143.8985107421875
 20
99.76505126953126
 10
143.7998291015625
 20
99.67950439453125
 10
143.7011474609375
 20
99.59395751953124
 10
143.60247802734375
 20
99.50841064453125
 10
143.50380859375
 20
99.42255859375
 10
143.40511474609374
 20
99.3361083984375
 10
143.30645751953125
 20
99.2490234375
 10
143.20777587890626
 20
99.16131591796875
 10
143.10909423828124
 20
99.07269287109375
 10
143.01044921875
 20
98.98314208984375
 10
142.91175537109376
 20
98.89237060546876
 10
142.8130859375
 20
98.80035400390625
 10
142.71441650390625
 20
98.70770263671875
 10
142.61573486328126
 20
98.614453125
 10
142.51707763671874
 20
98.52120361328124
 10
142.41839599609375
 20
98.4288818359375
 10
142.3197265625
 20
98.3374755859375
 10
142.22108154296876
 20
98.24761962890625
 10
142.12242431640624
 20
98.1593017578125
 10
142.0237548828125
 20
98.07222900390624
 10
141.92509765625
 20
97.98609619140625
 10
141.8264404296875
 20
97.9005615234375
 10
141.7278076171875
 20
97.81441650390624
 10
141.62913818359374
 20
97.72764892578125
 10
141.5304931640625
 20
97.6399658203125
 10
141.43184814453124
 20
97.55135498046874
 10
141.33319091796875
 20
97.46181640625
 10
141.2345458984375
 20
97.372265625
 10
141.13587646484376
 20
97.28271484375
 10
141.0372314453125
 20
97.19442138671874
 10
140.9385986328125
 20
97.10733642578126
 10
140.83995361328124
 20
97.02183837890625
 10
140.74132080078124
 20
96.9378662109375
 10
140.64268798828124
 20
96.8554443359375
 10
140.54407958984376
 20
96.77362060546875
 10
140.44544677734376
 20
96.69241943359376
 10
140.34683837890626
 20
96.61092529296874
 10
140.24820556640626
 20
96.52911376953125
 10
140.1495849609375
 20
96.4460693359375
 10
140.05096435546875
 20
96.36177978515624
 10
139.95234375
 20
96.2765625
 10
139.8537109375
 20
96.19073486328125
 10
139.755078125
 20
96.10430908203125
 10
139.6564453125
 20
96.01756591796875
 10
139.55782470703124
 20
95.93079833984375
 10
139.4592041015625
 20
95.84560546875
 10
139.36090087890625
 20
95.76265869140624
 10
139.26341552734374
 20
95.68209228515624
 10
139.16597900390624
 20
95.60458984375
 10
139.0705322265625
 20
95.5319580078125
 10
138.97911376953124
 20
95.4659423828125
 10
138.8805419921875
 20
95.4014404296875
 10
138.79603271484376
 20
95.34803466796875
 10
138.72532958984374
 20
95.3050537109375
 10
138.57189366540354
 20
95.22148607584731
 10
135.80451743794944
 20
15.974199497352583
 10
135.96580810546874
 20
15.848046875
 10
136.0401123046875
 20
15.7920166015625
 10
136.12891845703126
 20
15.7265625
 10
136.23253173828124
 20
15.6519775390625
 10
136.32860107421874
 20
15.5861572265625
 10
136.4288818359375
 20
15.5194580078125
 10
136.53131103515625
 20
15.452734375
 10
136.63372802734375
 20
15.3869384765625
 10
136.73704833984374
 20
15.320703125
 10
136.84068603515624
 20
15.253564453125
 10
136.9443115234375
 20
15.184814453125
 10
137.04793701171874
 20
15.1145751953125
 10
137.1515625
 20
15.042724609375
 10
137.25517578125
 20
14.9693359375
 10
137.35880126953126
 20
14.894482421875
 10
137.4624267578125
 20
14.818310546875
 10
137.56605224609376
 20
14.7412353515625
 10
137.66934814453126
 20
14.6632568359375
 10
137.77193603515624
 20
14.5840087890625
 10
137.87347412109375
 20
14.503271484375
 10
137.9736328125
 20
14.4216064453125
 10
138.07208251953125
 20
14.3396484375
 10
138.16844482421874
 20
14.257421875
 10
138.26240234375
 20
14.1752197265625
 10
138.35462646484376
 20
14.0939697265625
 10
138.4458251953125
 20
14.014892578125
 10
138.5366943359375
 20
13.9389404296875
 10
138.62789306640624
 20
13.8660400390625
 10
138.72012939453126
 20
13.7961669921875
 10
138.81412353515626
 20
13.729736328125
 10
138.91053466796876
 20
13.666357421875
 10
139.0090087890625
 20
13.6053955078125
 10
139.10921630859374
 20
13.5453369140625
 10
139.2108154296875
 20
13.4855712890625
 10
139.3134521484375
 20
13.4255126953125
 10
139.41678466796876
 20
13.364794921875
 10
139.52044677734375
 20
13.3031494140625
 10
139.62412109375
 20
13.2402587890625
 10
139.72779541015626
 20
13.1761474609375
 10
139.83145751953126
 20
13.11171875
 10
139.93514404296874
 20
13.0469970703125
 10
140.03883056640626
 20
12.982568359375
 10
140.14249267578126
 20
12.9184326171875
 10
140.24617919921874
 20
12.854345703125
 10
140.34951171875
 20
12.7905517578125
 10
140.45216064453126
 20
12.7267578125
 10
140.5537841796875
 20
12.6626708984375
 10
140.65400390625
 20
12.5979736328125
 10
140.75250244140625
 20
12.532373046875
 10
140.84891357421876
 20
12.465576171875
 10
140.94290771484376
 20
12.398193359375
 10
141.03519287109376
 20
12.33046875
 10
141.1264404296875
 20
12.263134765625
 10
141.21734619140625
 20
12.1958251953125
 10
141.30859375
 20
12.1287353515625
 10
141.40087890625
 20
12.061376953125
 10
141.4948974609375
 20
11.9936767578125
 10
141.5913330078125
 20
11.9244140625
 10
141.68983154296876
 20
11.8523193359375
 10
141.7900634765625
 20
11.7758544921875
 10
141.89166259765625
 20
11.694482421875
 10
141.99427490234376
 20
11.6072021484375
 10
142.09725341796874
 20
11.5140380859375
 10
142.19989013671875
 20
11.414697265625
 10
142.30146484375
 20
11.309814453125
 10
142.40166015625
 20
11.1999755859375
 10
142.49974365234374
 20
11.0864990234375
 10
142.5950927734375
 20
10.9702880859375
 10
142.6869873046875
 20
10.8522216796875
 10
142.7754150390625
 20
10.7330078125
 10
142.86038818359376
 20
10.613232421875
 10
142.94190673828126
 20
10.4931396484375
 10
143.01995849609375
 20
10.3731201171875
 10
143.09527587890625
 20
10.2531494140625
 10
143.1684814453125
 20
10.133203125
 10
143.23997802734374
 20
10.01328125
 10
143.3100830078125
 20
9.8933837890625
 10
143.3791748046875
 20
9.773486328125
 10
143.44755859375
 20
9.653564453125
 10
143.5152587890625
 20
9.5337158203125
 10
143.58228759765626
 20
9.4138427734375
 10
143.64825439453125
 20
9.2939697265625
 10
143.7138671875
 20
9.1741455078125
 10
143.7791259765625
 20
9.054296875
 10
143.84405517578125
 20
8.9344482421875
 10
143.90831298828124
 20
8.814599609375
 10
143.97257080078126
 20
8.694775390625
 10
144.0364501953125
 20
8.574951171875
 10
144.1007080078125
 20
8.455126953125
 10
144.16495361328126
 20
8.335302734375
 10
144.22886962890624
 20
8.215478515625
 10
144.29208984375
 20
8.0956298828125
 10
144.35494384765624
 20
7.9758056640625
 10
144.4167724609375
 20
7.8560302734375
 10
144.4779052734375
 20
7.7362060546875
 10
144.53765869140625
 20
7.616455078125
 10
144.59532470703124
 20
7.4967041015625
 10
144.65128173828126
 20
7.3769775390625
 10
144.705859375
 20
7.257275390625
 10
144.75938720703124
 20
7.137548828125
 10
144.81221923828124
 20
7.0178955078125
 10
144.8647216796875
 20
6.898193359375
 10
144.91722412109374
 20
6.778515625
 10
144.9711181640625
 20
6.6588134765625
 10
145.0263916015625
 20
6.539111328125
 10
145.0830322265625
 20
6.419384765625
 10
145.1400390625
 20
6.2996337890625
 10
145.1970458984375
 20
6.1798828125
 10
145.25301513671874
 20
6.06015625
 10
145.3075927734375
 20
5.9404296875
 10
145.35938720703126
 20
5.820751953125
 10
145.40809326171876
 20
5.7011474609375
 10
145.45299072265624
 20
5.5815673828125
 10
145.49476318359376
 20
5.4623046875
 10
145.53414306640624
 20
5.34375
 10
145.57213134765624
 20
5.226123046875
 10
145.609765625
 20
5.1097412109375
 10
145.64844970703126
 20
4.9948974609375
 10
145.68955078125
 20
4.8818603515625
 10
145.73551025390626
 20
4.7709228515625
 10
145.7873291015625
 20
4.6614013671875
 10
145.8453857421875
 20
4.5527587890625
 10
145.90966796875
 20
4.4443603515625
 10
145.97947998046874
 20
4.335546875
 10
146.05379638671874
 20
4.2257080078125
 10
146.13050537109376
 20
4.1143310546875
 10
146.20621337890626
 20
4.0008056640625
 10
146.2784423828125
 20
3.8854736328125
 10
146.34478759765625
 20
3.7686279296875
 10
146.40318603515624
 20
3.650732421875
 10
146.4511962890625
 20
3.5320068359375
 10
146.4867431640625
 20
3.4131591796875
 10
146.50850830078124
 20
3.294873046875
 10
146.51610107421874
 20
3.177978515625
 10
146.50897216796875
 20
3.063623046875
 10
146.48489990234376
 20
2.9516357421875
 10
146.44591064453124
 20
2.844482421875
 10
146.3954345703125
 20
2.7445068359375
 10
146.3207275390625
 20
2.6414794921875
 10
146.24952392578126
 20
2.554736328125
 10
146.18385009765626
 20
2.4836669921875
 10
146.0182116070931
 20
2.3360977489024664
  0
LWPOLYLINE
  5
30
330
17
100
AcDbEntity
  8
0
100
AcDbPolyline
 90
427
 70
1
 10
177.453369140625
 20
100.229541015625
 10
177.33436279296876
 20
100.198046875
 10
177.21536865234376
 20
100.1689208984375
 10
177.0963623046875
 20
100.1421630859375
 10
176.97738037109374
 20
100.11776123046874
 10
176.85838623046874
 20
100.09566650390624
 10
176.739404296875
 20
100.07584228515626
 10
176.62044677734374
 20
100.05819091796874
 10
176.50147705078126
 20
100.04263916015626
 10
176.3824951171875
 20
100.02906494140625
 10
176.26353759765624
 20
100.01732177734375
 10
176.144580078125
 20
100.007275390625
 10
176.02562255859374
 20
99.998828125
 10
175.9066650390625
 20
99.99180908203125
 10
175.78770751953124
 20
99.98607177734375
 10
175.66876220703125
 20
99.9814697265625
 10
175.5498046875
 20
99.97789306640625
 10
175.430859375
 20
99.9751953125
 10
175.3119140625
 20
99.9732421875
 10
175.19296875
 20
99.971923828125
 10
175.07403564453125
 20
99.9711669921875
 10
174.9551025390625
 20
99.97083740234375
 10
174.83616943359374
 20
99.970849609375
 10
174.717236328125
 20
99.97115478515624
 10
174.5983154296875
 20
99.97166748046875
 10
174.47938232421876
 20
99.9723876953125
 10
174.36043701171874
 20
99.97322998046874
 10
174.24154052734374
 20
99.9741943359375
 10
174.12261962890625
 20
99.97520751953125
 10
174.00369873046876
 20
99.97630615234375
 10
173.88477783203126
 20
99.97742919921875
 10
173.7658447265625
 20
99.97862548828125
 10
173.646923828125
 20
99.97984619140625
 10
173.52801513671875
 20
99.98111572265626
 10
173.40911865234375
 20
99.98245849609376
 10
173.29019775390626
 20
99.9838623046875
 10
173.17127685546876
 20
99.98536376953125
 10
173.0523681640625
 20
99.9869384765625
 10
172.93345947265624
 20
99.98863525390625
 10
172.81456298828124
 20
99.9904541015625
 10
172.695654296875
 20
99.99241943359375
 10
172.5767578125
 20
99.99456787109375
 10
172.45784912109374
 20
99.9968994140625
 10
172.3389404296875
 20
99.9994384765625
 10
172.220068359375
 20
100.00220947265625
 10
172.101171875
 20
100.005224609375
 10
171.98226318359374
 20
100.0084716796875
 10
171.86336669921874
 20
100.01197509765625
 10
171.74449462890624
 20
100.015771484375
 10
171.62559814453124
 20
100.0197998046875
 10
171.50670166015624
 20
100.02408447265626
 10
171.387841796875
 20
100.0286376953125
 10
171.2689453125
 20
100.0333984375
 10
171.150048828125
 20
100.03839111328125
 10
171.03118896484375
 20
100.04356689453125
 10
170.91229248046875
 20
100.04893798828125
 10
170.793408203125
 20
100.054443359375
 10
170.6745361328125
 20
100.06007080078125
 10
170.5556640625
 20
100.06580810546875
 10
170.43677978515626
 20
100.0716064453125
 10
170.31793212890625
 20
100.07745361328125
 10
170.19906005859374
 20
100.083349609375
 10
170.08018798828124
 20
100.0892578125
 10
169.96131591796876
 20
100.095166015625
 10
169.8424560546875
 20
100.10106201171875
 10
169.723583984375
 20
100.106982421875
 10
169.6047119140625
 20
100.112890625
 10
169.48585205078126
 20
100.11876220703125
 10
169.3669921875
 20
100.12464599609375
 10
169.24815673828124
 20
100.130517578125
 10
169.12928466796876
 20
100.13641357421875
 10
169.0104248046875
 20
100.14232177734375
 10
168.8915771484375
 20
100.1482666015625
 10
168.77271728515626
 20
100.154248046875
 10
168.653857421875
 20
100.16026611328125
 10
168.53499755859374
 20
100.16632080078125
 10
168.41614990234376
 20
100.17242431640625
 10
168.29730224609375
 20
100.178564453125
 10
168.17845458984374
 20
100.184765625
 10
168.05960693359376
 20
100.19100341796874
 10
167.940771484375
 20
100.1972900390625
 10
167.82191162109376
 20
100.20364990234376
 10
167.70308837890624
 20
100.21002197265625
 10
167.58428955078125
 20
100.21649169921875
 10
167.46549072265626
 20
100.223046875
 10
167.346728515625
 20
100.2297119140625
 10
167.22803955078126
 20
100.2365234375
 10
167.109423828125
 20
100.2435302734375
 10
166.990966796875
 20
100.25078125
 10
166.8726806640625
 20
100.2583740234375
 10
166.7546630859375
 20
100.2663818359375
 10
166.6369873046875
 20
100.27491455078125
 10
166.51978759765626
 20
100.28411865234375
 10
166.4031982421875
 20
100.2941162109375
 10
166.28739013671876
 20
100.30509033203126
 10
166.1725830078125
 20
100.3172119140625
 10
166.058984375
 20
100.3306884765625
 10
165.946875
 20
100.345703125
 10
165.8365478515625
 20
100.3624755859375
 10
165.728369140625
 20
100.38125
 10
165.62269287109376
 20
100.40223388671875
 10
165.51993408203126
 20
100.42569580078126
 10
165.42049560546874
 20
100.45181884765626
 10
165.3248291015625
 20
100.4808837890625
 10
165.2333740234375
 20
100.5130615234375
 10
165.14659423828124
 20
100.5485595703125
 10
165.0649658203125
 20
100.58753662109375
 10
164.988916015625
 20
100.63016357421876
 10
164.918896484375
 20
100.6765380859375
 10
164.85526123046876
 20
100.7267578125
 10
164.7983642578125
 20
100.780859375
 10
164.748486328125
 20
100.83887939453125
 10
164.70587158203125
 20
100.90079345703126
 10
164.67069091796876
 20
100.966552734375
 10
164.6430419921875
 20
101.03607177734375
 10
164.6229736328125
 20
101.10919189453125
 10
164.610400390625
 20
101.18585205078125
 10
164.60526123046876
 20
101.26580810546875
 10
164.6073486328125
 20
101.34888916015625
 10
164.61641845703124
 20
101.4348876953125
 10
164.6321533203125
 20
101.52354736328125
 10
164.65418701171876
 20
101.6146484375
 10
164.68211669921874
 20
101.70797119140624
 10
164.7155029296875
 20
101.803271484375
 10
164.75389404296874
 20
101.90030517578126
 10
164.79681396484375
 20
101.998876953125
 10
164.8437744140625
 20
102.0987548828125
 10
164.8943359375
 20
102.19976806640625
 10
164.94803466796876
 20
102.30172119140624
 10
165.0044677734375
 20
102.40445556640626
 10
165.06322021484374
 20
102.5078369140625
 10
165.1239013671875
 20
102.61173095703126
 10
165.18621826171875
 20
102.71602783203124
 10
165.24989013671876
 20
102.82064208984374
 10
165.31461181640626
 20
102.92550048828124
 10
165.38023681640624
 20
103.030517578125
 10
165.44659423828125
 20
103.13568115234375
 10
165.513525390625
 20
103.24090576171875
 10
165.58096923828126
 20
103.34617919921875
 10
165.648828125
 20
103.45147705078125
 10
165.7171142578125
 20
103.556689453125
 10
165.78577880859376
 20
103.66187744140625
 10
165.85484619140624
 20
103.76693115234374
 10
165.9243408203125
 20
103.87181396484375
 10
165.99432373046875
 20
103.97645263671875
 10
166.06483154296876
 20
104.0808349609375
 10
166.13594970703124
 20
104.184814453125
 10
166.20777587890626
 20
104.28831787109375
 10
166.28038330078124
 20
104.39122314453125
 10
166.35386962890624
 20
104.4933837890625
 10
166.42833251953124
 20
104.59466552734375
 10
166.503857421875
 20
104.69486083984376
 10
166.58055419921874
 20
104.793798828125
 10
166.65853271484374
 20
104.89129638671875
 10
166.73787841796874
 20
104.98712158203125
 10
166.818701171875
 20
105.08101806640624
 10
166.9010986328125
 20
105.1727783203125
 10
166.9851318359375
 20
105.26212158203126
 10
167.0708984375
 20
105.34881591796875
 10
167.15845947265626
 20
105.43262939453125
 10
167.24786376953125
 20
105.513330078125
 10
167.33917236328125
 20
105.59068603515625
 10
167.43238525390626
 20
105.664501953125
 10
167.5275146484375
 20
105.73458251953124
 10
167.624560546875
 20
105.8008056640625
 10
167.723486328125
 20
105.86304931640625
 10
167.82427978515625
 20
105.92120361328125
 10
167.92686767578124
 20
105.9751953125
 10
168.03116455078126
 20
106.02503662109375
 10
168.137109375
 20
106.07073974609375
 10
168.24459228515624
 20
106.11234130859376
 10
168.35352783203126
 20
106.14993896484376
 10
168.463818359375
 20
106.1836181640625
 10
168.57532958984376
 20
106.2135498046875
 10
168.687939453125
 20
106.23990478515626
 10
168.80155029296876
 20
106.262890625
 10
168.91605224609376
 20
106.282666015625
 10
169.0313232421875
 20
106.29947509765626
 10
169.14727783203125
 20
106.31353759765625
 10
169.26380615234376
 20
106.325048828125
 10
169.380810546875
 20
106.3342529296875
 10
169.49822998046875
 20
106.34136962890625
 10
169.61597900390626
 20
106.3466064453125
 10
169.73399658203124
 20
106.350146484375
 10
169.8522216796875
 20
106.35220947265626
 10
169.970654296875
 20
106.35299072265624
 10
170.08919677734374
 20
106.35262451171874
 10
170.20782470703125
 20
106.35125732421875
 10
170.32655029296876
 20
106.34903564453126
 10
170.44532470703126
 20
106.34610595703126
 10
170.56414794921875
 20
106.34256591796876
 10
170.68297119140624
 20
106.33851318359375
 10
170.8018310546875
 20
106.3340576171875
 10
170.920703125
 20
106.32930908203124
 10
171.0395751953125
 20
106.32435302734375
 10
171.158447265625
 20
106.3192138671875
 10
171.27733154296874
 20
106.314013671875
 10
171.3962158203125
 20
106.3087646484375
 10
171.515087890625
 20
106.30352783203125
 10
171.633984375
 20
106.29840087890625
 10
171.75289306640624
 20
106.293359375
 10
171.87176513671875
 20
106.2884765625
 10
171.99066162109375
 20
106.28377685546874
 10
172.10955810546875
 20
106.27930908203125
 10
172.22845458984375
 20
106.2750732421875
 10
172.3473388671875
 20
106.27108154296874
 10
172.4662353515625
 20
106.26734619140625
 10
172.58515625
 20
106.2638671875
 10
172.704052734375
 20
106.26065673828126
 10
172.82296142578124
 20
106.25767822265625
 10
172.94185791015624
 20
106.2549560546875
 10
173.0607666015625
 20
106.25245361328125
 10
173.17967529296874
 20
106.25013427734375
 10
173.29859619140626
 20
106.2480224609375
 10
173.4175048828125
 20
106.2460693359375
 10
173.5364013671875
 20
106.24425048828125
 10
173.65531005859376
 20
106.24254150390625
 10
173.77423095703125
 20
106.24093017578124
 10
173.8931396484375
 20
106.23939208984375
 10
174.012060546875
 20
106.23787841796874
 10
174.1309814453125
 20
106.23638916015625
 10
174.24989013671876
 20
106.2348876953125
 10
174.368798828125
 20
106.233349609375
 10
174.48770751953126
 20
106.23175048828125
 10
174.60662841796875
 20
106.23004150390625
 10
174.725537109375
 20
106.22823486328124
 10
174.84447021484374
 20
106.22628173828124
 10
174.9634033203125
 20
106.22415771484376
 10
175.08231201171876
 20
106.22183837890626
 10
175.20125732421874
 20
106.21929931640625
 10
175.3201904296875
 20
106.2165283203125
 10
175.43912353515626
 20
106.2135009765625
 10
175.558056640625
 20
106.210205078125
 10
175.67698974609374
 20
106.206640625
 10
175.79593505859376
 20
106.20277099609375
 10
175.9148681640625
 20
106.19859619140625
 10
176.0338134765625
 20
106.19410400390625
 10
176.1527587890625
 20
106.18929443359374
 10
176.27169189453124
 20
106.18416748046874
 10
176.39063720703126
 20
106.1787353515625
 10
176.50958251953125
 20
106.1730224609375
 10
176.62852783203124
 20
106.16700439453125
 10
176.74747314453126
 20
106.16072998046874
 10
176.86641845703124
 20
106.15421142578126
 10
176.98536376953126
 20
106.1474609375
 10
177.1043212890625
 20
106.1405029296875
 10
177.22327880859376
 20
106.1333740234375
 10
177.342236328125
 20
106.12608642578125
 10
177.46119384765626
 20
106.11866455078125
 10
177.58016357421874
 20
106.11114501953125
 10
177.69913330078126
 20
106.103564453125
 10
177.81807861328124
 20
106.09595947265625
 10
177.9370361328125
 20
106.0883544921875
 10
178.0559814453125
 20
106.0807861328125
 10
178.1749267578125
 20
106.0732666015625
 10
178.29388427734375
 20
106.06585693359375
 10
178.412841796875
 20
106.05858154296875
 10
178.53182373046874
 20
106.051416015625
 10
178.65078125
 20
106.04447021484376
 10
178.7697509765625
 20
106.03768310546874
 10
178.888720703125
 20
106.03111572265625
 10
179.00767822265624
 20
106.0247802734375
 10
179.12664794921875
 20
106.018701171875
 10
179.24564208984376
 20
106.01287841796875
 10
179.36461181640624
 20
106.00731201171875
 10
179.48358154296875
 20
106.002001953125
 10
179.60255126953126
 20
105.996923828125
 10
179.721533203125
 20
105.9921142578125
 10
179.84051513671875
 20
105.9875
 10
179.9594970703125
 20
105.98306884765626
 10
180.07850341796876
 20
105.978857421875
 10
180.1974853515625
 20
105.97476806640626
 10
180.31646728515625
 20
105.97078857421874
 10
180.43546142578126
 20
105.9669189453125
 10
180.55445556640626
 20
105.96309814453124
 10
180.67344970703124
 20
105.9593017578125
 10
180.792431640625
 20
105.9554931640625
 10
180.9114501953125
 20
105.95167236328125
 10
181.03045654296875
 20
105.947802734375
 10
181.14945068359376
 20
105.943896484375
 10
181.26842041015624
 20
105.93990478515624
 10
181.387451171875
 20
105.9358642578125
 10
181.50643310546874
 20
105.9317626953125
 10
181.62542724609375
 20
105.9276123046875
 10
181.74444580078125
 20
105.92344970703125
 10
181.8634521484375
 20
105.91927490234374
 10
181.98245849609376
 20
105.91510009765625
 10
182.10147705078126
 20
105.910986328125
 10
182.22047119140626
 20
105.90694580078124
 10
182.33948974609376
 20
105.90299072265626
 10
182.45850830078126
 20
105.89918212890625
 10
182.5775390625
 20
105.89552001953125
 10
182.69654541015626
 20
105.89202880859375
 10
182.81556396484376
 20
105.8887451171875
 10
182.93458251953126
 20
105.88568115234375
 10
183.0535888671875
 20
105.88284912109376
 10
183.1726318359375
 20
105.88028564453126
 10
183.29163818359376
 20
105.877978515625
 10
183.41068115234376
 20
105.8759765625
 10
183.52969970703126
 20
105.87427978515625
 10
183.64874267578125
 20
105.872900390625
 10
183.7677734375
 20
105.8718505859375
 10
183.8867919921875
 20
105.871142578125
 10
184.00582275390624
 20
105.8708251953125
 10
184.12481689453125
 20
105.8708984375
 10
184.24378662109376
 20
105.8713623046875
 10
184.3627197265625
 20
105.87225341796875
 10
184.4815673828125
 20
105.87354736328125
 10
184.60028076171875
 20
105.875244140625
 10
184.7188720703125
 20
105.87734375
 10
184.8372314453125
 20
105.87979736328126
 10
184.9552978515625
 20
105.8825439453125
 10
185.072998046875
 20
105.885498046875
 10
185.190185546875
 20
105.88858642578126
 10
185.30672607421874
 20
105.891650390625
 10
185.4224609375
 20
105.8945556640625
 10
185.53719482421874
 20
105.89710693359375
 10
185.6507080078125
 20
105.89908447265626
 10
185.7627197265625
 20
105.90025634765625
 10
185.87296142578126
 20
105.90035400390624
 10
185.981103515625
 20
105.8990966796875
 10
186.086767578125
 20
105.89620361328124
 10
186.18961181640626
 20
105.891357421875
 10
186.28917236328124
 20
105.8842529296875
 10
186.38504638671876
 20
105.87462158203125
 10
186.4767578125
 20
105.8621826171875
 10
186.5638427734375
 20
105.8466796875
 10
186.6458251953125
 20
105.82791748046876
 10
186.722216796875
 20
105.80570068359376
 10
186.79256591796874
 20
105.779931640625
 10
186.85638427734375
 20
105.7505615234375
 10
186.91326904296875
 20
105.71751708984375
 10
186.962841796875
 20
105.68084716796875
 10
187.00469970703125
 20
105.6406494140625
 10
187.03858642578126
 20
105.59705810546875
 10
187.06422119140626
 20
105.55025634765624
 10
187.08138427734374
 20
105.5004638671875
 10
187.08997802734376
 20
105.447998046875
 10
187.089892578125
 20
105.39310302734376
 10
187.08116455078124
 20
105.33609619140626
 10
187.06385498046876
 20
105.27733154296875
 10
187.0380859375
 20
105.21710205078125
 10
187.00406494140626
 20
105.1557373046875
 10
186.962060546875
 20
105.09354248046876
 10
186.91236572265626
 20
105.030810546875
 10
186.8553466796875
 20
104.96776123046875
 10
186.79140625
 20
104.904638671875
 10
186.720947265625
 20
104.8416015625
 10
186.6444580078125
 20
104.77882080078125
 10
186.56236572265624
 20
104.7163818359375
 10
186.47520751953124
 20
104.65435791015625
 10
186.3833984375
 20
104.5928466796875
 10
186.2874267578125
 20
104.5318115234375
 10
186.1877685546875
 20
104.471240234375
 10
186.08485107421876
 20
104.4111083984375
 10
185.97908935546874
 20
104.35135498046876
 10
185.87086181640626
 20
104.29193115234375
 10
185.760546875
 20
104.23270263671876
 10
185.64844970703126
 20
104.173681640625
 10
185.53485107421875
 20
104.1147705078125
 10
185.42003173828124
 20
104.0558837890625
 10
185.3042236328125
 20
103.9969970703125
 10
185.18758544921874
 20
103.938037109375
 10
185.07032470703126
 20
103.8789794921875
 10
184.9525634765625
 20
103.8197998046875
 10
184.83441162109375
 20
103.76046142578124
 10
184.7159912109375
 20
103.70096435546876
 10
184.59732666015626
 20
103.64129638671875
 10
184.478515625
 20
103.58148193359375
 10
184.3595947265625
 20
103.521533203125
 10
184.24058837890624
 20
103.46148681640625
 10
184.121533203125
 20
103.401318359375
 10
184.0024658203125
 20
103.34110107421876
 10
183.8833740234375
 20
103.28084716796874
 10
183.76427001953124
 20
103.2205810546875
 10
183.64515380859376
 20
103.16033935546875
 10
183.526025390625
 20
103.10010986328125
 10
183.40692138671875
 20
103.03990478515625
 10
183.2878173828125
 20
102.97974853515625
 10
183.168701171875
 20
102.9196533203125
 10
183.04959716796876
 20
102.85958251953124
 10
182.93048095703125
 20
102.79957275390625
 10
182.811376953125
 20
102.73958740234374
 10
182.69227294921876
 20
102.679638671875
 10
182.5731689453125
 20
102.619677734375
 10
182.45406494140624
 20
102.559716796875
 10
182.3349609375
 20
102.4997314453125
 10
182.215869140625
 20
102.4396728515625
 10
182.09676513671874
 20
102.379541015625
 10
181.97767333984376
 20
102.3193115234375
 10
181.85858154296875
 20
102.258984375
 10
181.73948974609374
 20
102.19852294921876
 10
181.6203857421875
 20
102.137939453125
 10
181.501318359375
 20
102.07725830078125
 10
181.3822265625
 20
102.016455078125
 10
181.26312255859375
 20
101.95552978515624
 10
181.14405517578126
 20
101.89454345703125
 10
181.02496337890625
 20
101.833447265625
 10
180.9058837890625
 20
101.772314453125
 10
180.78677978515626
 20
101.7111572265625
 10
180.667724609375
 20
101.65
 10
180.5486328125
 20
101.5888916015625
 10
180.429541015625
 20
101.527880859375
 10
180.31048583984375
 20
101.4669921875
 10
180.19139404296874
 20
101.4062744140625
 10
180.072314453125
 20
101.34581298828125
 10
179.9532470703125
 20
101.28558349609375
 10
179.8341796875
 20
101.2257080078125
 10
179.71510009765626
 20
101.16619873046875
 10
179.59605712890624
 20
101.10714111328124
 10
179.47698974609375
 20
101.04859619140625
 10
179.35794677734376
 20
100.9906494140625
 10
179.23887939453124
 20
100.93338623046876
 10
179.11983642578124
 20
100.87689208984375
 10
179.0007568359375
 20
100.82125244140624
 10
178.88170166015624
 20
100.7665771484375
 10
178.762646484375
 20
100.71300048828125
 10
178.643603515625
 20
100.660595703125
 10
178.524560546875
 20
100.60953369140626
 10
178.405517578125
 20
100.5598876953125
 10
178.286474609375
 20
100.5118408203125
 10
178.16744384765624
 20
100.46546630859375
 10
178.04842529296874
 20
100.420947265625
 10
177.92940673828124
 20
100.37838134765624
 10
177.81038818359374
 20
100.3378662109375
 10
177.6913818359375
 20
100.29949951171875
 10
177.57237548828124
 20
100.26336669921875
  0
LWPOLYLINE
  5
31
330
17
100
AcDbEntity
  8
0
100
AcDbPolyline
 90
307
 70
1
 10
228.488623046875
 20
98.69774169921875
 10
228.3866455078125
 20
98.64764404296875
 10
228.2827880859375
 20
98.6017822265625
 10
228.1771240234375
 20
98.56009521484376
 10
228.069873046875
 20
98.5224853515625
 10
227.96103515625
 20
98.4888427734375
 10
227.850830078125
 20
98.4590087890625
 10
227.7393310546875
 20
98.4328125
 10
227.6266357421875
 20
98.4100341796875
 10
227.5129150390625
 20
98.39046630859374
 10
227.398291015625
 20
98.373876953125
 10
227.2828125
 20
98.3600341796875
 10
227.166650390625
 20
98.34871826171874
 10
227.0498779296875
 20
98.33966064453125
 10
226.9325439453125
 20
98.332666015625
 10
226.8147705078125
 20
98.3275146484375
 10
226.696630859375
 20
98.3239990234375
 10
226.578173828125
 20
98.32191162109375
 10
226.4594970703125
 20
98.32109375
 10
226.340625
 20
98.321337890625
 10
226.2215576171875
 20
98.3225830078125
 10
226.1023681640625
 20
98.32462158203126
 10
225.98310546875
 20
98.32735595703124
 10
225.8637451171875
 20
98.3306884765625
 10
225.7443115234375
 20
98.33455810546874
 10
225.6249267578125
 20
98.33883056640624
 10
225.5054443359375
 20
98.3434814453125
 10
225.3859619140625
 20
98.3483642578125
 10
225.2664794921875
 20
98.353466796875
 10
225.14697265625
 20
98.35872802734374
 10
225.0274658203125
 20
98.3640625
 10
224.9079345703125
 20
98.36947021484374
 10
224.788427734375
 20
98.37484130859374
 10
224.6689208984375
 20
98.38018798828125
 10
224.5494384765625
 20
98.3854248046875
 10
224.429931640625
 20
98.39053955078126
 10
224.3104248046875
 20
98.3954833984375
 10
224.1908935546875
 20
98.40023193359374
 10
224.0714111328125
 20
98.40479736328125
 10
223.9519287109375
 20
98.40914306640624
 10
223.832421875
 20
98.41326904296875
 10
223.7129150390625
 20
98.41717529296875
 10
223.5934326171875
 20
98.4208984375
 10
223.4739501953125
 20
98.42449951171875
 10
223.354541015625
 20
98.42799072265625
 10
223.2351318359375
 20
98.43145751953125
 10
223.1157470703125
 20
98.43494873046875
 10
222.996435546875
 20
98.4385986328125
 10
222.87724609375
 20
98.4425048828125
 10
222.758154296875
 20
98.4468017578125
 10
222.6392333984375
 20
98.45162353515624
 10
222.520556640625
 20
98.457177734375
 10
222.402099609375
 20
98.463623046875
 10
222.284033203125
 20
98.47117919921875
 10
222.1663330078125
 20
98.48006591796874
 10
222.049169921875
 20
98.49053955078125
 10
221.932568359375
 20
98.50279541015625
 10
221.8167236328125
 20
98.517138671875
 10
221.7016845703125
 20
98.53382568359375
 10
221.5876220703125
 20
98.55308837890625
 10
221.4746337890625
 20
98.5751953125
 10
221.3628662109375
 20
98.60040283203125
 10
221.252490234375
 20
98.62894287109376
 10
221.1436279296875
 20
98.66104736328126
 10
221.036376953125
 20
98.69686279296874
 10
220.930908203125
 20
98.736572265625
 10
220.82734375
 20
98.780322265625
 10
220.72578125
 20
98.8281982421875
 10
220.626318359375
 20
98.88023681640625
 10
220.529052734375
 20
98.936474609375
 10
220.4340087890625
 20
98.996875
 10
220.3412353515625
 20
99.0614013671875
 10
220.250732421875
 20
99.1299560546875
 10
220.162548828125
 20
99.20240478515625
 10
220.0766357421875
 20
99.27857666015625
 10
219.9929443359375
 20
99.35828857421875
 10
219.9114501953125
 20
99.44134521484375
 10
219.83203125
 20
99.527490234375
 10
219.7546142578125
 20
99.61649169921876
 10
219.6790771484375
 20
99.70811767578125
 10
219.605322265625
 20
99.8020751953125
 10
219.5331787109375
 20
99.89813232421875
 10
219.462548828125
 20
99.9960693359375
 10
219.3932861328125
 20
100.09561767578126
 10
219.325244140625
 20
100.1965576171875
 10
219.2582763671875
 20
100.2987060546875
 10
219.19228515625
 20
100.40186767578125
 10
219.1271240234375
 20
100.505859375
 10
219.0626708984375
 20
100.61053466796875
 10
218.998828125
 20
100.715771484375
 10
218.9354736328125
 20
100.82144775390626
 10
218.872509765625
 20
100.9274658203125
 10
218.8098388671875
 20
101.03375244140625
 10
218.747412109375
 20
101.140234375
 10
218.6851806640625
 20
101.246875
 10
218.6230712890625
 20
101.3535888671875
 10
218.561083984375
 20
101.460400390625
 10
218.49921875
 20
101.56722412109374
 10
218.4374755859375
 20
101.6740966796875
 10
218.37587890625
 20
101.78092041015626
 10
218.31455078125
 20
101.8877197265625
 10
218.253515625
 20
101.9944091796875
 10
218.1929443359375
 20
102.1010009765625
 10
218.132958984375
 20
102.207421875
 10
218.073779296875
 20
102.31361083984375
 10
218.0156005859375
 20
102.4195068359375
 10
217.9587158203125
 20
102.52501220703125
 10
217.9034423828125
 20
102.63004150390626
 10
217.8500732421875
 20
102.73448486328125
 10
217.798974609375
 20
102.83814697265625
 10
217.750537109375
 20
102.94093017578125
 10
217.70517578125
 20
103.04261474609375
 10
217.663330078125
 20
103.14300537109375
 10
217.6254150390625
 20
103.24190673828124
 10
217.59189453125
 20
103.3390869140625
 10
217.5631591796875
 20
103.43426513671875
 10
217.539697265625
 20
103.52723388671875
 10
217.5218505859375
 20
103.617724609375
 10
217.510009765625
 20
103.70548095703126
 10
217.5045166015625
 20
103.79024658203124
 10
217.5056396484375
 20
103.8718017578125
 10
217.513623046875
 20
103.949853515625
 10
217.52861328125
 20
104.02425537109374
 10
217.5507080078125
 20
104.09481201171874
 10
217.580029296875
 20
104.1613525390625
 10
217.61650390625
 20
104.223779296875
 10
217.6600341796875
 20
104.281982421875
 10
217.7105224609375
 20
104.33592529296875
 10
217.767724609375
 20
104.385595703125
 10
217.831396484375
 20
104.4310302734375
 10
217.90126953125
 20
104.47227783203125
 10
217.9769287109375
 20
104.5094482421875
 10
218.058056640625
 20
104.5427001953125
 10
218.1442138671875
 20
104.57218017578126
 10
218.2350341796875
 20
104.598046875
 10
218.330029296875
 20
104.62054443359375
 10
218.4288330078125
 20
104.6398681640625
 10
218.5309814453125
 20
104.6562744140625
 10
218.6361083984375
 20
104.669970703125
 10
218.7438720703125
 20
104.681201171875
 10
218.85380859375
 20
104.69019775390625
 10
218.965673828125
 20
104.69718017578126
 10
219.0791259765625
 20
104.7023681640625
 10
219.1938720703125
 20
104.7059814453125
 10
219.3097412109375
 20
104.70816650390626
 10
219.426513671875
 20
104.70911865234375
 10
219.5439208984375
 20
104.7090087890625
 10
219.6619384765625
 20
104.707958984375
 10
219.780322265625
 20
104.70611572265625
 10
219.8990478515625
 20
104.7035888671875
 10
220.0179931640625
 20
104.70050048828125
 10
220.137109375
 20
104.69693603515626
 10
220.2563720703125
 20
104.69298095703125
 10
220.3757080078125
 20
104.68873291015625
 10
220.495068359375
 20
104.6842529296875
 10
220.614501953125
 20
104.6796142578125
 10
220.7339599609375
 20
104.67486572265625
 10
220.8533935546875
 20
104.67008056640626
 10
220.9728271484375
 20
104.6653076171875
 10
221.0923095703125
 20
104.660595703125
 10
221.2117919921875
 20
104.6559814453125
 10
221.33125
 20
104.65150146484375
 10
221.4507080078125
 20
104.64720458984375
 10
221.5701904296875
 20
104.64307861328125
 10
221.6896728515625
 20
104.6391357421875
 10
221.8091064453125
 20
104.63541259765626
 10
221.9285888671875
 20
104.631884765625
 10
222.048095703125
 20
104.628564453125
 10
222.167578125
 20
104.62542724609375
 10
222.2870361328125
 20
104.6224365234375
 10
222.4065185546875
 20
104.61959228515624
 10
222.526025390625
 20
104.6168701171875
 10
222.6454833984375
 20
104.614208984375
 10
222.7649658203125
 20
104.61158447265625
 10
222.88447265625
 20
104.6089599609375
 10
223.003955078125
 20
104.6062744140625
 10
223.1234375
 20
104.60352783203125
 10
223.2429443359375
 20
104.6006591796875
 10
223.3624267578125
 20
104.5976806640625
 10
223.48193359375
 20
104.5945068359375
 10
223.601416015625
 20
104.59112548828125
 10
223.7209228515625
 20
104.5875244140625
 10
223.8404052734375
 20
104.58370361328124
 10
223.959912109375
 20
104.57965087890625
 10
224.07939453125
 20
104.5753662109375
 10
224.1989013671875
 20
104.57083740234376
 10
224.3183837890625
 20
104.56612548828124
 10
224.437890625
 20
104.5612060546875
 10
224.5573974609375
 20
104.55611572265624
 10
224.676904296875
 20
104.550927734375
 10
224.7964111328125
 20
104.54564208984375
 10
224.91591796875
 20
104.54027099609375
 10
225.035400390625
 20
104.53489990234375
 10
225.1549072265625
 20
104.52952880859375
 10
225.2743896484375
 20
104.52423095703125
 10
225.393896484375
 20
104.5190185546875
 10
225.5134033203125
 20
104.5139404296875
 10
225.63291015625
 20
104.509033203125
 10
225.75244140625
 20
104.5043212890625
 10
225.8719482421875
 20
104.4998291015625
 10
225.9914794921875
 20
104.49556884765624
 10
226.110986328125
 20
104.49156494140625
 10
226.2305419921875
 20
104.4878173828125
 10
226.3500732421875
 20
104.48431396484375
 10
226.46962890625
 20
104.4810791015625
 10
226.58916015625
 20
104.47811279296874
 10
226.7087158203125
 20
104.47535400390625
 10
226.828271484375
 20
104.4728271484375
 10
226.947802734375
 20
104.47049560546876
 10
227.067333984375
 20
104.46837158203125
 10
227.186865234375
 20
104.46640625
 10
227.306396484375
 20
104.464599609375
 10
227.4259521484375
 20
104.46292724609376
 10
227.5455322265625
 20
104.4613525390625
 10
227.6650634765625
 20
104.4598876953125
 10
227.784619140625
 20
104.4584716796875
 10
227.9041748046875
 20
104.45709228515625
 10
228.02373046875
 20
104.45577392578124
 10
228.1432861328125
 20
104.4544677734375
 10
228.2628173828125
 20
104.4531494140625
 10
228.3823486328125
 20
104.451806640625
 10
228.501904296875
 20
104.450439453125
 10
228.6214111328125
 20
104.4489990234375
 10
228.7408935546875
 20
104.4474609375
 10
228.8603271484375
 20
104.4457763671875
 10
228.9797119140625
 20
104.44393310546874
 10
229.098974609375
 20
104.441845703125
 10
229.218115234375
 20
104.439453125
 10
229.3370849609375
 20
104.4366943359375
 10
229.45576171875
 20
104.43343505859374
 10
229.57412109375
 20
104.42962646484375
 10
229.6920166015625
 20
104.425048828125
 10
229.809326171875
 20
104.41966552734375
 10
229.9259033203125
 20
104.413232421875
 10
230.0415771484375
 20
104.405615234375
 10
230.15615234375
 20
104.39659423828125
 10
230.2693603515625
 20
104.38594970703124
 10
230.3809326171875
 20
104.37347412109375
 10
230.4906005859375
 20
104.358935546875
 10
230.598046875
 20
104.3420654296875
 10
230.7028564453125
 20
104.32265625
 10
230.804736328125
 20
104.3004150390625
 10
230.90322265625
 20
104.2751708984375
 10
230.9979248046875
 20
104.24666748046874
 10
231.08837890625
 20
104.214697265625
 10
231.1741943359375
 20
104.17908935546875
 10
231.2549560546875
 20
104.13968505859376
 10
231.33017578125
 20
104.096337890625
 10
231.3995361328125
 20
104.04898681640626
 10
231.462646484375
 20
103.9975341796875
 10
231.51923828125
 20
103.94200439453125
 10
231.5689208984375
 20
103.88238525390625
 10
231.6115966796875
 20
103.81871337890625
 10
231.64697265625
 20
103.75108642578125
 10
231.6749755859375
 20
103.67962646484375
 10
231.6955810546875
 20
103.60450439453125
 10
231.7087158203125
 20
103.52589111328125
 10
231.714599609375
 20
103.44398193359375
 10
231.7132568359375
 20
103.35902099609375
 10
231.70498046875
 20
103.27122802734375
 10
231.689990234375
 20
103.18084716796875
 10
231.6686279296875
 20
103.08812255859375
 10
231.6412353515625
 20
102.99332275390626
 10
231.6081787109375
 20
102.8966796875
 10
231.5699462890625
 20
102.7984130859375
 10
231.5269775390625
 20
102.69871826171875
 10
231.4797119140625
 20
102.59783935546875
 10
231.4285888671875
 20
102.495947265625
 10
231.3741455078125
 20
102.39320068359375
 10
231.3167724609375
 20
102.2897705078125
 10
231.25693359375
 20
102.18575439453124
 10
231.194970703125
 20
102.081298828125
 10
231.1313720703125
 20
101.976513671875
 10
231.06640625
 20
101.87142333984374
 10
231.0004150390625
 20
101.7661376953125
 10
230.9337158203125
 20
101.6607177734375
 10
230.866455078125
 20
101.55516357421875
 10
230.7989013671875
 20
101.449560546875
 10
230.7311767578125
 20
101.3439208984375
 10
230.66337890625
 20
101.23826904296875
 10
230.595654296875
 20
101.132666015625
 10
230.527978515625
 20
101.0271240234375
 10
230.460400390625
 20
100.92166748046876
 10
230.39287109375
 20
100.81636962890624
 10
230.3253662109375
 20
100.71126708984374
 10
230.2578125
 20
100.60643310546875
 10
230.1901123046875
 20
100.501953125
 10
230.122119140625
 20
100.39791259765624
 10
230.0537353515625
 20
100.29447021484376
 10
229.984765625
 20
100.1917236328125
 10
229.9151123046875
 20
100.08980712890624
 10
229.8445556640625
 20
99.98892822265626
 10
229.77294921875
 20
99.8892822265625
 10
229.7001220703125
 20
99.79105224609376
 10
229.6259521484375
 20
99.69449462890626
 10
229.55029296875
 20
99.59979248046875
 10
229.4729248046875
 20
99.5072509765625
 10
229.393798828125
 20
99.41710205078125
 10
229.3127685546875
 20
99.32957763671875
 10
229.2297119140625
 20
99.244970703125
 10
229.144580078125
 20
99.1635009765625
 10
229.057373046875
 20
99.085400390625
 10
228.9679443359375
 20
99.01090087890626
 10
228.8763427734375
 20
98.94017333984375
 10
228.782568359375
 20
98.873388671875
 10
228.686669921875
 20
98.81065673828125
 10
228.588671875
 20
98.75208740234375
  0
LWPOLYLINE
  5
32
330
17
100
AcDbEntity
  8
0
100
AcDbPolyline
 90
351
 70
1
 10
190.77452392578124
 20
91.7415283203125
 10
190.61802978515624
 20
91.8328369140625
 10
190.55245361328124
 20
91.8820556640625
 10
190.47822265625
 20
91.9447021484375
 10
190.39637451171876
 20
92.0216552734375
 10
190.33118896484376
 20
92.102783203125
 10
190.26983642578125
 20
92.192529296875
 10
190.2143798828125
 20
92.28870849609375
 10
190.1662353515625
 20
92.38916015625
 10
190.12261962890625
 20
92.49266357421875
 10
190.08282470703125
 20
92.5979736328125
 10
190.04580078125
 20
92.70419921875
 10
190.0105224609375
 20
92.8107177734375
 10
189.97628173828124
 20
92.9172119140625
 10
189.9427490234375
 20
93.0237060546875
 10
189.90989990234374
 20
93.13018798828125
 10
189.877734375
 20
93.23668212890625
 10
189.84627685546874
 20
93.34315185546875
 10
189.81585693359375
 20
93.44962158203126
 10
189.7864990234375
 20
93.5560791015625
 10
189.75816650390624
 20
93.6625244140625
 10
189.73017578125
 20
93.76895751953126
 10
189.7014892578125
 20
93.87540283203126
 10
189.67210693359374
 20
93.9818603515625
 10
189.64205322265624
 20
94.0883056640625
 10
189.61058349609374
 20
94.19478759765624
 10
189.57774658203124
 20
94.30125732421875
 10
189.54349365234376
 20
94.40775146484376
 10
189.5082275390625
 20
94.5142578125
 10
189.47294921875
 20
94.6207763671875
 10
189.4376708984375
 20
94.72728271484375
 10
189.40238037109376
 20
94.8337890625
 10
189.36710205078126
 20
94.94029541015625
 10
189.3318359375
 20
95.0468017578125
 10
189.2965576171875
 20
95.1533203125
 10
189.26129150390625
 20
95.2598388671875
 10
189.22567138671874
 20
95.3663330078125
 10
189.18970947265626
 20
95.47283935546875
 10
189.15338134765625
 20
95.57935791015625
 10
189.11776123046874
 20
95.6858642578125
 10
189.0828369140625
 20
95.79237060546875
 10
189.04859619140626
 20
95.8988525390625
 10
189.0150390625
 20
96.0053466796875
 10
188.98253173828124
 20
96.11182861328125
 10
188.9514404296875
 20
96.2182861328125
 10
188.92205810546875
 20
96.3247314453125
 10
188.89337158203125
 20
96.43116455078125
 10
188.86573486328126
 20
96.53759765625
 10
188.83948974609376
 20
96.64400634765624
 10
188.81497802734376
 20
96.75040283203126
 10
188.79185791015624
 20
96.85679931640625
 10
188.76943359375
 20
96.9631591796875
 10
188.7469970703125
 20
97.06953125
 10
188.72525634765626
 20
97.1759033203125
 10
188.70352783203126
 20
97.28226318359376
 10
188.68109130859375
 20
97.38863525390624
 10
188.65728759765625
 20
97.49503173828126
 10
188.63172607421876
 20
97.60142822265625
 10
188.60513916015626
 20
97.7078369140625
 10
188.57784423828124
 20
97.81427001953125
 10
188.54915771484374
 20
97.920703125
 10
188.51978759765626
 20
98.02711181640625
 10
188.49007568359374
 20
98.13353271484375
 10
188.46036376953126
 20
98.23997802734375
 10
188.4306396484375
 20
98.34642333984375
 10
188.39989013671874
 20
98.45286865234375
 10
188.36773681640625
 20
98.55902099609375
 10
188.33382568359374
 20
98.66458740234376
 10
188.29647216796874
 20
98.7689453125
 10
188.25458984375
 20
98.8711669921875
 10
188.20682373046876
 20
98.97003173828125
 10
188.15242919921874
 20
99.06402587890625
 10
188.0907470703125
 20
99.15126953125
 10
188.02071533203124
 20
99.2305419921875
 10
187.9419921875
 20
99.30029296875
 10
187.8552734375
 20
99.3595947265625
 10
187.7609130859375
 20
99.4081298828125
 10
187.65994873046876
 20
99.44620361328126
 10
187.5530517578125
 20
99.47506103515624
 10
187.4416259765625
 20
99.49652099609375
 10
187.32708740234375
 20
99.5121337890625
 10
187.21046142578126
 20
99.5240478515625
 10
187.09244384765626
 20
99.53411865234375
 10
186.97371826171874
 20
99.54420166015625
 10
186.85465087890626
 20
99.5557861328125
 10
186.73558349609374
 20
99.56927490234375
 10
186.61654052734374
 20
99.58460693359375
 10
186.49752197265624
 20
99.60181884765625
 10
186.37847900390625
 20
99.62054443359375
 10
186.25943603515626
 20
99.64053955078126
 10
186.1404052734375
 20
99.66053466796875
 10
186.0213623046875
 20
99.67928466796874
 10
185.90233154296874
 20
99.696484375
 10
185.78328857421874
 20
99.71182861328126
 10
185.6642333984375
 20
99.72498779296875
 10
185.54517822265626
 20
99.73568115234374
 10
185.42611083984374
 20
99.7435791015625
 10
185.30706787109375
 20
99.74932861328125
 10
185.18802490234376
 20
99.753515625
 10
185.0689697265625
 20
99.7564697265625
 10
184.94991455078124
 20
99.75819091796875
 10
184.83087158203125
 20
99.7586669921875
 10
184.71182861328126
 20
99.75789794921874
 10
184.59278564453126
 20
99.75589599609376
 10
184.47374267578124
 20
99.7526611328125
 10
184.35469970703124
 20
99.7481689453125
 10
184.23564453125
 20
99.74246826171876
 10
184.1166015625
 20
99.7367431640625
 10
183.99755859375
 20
99.7325927734375
 10
183.87886962890624
 20
99.7318359375
 10
183.7608642578125
 20
99.73662109375
 10
183.64427490234374
 20
99.74854736328125
 10
183.53013916015624
 20
99.7694091796875
 10
183.41981201171876
 20
99.8013671875
 10
183.3150634765625
 20
99.84503173828125
 10
183.21796875
 20
99.90040283203125
 10
183.13026123046876
 20
99.9668212890625
 10
183.0543701171875
 20
100.04302978515625
 10
182.9923583984375
 20
100.12808837890626
 10
182.9459716796875
 20
100.22010498046875
 10
182.9166015625
 20
100.31630859375
 10
182.90528564453126
 20
100.4141845703125
 10
182.91270751953124
 20
100.5112548828125
 10
182.93919677734374
 20
100.60537109375
 10
182.98372802734374
 20
100.6943603515625
 10
183.044921875
 20
100.77574462890625
 10
183.1210205078125
 20
100.84832763671875
 10
183.2099365234375
 20
100.91180419921875
 10
183.30926513671875
 20
100.9668212890625
 10
183.4162109375
 20
101.01463623046875
 10
183.5283447265625
 20
101.05623779296874
 10
183.6439697265625
 20
101.0931640625
 10
183.76168212890624
 20
101.12786865234375
 10
183.88038330078126
 20
101.16197509765625
 10
183.99947509765624
 20
101.1966796875
 10
184.1185546875
 20
101.23232421875
 10
184.23763427734374
 20
101.26890869140625
 10
184.35673828125
 20
101.30733642578124
 10
184.47581787109374
 20
101.34854736328126
 10
184.594921875
 20
101.3922607421875
 10
184.7140380859375
 20
101.43841552734375
 10
184.83316650390626
 20
101.48704833984375
 10
184.9522705078125
 20
101.53848876953126
 10
185.07139892578124
 20
101.5933349609375
 10
185.19052734375
 20
101.65096435546874
 10
185.30966796875
 20
101.71014404296875
 10
185.42880859375
 20
101.77056884765625
 10
185.54793701171874
 20
101.8319091796875
 10
185.6670654296875
 20
101.8941650390625
 10
185.7862060546875
 20
101.9570556640625
 10
185.9053466796875
 20
102.0193359375
 10
186.02449951171874
 20
102.08099365234375
 10
186.14364013671874
 20
102.14234619140625
 10
186.26278076171874
 20
102.20338134765625
 10
186.38192138671874
 20
102.26409912109375
 10
186.50106201171874
 20
102.32359619140625
 10
186.62020263671874
 20
102.38184814453125
 10
186.73934326171874
 20
102.43980712890625
 10
186.85849609375
 20
102.4974365234375
 10
186.97763671875
 20
102.5547607421875
 10
187.09677734375
 20
102.61177978515624
 10
187.21591796875
 20
102.6684814453125
 10
187.33507080078124
 20
102.72613525390625
 10
187.45423583984376
 20
102.7846923828125
 10
187.57340087890626
 20
102.84420166015624
 10
187.69256591796875
 20
102.90494384765626
 10
187.81173095703124
 20
102.9669189453125
 10
187.9308837890625
 20
103.0304443359375
 10
188.05006103515626
 20
103.09552001953125
 10
188.16923828125
 20
103.16121826171874
 10
188.2884033203125
 20
103.2275390625
 10
188.4075927734375
 20
103.29383544921875
 10
188.5267578125
 20
103.35921630859374
 10
188.6459228515625
 20
103.42366943359374
 10
188.7651123046875
 20
103.48629150390624
 10
188.88427734375
 20
103.54703369140626
 10
189.0034423828125
 20
103.60592041015624
 10
189.12261962890625
 20
103.66295166015625
 10
189.241796875
 20
103.71812744140625
 10
189.3609619140625
 20
103.77236328125
 10
189.48013916015626
 20
103.82537841796875
 10
189.59931640625
 20
103.8777587890625
 10
189.7184814453125
 20
103.92890625
 10
189.83763427734374
 20
103.9788330078125
 10
189.95682373046876
 20
104.02657470703124
 10
190.07598876953125
 20
104.07183837890625
 10
190.19515380859374
 20
104.11307373046876
 10
190.31431884765624
 20
104.14967041015625
 10
190.4334716796875
 20
104.18038330078124
 10
190.55262451171876
 20
104.2049072265625
 10
190.6717529296875
 20
104.22230224609375
 10
190.79088134765624
 20
104.23226318359374
 10
190.9099853515625
 20
104.2341796875
 10
191.0291015625
 20
104.2280517578125
 10
191.1482177734375
 20
104.21357421875
 10
191.26729736328124
 20
104.19102783203125
 10
191.3863525390625
 20
104.1604248046875
 10
191.50543212890625
 20
104.1223876953125
 10
191.62449951171874
 20
104.07818603515625
 10
191.7435546875
 20
104.0286865234375
 10
191.86260986328125
 20
103.97518310546874
 10
191.9816650390625
 20
103.9188720703125
 10
192.10074462890626
 20
103.86070556640625
 10
192.21978759765625
 20
103.8012939453125
 10
192.3388427734375
 20
103.74095458984375
 10
192.45789794921876
 20
103.67908935546875
 10
192.57694091796876
 20
103.6156494140625
 10
192.69599609375
 20
103.55067138671875
 10
192.8150390625
 20
103.48382568359375
 10
192.93408203125
 20
103.4148193359375
 10
193.05313720703126
 20
103.34427490234376
 10
193.1721923828125
 20
103.2727783203125
 10
193.29127197265626
 20
103.2009765625
 10
193.41031494140626
 20
103.12918701171876
 10
193.52935791015625
 20
103.05706787109375
 10
193.6484130859375
 20
102.9849609375
 10
193.76746826171876
 20
102.9134765625
 10
193.88653564453125
 20
102.84197998046875
 10
194.0055908203125
 20
102.76986083984374
 10
194.12464599609376
 20
102.69744873046875
 10
194.24368896484376
 20
102.62503662109376
 10
194.36275634765624
 20
102.55291748046875
 10
194.4818359375
 20
102.4814208984375
 10
194.60089111328125
 20
102.40992431640625
 10
194.71995849609374
 20
102.3390380859375
 10
194.8390380859375
 20
102.26939697265625
 10
194.95810546875
 20
102.20068359375
 10
195.0771728515625
 20
102.1325927734375
 10
195.1962646484375
 20
102.0654296875
 10
195.31534423828126
 20
101.9989013671875
 10
195.4344482421875
 20
101.93358154296875
 10
195.55352783203125
 20
101.86890869140625
 10
195.67261962890626
 20
101.8045166015625
 10
195.79169921875
 20
101.74044189453124
 10
195.91077880859376
 20
101.67667236328126
 10
196.0298828125
 20
101.6129150390625
 10
196.14898681640625
 20
101.54915771484374
 10
196.26807861328126
 20
101.4850830078125
 10
196.38717041015624
 20
101.42161865234375
 10
196.50626220703126
 20
101.35908203125
 10
196.62537841796876
 20
101.29749755859375
 10
196.74449462890624
 20
101.2371337890625
 10
196.86358642578125
 20
101.1783203125
 10
196.98270263671876
 20
101.12105712890624
 10
197.10181884765626
 20
101.06533203125
 10
197.22093505859374
 20
101.01025390625
 10
197.3400634765625
 20
100.9548583984375
 10
197.4591796875
 20
100.89881591796875
 10
197.5782958984375
 20
100.8412353515625
 10
197.69742431640626
 20
100.78118896484375
 10
197.8165283203125
 20
100.7183349609375
 10
197.93529052734374
 20
100.65238037109376
 10
198.05301513671876
 20
100.5830322265625
 10
198.16865234375
 20
100.51063232421875
 10
198.2807861328125
 20
100.43514404296874
 10
198.3873779296875
 20
100.35662841796875
 10
198.48563232421876
 20
100.275390625
 10
198.5720458984375
 20
100.19149169921874
 10
198.6438720703125
 20
100.10523681640625
 10
198.69903564453125
 20
100.0178955078125
 10
198.73402099609376
 20
99.92955322265625
 10
198.7491943359375
 20
99.84228515625
 10
198.7462890625
 20
99.75894775390626
 10
198.71593017578124
 20
99.67119140625
 10
198.68038330078124
 20
99.5965087890625
 10
198.6427734375
 20
99.53486328125
 10
198.5299981541649
 20
99.40608669337351
 10
194.83577326328435
 20
99.47056962870326
 10
194.6501953125
 20
99.4318359375
 10
194.5647216796875
 20
99.4182861328125
 10
194.46290283203126
 20
99.40394287109375
 10
194.3447509765625
 20
99.38851318359374
 10
194.23670654296876
 20
99.3779296875
 10
194.1258544921875
 20
99.36644287109375
 10
194.01572265625
 20
99.3524658203125
 10
193.9100830078125
 20
99.33414306640626
 10
193.80931396484374
 20
99.30799560546875
 10
193.7147705078125
 20
99.2721923828125
 10
193.6278564453125
 20
99.22547607421875
 10
193.54891357421874
 20
99.16722412109375
 10
193.4783203125
 20
99.09774169921874
 10
193.41566162109376
 20
99.01798095703126
 10
193.35997314453124
 20
98.9294677734375
 10
193.31016845703124
 20
98.834375
 10
193.26556396484375
 20
98.7345947265625
 10
193.22479248046875
 20
98.63170166015625
 10
193.1867919921875
 20
98.52689208984376
 10
193.1505126953125
 20
98.42115478515625
 10
193.11529541015625
 20
98.31507568359375
 10
193.08077392578124
 20
98.20902099609376
 10
193.04693603515625
 20
98.10296630859375
 10
193.0134521484375
 20
97.99688720703125
 10
192.98031005859374
 20
97.89080810546875
 10
192.94752197265626
 20
97.78472900390625
 10
192.9150634765625
 20
97.67864990234375
 10
192.88297119140626
 20
97.57255859375
 10
192.8511962890625
 20
97.4664794921875
 10
192.81876220703126
 20
97.36038818359376
 10
192.7856201171875
 20
97.2543212890625
 10
192.7517822265625
 20
97.1482421875
 10
192.71724853515624
 20
97.04217529296875
 10
192.68236083984374
 20
96.93612060546874
 10
192.6471435546875
 20
96.830078125
 10
192.61158447265626
 20
96.7240234375
 10
192.57705078125
 20
96.61795654296876
 10
192.5439208984375
 20
96.5118896484375
 10
192.51251220703125
 20
96.40579833984376
 10
192.48284912109375
 20
96.2996826171875
 10
192.45421142578124
 20
96.19356689453124
 10
192.4269775390625
 20
96.08743896484376
 10
192.4014892578125
 20
95.98128662109374
 10
192.3766845703125
 20
95.8751220703125
 10
192.3518798828125
 20
95.7689697265625
 10
192.3263916015625
 20
95.66282958984375
 10
192.3001953125
 20
95.55667724609376
 10
192.2736572265625
 20
95.4505615234375
 10
192.2460693359375
 20
95.34443359375
 10
192.21676025390624
 20
95.2383056640625
 10
192.18604736328126
 20
95.13221435546875
 10
192.154296875
 20
95.02613525390625
 10
192.1218505859375
 20
94.9200439453125
 10
192.0890625
 20
94.81397705078125
 10
192.0559326171875
 20
94.70792236328126
 10
192.0227783203125
 20
94.60185546875
 10
191.98997802734374
 20
94.49578857421875
 10
191.95753173828126
 20
94.38970947265625
 10
191.92545166015626
 20
94.2836181640625
 10
191.8936767578125
 20
94.1775390625
 10
191.86123046875
 20
94.07147216796875
 10
191.8281005859375
 20
93.96541748046874
 10
191.7942626953125
 20
93.85936279296875
 10
191.75975341796874
 20
93.7532958984375
 10
191.72452392578126
 20
93.64725341796876
 10
191.68861083984376
 20
93.54122314453124
 10
191.65201416015626
 20
93.43519287109375
 10
191.61610107421876
 20
93.32913818359376
 10
191.5812255859375
 20
93.2231201171875
 10
191.54737548828126
 20
93.1170654296875
 10
191.5145751953125
 20
93.01099853515625
 10
191.4828369140625
 20
92.90491943359375
 10
191.4517822265625
 20
92.798828125
 10
191.4207275390625
 20
92.69305419921875
 10
191.38759765625
 20
92.5879150390625
 10
191.3506591796875
 20
92.48406982421875
 10
191.30919189453124
 20
92.382421875
 10
191.2604248046875
 20
92.2830322265625
 10
191.20506591796874
 20
92.188037109375
 10
191.14451904296874
 20
92.099609375
 10
191.06591796875
 20
92.0088623046875
 10
190.9939208984375
 20
91.9326416015625
 10
190.92991943359374
 20
91.8702880859375
  0
LWPOLYLINE
  5
33
330
17
100
AcDbEntity
  8
0
100
AcDbPolyline
 90
183
 70
1
 10
248.97436535361157
 20
91.26275531187738
 10
248.7875244140625
 20
91.1956787109375
 10
248.7014404296875
 20
91.1726318359375
 10
248.5986083984375
 20
91.1503662109375
 10
248.4786376953125
 20
91.1306396484375
 10
248.3674072265625
 20
91.1264404296875
 10
248.251318359375
 20
91.1324951171875
 10
248.1327880859375
 20
91.150048828125
 10
248.0142578125
 20
91.1790771484375
 10
247.8947021484375
 20
91.2180908203125
 10
247.7748046875
 20
91.2660888671875
 10
247.654931640625
 20
91.321240234375
 10
247.5350341796875
 20
91.3819580078125
 10
247.415185546875
 20
91.4464111328125
 10
247.2953369140625
 20
91.5136474609375
 10
247.1755126953125
 20
91.5833984375
 10
247.0556640625
 20
91.6543701171875
 10
246.935791015625
 20
91.725341796875
 10
246.8159423828125
 20
91.796337890625
 10
246.69609375
 20
91.86669921875
 10
246.5765869140625
 20
91.9361083984375
 10
246.4577880859375
 20
92.0039794921875
 10
246.3400390625
 20
92.0696533203125
 10
246.223681640625
 20
92.1337646484375
 10
246.1091064453125
 20
92.19755859375
 10
245.9965576171875
 20
92.26131591796874
 10
245.886474609375
 20
92.32532958984375
 10
245.7781494140625
 20
92.3899658203125
 10
245.6708984375
 20
92.45584716796876
 10
245.5639892578125
 20
92.5232666015625
 10
245.4567138671875
 20
92.5916259765625
 10
245.3484375
 20
92.6599853515625
 10
245.2383544921875
 20
92.72774658203124
 10
245.1258544921875
 20
92.79521484375
 10
245.011279296875
 20
92.86241455078125
 10
244.894921875
 20
92.9286865234375
 10
244.777197265625
 20
92.9943359375
 10
244.6583984375
 20
93.05970458984375
 10
244.538916015625
 20
93.125390625
 10
244.419091796875
 20
93.19200439453125
 10
244.299267578125
 20
93.25892333984375
 10
244.179443359375
 20
93.32646484375
 10
244.059619140625
 20
93.3952392578125
 10
243.9398193359375
 20
93.4646484375
 10
243.819970703125
 20
93.53497314453125
 10
243.7001953125
 20
93.60560302734375
 10
243.5803466796875
 20
93.67593994140626
 10
243.460546875
 20
93.7462646484375
 10
243.3407470703125
 20
93.8159912109375
 10
243.220947265625
 20
93.88446044921875
 10
243.1011474609375
 20
93.95198974609374
 10
242.9813232421875
 20
94.01798095703126
 10
242.8615234375
 20
94.0830322265625
 10
242.7417236328125
 20
94.1474609375
 10
242.621923828125
 20
94.21158447265626
 10
242.502099609375
 20
94.2760009765625
 10
242.3822998046875
 20
94.34105224609375
 10
242.2625
 20
94.40703125
 10
242.142724609375
 20
94.4742431640625
 10
242.022900390625
 20
94.54208984375
 10
241.903125
 20
94.610546875
 10
241.783349609375
 20
94.67900390625
 10
241.663525390625
 20
94.7468505859375
 10
241.54375
 20
94.8140625
 10
241.423974609375
 20
94.88004150390626
 10
241.304150390625
 20
94.94505615234375
 10
241.184375
 20
95.00948486328124
 10
241.064599609375
 20
95.0736083984375
 10
240.944775390625
 20
95.13802490234374
 10
240.8250244140625
 20
95.20338134765625
 10
240.7052490234375
 20
95.27025146484375
 10
240.585791015625
 20
95.33963623046876
 10
240.467041015625
 20
95.4114990234375
 10
240.3497314453125
 20
95.4867431640625
 10
240.234521484375
 20
95.56571044921876
 10
240.1220947265625
 20
95.64866943359375
 10
240.0135009765625
 20
95.7359375
 10
239.909814453125
 20
95.8271728515625
 10
239.811376953125
 20
95.92210693359375
 10
239.7185546875
 20
96.020703125
 10
239.6305419921875
 20
96.12205810546875
 10
239.547119140625
 20
96.22552490234375
 10
239.4678955078125
 20
96.33050537109375
 10
239.3917724609375
 20
96.4364013671875
 10
239.3177734375
 20
96.54288330078126
 10
239.245166015625
 20
96.6496337890625
 10
239.1732666015625
 20
96.75640869140625
 10
239.1027587890625
 20
96.86317138671875
 10
239.0332763671875
 20
96.969921875
 10
238.9648681640625
 20
97.07664794921875
 10
238.897509765625
 20
97.18336181640625
 10
238.8315185546875
 20
97.2900634765625
 10
238.766943359375
 20
97.39676513671876
 10
238.7041015625
 20
97.5034423828125
 10
238.6419677734375
 20
97.61011962890625
 10
238.5805419921875
 20
97.7167724609375
 10
238.5191162109375
 20
97.82342529296875
 10
238.457666015625
 20
97.93009033203126
 10
238.3955322265625
 20
98.03675537109375
 10
238.3326904296875
 20
98.1434326171875
 10
238.268505859375
 20
98.25010986328125
 10
238.2031982421875
 20
98.3568115234375
 10
238.137255859375
 20
98.4635009765625
 10
238.0709228515625
 20
98.57020263671875
 10
238.0046142578125
 20
98.67691650390626
 10
237.9386474609375
 20
98.78360595703126
 10
237.873388671875
 20
98.89031982421875
 10
237.8091552734375
 20
98.99698486328126
 10
237.7463134765625
 20
99.10364990234375
 10
237.6841796875
 20
99.2103271484375
 10
237.6231201171875
 20
99.3169677734375
 10
237.5624267578125
 20
99.42359619140625
 10
237.50234375
 20
99.53023681640624
 10
237.4426513671875
 20
99.63685302734375
 10
237.3836669921875
 20
99.7434814453125
 10
237.3250244140625
 20
99.85010986328125
 10
237.2674560546875
 20
99.95672607421875
 10
237.210205078125
 20
100.06334228515625
 10
237.1536865234375
 20
100.169921875
 10
237.097119140625
 20
100.27650146484375
 10
237.039892578125
 20
100.3831298828125
 10
236.98125
 20
100.48975830078125
 10
236.9205322265625
 20
100.59638671875
 10
236.856640625
 20
100.70303955078126
 10
236.7900146484375
 20
100.8097412109375
 10
236.7208984375
 20
100.91644287109375
 10
236.6496826171875
 20
101.02318115234375
 10
236.5778076171875
 20
101.12991943359376
 10
236.5055908203125
 20
101.23665771484374
 10
236.4343994140625
 20
101.3433837890625
 10
236.365625
 20
101.45009765625
 10
236.299658203125
 20
101.5567626953125
 10
236.2358154296875
 20
101.66343994140625
 10
236.1744140625
 20
101.77008056640625
 10
236.114404296875
 20
101.87669677734375
 10
236.056103515625
 20
101.98328857421875
 10
235.9985107421875
 20
102.08988037109376
 10
235.940576171875
 20
102.196484375
 10
235.8812744140625
 20
102.3031005859375
 10
235.8208740234375
 20
102.40972900390625
 10
235.7587646484375
 20
102.51636962890625
 10
235.6956298828125
 20
102.62298583984375
 10
235.6310302734375
 20
102.72965087890626
 10
235.5664794921875
 20
102.83631591796875
 10
235.5036865234375
 20
102.94295654296874
 10
235.4457275390625
 20
103.04954833984375
 10
235.3951416015625
 20
103.15606689453125
 10
235.3546630859375
 20
103.26219482421875
 10
235.3260009765625
 20
103.36728515625
 10
235.3130859375
 20
103.47220458984376
 10
235.315185546875
 20
103.57484130859375
 10
235.3308349609375
 20
103.6730224609375
 10
235.3684814453125
 20
103.7787109375
 10
235.408203125
 20
103.86922607421874
 10
235.447607421875
 20
103.94490966796874
 10
235.55671435539767
 20
104.10896233786619
 10
246.69104921446765
 20
103.91461179996858
 10
246.875634765625
 20
103.86890869140625
 10
246.9607177734375
 20
103.8521484375
 10
247.062353515625
 20
103.83428955078125
 10
247.1809814453125
 20
103.815625
 10
247.290966796875
 20
103.8037353515625
 10
247.4057373046875
 20
103.79327392578125
 10
247.522998046875
 20
103.7839599609375
 10
247.640234375
 20
103.77557373046875
 10
247.7584716796875
 20
103.76654052734375
 10
247.8771240234375
 20
103.75595703125
 10
247.995751953125
 20
103.742578125
 10
248.114013671875
 20
103.72579345703124
 10
248.2312255859375
 20
103.70496826171875
 10
248.3463134765625
 20
103.67918701171875
 10
248.457958984375
 20
103.64722900390625
 10
248.564306640625
 20
103.60755615234375
 10
248.663671875
 20
103.55928955078124
 10
248.753955078125
 20
103.50240478515624
 10
248.8337646484375
 20
103.43692626953126
 10
248.9034423828125
 20
103.3619140625
 10
248.962646484375
 20
103.28021240234375
 10
249.011767578125
 20
103.1953125
 10
249.0569580078125
 20
103.09659423828126
 10
249.0921875
 20
103.0091796875
 10
249.1195556640625
 20
102.9339599609375
 10
249.17514685161478
 20
102.76551962864694
  0
LWPOLYLINE
  5
34
330
17
100
AcDbEntity
  8
0
100
AcDbPolyline
 90
310
 70
1
 10
169.34974365234376
 20
87.28818359375
 10
169.16488037109374
 20
87.3171875
 10
169.07974853515626
 20
87.3376220703125
 10
168.97796630859375
 20
87.3666259765625
 10
168.85960693359374
 20
87.4059814453125
 10
168.7506103515625
 20
87.4548583984375
 10
168.6378173828125
 20
87.514599609375
 10
168.52401123046874
 20
87.5848388671875
 10
168.4119384765625
 20
87.6643798828125
 10
168.30091552734376
 20
87.751318359375
 10
168.19200439453124
 20
87.844091796875
 10
168.08516845703124
 20
87.940576171875
 10
167.98040771484375
 20
88.0385986328125
 10
167.8780517578125
 20
88.1359619140625
 10
167.7778076171875
 20
88.232373046875
 10
167.68135986328124
 20
88.3256591796875
 10
167.5904296875
 20
88.4139404296875
 10
167.4960693359375
 20
88.5077880859375
 10
167.4162109375
 20
88.5875732421875
 10
167.35052490234375
 20
88.6539306640625
 10
167.21439111051424
 20
88.79777079088417
 10
164.95526583713072
 20
90.83189632361419
 10
164.81556396484376
 20
90.9986572265625
 10
164.74639892578125
 20
91.075537109375
 10
164.66168212890625
 20
91.1674072265625
 10
164.56104736328126
 20
91.2746337890625
 10
164.46246337890625
 20
91.3740966796875
 10
164.3580078125
 20
91.4779541015625
 10
164.25045166015624
 20
91.584033203125
 10
164.14251708984375
 20
91.6897705078125
 10
164.0349609375
 20
91.7958251953125
 10
163.9284423828125
 20
91.9012451171875
 10
163.8233154296875
 20
92.0051025390625
 10
163.71954345703125
 20
92.106787109375
 10
163.6168212890625
 20
92.20535888671876
 10
163.51478271484376
 20
92.29959716796876
 10
163.41309814453126
 20
92.38887939453124
 10
163.31141357421876
 20
92.47197265625
 10
163.20936279296876
 20
92.54735107421875
 10
163.10660400390626
 20
92.61375732421875
 10
163.0027587890625
 20
92.66934814453126
 10
162.89757080078124
 20
92.712890625
 10
162.79061279296874
 20
92.7434814453125
 10
162.68155517578126
 20
92.75986328125
 10
162.5700439453125
 20
92.7620361328125
 10
162.45645751953126
 20
92.75059814453125
 10
162.34111328125
 20
92.7265380859375
 10
162.22437744140626
 20
92.69227294921875
 10
162.10660400390626
 20
92.64967041015625
 10
161.9881103515625
 20
92.60118408203125
 10
161.86927490234376
 20
92.54931640625
 10
161.75045166015624
 20
92.4958984375
 10
161.63160400390626
 20
92.44217529296876
 10
161.51278076171874
 20
92.38905029296875
 10
161.39395751953126
 20
92.3362548828125
 10
161.2751220703125
 20
92.28408203125
 10
161.15628662109376
 20
92.2319091796875
 10
161.0374755859375
 20
92.17880859375
 10
160.91864013671875
 20
92.124169921875
 10
160.79981689453126
 20
92.0682861328125
 10
160.6809814453125
 20
92.011474609375
 10
160.56214599609376
 20
91.954345703125
 10
160.4436767578125
 20
91.8971923828125
 10
160.32587890625
 20
91.840380859375
 10
160.2091552734375
 20
91.785107421875
 10
160.09381103515625
 20
91.731640625
 10
159.98017578125
 20
91.679443359375
 10
159.86864013671874
 20
91.627783203125
 10
159.75953369140626
 20
91.575830078125
 10
159.6521484375
 20
91.5229248046875
 10
159.54578857421876
 20
91.469091796875
 10
159.43978271484374
 20
91.41337890625
 10
159.33343505859375
 20
91.35615234375
 10
159.22606201171874
 20
91.297998046875
 10
159.11693115234374
 20
91.2398681640625
 10
159.00540771484376
 20
91.1836181640625
 10
158.89178466796875
 20
91.1307861328125
 10
158.77679443359375
 20
91.0832275390625
 10
158.6614990234375
 20
91.0433837890625
 10
158.54722900390624
 20
91.0131103515625
 10
158.4357421875
 20
90.9945556640625
 10
158.32911376953126
 20
90.9895751953125
 10
158.22979736328125
 20
90.999365234375
 10
158.14017333984376
 20
91.0248291015625
 10
158.06201171875
 20
91.065625
 10
157.99666748046874
 20
91.1208251953125
 10
157.94486083984376
 20
91.189208984375
 10
157.9069091796875
 20
91.2688232421875
 10
157.8828125
 20
91.3573486328125
 10
157.871875
 20
91.4518798828125
 10
157.87305908203126
 20
91.55
 10
157.88602294921876
 20
91.649853515625
 10
157.91007080078126
 20
91.7499267578125
 10
157.94483642578126
 20
91.8489501953125
 10
157.98963623046876
 20
91.94599609375
 10
158.0434326171875
 20
92.0414306640625
 10
158.10555419921874
 20
92.13583984375
 10
158.17493896484376
 20
92.2298828125
 10
158.24984130859374
 20
92.32415771484375
 10
158.3285888671875
 20
92.4193603515625
 10
158.40972900390625
 20
92.51605224609375
 10
158.49193115234374
 20
92.6149169921875
 10
158.5738037109375
 20
92.71563720703125
 10
158.65426025390624
 20
92.81793212890625
 10
158.7326416015625
 20
92.92147216796874
 10
158.8082763671875
 20
93.0259521484375
 10
158.8814697265625
 20
93.13109130859375
 10
158.9519287109375
 20
93.23658447265625
 10
159.01993408203126
 20
93.34207763671876
 10
159.08690185546874
 20
93.4475830078125
 10
159.1535400390625
 20
93.5531005859375
 10
159.22017822265624
 20
93.65859375
 10
159.28818359375
 20
93.76412353515624
 10
159.3579345703125
 20
93.8696044921875
 10
159.4297607421875
 20
93.97506103515624
 10
159.50400390625
 20
94.08050537109375
 10
159.5796630859375
 20
94.1859375
 10
159.65596923828124
 20
94.29134521484374
 10
159.73299560546874
 20
94.39676513671876
 10
159.80966796875
 20
94.5021728515625
 10
159.8849609375
 20
94.6076171875
 10
159.95887451171876
 20
94.7130859375
 10
160.03070068359375
 20
94.8185546875
 10
160.10079345703124
 20
94.92403564453124
 10
160.1695068359375
 20
95.02952880859375
 10
160.23682861328126
 20
95.13505859375
 10
160.303125
 20
95.2406005859375
 10
160.36942138671876
 20
95.3461181640625
 10
160.4357177734375
 20
95.45166015625
 10
160.50201416015625
 20
95.55718994140625
 10
160.56829833984375
 20
95.66270751953125
 10
160.6345947265625
 20
95.76824951171875
 10
160.70089111328124
 20
95.8738037109375
 10
160.7671875
 20
95.97930908203125
 10
160.83348388671874
 20
96.08485107421875
 10
160.9001220703125
 20
96.19036865234375
 10
160.96815185546876
 20
96.2958984375
 10
161.03790283203125
 20
96.40140380859376
 10
161.1093994140625
 20
96.50689697265625
 10
161.18297119140624
 20
96.61234130859376
 10
161.25860595703125
 20
96.7177978515625
 10
161.33564453125
 20
96.82322998046875
 10
161.4130126953125
 20
96.92864990234375
 10
161.48970947265624
 20
97.03409423828126
 10
161.56500244140625
 20
97.13953857421875
 10
161.63927001953124
 20
97.24500732421875
 10
161.71214599609374
 20
97.35018310546874
 10
161.7843505859375
 20
97.45474853515626
 10
161.85653076171874
 20
97.5580810546875
 10
161.93009033203126
 20
97.65921630859376
 10
162.00745849609376
 20
97.75814208984374
 10
162.0876220703125
 20
97.852734375
 10
162.16845703125
 20
97.9408203125
 10
162.26383056640626
 20
98.0312255859375
 10
162.3484375
 20
98.1072021484375
 10
162.4219482421875
 20
98.16934814453126
 10
162.59149097383468
 20
98.29778668000858
 10
166.39289616255274
 20
98.23143290562106
 10
166.5778564453125
 20
98.18956298828125
 10
166.6630615234375
 20
98.17457275390625
 10
166.76490478515626
 20
98.15880126953125
 10
166.88370361328126
 20
98.14259033203125
 10
166.9938720703125
 20
98.13326416015624
 10
167.10889892578126
 20
98.1260498046875
 10
167.22635498046876
 20
98.12069091796874
 10
167.3438232421875
 20
98.11683349609375
 10
167.4623046875
 20
98.11298828125
 10
167.58115234375
 20
98.1085205078125
 10
167.7
 20
98.10281982421876
 10
167.81884765625
 20
98.09525146484376
 10
167.93768310546875
 20
98.0855224609375
 10
168.0565185546875
 20
98.07425537109376
 10
168.17535400390625
 20
98.06236572265625
 10
168.29417724609374
 20
98.05079345703125
 10
168.41302490234375
 20
98.04044189453126
 10
168.53187255859376
 20
98.03226318359376
 10
168.65074462890624
 20
98.0271728515625
 10
168.76959228515625
 20
98.0260986328125
 10
168.88846435546876
 20
98.0290771484375
 10
169.00733642578126
 20
98.03514404296875
 10
169.12620849609374
 20
98.043359375
 10
169.2450927734375
 20
98.05281982421874
 10
169.36397705078124
 20
98.06258544921874
 10
169.48284912109375
 20
98.07171630859375
 10
169.60174560546875
 20
98.0793212890625
 10
169.72061767578126
 20
98.08475341796876
 10
169.83948974609376
 20
98.0880126953125
 10
169.95838623046876
 20
98.08912353515625
 10
170.07725830078124
 20
98.08773193359374
 10
170.19613037109374
 20
98.08358154296874
 10
170.31500244140625
 20
98.07601318359374
 10
170.43350830078126
 20
98.0641357421875
 10
170.55098876953124
 20
98.0466796875
 10
170.6663818359375
 20
98.02275390625
 10
170.77825927734375
 20
97.99112548828126
 10
170.88463134765624
 20
97.95120849609376
 10
170.98265380859374
 20
97.90208740234375
 10
171.06890869140625
 20
97.84378662109376
 10
171.1402099609375
 20
97.77698974609375
 10
171.19384765625
 20
97.7029296875
 10
171.2273681640625
 20
97.6228759765625
 10
171.23868408203126
 20
97.53902587890624
 10
171.2271240234375
 20
97.45323486328125
 10
171.1933837890625
 20
97.36827392578125
 10
171.13955078125
 20
97.28568115234376
 10
171.06805419921875
 20
97.20665283203125
 10
170.981640625
 20
97.1321044921875
 10
170.8834716796875
 20
97.06202392578125
 10
170.77696533203124
 20
96.99539794921876
 10
170.66494140625
 20
96.9313232421875
 10
170.54945068359376
 20
96.86788330078124
 10
170.43187255859374
 20
96.80416259765624
 10
170.31324462890626
 20
96.73953857421876
 10
170.19427490234375
 20
96.67335205078125
 10
170.0753173828125
 20
96.60594482421875
 10
169.95634765625
 20
96.53790283203125
 10
169.8373779296875
 20
96.4701904296875
 10
169.71839599609376
 20
96.4037109375
 10
169.59945068359374
 20
96.33907470703124
 10
169.4804931640625
 20
96.2762939453125
 10
169.3615478515625
 20
96.21536865234376
 10
169.24261474609375
 20
96.1560302734375
 10
169.12369384765626
 20
96.09788818359375
 10
169.00474853515624
 20
96.03975830078124
 10
168.88580322265625
 20
95.98133544921875
 10
168.7668701171875
 20
95.92227783203126
 10
168.64793701171874
 20
95.8623046875
 10
168.52933349609376
 20
95.80107421875
 10
168.41177978515626
 20
95.7383056640625
 10
168.2962890625
 20
95.67335205078125
 10
168.18427734375
 20
95.60650634765625
 10
168.0774658203125
 20
95.53680419921875
 10
167.97825927734374
 20
95.46334228515624
 10
167.889453125
 20
95.3857421875
 10
167.8131103515625
 20
95.30369873046875
 10
167.7509765625
 20
95.21685791015625
 10
167.70408935546874
 20
95.12554931640625
 10
167.67276611328126
 20
95.02977294921875
 10
167.65670166015624
 20
94.93040771484375
 10
167.65413818359374
 20
94.82845458984374
 10
167.66265869140625
 20
94.7245361328125
 10
167.68017578125
 20
94.61929931640626
 10
167.70394287109374
 20
94.51336669921875
 10
167.73187255859375
 20
94.40706787109374
 10
167.7622314453125
 20
94.30076904296875
 10
167.7936279296875
 20
94.19444580078125
 10
167.82501220703125
 20
94.08814697265625
 10
167.8560546875
 20
93.98182373046875
 10
167.88641357421875
 20
93.8755126953125
 10
167.91676025390626
 20
93.7692138671875
 10
167.94676513671874
 20
93.6629150390625
 10
167.97608642578126
 20
93.5566162109375
 10
168.0047119140625
 20
93.4503173828125
 10
168.03331298828124
 20
93.34403076171876
 10
168.0615966796875
 20
93.23775634765624
 10
168.0895263671875
 20
93.1314453125
 10
168.11676025390625
 20
93.0251708984375
 10
168.14398193359375
 20
92.91888427734375
 10
168.17191162109376
 20
92.81259765625
 10
168.20054931640624
 20
92.70631103515625
 10
168.2294921875
 20
92.60001220703126
 10
168.2594970703125
 20
92.49368896484376
 10
168.2902099609375
 20
92.38739013671875
 10
168.32159423828125
 20
92.2810546875
 10
168.3533447265625
 20
92.174755859375
 10
168.3850830078125
 20
92.068408203125
 10
168.41646728515624
 20
91.962109375
 10
168.44752197265626
 20
91.8557861328125
 10
168.4778564453125
 20
91.749462890625
 10
168.508203125
 20
91.6431396484375
 10
168.53822021484376
 20
91.536865234375
 10
168.56788330078126
 20
91.4305419921875
 10
168.5971923828125
 20
91.3242431640625
 10
168.62685546875
 20
91.2179443359375
 10
168.6568603515625
 20
91.11162109375
 10
168.68720703125
 20
91.005322265625
 10
168.717578125
 20
90.898974609375
 10
168.74896240234375
 20
90.7926513671875
 10
168.78140869140626
 20
90.6863037109375
 10
168.8148681640625
 20
90.5799560546875
 10
168.84903564453126
 20
90.4736083984375
 10
168.88355712890626
 20
90.3672607421875
 10
168.91806640625
 20
90.260888671875
 10
168.95257568359375
 20
90.154541015625
 10
168.9857177734375
 20
90.048193359375
 10
169.0171142578125
 20
89.9418701171875
 10
169.04644775390625
 20
89.835546875
 10
169.07366943359375
 20
89.7292724609375
 10
169.09952392578126
 20
89.6230224609375
 10
169.1246826171875
 20
89.516748046875
 10
169.1491455078125
 20
89.410498046875
 10
169.1739501953125
 20
89.3042236328125
 10
169.19979248046874
 20
89.1979248046875
 10
169.22738037109374
 20
89.0916259765625
 10
169.25634765625
 20
88.9853271484375
 10
169.2863525390625
 20
88.8789794921875
 10
169.3170654296875
 20
88.7726806640625
 10
169.3481201171875
 20
88.666357421875
 10
169.37882080078126
 20
88.5600341796875
 10
169.40814208984375
 20
88.4537353515625
 10
169.43502197265624
 20
88.347412109375
 10
169.45914306640626
 20
88.241162109375
 10
169.47908935546874
 20
88.13525390625
 10
169.49351806640624
 20
88.030322265625
 10
169.50030517578125
 20
87.92548828125
 10
169.49947509765624
 20
87.822900390625
 10
169.49171142578126
 20
87.7246826171875
 10
169.46939697265626
 20
87.618896484375
 10
169.44534912109376
 20
87.5282958984375
 10
169.42099609375
 20
87.452490234375
  0
LWPOLYLINE
  5
35
330
17
100
AcDbEntity
  8
0
100
AcDbPolyline
 90
282
 70
1
 10
211.7528564453125
 20
85.5761962890625
 10
211.646923828125
 20
85.742822265625
 10
211.609814453125
 20
85.8194580078125
 10
211.5723388671875
 20
85.9109619140625
 10
211.535595703125
 20
86.0176513671875
 10
211.5186767578125
 20
86.11640625
 10
211.510791015625
 20
86.2194091796875
 10
211.5126708984375
 20
86.324462890625
 10
211.524658203125
 20
86.4294189453125
 10
211.5439208984375
 20
86.5352294921875
 10
211.5687744140625
 20
86.6412841796875
 10
211.598828125
 20
86.747314453125
 10
211.6327392578125
 20
86.853271484375
 10
211.6697509765625
 20
86.9592041015625
 10
211.7095703125
 20
87.0651611328125
 10
211.751123046875
 20
87.171044921875
 10
211.793359375
 20
87.276904296875
 10
211.836669921875
 20
87.3827880859375
 10
211.8799560546875
 20
87.4886474609375
 10
211.9232666015625
 20
87.5945556640625
 10
211.9658203125
 20
87.7004150390625
 10
212.0070068359375
 20
87.8063232421875
 10
212.0471923828125
 20
87.9122314453125
 10
212.086669921875
 20
88.0181396484375
 10
212.12470703125
 20
88.124072265625
 10
212.1617431640625
 20
88.230029296875
 10
212.1977294921875
 20
88.335986328125
 10
212.232666015625
 20
88.441943359375
 10
212.266943359375
 20
88.5479248046875
 10
212.3004638671875
 20
88.65390625
 10
212.3333251953125
 20
88.759912109375
 10
212.3655029296875
 20
88.8658935546875
 10
212.396923828125
 20
88.9718994140625
 10
212.4277099609375
 20
89.0779052734375
 10
212.4584716796875
 20
89.1839111328125
 10
212.4888916015625
 20
89.2899169921875
 10
212.5189453125
 20
89.395947265625
 10
212.5486572265625
 20
89.5019775390625
 10
212.578759765625
 20
89.6079833984375
 10
212.6088134765625
 20
89.714013671875
 10
212.6388671875
 20
89.8200439453125
 10
212.6685791015625
 20
89.9260498046875
 10
212.698681640625
 20
90.032080078125
 10
212.7290771484375
 20
90.1380859375
 10
212.7598388671875
 20
90.244091796875
 10
212.790625
 20
90.3501220703125
 10
212.8220947265625
 20
90.4561279296875
 10
212.854248046875
 20
90.5621337890625
 10
212.887109375
 20
90.668115234375
 10
212.9202880859375
 20
90.774072265625
 10
212.9534912109375
 20
90.880078125
 10
212.9866943359375
 20
90.986083984375
 10
213.0198974609375
 20
91.0920654296875
 10
213.053076171875
 20
91.1980712890625
 10
213.086279296875
 20
91.304052734375
 10
213.1198486328125
 20
91.4100341796875
 10
213.1540771484375
 20
91.5160400390625
 10
213.190087890625
 20
91.622021484375
 10
213.2281494140625
 20
91.7279541015625
 10
213.26865234375
 20
91.8338623046875
 10
213.3109130859375
 20
91.939794921875
 10
213.3549072265625
 20
92.0456787109375
 10
213.399951171875
 20
92.1515380859375
 10
213.4453369140625
 20
92.25740966796874
 10
213.4896728515625
 20
92.36328125
 10
213.531591796875
 20
92.46920166015624
 10
213.56962890625
 20
92.57513427734375
 10
213.6031982421875
 20
92.68114013671875
 10
213.6311767578125
 20
92.7871826171875
 10
213.652197265625
 20
92.89298095703126
 10
213.664501953125
 20
92.9982666015625
 10
213.66708984375
 20
93.1027099609375
 10
213.659228515625
 20
93.20570068359375
 10
213.6398681640625
 20
93.306640625
 10
213.6083251953125
 20
93.40460205078125
 10
213.563525390625
 20
93.49866943359375
 10
213.5058837890625
 20
93.5888427734375
 10
213.436376953125
 20
93.6747802734375
 10
213.355712890625
 20
93.7561767578125
 10
213.264990234375
 20
93.83333740234374
 10
213.1658935546875
 20
93.90654296875
 10
213.059814453125
 20
93.9770263671875
 10
212.9489013671875
 20
94.045703125
 10
212.83447265625
 20
94.11256103515625
 10
212.717626953125
 20
94.1784912109375
 10
212.5993896484375
 20
94.24443359375
 10
212.4804443359375
 20
94.31134033203125
 10
212.3611572265625
 20
94.37978515625
 10
212.24189453125
 20
94.44945068359375
 10
212.122607421875
 20
94.52099609375
 10
212.0033203125
 20
94.59501953125
 10
211.8840576171875
 20
94.67091064453125
 10
211.764794921875
 20
94.7480224609375
 10
211.645556640625
 20
94.8248291015625
 10
211.5262939453125
 20
94.90040283203125
 10
211.40703125
 20
94.97412109375
 10
211.2877685546875
 20
95.0444091796875
 10
211.168505859375
 20
95.11068115234374
 10
211.0492431640625
 20
95.17353515625
 10
210.9302978515625
 20
95.23359375
 10
210.8120849609375
 20
95.29271240234375
 10
210.6948974609375
 20
95.3527587890625
 10
210.5791015625
 20
95.4152587890625
 10
210.4650390625
 20
95.4821044921875
 10
210.3534423828125
 20
95.5541748046875
 10
210.2453369140625
 20
95.63148193359375
 10
210.141064453125
 20
95.71402587890626
 10
210.041650390625
 20
95.8008544921875
 10
209.948876953125
 20
95.89010009765624
 10
209.86513671875
 20
95.98079833984374
 10
209.7935791015625
 20
96.07169189453126
 10
209.7369873046875
 20
96.16151123046875
 10
209.6977783203125
 20
96.24930419921876
 10
209.678759765625
 20
96.3337890625
 10
209.6809326171875
 20
96.41373291015626
 10
209.70576171875
 20
96.4897216796875
 10
209.7496826171875
 20
96.55994873046875
 10
209.807861328125
 20
96.6232177734375
 10
209.8911376953125
 20
96.6856201171875
 10
209.9705322265625
 20
96.73690185546874
 10
210.0426025390625
 20
96.7780517578125
 10
210.2159719294546
 20
96.86096811848992
 10
218.9322877969693
 20
96.7088242590876
 10
219.095166015625
 20
96.57052001953124
 10
219.1654541015625
 20
96.50538330078125
 10
219.2468994140625
 20
96.42645263671875
 10
219.3390869140625
 20
96.3330810546875
 10
219.4177490234375
 20
96.24390869140625
 10
219.4956787109375
 20
96.148828125
 10
219.571533203125
 20
96.04942626953125
 10
219.6438720703125
 20
95.9478759765625
 10
219.714501953125
 20
95.84388427734375
 10
219.783349609375
 20
95.73834228515625
 10
219.850830078125
 20
95.63187255859376
 10
219.917236328125
 20
95.52481689453126
 10
219.9826171875
 20
95.4174560546875
 10
220.0469482421875
 20
95.3100830078125
 10
220.1102294921875
 20
95.20274658203125
 10
220.1731689453125
 20
95.09539794921875
 10
220.235791015625
 20
94.98804931640625
 10
220.297705078125
 20
94.88070068359374
 10
220.3595947265625
 20
94.77337646484375
 10
220.4225341796875
 20
94.66602783203125
 10
220.4865234375
 20
94.5586669921875
 10
220.5515625
 20
94.45126953125
 10
220.6173095703125
 20
94.34388427734375
 10
220.6837158203125
 20
94.2364990234375
 10
220.7519287109375
 20
94.12908935546875
 10
220.8215087890625
 20
94.0216796875
 10
220.891064453125
 20
93.9142578125
 10
220.9606201171875
 20
93.8068359375
 10
221.0298583984375
 20
93.6994140625
 10
221.0987060546875
 20
93.5919921875
 10
221.1669189453125
 20
93.4845703125
 10
221.2330078125
 20
93.3771728515625
 10
221.296630859375
 20
93.26981201171876
 10
221.3589111328125
 20
93.16246337890625
 10
221.4197509765625
 20
93.0551025390625
 10
221.479931640625
 20
92.94775390625
 10
221.5393798828125
 20
92.84044189453125
 10
221.5991943359375
 20
92.73310546875
 10
221.660791015625
 20
92.6257568359375
 10
221.7251220703125
 20
92.51837158203125
 10
221.7922607421875
 20
92.4109619140625
 10
221.8621826171875
 20
92.30352783203125
 10
221.9345458984375
 20
92.1960693359375
 10
222.0093505859375
 20
92.08857421875
 10
222.0851806640625
 20
91.9810791015625
 10
222.160693359375
 20
91.873583984375
 10
222.2344482421875
 20
91.76611328125
 10
222.305419921875
 20
91.6586669921875
 10
222.3732421875
 20
91.551220703125
 10
222.437939453125
 20
91.4438720703125
 10
222.49951171875
 20
91.3364990234375
 10
222.558984375
 20
91.2291748046875
 10
222.617431640625
 20
91.121826171875
 10
222.676220703125
 20
91.0144775390625
 10
222.736376953125
 20
90.9071533203125
 10
222.7989990234375
 20
90.799755859375
 10
222.8640380859375
 20
90.6923583984375
 10
222.9315185546875
 20
90.5849365234375
 10
223.0011474609375
 20
90.477490234375
 10
223.0724609375
 20
90.37001953125
 10
223.144482421875
 20
90.262548828125
 10
223.2168701171875
 20
90.155078125
 10
223.2882080078125
 20
90.047607421875
 10
223.3581298828125
 20
89.9401611328125
 10
223.4259765625
 20
89.83271484375
 10
223.491015625
 20
89.7253173828125
 10
223.5518798828125
 20
89.6179443359375
 10
223.6068603515625
 20
89.5106689453125
 10
223.6534423828125
 20
89.4034423828125
 10
223.68994140625
 20
89.2966552734375
 10
223.7138671875
 20
89.1908935546875
 10
223.723193359375
 20
89.087451171875
 10
223.7154541015625
 20
88.9879150390625
 10
223.6895751953125
 20
88.894140625
 10
223.6459716796875
 20
88.8086181640625
 10
223.5856689453125
 20
88.7344482421875
 10
223.5100341796875
 20
88.6740966796875
 10
223.4211669921875
 20
88.6296630859375
 10
223.3218994140625
 20
88.602099609375
 10
223.215673828125
 20
88.5919677734375
 10
223.1052734375
 20
88.59921875
 10
222.992822265625
 20
88.6226806640625
 10
222.8800537109375
 20
88.659423828125
 10
222.7683349609375
 20
88.7073486328125
 10
222.658740234375
 20
88.7639404296875
 10
222.5508544921875
 20
88.8270263671875
 10
222.4440185546875
 20
88.893798828125
 10
222.3375732421875
 20
88.962158203125
 10
222.23076171875
 20
89.0302001953125
 10
222.122900390625
 20
89.097607421875
 10
222.0133056640625
 20
89.1635009765625
 10
221.90126953125
 20
89.2269287109375
 10
221.7871337890625
 20
89.2879150390625
 10
221.6712646484375
 20
89.3476318359375
 10
221.5539794921875
 20
89.406494140625
 10
221.4356689453125
 20
89.465625
 10
221.316650390625
 20
89.52509765625
 10
221.197314453125
 20
89.585205078125
 10
221.0779541015625
 20
89.646826171875
 10
220.9586181640625
 20
89.710009765625
 10
220.8392822265625
 20
89.7738525390625
 10
220.7199462890625
 20
89.8385986328125
 10
220.6006103515625
 20
89.9033203125
 10
220.481298828125
 20
89.968359375
 10
220.361962890625
 20
90.034033203125
 10
220.2426513671875
 20
90.1003173828125
 10
220.1233154296875
 20
90.167529296875
 10
220.0039794921875
 20
90.235986328125
 10
219.8846923828125
 20
90.305078125
 10
219.7653564453125
 20
90.3750732421875
 10
219.646044921875
 20
90.4450927734375
 10
219.526708984375
 20
90.5138427734375
 10
219.4073974609375
 20
90.5798095703125
 10
219.2880615234375
 20
90.6407958984375
 10
219.1687255859375
 20
90.6949951171875
 10
219.049365234375
 20
90.7402099609375
 10
218.9300048828125
 20
90.7736083984375
 10
218.8106201171875
 20
90.79306640625
 10
218.691259765625
 20
90.7967041015625
 10
218.5721923828125
 20
90.7832763671875
 10
218.4541259765625
 20
90.7531005859375
 10
218.3381591796875
 20
90.7071044921875
 10
218.2245849609375
 20
90.6458740234375
 10
218.1158935546875
 20
90.5737548828125
 10
218.0145263671875
 20
90.495361328125
 10
217.912060546875
 20
90.4014404296875
 10
217.8263427734375
 20
90.3173583984375
 10
217.7566162109375
 20
90.2446533203125
 10
217.6158197699578
 20
90.08150454331408
 10
214.97246780041183
 20
87.78367373280739
 10
214.8198486328125
 20
87.6769287109375
 10
214.7482177734375
 20
87.626025390625
 10
214.6619873046875
 20
87.5640869140625
 10
214.5608154296875
 20
87.490771484375
 10
214.465576171875
 20
87.4201904296875
 10
214.3654296875
 20
87.345947265625
 10
214.2625244140625
 20
87.2692626953125
 10
214.1599365234375
 20
87.1913330078125
 10
214.05703125
 20
87.1114990234375
 10
213.9544677734375
 20
87.0307861328125
 10
213.852587890625
 20
86.9488037109375
 10
213.751416015625
 20
86.8649658203125
 10
213.650927734375
 20
86.7783203125
 10
213.5511474609375
 20
86.6888671875
 10
213.4506591796875
 20
86.596630859375
 10
213.3490966796875
 20
86.5016357421875
 10
213.2462158203125
 20
86.403857421875
 10
213.1415283203125
 20
86.3045654296875
 10
213.0347900390625
 20
86.2052734375
 10
212.9255615234375
 20
86.107861328125
 10
212.813623046875
 20
86.0142333984375
 10
212.69990234375
 20
85.9264892578125
 10
212.5855224609375
 20
85.847119140625
 10
212.4697509765625
 20
85.7780029296875
 10
212.3553955078125
 20
85.7200439453125
 10
212.2452392578125
 20
85.6735107421875
 10
212.126025390625
 20
85.6379150390625
 10
212.0238525390625
 20
85.6127197265625
 10
211.9383544921875
 20
85.596044921875
  0
LWPOLYLINE
  5
36
330
17
100
AcDbEntity
  8
0
100
AcDbPolyline
 90
454
 70
1
 10
135.417626953125
 20
93.039599609375
 10
135.46724853515624
 20
93.1976318359375
 10
135.49842529296876
 20
93.2677734375
 10
135.541015625
 20
93.34954833984375
 10
135.59676513671874
 20
93.4420166015625
 10
135.66214599609376
 20
93.52171630859375
 10
135.73929443359376
 20
93.60006103515624
 10
135.82713623046874
 20
93.6742919921875
 10
135.92393798828124
 20
93.7422607421875
 10
136.0283447265625
 20
93.80489501953124
 10
136.13826904296874
 20
93.86221923828126
 10
136.2519775390625
 20
93.91551513671875
 10
136.36810302734375
 20
93.96600341796875
 10
136.4856201171875
 20
94.0149169921875
 10
136.60382080078125
 20
94.0632080078125
 10
136.72239990234374
 20
94.11181640625
 10
136.84097900390626
 20
94.16165771484376
 10
136.95953369140625
 20
94.2133544921875
 10
137.07808837890624
 20
94.26658935546875
 10
137.1966552734375
 20
94.3210693359375
 10
137.315234375
 20
94.37646484375
 10
137.4338134765625
 20
94.43310546875
 10
137.5523681640625
 20
94.49066162109375
 10
137.67095947265625
 20
94.54854736328124
 10
137.78953857421874
 20
94.60643310546875
 10
137.90811767578126
 20
94.6639892578125
 10
138.02669677734374
 20
94.72122802734376
 10
138.14527587890626
 20
94.77821044921875
 10
138.26385498046875
 20
94.8345458984375
 10
138.38243408203124
 20
94.8902587890625
 10
138.5010498046875
 20
94.94595947265626
 10
138.61961669921874
 20
95.00137939453126
 10
138.73819580078126
 20
95.0571044921875
 10
138.85679931640624
 20
95.11312255859374
 10
138.975390625
 20
95.169140625
 10
139.09398193359374
 20
95.22518310546874
 10
139.21258544921875
 20
95.28121337890624
 10
139.33116455078124
 20
95.3372314453125
 10
139.44976806640625
 20
95.39417724609375
 10
139.56837158203126
 20
95.4520751953125
 10
139.68697509765624
 20
95.51087646484375
 10
139.80557861328126
 20
95.5715576171875
 10
139.9241943359375
 20
95.63438720703125
 10
140.0427978515625
 20
95.6993896484375
 10
140.16142578125
 20
95.76591796875
 10
140.2800537109375
 20
95.8333740234375
 10
140.39866943359374
 20
95.9011474609375
 10
140.51729736328124
 20
95.96954345703125
 10
140.63592529296875
 20
96.03795166015625
 10
140.75455322265626
 20
96.1060302734375
 10
140.87318115234376
 20
96.17410888671876
 10
140.9918212890625
 20
96.24281005859375
 10
141.11044921875
 20
96.31182861328125
 10
141.2290771484375
 20
96.38177490234375
 10
141.34771728515625
 20
96.45203857421875
 10
141.46634521484376
 20
96.52227783203125
 10
141.58499755859376
 20
96.59190673828125
 10
141.7036376953125
 20
96.65999755859374
 10
141.822265625
 20
96.72564697265625
 10
141.9408935546875
 20
96.7887939453125
 10
142.0595458984375
 20
96.84854736328126
 10
142.17816162109375
 20
96.90521240234375
 10
142.29678955078126
 20
96.9587890625
 10
142.41541748046876
 20
97.01021728515624
 10
142.53404541015624
 20
97.06068115234375
 10
142.65233154296874
 20
97.1114990234375
 10
142.769921875
 20
97.16385498046876
 10
142.88648681640626
 20
97.2193115234375
 10
143.00130615234374
 20
97.27847900390626
 10
143.1137451171875
 20
97.34293212890626
 10
143.2230712890625
 20
97.41328125
 10
143.32825927734376
 20
97.48955078125
 10
143.42930908203124
 20
97.57174072265624
 10
143.52586669921874
 20
97.65921630859376
 10
143.61759033203126
 20
97.7513671875
 10
143.70518798828124
 20
97.84788818359375
 10
143.78897705078126
 20
97.94754638671876
 10
143.86932373046875
 20
98.0493896484375
 10
143.9472412109375
 20
98.1528076171875
 10
144.02274169921876
 20
98.25716552734374
 10
144.0965087890625
 20
98.3621826171875
 10
144.16925048828125
 20
98.46749267578124
 10
144.24027099609376
 20
98.57283935546874
 10
144.3098876953125
 20
98.6781982421875
 10
144.3784912109375
 20
98.7835693359375
 10
144.44605712890626
 20
98.88895263671876
 10
144.5129150390625
 20
98.9943359375
 10
144.57943115234374
 20
99.0997314453125
 10
144.64561767578124
 20
99.20513916015625
 10
144.71282958984375
 20
99.3105224609375
 10
144.7810791015625
 20
99.4158935546875
 10
144.85037841796876
 20
99.5212646484375
 10
144.920703125
 20
99.62662353515626
 10
144.9920654296875
 20
99.73197021484376
 10
145.06341552734375
 20
99.8373046875
 10
145.1347900390625
 20
99.9426513671875
 10
145.20477294921875
 20
100.04801025390626
 10
145.2733642578125
 20
100.15340576171874
 10
145.34024658203126
 20
100.25880126953125
 10
145.40538330078124
 20
100.36419677734375
 10
145.46881103515625
 20
100.46962890625
 10
145.53153076171876
 20
100.57506103515625
 10
145.5935546875
 20
100.68050537109374
 10
145.65594482421875
 20
100.78594970703125
 10
145.71866455078126
 20
100.89139404296876
 10
145.78277587890625
 20
100.99683837890625
 10
145.8482421875
 20
101.10225830078124
 10
145.91512451171874
 20
101.20762939453125
 10
145.9830322265625
 20
101.3130126953125
 10
146.0519775390625
 20
101.4183837890625
 10
146.12161865234376
 20
101.52376708984374
 10
146.19195556640625
 20
101.6291259765625
 10
146.2619384765625
 20
101.73450927734375
 10
146.33157958984376
 20
101.83990478515625
 10
146.40089111328126
 20
101.94527587890624
 10
146.4698486328125
 20
102.05064697265625
 10
146.53846435546876
 20
102.1560546875
 10
146.60672607421876
 20
102.26143798828124
 10
146.6746337890625
 20
102.36683349609375
 10
146.7425537109375
 20
102.4722412109375
 10
146.8104736328125
 20
102.57763671875
 10
146.87838134765624
 20
102.6830322265625
 10
146.9466552734375
 20
102.78843994140625
 10
147.01527099609376
 20
102.8938232421875
 10
147.0845703125
 20
102.99920654296875
 10
147.1549072265625
 20
103.10460205078125
 10
147.2262939453125
 20
103.20997314453125
 10
147.29906005859374
 20
103.31534423828126
 10
147.37320556640626
 20
103.4206787109375
 10
147.4476806640625
 20
103.52601318359375
 10
147.52252197265625
 20
103.63134765625
 10
147.59703369140624
 20
103.73670654296875
 10
147.6704833984375
 20
103.84176025390624
 10
147.7432373046875
 20
103.94619140625
 10
147.8149658203125
 20
104.04940185546874
 10
147.88634033203124
 20
104.1504638671875
 10
147.9594482421875
 20
104.24808349609376
 10
148.03531494140626
 20
104.3404541015625
 10
148.11531982421874
 20
104.42503662109375
 10
148.20050048828125
 20
104.49970703125
 10
148.29083251953125
 20
104.56163330078125
 10
148.38634033203124
 20
104.60838623046875
 10
148.4860107421875
 20
104.63779296875
 10
148.58768310546876
 20
104.6480224609375
 10
148.68934326171876
 20
104.6384765625
 10
148.78892822265624
 20
104.609765625
 10
148.88499755859374
 20
104.56287841796875
 10
148.97657470703126
 20
104.49996337890624
 10
149.06363525390626
 20
104.42347412109375
 10
149.1461669921875
 20
104.33621826171876
 10
149.22420654296874
 20
104.2412841796875
 10
149.29879150390624
 20
104.14111328125
 10
149.37059326171874
 20
104.03758544921875
 10
149.44031982421876
 20
103.93221435546874
 10
149.50831298828126
 20
103.8259521484375
 10
149.57388916015626
 20
103.71937255859375
 10
149.63739013671875
 20
103.6128173828125
 10
149.6998291015625
 20
103.50628662109375
 10
149.7612548828125
 20
103.39974365234374
 10
149.82235107421874
 20
103.2932373046875
 10
149.8830810546875
 20
103.1866943359375
 10
149.94415283203125
 20
103.08017578125
 10
150.00662841796876
 20
102.97364501953125
 10
150.0701171875
 20
102.86710205078126
 10
150.13431396484376
 20
102.76053466796876
 10
150.1988525390625
 20
102.6539794921875
 10
150.26339111328124
 20
102.54742431640625
 10
150.32760009765624
 20
102.44085693359375
 10
150.3910888671875
 20
102.33428955078125
 10
150.45321044921874
 20
102.2277587890625
 10
150.51463623046874
 20
102.1212158203125
 10
150.5750244140625
 20
102.01468505859376
 10
150.6350830078125
 20
101.90816650390624
 10
150.69443359375
 20
101.80164794921875
 10
150.75379638671876
 20
101.69512939453125
 10
150.8131591796875
 20
101.58861083984375
 10
150.87320556640626
 20
101.48209228515626
 10
150.93358154296874
 20
101.3755615234375
 10
150.99537353515626
 20
101.2690185546875
 10
151.0581787109375
 20
101.16243896484374
 10
151.1230712890625
 20
101.05587158203124
 10
151.19002685546874
 20
100.94927978515625
 10
151.25943603515626
 20
100.84266357421875
 10
151.33123779296875
 20
100.73602294921875
 10
151.40582275390625
 20
100.62935791015624
 10
151.48214111328124
 20
100.52266845703124
 10
151.5605224609375
 20
100.41595458984375
 10
151.63994140625
 20
100.30924072265626
 10
151.7197265625
 20
100.2025146484375
 10
151.7991455078125
 20
100.09578857421874
 10
151.87786865234375
 20
99.98907470703125
 10
151.95557861328126
 20
99.88267822265625
 10
152.0332763671875
 20
99.77720947265625
 10
152.11097412109376
 20
99.6732666015625
 10
152.19007568359376
 20
99.57178955078125
 10
152.2719482421875
 20
99.47401123046875
 10
152.35797119140625
 20
99.3814453125
 10
152.44884033203124
 20
99.29593505859376
 10
152.54525146484374
 20
99.2187255859375
 10
152.64688720703126
 20
99.15009765625
 10
152.75372314453125
 20
99.0906982421875
 10
152.8647216796875
 20
99.04052734375
 10
152.9788330078125
 20
98.9989990234375
 10
153.0950439453125
 20
98.96484375
 10
153.21265869140626
 20
98.93624267578124
 10
153.33095703125
 20
98.91165771484376
 10
153.449609375
 20
98.89078369140626
 10
153.56826171875
 20
98.8726806640625
 10
153.68692626953126
 20
98.85675048828125
 10
153.8055908203125
 20
98.84268798828126
 10
153.92425537109375
 20
98.83045654296875
 10
154.04295654296874
 20
98.82039794921874
 10
154.16162109375
 20
98.8128173828125
 10
154.28031005859376
 20
98.8071044921875
 10
154.39901123046874
 20
98.8029052734375
 10
154.5177001953125
 20
98.7996337890625
 10
154.63603515625
 20
98.79669189453125
 10
154.7533447265625
 20
98.79345703125
 10
154.87064208984376
 20
98.7883544921875
 10
154.98553466796875
 20
98.78111572265625
 10
155.0955810546875
 20
98.77174072265625
 10
155.2142578125
 20
98.7554931640625
 10
155.3159912109375
 20
98.7397216796875
 10
155.4010986328125
 20
98.72470703125
 10
155.58585219027782
 20
98.6828145014088
 10
159.02842997679514
 20
98.62272408262473
 10
159.1338623046875
 20
98.4566650390625
 10
159.1704833984375
 20
98.3802978515625
 10
159.20709228515625
 20
98.28907470703125
 10
159.24229736328124
 20
98.18272705078125
 10
159.25709228515626
 20
98.0843017578125
 10
159.26181640625
 20
97.981640625
 10
159.25513916015626
 20
97.87694091796875
 10
159.23599853515626
 20
97.77235107421875
 10
159.20750732421874
 20
97.66693115234375
 10
159.170703125
 20
97.5613037109375
 10
159.12628173828125
 20
97.45574951171875
 10
159.07493896484374
 20
97.35025634765626
 10
159.01771240234376
 20
97.24481201171875
 10
158.9563232421875
 20
97.1393798828125
 10
158.89287109375
 20
97.0340087890625
 10
158.82802734375
 20
96.92864990234375
 10
158.7625
 20
96.82330322265625
 10
158.69696044921875
 20
96.71795654296875
 10
158.6317626953125
 20
96.61258544921876
 10
158.56727294921876
 20
96.5072265625
 10
158.5024169921875
 20
96.40184326171875
 10
158.4362060546875
 20
96.29649658203125
 10
158.36861572265624
 20
96.19114990234375
 10
158.299609375
 20
96.08582763671875
 10
158.22921142578124
 20
95.98052978515625
 10
158.15849609375
 20
95.87523193359375
 10
158.0874267578125
 20
95.76993408203126
 10
158.01705322265624
 20
95.6646240234375
 10
157.94771728515624
 20
95.55931396484375
 10
157.8794189453125
 20
95.45399169921875
 10
157.81217041015626
 20
95.3486572265625
 10
157.74593505859374
 20
95.2433349609375
 10
157.6797119140625
 20
95.13798828125
 10
157.61348876953124
 20
95.03265380859375
 10
157.547265625
 20
94.92733154296874
 10
157.48104248046874
 20
94.82197265625
 10
157.41483154296876
 20
94.7166259765625
 10
157.3486083984375
 20
94.6113037109375
 10
157.28238525390626
 20
94.50596923828125
 10
157.21650390625
 20
94.40062255859375
 10
157.1509765625
 20
94.2952880859375
 10
157.08509521484376
 20
94.18994140625
 10
157.01888427734374
 20
94.08460693359375
 10
156.95267333984376
 20
93.97928466796876
 10
156.88646240234374
 20
93.87393798828126
 10
156.8202392578125
 20
93.76861572265625
 10
156.7540283203125
 20
93.66328125
 10
156.6878173828125
 20
93.55794677734374
 10
156.62196044921876
 20
93.45262451171875
 10
156.55643310546876
 20
93.34727783203125
 10
156.4902099609375
 20
93.24193115234375
 10
156.42330322265624
 20
93.13662109375
 10
156.35570068359374
 20
93.0313232421875
 10
156.28741455078125
 20
92.92601318359375
 10
156.2184326171875
 20
92.82071533203126
 10
156.1484130859375
 20
92.7154296875
 10
156.07698974609374
 20
92.61015625
 10
156.0052490234375
 20
92.5048828125
 10
155.9328125
 20
92.39962158203124
 10
155.85968017578125
 20
92.2943603515625
 10
155.7855224609375
 20
92.189111328125
 10
155.7099609375
 20
92.08388671875
 10
155.63372802734375
 20
91.9786865234375
 10
155.5578125
 20
91.8734619140625
 10
155.48192138671874
 20
91.7682373046875
 10
155.4070556640625
 20
91.6630126953125
 10
155.33323974609374
 20
91.557763671875
 10
155.2611572265625
 20
91.4525146484375
 10
155.19183349609375
 20
91.347216796875
 10
155.12493896484375
 20
91.2419189453125
 10
155.05941162109374
 20
91.136572265625
 10
154.99530029296875
 20
91.03125
 10
154.93150634765624
 20
90.925927734375
 10
154.86807861328126
 20
90.82060546875
 10
154.80465087890624
 20
90.7152587890625
 10
154.7401611328125
 20
90.6099365234375
 10
154.67467041015624
 20
90.5045654296875
 10
154.60810546875
 20
90.399267578125
 10
154.54052734375
 20
90.293994140625
 10
154.47191162109374
 20
90.1886962890625
 10
154.40224609375
 20
90.0834228515625
 10
154.33154296875
 20
89.9781494140625
 10
154.26015625
 20
89.872900390625
 10
154.18807373046874
 20
89.7676513671875
 10
154.1159912109375
 20
89.6624267578125
 10
154.0435546875
 20
89.557177734375
 10
153.971484375
 20
89.4519287109375
 10
153.8994140625
 20
89.3467041015625
 10
153.8269775390625
 20
89.241748046875
 10
153.753515625
 20
89.137451171875
 10
153.6783203125
 20
89.0341064453125
 10
153.60037841796876
 20
88.9322998046875
 10
153.51964111328124
 20
88.83271484375
 10
153.434765625
 20
88.7359619140625
 10
153.34541015625
 20
88.642626953125
 10
153.2515625
 20
88.552783203125
 10
153.15426025390624
 20
88.466650390625
 10
153.0528076171875
 20
88.3830322265625
 10
152.94996337890626
 20
88.3028564453125
 10
152.8481689453125
 20
88.2269775390625
 10
152.7349609375
 20
88.1441162109375
 10
152.63663330078126
 20
88.0728271484375
 10
152.55352783203125
 20
88.012841796875
 10
152.3700465618575
 20
87.87879562646035
 10
149.62879553268905
 20
86.65831203464305
 10
149.44417724609374
 20
86.5411865234375
 10
149.35914306640626
 20
86.491552734375
 10
149.25751953125
 20
86.4340087890625
 10
149.1389404296875
 20
86.3685302734375
 10
149.02901611328124
 20
86.3126220703125
 10
148.91427001953124
 20
86.256103515625
 10
148.7970947265625
 20
86.199609375
 10
148.67991943359374
 20
86.1437255859375
 10
148.56171875
 20
86.087255859375
 10
148.4431640625
 20
86.03046875
 10
148.324609375
 20
85.9733642578125
 10
148.2060791015625
 20
85.915966796875
 10
148.08753662109376
 20
85.858251953125
 10
147.96898193359374
 20
85.800537109375
 10
147.85045166015624
 20
85.7431396484375
 10
147.7319091796875
 20
85.68544921875
 10
147.61336669921874
 20
85.6274169921875
 10
147.49482421875
 20
85.5694091796875
 10
147.37628173828125
 20
85.5114013671875
 10
147.2577392578125
 20
85.4536865234375
 10
147.13919677734376
 20
85.3962890625
 10
147.02069091796875
 20
85.3395263671875
 10
146.9021484375
 20
85.2836669921875
 10
146.7836181640625
 20
85.229052734375
 10
146.66510009765625
 20
85.1753662109375
 10
146.54658203125
 20
85.1229248046875
 10
146.42806396484374
 20
85.07109375
 10
146.3095458984375
 20
85.0201904296875
 10
146.191015625
 20
84.969580078125
 10
146.07252197265626
 20
84.91962890625
 10
145.95400390625
 20
84.86962890625
 10
145.83548583984376
 20
84.8190673828125
 10
145.71697998046875
 20
84.767236328125
 10
145.59847412109374
 20
84.7144775390625
 10
145.47996826171874
 20
84.65986328125
 10
145.3614501953125
 20
84.6037109375
 10
145.2429443359375
 20
84.545068359375
 10
145.1244140625
 20
84.4843017578125
 10
145.00592041015625
 20
84.4222900390625
 10
144.88739013671875
 20
84.3593505859375
 10
144.76885986328125
 20
84.2954833984375
 10
144.65035400390624
 20
84.2316162109375
 10
144.5318359375
 20
84.167724609375
 10
144.41334228515626
 20
84.1051025390625
 10
144.29481201171876
 20
84.043701171875
 10
144.17630615234376
 20
83.983544921875
 10
144.05782470703124
 20
83.924609375
 10
143.93931884765624
 20
83.866943359375
 10
143.82081298828126
 20
83.810498046875
 10
143.70233154296875
 20
83.7552734375
 10
143.58382568359374
 20
83.7003662109375
 10
143.46534423828126
 20
83.645751953125
 10
143.34686279296875
 20
83.590869140625
 10
143.22838134765624
 20
83.5359619140625
 10
143.1098876953125
 20
83.4816650390625
 10
142.99140625
 20
83.4283203125
 10
142.87327880859374
 20
83.3774169921875
 10
142.75584716796874
 20
83.3311767578125
 10
142.6398193359375
 20
83.2920166015625
 10
142.52586669921874
 20
83.2630126953125
 10
142.4150390625
 20
83.246337890625
 10
142.3087158203125
 20
83.243505859375
 10
142.20728759765626
 20
83.2573486328125
 10
142.1124267578125
 20
83.2859130859375
 10
142.02587890625
 20
83.3267822265625
 10
141.93902587890625
 20
83.390185546875
 10
141.86700439453125
 20
83.451611328125
 10
141.80877685546875
 20
83.5086181640625
 10
141.68961181640626
 20
83.6519287109375
 10
141.68961181640626
 20
89.1620361328125
 10
141.5447509765625
 20
89.3062255859375
 10
141.4747314453125
 20
89.3693603515625
 10
141.3891845703125
 20
89.4431396484375
 10
141.28741455078125
 20
89.527587890625
 10
141.18839111328126
 20
89.601806640625
 10
141.08211669921874
 20
89.6776611328125
 10
140.97100830078125
 20
89.7532470703125
 10
140.85748291015625
 20
89.8266845703125
 10
140.7415283203125
 20
89.900146484375
 10
140.62420654296875
 20
89.972998046875
 10
140.5061767578125
 20
90.0449462890625
 10
140.38780517578124
 20
90.1156494140625
 10
140.26944580078126
 20
90.184814453125
 10
140.15107421875
 20
90.2530517578125
 10
140.03271484375
 20
90.320654296875
 10
139.91435546875
 20
90.38671875
 10
139.79599609375
 20
90.4515625
 10
139.67763671875
 20
90.515478515625
 10
139.55926513671875
 20
90.5790771484375
 10
139.44090576171874
 20
90.64267578125
 10
139.3225341796875
 20
90.7056640625
 10
139.2041748046875
 20
90.7683349609375
 10
139.0858154296875
 20
90.8319091796875
 10
138.9674560546875
 20
90.8967529296875
 10
138.8490966796875
 20
90.9628173828125
 10
138.7307373046875
 20
91.0295166015625
 10
138.61239013671874
 20
91.097119140625
 10
138.49403076171876
 20
91.1662841796875
 10
138.37569580078124
 20
91.2363525390625
 10
138.2573486328125
 20
91.3067138671875
 10
138.13900146484374
 20
91.3771240234375
 10
138.02069091796875
 20
91.4481201171875
 10
137.90234375
 20
91.520361328125
 10
137.78399658203125
 20
91.593212890625
 10
137.66568603515626
 20
91.666064453125
 10
137.54735107421874
 20
91.7395263671875
 10
137.42901611328125
 20
91.8133056640625
 10
137.31070556640626
 20
91.8870849609375
 10
137.19237060546874
 20
91.9596435546875
 10
137.07403564453125
 20
92.0302978515625
 10
136.95572509765626
 20
92.0997802734375
 10
136.83739013671874
 20
92.1682861328125
 10
136.71905517578125
 20
92.23526611328126
 10
136.60072021484376
 20
92.30133056640625
 10
136.48240966796874
 20
92.36707763671875
 10
136.3644287109375
 20
92.43311767578125
 10
136.2474853515625
 20
92.4997802734375
 10
136.1305419921875
 20
92.56796875
 10
136.016015625
 20
92.6364501953125
 10
135.90633544921874
 20
92.70426025390626
 10
135.78802490234375
 20
92.78172607421875
 10
135.68663330078124
 20
92.8494384765625
 10
135.6017822265625
 20
92.9074462890625
  0
LWPOLYLINE
  5
37
330
17
100
AcDbEntity
  8
0
100
AcDbPolyline
 90
395
 70
1
 10
246.31220703125
 20
89.3725341796875
 10
246.1254638671875
 20
89.2564208984375
 10
246.0394775390625
 20
89.2070068359375
 10
245.9366943359375
 20
89.1503173828125
 10
245.8167724609375
 20
89.0865966796875
 10
245.705615234375
 20
89.033056640625
 10
245.5895751953125
 20
88.980224609375
 10
245.4710693359375
 20
88.9286376953125
 10
245.3525634765625
 20
88.87861328125
 10
245.2330322265625
 20
88.8282958984375
 10
245.113134765625
 20
88.7770263671875
 10
244.9932861328125
 20
88.7239013671875
 10
244.873388671875
 20
88.668603515625
 10
244.753466796875
 20
88.6102294921875
 10
244.63359375
 20
88.5487548828125
 10
244.513671875
 20
88.4847412109375
 10
244.39375
 20
88.4182861328125
 10
244.2738525390625
 20
88.3493408203125
 10
244.153955078125
 20
88.2788330078125
 10
244.0340576171875
 20
88.2076904296875
 10
243.9141845703125
 20
88.1369140625
 10
243.794287109375
 20
88.067333984375
 10
243.6743896484375
 20
87.9996337890625
 10
243.5545166015625
 20
87.934423828125
 10
243.434619140625
 20
87.872607421875
 10
243.3147216796875
 20
87.8138916015625
 10
243.194873046875
 20
87.7573974609375
 10
243.0749755859375
 20
87.702734375
 10
242.955126953125
 20
87.648681640625
 10
242.8352783203125
 20
87.5943115234375
 10
242.7154052734375
 20
87.5393798828125
 10
242.5955322265625
 20
87.4828369140625
 10
242.4756591796875
 20
87.424755859375
 10
242.3557861328125
 20
87.3654541015625
 10
242.2359130859375
 20
87.3049072265625
 10
242.1160400390625
 20
87.24404296875
 10
241.9961669921875
 20
87.183154296875
 10
241.876318359375
 20
87.122314453125
 10
241.7564697265625
 20
87.0614501953125
 10
241.636572265625
 20
87.0005615234375
 10
241.516748046875
 20
86.939404296875
 10
241.3968994140625
 20
86.8779296875
 10
241.277001953125
 20
86.8158203125
 10
241.157177734375
 20
86.7531005859375
 10
241.0373291015625
 20
86.689794921875
 10
240.917431640625
 20
86.6264404296875
 10
240.7979736328125
 20
86.5631103515625
 10
240.6794921875
 20
86.5006591796875
 10
240.5610595703125
 20
86.437939453125
 10
240.4450439453125
 20
86.376123046875
 10
240.333935546875
 20
86.31640625
 10
240.2140625
 20
86.249658203125
 10
240.111328125
 20
86.1917236328125
 10
240.025390625
 20
86.142626953125
 10
239.83876953125
 20
86.0309326171875
 10
239.83876953125
 20
80.1748291015625
 10
239.750537109375
 20
80.020947265625
 10
239.7048828125
 20
79.9567626953125
 10
239.6466064453125
 20
79.8852294921875
 10
239.5743408203125
 20
79.8088623046875
 10
239.4982666015625
 20
79.7530517578125
 10
239.4120849609375
 20
79.707568359375
 10
239.316845703125
 20
79.6758544921875
 10
239.2143310546875
 20
79.6600341796875
 10
239.105517578125
 20
79.6588623046875
 10
238.9921875
 20
79.672021484375
 10
238.875732421875
 20
79.69765625
 10
238.7572021484375
 20
79.7328857421875
 10
238.637646484375
 20
79.7756103515625
 10
238.5177490234375
 20
79.8242431640625
 10
238.3978271484375
 20
79.8775146484375
 10
238.2779541015625
 20
79.93388671875
 10
238.1580322265625
 20
79.9924560546875
 10
238.0381591796875
 20
80.0525390625
 10
237.9182861328125
 20
80.1148193359375
 10
237.7984130859375
 20
80.1792724609375
 10
237.6785400390625
 20
80.2449462890625
 10
237.5586669921875
 20
80.3118896484375
 10
237.438818359375
 20
80.3803466796875
 10
237.3189453125
 20
80.4500732421875
 10
237.199072265625
 20
80.521337890625
 10
237.079248046875
 20
80.5935546875
 10
236.959375
 20
80.666357421875
 10
236.8395263671875
 20
80.7404296875
 10
236.719677734375
 20
80.8154296875
 10
236.5998291015625
 20
80.8907470703125
 10
236.4800048828125
 20
80.966064453125
 10
236.36015625
 20
81.0410400390625
 10
236.240283203125
 20
81.1154052734375
 10
236.120458984375
 20
81.188818359375
 10
236.0005859375
 20
81.2610107421875
 10
235.8807373046875
 20
81.3316650390625
 10
235.760888671875
 20
81.4013671875
 10
235.6410400390625
 20
81.4704345703125
 10
235.5212158203125
 20
81.5385986328125
 10
235.4013671875
 20
81.6064453125
 10
235.2815185546875
 20
81.6742919921875
 10
235.161669921875
 20
81.7418212890625
 10
235.041845703125
 20
81.809375
 10
234.9219970703125
 20
81.87626953125
 10
234.8021484375
 20
81.9425537109375
 10
234.6823486328125
 20
82.008544921875
 10
234.5624755859375
 20
82.073291015625
 10
234.4426513671875
 20
82.1367919921875
 10
234.3228271484375
 20
82.1990478515625
 10
234.2029541015625
 20
82.2600341796875
 10
234.0831298828125
 20
82.3201171875
 10
233.9633056640625
 20
82.3792724609375
 10
233.8434814453125
 20
82.4374755859375
 10
233.7236328125
 20
82.4956787109375
 10
233.6037841796875
 20
82.5538818359375
 10
233.4839599609375
 20
82.6130126953125
 10
233.364111328125
 20
82.673095703125
 10
233.244287109375
 20
82.73408203125
 10
233.1244873046875
 20
82.7960205078125
 10
233.0046630859375
 20
82.8588623046875
 10
232.8848388671875
 20
82.922705078125
 10
232.7650146484375
 20
82.9874267578125
 10
232.6451904296875
 20
83.0521484375
 10
232.5253662109375
 20
83.1171630859375
 10
232.4055419921875
 20
83.1824951171875
 10
232.2857666015625
 20
83.248486328125
 10
232.1659423828125
 20
83.3150634765625
 10
232.046142578125
 20
83.381640625
 10
231.9263427734375
 20
83.4482421875
 10
231.8065185546875
 20
83.5151123046875
 10
231.68671875
 20
83.581396484375
 10
231.5669189453125
 20
83.647021484375
 10
231.447119140625
 20
83.7114013671875
 10
231.32734375
 20
83.7745849609375
 10
231.2075439453125
 20
83.8368408203125
 10
231.087744140625
 20
83.8981201171875
 10
230.9679443359375
 20
83.9585205078125
 10
230.8481201171875
 20
84.0188720703125
 10
230.7283203125
 20
84.079248046875
 10
230.6085205078125
 20
84.1399169921875
 10
230.488720703125
 20
84.201220703125
 10
230.3689453125
 20
84.263134765625
 10
230.249169921875
 20
84.3259765625
 10
230.1293701171875
 20
84.38974609375
 10
230.0095947265625
 20
84.4544677734375
 10
229.8898193359375
 20
84.5200927734375
 10
229.7700439453125
 20
84.5866455078125
 10
229.650244140625
 20
84.653515625
 10
229.53046875
 20
84.7210205078125
 10
229.410693359375
 20
84.7885009765625
 10
229.2909423828125
 20
84.856298828125
 10
229.1711669921875
 20
84.9241455078125
 10
229.051416015625
 20
84.9925537109375
 10
228.931640625
 20
85.0622314453125
 10
228.811865234375
 20
85.1340576171875
 10
228.6924560546875
 20
85.208056640625
 10
228.5737548828125
 20
85.28544921875
 10
228.456103515625
 20
85.3665771484375
 10
228.340185546875
 20
85.452001953125
 10
228.227099609375
 20
85.541455078125
 10
228.1177978515625
 20
85.6345947265625
 10
228.013427734375
 20
85.7310791015625
 10
227.913916015625
 20
85.8309326171875
 10
227.8196533203125
 20
85.9328857421875
 10
227.7313232421875
 20
86.0357177734375
 10
227.646826171875
 20
86.1397705078125
 10
227.56650390625
 20
86.242529296875
 10
227.4907470703125
 20
86.3415283203125
 10
227.4069580078125
 20
86.4486572265625
 10
227.335009765625
 20
86.540478515625
 10
227.274267578125
 20
86.6173095703125
 10
227.13530050633
 20
86.78419522162835
 10
222.42981224619956
 20
95.27312075477263
 10
222.317919921875
 20
95.39920654296876
 10
222.27490234375
 20
95.4615234375
 10
222.2290283203125
 20
95.53809814453125
 10
222.181982421875
 20
95.62955322265626
 10
222.153466796875
 20
95.71959228515625
 10
222.1346923828125
 20
95.8151123046875
 10
222.1281005859375
 20
95.91298828125
 10
222.136474609375
 20
96.00947265625
 10
222.1583984375
 20
96.10240478515625
 10
222.1946044921875
 20
96.1886962890625
 10
222.2450927734375
 20
96.26522216796874
 10
222.3091552734375
 20
96.32982177734375
 10
222.3857666015625
 20
96.38096923828125
 10
222.4734619140625
 20
96.41776123046876
 10
222.57021484375
 20
96.44080810546875
 10
222.674609375
 20
96.4513671875
 10
222.7845703125
 20
96.45133056640626
 10
222.8983642578125
 20
96.4431884765625
 10
223.0145751953125
 20
96.4291259765625
 10
223.1322021484375
 20
96.41195068359374
 10
223.25048828125
 20
96.39415283203125
 10
223.369140625
 20
96.37666015625
 10
223.4878173828125
 20
96.36011962890625
 10
223.6064697265625
 20
96.34510498046875
 10
223.7251220703125
 20
96.33193359375
 10
223.8437744140625
 20
96.3209716796875
 10
223.9624755859375
 20
96.31153564453125
 10
224.08115234375
 20
96.3030517578125
 10
224.1998291015625
 20
96.29609375
 10
224.318505859375
 20
96.29130859375
 10
224.4371826171875
 20
96.2880859375
 10
224.5558837890625
 20
96.28580322265626
 10
224.674560546875
 20
96.2838134765625
 10
224.79326171875
 20
96.28212890625
 10
224.9115966796875
 20
96.28076171875
 10
225.0289306640625
 20
96.27879638671875
 10
225.1462158203125
 20
96.27620849609374
 10
225.2611083984375
 20
96.27364501953124
 10
225.371142578125
 20
96.2717529296875
 10
225.48984375
 20
96.2738037109375
 10
225.5915771484375
 20
96.2763427734375
 10
225.676708984375
 20
96.27940673828125
 10
225.86155183929873
 20
96.29465764898139
 10
228.84975183445778
 20
96.24249842404738
 10
228.9892578125
 20
96.35533447265625
 10
229.0518798828125
 20
96.40899658203125
 10
229.1260009765625
 20
96.47467041015625
 10
229.212255859375
 20
96.5532470703125
 10
229.2908935546875
 20
96.63006591796875
 10
229.37265625
 20
96.713671875
 10
229.4565185546875
 20
96.80252685546876
 10
229.5407470703125
 20
96.89510498046874
 10
229.6260009765625
 20
96.9920166015625
 10
229.7115966796875
 20
97.0920166015625
 10
229.7958251953125
 20
97.19420166015625
 10
229.8783203125
 20
97.2979736328125
 10
229.9583740234375
 20
97.40269775390625
 10
230.034912109375
 20
97.50806884765625
 10
230.1072998046875
 20
97.6137939453125
 10
230.1758544921875
 20
97.7195556640625
 10
230.2405517578125
 20
97.8253662109375
 10
230.30283203125
 20
97.9311767578125
 10
230.362646484375
 20
98.0370361328125
 10
230.42109375
 20
98.1428955078125
 10
230.4791748046875
 20
98.24876708984375
 10
230.5379638671875
 20
98.35462646484375
 10
230.5974365234375
 20
98.46048583984376
 10
230.6586669921875
 20
98.5663330078125
 10
230.7213134765625
 20
98.67215576171876
 10
230.786376953125
 20
98.77796630859375
 10
230.853515625
 20
98.88372802734375
 10
230.9227783203125
 20
98.98951416015625
 10
230.9941162109375
 20
99.09525146484376
 10
231.0675537109375
 20
99.2009765625
 10
231.1420166015625
 20
99.30670166015625
 10
231.217529296875
 20
99.41240234375
 10
231.2930419921875
 20
99.51810302734376
 10
231.3689208984375
 20
99.62381591796876
 10
231.444482421875
 20
99.72950439453125
 10
231.5189208984375
 20
99.83524169921876
 10
231.5927490234375
 20
99.94097900390625
 10
231.6661865234375
 20
100.0467041015625
 10
231.739599609375
 20
100.15244140625
 10
231.8134033203125
 20
100.2581787109375
 10
231.88681640625
 20
100.36392822265626
 10
231.9606201171875
 20
100.46964111328126
 10
232.035107421875
 20
100.5753662109375
 10
232.1095947265625
 20
100.6810791015625
 10
232.184423828125
 20
100.78681640625
 10
232.2589111328125
 20
100.8925537109375
 10
232.3333984375
 20
100.9982666015625
 10
232.4085693359375
 20
101.10369873046875
 10
232.4841064453125
 20
101.2081787109375
 10
232.560693359375
 20
101.31080322265625
 10
232.63935546875
 20
101.4099609375
 10
232.7200927734375
 20
101.5038330078125
 10
232.804345703125
 20
101.58992919921874
 10
232.8923828125
 20
101.66512451171874
 10
232.9845947265625
 20
101.72662353515625
 10
233.0813232421875
 20
101.7719482421875
 10
233.181884765625
 20
101.79892578125
 10
233.285546875
 20
101.80662841796875
 10
233.3916259765625
 20
101.7944580078125
 10
233.498388671875
 20
101.76302490234374
 10
233.6044189453125
 20
101.7142333984375
 10
233.7079833984375
 20
101.65057373046875
 10
233.808056640625
 20
101.57513427734375
 10
233.905322265625
 20
101.4898193359375
 10
233.997705078125
 20
101.39893798828125
 10
234.083837890625
 20
101.3072021484375
 10
234.175146484375
 20
101.20423583984375
 10
234.2525634765625
 20
101.114453125
 10
234.3171630859375
 20
101.03841552734374
 10
234.4577651682965
 20
100.8716921383841
 10
235.527102394002
 20
98.94255671672195
 10
235.613037109375
 20
98.776171875
 10
235.6566650390625
 20
98.6994873046875
 10
235.7104736328125
 20
98.60782470703126
 10
235.7747314453125
 20
98.50086669921875
 10
235.838623046875
 20
98.40167236328125
 10
235.907080078125
 20
98.29808349609375
 10
235.9779541015625
 20
98.19229736328126
 10
236.048828125
 20
98.08653564453125
 10
236.1193603515625
 20
97.97982177734374
 10
236.1888671875
 20
97.87281494140625
 10
236.256982421875
 20
97.7658203125
 10
236.3233154296875
 20
97.65882568359375
 10
236.387939453125
 20
97.55186767578125
 10
236.4508056640625
 20
97.44493408203125
 10
236.5130126953125
 20
97.33798828125
 10
236.5740966796875
 20
97.2310546875
 10
236.6348876953125
 20
97.12412109375
 10
236.6952880859375
 20
97.0171875
 10
236.7560791015625
 20
96.91026611328125
 10
236.8171875
 20
96.80333251953125
 10
236.8793701171875
 20
96.69638671875
 10
236.942236328125
 20
96.5894287109375
 10
237.006494140625
 20
96.48245849609376
 10
237.071826171875
 20
96.37548828125
 10
237.137841796875
 20
96.2684814453125
 10
237.2041748046875
 20
96.1614990234375
 10
237.2709228515625
 20
96.05450439453125
 10
237.3376220703125
 20
95.94752197265625
 10
237.404345703125
 20
95.84051513671875
 10
237.470703125
 20
95.73353271484375
 10
237.53671875
 20
95.6265380859375
 10
237.6031005859375
 20
95.51954345703125
 10
237.6697998046875
 20
95.4125244140625
 10
237.736865234375
 20
95.3055419921875
 10
237.804638671875
 20
95.19852294921876
 10
237.8734375
 20
95.09150390625
 10
237.9439697265625
 20
94.98447265625
 10
238.0169677734375
 20
94.87772216796876
 10
238.093115234375
 20
94.7715576171875
 10
238.1734130859375
 20
94.66627197265625
 10
238.258984375
 20
94.56251220703125
 10
238.350146484375
 20
94.46083984375
 10
238.447216796875
 20
94.3619140625
 10
238.5498779296875
 20
94.2666748046875
 10
238.6578125
 20
94.17508544921876
 10
238.769921875
 20
94.08748779296874
 10
238.8851806640625
 20
94.00421142578125
 10
239.0025146484375
 20
93.9246337890625
 10
239.1212646484375
 20
93.8484619140625
 10
239.2407470703125
 20
93.77537841796875
 10
239.360546875
 20
93.70416259765625
 10
239.4803466796875
 20
93.63447265625
 10
239.6001708984375
 20
93.5654296875
 10
239.719970703125
 20
93.4960693359375
 10
239.839794921875
 20
93.42672119140624
 10
239.9595947265625
 20
93.3567138671875
 10
240.0794189453125
 20
93.28548583984374
 10
240.1992431640625
 20
93.2136474609375
 10
240.3190673828125
 20
93.14150390625
 10
240.4388916015625
 20
93.06964111328125
 10
240.5587158203125
 20
92.99871826171875
 10
240.678515625
 20
92.92841796875
 10
240.7983642578125
 20
92.85936279296875
 10
240.9181884765625
 20
92.79215087890626
 10
241.0380126953125
 20
92.72650146484375
 10
241.157861328125
 20
92.66209716796875
 10
241.277685546875
 20
92.5983154296875
 10
241.3975341796875
 20
92.5348388671875
 10
241.5173828125
 20
92.4713623046875
 10
241.6372314453125
 20
92.40758056640625
 10
241.757080078125
 20
92.3431640625
 10
241.8769287109375
 20
92.2781494140625
 10
241.996728515625
 20
92.21248779296874
 10
242.1166015625
 20
92.1471435546875
 10
242.236474609375
 20
92.0821044921875
 10
242.356298828125
 20
92.018017578125
 10
242.476171875
 20
91.954541015625
 10
242.596044921875
 20
91.8916748046875
 10
242.715869140625
 20
91.8291259765625
 10
242.8357666015625
 20
91.7668701171875
 10
242.955615234375
 20
91.7037353515625
 10
243.0754638671875
 20
91.639599609375
 10
243.1953369140625
 20
91.574267578125
 10
243.315185546875
 20
91.5082763671875
 10
243.4350830078125
 20
91.4413818359375
 10
243.5549072265625
 20
91.374169921875
 10
243.6747802734375
 20
91.3063232421875
 10
243.7946533203125
 20
91.2387939453125
 10
243.914501953125
 20
91.1712646484375
 10
244.0343994140625
 20
91.1037353515625
 10
244.154248046875
 20
91.035888671875
 10
244.2740966796875
 20
90.9686767578125
 10
244.3939697265625
 20
90.9017578125
 10
244.5138671875
 20
90.8361083984375
 10
244.633740234375
 20
90.7713623046875
 10
244.7535888671875
 20
90.7081787109375
 10
244.873486328125
 20
90.646240234375
 10
244.9933837890625
 20
90.585205078125
 10
245.11328125
 20
90.523583984375
 10
245.2331787109375
 20
90.460693359375
 10
245.352734375
 20
90.3947265625
 10
245.4712158203125
 20
90.3247314453125
 10
245.5875732421875
 20
90.249462890625
 10
245.7004638671875
 20
90.1689453125
 10
245.8081298828125
 20
90.08349609375
 10
245.908447265625
 20
89.99287109375
 10
245.9989501953125
 20
89.8995361328125
 10
246.0779296875
 20
89.8069580078125
 10
246.1478759765625
 20
89.70390625
 10
246.202734375
 20
89.6143310546875
 10
246.2440185546875
 20
89.5385498046875
  0
LWPOLYLINE
  5
38
330
17
100
AcDbEntity
  8
0
100
AcDbPolyline
 90
300
 70
1
 10
247.936279296875
 20
75.2126708984375
 10
247.866796875
 20
75.1748291015625
 10
247.7928955078125
 20
75.1435791015625
 10
247.7146728515625
 20
75.1190185546875
 10
247.632275390625
 20
75.101171875
 10
247.5458251953125
 20
75.0901123046875
 10
247.455615234375
 20
75.085791015625
 10
247.3617919921875
 20
75.0880126953125
 10
247.2646240234375
 20
75.0967041015625
 10
247.1643798828125
 20
75.1115478515625
 10
247.061279296875
 20
75.1322998046875
 10
246.9556396484375
 20
75.1586669921875
 10
246.8477294921875
 20
75.1903076171875
 10
246.737841796875
 20
75.2268798828125
 10
246.626123046875
 20
75.2679443359375
 10
246.512890625
 20
75.31318359375
 10
246.3983642578125
 20
75.3620849609375
 10
246.282763671875
 20
75.4143310546875
 10
246.166259765625
 20
75.469482421875
 10
246.0489501953125
 20
75.5272216796875
 10
245.931103515625
 20
75.587158203125
 10
245.8127685546875
 20
75.6489501953125
 10
245.6940673828125
 20
75.712353515625
 10
245.5750732421875
 20
75.77705078125
 10
245.455859375
 20
75.842822265625
 10
245.3364990234375
 20
75.9093994140625
 10
245.217041015625
 20
75.9766845703125
 10
245.097509765625
 20
76.044482421875
 10
244.9779052734375
 20
76.1126708984375
 10
244.8583251953125
 20
76.1811767578125
 10
244.7387451171875
 20
76.24990234375
 10
244.61923828125
 20
76.318798828125
 10
244.4997802734375
 20
76.3878173828125
 10
244.3804443359375
 20
76.4569580078125
 10
244.261279296875
 20
76.526171875
 10
244.1423095703125
 20
76.5955322265625
 10
244.023681640625
 20
76.6649658203125
 10
243.905419921875
 20
76.7345947265625
 10
243.7876220703125
 20
76.8043701171875
 10
243.6704833984375
 20
76.8744384765625
 10
243.5541748046875
 20
76.944775390625
 10
243.438818359375
 20
77.0154541015625
 10
243.324658203125
 20
77.086572265625
 10
243.2118896484375
 20
77.1581787109375
 10
243.100830078125
 20
77.2303955078125
 10
242.99169921875
 20
77.30322265625
 10
242.884814453125
 20
77.3768798828125
 10
242.78046875
 20
77.4513916015625
 10
242.6789794921875
 20
77.5268310546875
 10
242.5806884765625
 20
77.603369140625
 10
242.485888671875
 20
77.6810302734375
 10
242.394921875
 20
77.7599853515625
 10
242.3081298828125
 20
77.840234375
 10
242.2256591796875
 20
77.9218994140625
 10
242.1478759765625
 20
78.005029296875
 10
242.0749267578125
 20
78.0896728515625
 10
242.00703125
 20
78.1758544921875
 10
241.944287109375
 20
78.2635986328125
 10
241.8867919921875
 20
78.3529052734375
 10
241.8345947265625
 20
78.4437744140625
 10
241.78759765625
 20
78.5361572265625
 10
241.7458251953125
 20
78.6300048828125
 10
241.7090576171875
 20
78.72529296875
 10
241.6772216796875
 20
78.821923828125
 10
241.6500244140625
 20
78.919775390625
 10
241.627197265625
 20
79.018798828125
 10
241.60849609375
 20
79.1189208984375
 10
241.5935302734375
 20
79.2199951171875
 10
241.5820556640625
 20
79.3219482421875
 10
241.5737060546875
 20
79.424658203125
 10
241.5680419921875
 20
79.528076171875
 10
241.564794921875
 20
79.6320556640625
 10
241.5635498046875
 20
79.7365478515625
 10
241.564013671875
 20
79.841455078125
 10
241.565869140625
 20
79.9467041015625
 10
241.5687744140625
 20
80.0522216796875
 10
241.5725830078125
 20
80.1579833984375
 10
241.576953125
 20
80.2638916015625
 10
241.58173828125
 20
80.369970703125
 10
241.58671875
 20
80.4761474609375
 10
241.5918212890625
 20
80.5823974609375
 10
241.596875
 20
80.688720703125
 10
241.6018310546875
 20
80.795068359375
 10
241.6066162109375
 20
80.9014892578125
 10
241.61123046875
 20
81.0079345703125
 10
241.6156494140625
 20
81.11435546875
 10
241.619873046875
 20
81.22080078125
 10
241.623974609375
 20
81.32724609375
 10
241.6279541015625
 20
81.43369140625
 10
241.631884765625
 20
81.5401611328125
 10
241.635791015625
 20
81.64658203125
 10
241.63974609375
 20
81.75302734375
 10
241.643798828125
 20
81.8594482421875
 10
241.6480712890625
 20
81.9658935546875
 10
241.6526611328125
 20
82.072314453125
 10
241.657568359375
 20
82.1787353515625
 10
241.662939453125
 20
82.28515625
 10
241.6688720703125
 20
82.3915771484375
 10
241.675439453125
 20
82.4979736328125
 10
241.682763671875
 20
82.6043212890625
 10
241.6909423828125
 20
82.7106201171875
 10
241.7001220703125
 20
82.8168701171875
 10
241.71044921875
 20
82.922998046875
 10
241.722021484375
 20
83.0290771484375
 10
241.735107421875
 20
83.1349853515625
 10
241.7497802734375
 20
83.2407470703125
 10
241.76630859375
 20
83.3462646484375
 10
241.784814453125
 20
83.4514892578125
 10
241.8055908203125
 20
83.556396484375
 10
241.8288330078125
 20
83.6609130859375
 10
241.8547607421875
 20
83.7649169921875
 10
241.8836181640625
 20
83.8683349609375
 10
241.9156005859375
 20
83.971142578125
 10
241.950927734375
 20
84.07314453125
 10
241.9898681640625
 20
84.1742919921875
 10
242.03251953125
 20
84.274462890625
 10
242.079150390625
 20
84.3735595703125
 10
242.12978515625
 20
84.4714599609375
 10
242.1846435546875
 20
84.56806640625
 10
242.2437255859375
 20
84.6633056640625
 10
242.307080078125
 20
84.75703125
 10
242.374755859375
 20
84.849169921875
 10
242.4467041015625
 20
84.9396240234375
 10
242.5228271484375
 20
85.028369140625
 10
242.603076171875
 20
85.1153076171875
 10
242.687255859375
 20
85.2004150390625
 10
242.7752685546875
 20
85.2836669921875
 10
242.8668701171875
 20
85.365087890625
 10
242.961865234375
 20
85.4446044921875
 10
243.06005859375
 20
85.5222900390625
 10
243.1611572265625
 20
85.5981689453125
 10
243.264892578125
 20
85.6722900390625
 10
243.3710693359375
 20
85.7447021484375
 10
243.47939453125
 20
85.8154541015625
 10
243.5896240234375
 20
85.8846435546875
 10
243.7015625
 20
85.952392578125
 10
243.8149169921875
 20
86.0187255859375
 10
243.929541015625
 20
86.0837646484375
 10
244.0451904296875
 20
86.1476318359375
 10
244.1616943359375
 20
86.2104248046875
 10
244.2788818359375
 20
86.272216796875
 10
244.3966064453125
 20
86.33310546875
 10
244.514794921875
 20
86.393212890625
 10
244.6332763671875
 20
86.4525634765625
 10
244.751953125
 20
86.511279296875
 10
244.870751953125
 20
86.5694580078125
 10
244.98955078125
 20
86.627099609375
 10
245.108349609375
 20
86.68427734375
 10
245.2270263671875
 20
86.741015625
 10
245.345556640625
 20
86.7972900390625
 10
245.463818359375
 20
86.853173828125
 10
245.581787109375
 20
86.9085205078125
 10
245.6994384765625
 20
86.96337890625
 10
245.816650390625
 20
87.017578125
 10
245.93330078125
 20
87.0710205078125
 10
246.0493896484375
 20
87.1235107421875
 10
246.1648193359375
 20
87.1749267578125
 10
246.279443359375
 20
87.2250244140625
 10
246.3931884765625
 20
87.2735107421875
 10
246.505810546875
 20
87.3201416015625
 10
246.6173095703125
 20
87.3645751953125
 10
246.727392578125
 20
87.4064697265625
 10
246.835888671875
 20
87.4454833984375
 10
246.94267578125
 20
87.4812255859375
 10
247.047509765625
 20
87.513232421875
 10
247.1501708984375
 20
87.5412353515625
 10
247.2504150390625
 20
87.5647216796875
 10
247.3479736328125
 20
87.5833740234375
 10
247.44267578125
 20
87.5968505859375
 10
247.5342529296875
 20
87.6048095703125
 10
247.622412109375
 20
87.6069580078125
 10
247.70703125
 20
87.6030517578125
 10
247.7878173828125
 20
87.592919921875
 10
247.8645751953125
 20
87.5763916015625
 10
247.9372314453125
 20
87.5533935546875
 10
248.005615234375
 20
87.5239013671875
 10
248.069580078125
 20
87.4880126953125
 10
248.129150390625
 20
87.4457763671875
 10
248.1842529296875
 20
87.39736328125
 10
248.23486328125
 20
87.34296875
 10
248.281103515625
 20
87.282861328125
 10
248.322998046875
 20
87.2173583984375
 10
248.3607177734375
 20
87.14677734375
 10
248.3944580078125
 20
87.0714599609375
 10
248.4243408203125
 20
86.9918212890625
 10
248.450634765625
 20
86.908251953125
 10
248.47353515625
 20
86.8211181640625
 10
248.493359375
 20
86.7307861328125
 10
248.5102783203125
 20
86.6377197265625
 10
248.524658203125
 20
86.5421630859375
 10
248.53671875
 20
86.44453125
 10
248.546728515625
 20
86.3451416015625
 10
248.554931640625
 20
86.2442138671875
 10
248.5614990234375
 20
86.1420166015625
 10
248.5668212890625
 20
86.038818359375
 10
248.5709716796875
 20
85.9348388671875
 10
248.5741943359375
 20
85.83017578125
 10
248.5766357421875
 20
85.725
 10
248.578466796875
 20
85.61943359375
 10
248.57978515625
 20
85.51357421875
 10
248.5807373046875
 20
85.4074951171875
 10
248.58134765625
 20
85.3012939453125
 10
248.5817626953125
 20
85.194970703125
 10
248.581982421875
 20
85.088525390625
 10
248.582080078125
 20
84.982080078125
 10
248.5821044921875
 20
84.8756103515625
 10
248.5820556640625
 20
84.7691162109375
 10
248.581982421875
 20
84.66259765625
 10
248.581884765625
 20
84.5560791015625
 10
248.5817626953125
 20
84.4495361328125
 10
248.581591796875
 20
84.3430419921875
 10
248.581494140625
 20
84.2364990234375
 10
248.58134765625
 20
84.12998046875
 10
248.581201171875
 20
84.0234619140625
 10
248.5810791015625
 20
83.916943359375
 10
248.5809326171875
 20
83.8104248046875
 10
248.5807861328125
 20
83.7039306640625
 10
248.5806396484375
 20
83.5973876953125
 10
248.5805419921875
 20
83.490869140625
 10
248.5803955078125
 20
83.3843505859375
 10
248.580224609375
 20
83.27783203125
 10
248.580126953125
 20
83.1713134765625
 10
248.57998046875
 20
83.0647705078125
 10
248.5798095703125
 20
82.9582763671875
 10
248.5797119140625
 20
82.8517333984375
 10
248.5795654296875
 20
82.74521484375
 10
248.5794189453125
 20
82.6386962890625
 10
248.579296875
 20
82.532177734375
 10
248.5791748046875
 20
82.4256591796875
 10
248.5790283203125
 20
82.3191650390625
 10
248.57890625
 20
82.2126220703125
 10
248.5787841796875
 20
82.106103515625
 10
248.5786376953125
 20
81.9995849609375
 10
248.5784912109375
 20
81.89306640625
 10
248.578369140625
 20
81.7865478515625
 10
248.57822265625
 20
81.6800048828125
 10
248.578076171875
 20
81.5735107421875
 10
248.5779541015625
 20
81.4669677734375
 10
248.5778076171875
 20
81.36044921875
 10
248.5776611328125
 20
81.2539306640625
 10
248.5775146484375
 20
81.147412109375
 10
248.5774169921875
 20
81.0408935546875
 10
248.5772705078125
 20
80.9343994140625
 10
248.577099609375
 20
80.8278564453125
 10
248.577001953125
 20
80.721337890625
 10
248.57685546875
 20
80.6148193359375
 10
248.5766845703125
 20
80.50830078125
 10
248.5765869140625
 20
80.4017822265625
 10
248.5764404296875
 20
80.2952392578125
 10
248.5762939453125
 20
80.1887451171875
 10
248.576171875
 20
80.0822021484375
 10
248.5760498046875
 20
79.97568359375
 10
248.5759033203125
 20
79.8691650390625
 10
248.57578125
 20
79.762646484375
 10
248.5756591796875
 20
79.6561279296875
 10
248.5755126953125
 20
79.5496337890625
 10
248.5753662109375
 20
79.4430908203125
 10
248.575244140625
 20
79.336572265625
 10
248.5750732421875
 20
79.2300537109375
 10
248.574951171875
 20
79.12353515625
 10
248.574755859375
 20
79.0170166015625
 10
248.574560546875
 20
78.9104736328125
 10
248.5743408203125
 20
78.8039794921875
 10
248.5740966796875
 20
78.6974365234375
 10
248.573828125
 20
78.59091796875
 10
248.5734619140625
 20
78.4843994140625
 10
248.5730224609375
 20
78.377880859375
 10
248.572509765625
 20
78.27138671875
 10
248.571875
 20
78.16484375
 10
248.5711181640625
 20
78.058349609375
 10
248.5701904296875
 20
77.95185546875
 10
248.56904296875
 20
77.845361328125
 10
248.5676513671875
 20
77.7388916015625
 10
248.565966796875
 20
77.6324462890625
 10
248.5639404296875
 20
77.5260498046875
 10
248.5614990234375
 20
77.4197509765625
 10
248.55859375
 20
77.3135498046875
 10
248.5551025390625
 20
77.2074951171875
 10
248.550927734375
 20
77.1016357421875
 10
248.5460205078125
 20
76.99609375
 10
248.540185546875
 20
76.89091796875
 10
248.53330078125
 20
76.7862060546875
 10
248.5253173828125
 20
76.6821044921875
 10
248.515869140625
 20
76.5787841796875
 10
248.5048583984375
 20
76.4764404296875
 10
248.4921142578125
 20
76.375244140625
 10
248.4773681640625
 20
76.2754638671875
 10
248.4604248046875
 20
76.177392578125
 10
248.4410400390625
 20
76.0812744140625
 10
248.418994140625
 20
75.987451171875
 10
248.3939697265625
 20
75.8962646484375
 10
248.365771484375
 20
75.8081298828125
 10
248.3342041015625
 20
75.7233642578125
 10
248.298974609375
 20
75.642333984375
 10
248.2598876953125
 20
75.56552734375
 10
248.216796875
 20
75.4932373046875
 10
248.1695068359375
 20
75.42587890625
 10
248.11787109375
 20
75.363818359375
 10
248.0617919921875
 20
75.307421875
 10
248.0012939453125
 20
75.256982421875
  0
LWPOLYLINE
  5
39
330
17
100
AcDbEntity
  8
0
100
AcDbPolyline
 90
499
 70
1
 10
184.7946533203125
 20
72.368896484375
 10
184.6107177734375
 20
72.416650390625
 10
184.5259521484375
 20
72.446142578125
 10
184.42469482421876
 20
72.4861572265625
 10
184.30655517578126
 20
72.538232421875
 10
184.1970458984375
 20
72.598828125
 10
184.0827392578125
 20
72.6700439453125
 10
183.96602783203124
 20
72.7509033203125
 10
183.8493408203125
 20
72.839794921875
 10
183.7316162109375
 20
72.9355224609375
 10
183.6138916015625
 20
73.0362060546875
 10
183.496875
 20
73.140283203125
 10
183.38092041015625
 20
73.2465087890625
 10
183.2663330078125
 20
73.3539794921875
 10
183.1534912109375
 20
73.462060546875
 10
183.0427490234375
 20
73.5700927734375
 10
182.93441162109374
 20
73.677490234375
 10
182.82781982421875
 20
73.783935546875
 10
182.722265625
 20
73.889111328125
 10
182.6170654296875
 20
73.9927490234375
 10
182.5115234375
 20
74.0945068359375
 10
182.40526123046874
 20
74.1941162109375
 10
182.29796142578124
 20
74.2921875
 10
182.1892822265625
 20
74.3893798828125
 10
182.07994384765624
 20
74.48623046875
 10
181.97056884765624
 20
74.5833984375
 10
181.8618896484375
 20
74.681494140625
 10
181.75460205078124
 20
74.7811279296875
 10
181.6483642578125
 20
74.8829345703125
 10
181.54281005859374
 20
74.9865478515625
 10
181.4376220703125
 20
75.091748046875
 10
181.3321044921875
 20
75.19814453125
 10
181.2255126953125
 20
75.305517578125
 10
181.1172119140625
 20
75.4134765625
 10
181.0068359375
 20
75.5218017578125
 10
180.89505615234376
 20
75.630126953125
 10
180.7825927734375
 20
75.7384521484375
 10
180.67012939453124
 20
75.8468017578125
 10
180.55836181640626
 20
75.954833984375
 10
180.4479736328125
 20
76.0621826171875
 10
180.3396728515625
 20
76.16865234375
 10
180.23311767578124
 20
76.2738037109375
 10
180.12757568359376
 20
76.3774169921875
 10
180.02239990234375
 20
76.479150390625
 10
179.9168701171875
 20
76.578759765625
 10
179.81064453125
 20
76.6767822265625
 10
179.70372314453124
 20
76.773583984375
 10
179.5964599609375
 20
76.8691650390625
 10
179.48955078125
 20
76.9650146484375
 10
179.38572998046874
 20
77.059619140625
 10
179.2877685546875
 20
77.151318359375
 10
179.18779296875
 20
77.252978515625
 10
179.10364990234376
 20
77.341064453125
 10
179.0349853515625
 20
77.41552734375
 10
178.89635798500822
 20
77.58069076150605
 10
174.32059658923006
 20
81.7007248280066
 10
174.18780517578125
 20
81.8646240234375
 10
174.12381591796876
 20
81.9384521484375
 10
174.04598388671874
 20
82.02578125
 10
173.9539794921875
 20
82.1265869140625
 10
173.86507568359374
 20
82.21748046875
 10
173.77061767578124
 20
82.310888671875
 10
173.67271728515624
 20
82.4049560546875
 10
173.57376708984376
 20
82.497802734375
 10
173.47412109375
 20
82.590673828125
 10
173.37481689453125
 20
82.683203125
 10
173.27657470703124
 20
82.7754150390625
 10
173.1800537109375
 20
82.8676025390625
 10
173.08594970703126
 20
82.9600830078125
 10
172.99498291015624
 20
83.0531494140625
 10
172.90712890625
 20
83.1470947265625
 10
172.82239990234376
 20
83.2422607421875
 10
172.7411376953125
 20
83.338916015625
 10
172.6640380859375
 20
83.4374267578125
 10
172.59144287109376
 20
83.5380126953125
 10
172.5230224609375
 20
83.6404296875
 10
172.45877685546876
 20
83.7443603515625
 10
172.3990234375
 20
83.849462890625
 10
172.34412841796876
 20
83.9554443359375
 10
172.29373779296876
 20
84.0619873046875
 10
172.2468017578125
 20
84.1688232421875
 10
172.2033447265625
 20
84.2756103515625
 10
172.16336669921876
 20
84.3823974609375
 10
172.12615966796875
 20
84.489111328125
 10
172.09066162109374
 20
84.5958251953125
 10
172.05623779296874
 20
84.702490234375
 10
172.02247314453126
 20
84.8091796875
 10
171.98944091796875
 20
84.915869140625
 10
171.9560302734375
 20
85.02255859375
 10
171.9222900390625
 20
85.129248046875
 10
171.88819580078126
 20
85.2359375
 10
171.85478515625
 20
85.342626953125
 10
171.82242431640626
 20
85.4492919921875
 10
171.79110107421874
 20
85.5559814453125
 10
171.7608154296875
 20
85.6626220703125
 10
171.73192138671874
 20
85.7692626953125
 10
171.70338134765626
 20
85.8758544921875
 10
171.67518310546876
 20
85.9824951171875
 10
171.6462890625
 20
86.0891357421875
 10
171.616015625
 20
86.1957763671875
 10
171.58433837890624
 20
86.3024658203125
 10
171.55128173828126
 20
86.4091064453125
 10
171.51685791015626
 20
86.5157958984375
 10
171.48243408203126
 20
86.622509765625
 10
171.4479736328125
 20
86.72919921875
 10
171.4138916015625
 20
86.8358642578125
 10
171.3804931640625
 20
86.9425537109375
 10
171.34814453125
 20
87.04921875
 10
171.31680908203126
 20
87.155859375
 10
171.2865234375
 20
87.2625
 10
171.25623779296876
 20
87.3691650390625
 10
171.22633056640626
 20
87.4758056640625
 10
171.19708251953125
 20
87.582421875
 10
171.1688720703125
 20
87.6890380859375
 10
171.141015625
 20
87.7956787109375
 10
171.11385498046874
 20
87.902294921875
 10
171.08773193359374
 20
88.0088623046875
 10
171.06337890625
 20
88.1154541015625
 10
171.04002685546874
 20
88.222021484375
 10
171.0170166015625
 20
88.3285888671875
 10
170.9936767578125
 20
88.4351806640625
 10
170.9706787109375
 20
88.5417236328125
 10
170.9473388671875
 20
88.648291015625
 10
170.92294921875
 20
88.7548828125
 10
170.89681396484374
 20
88.861474609375
 10
170.86966552734376
 20
88.9680908203125
 10
170.8418212890625
 20
89.0747314453125
 10
170.81363525390626
 20
89.1813232421875
 10
170.784375
 20
89.287939453125
 10
170.75479736328126
 20
89.3945556640625
 10
170.7252197265625
 20
89.5011962890625
 10
170.69599609375
 20
89.6078369140625
 10
170.66640625
 20
89.7144775390625
 10
170.63646240234374
 20
89.8211181640625
 10
170.60618896484374
 20
89.9277587890625
 10
170.57591552734374
 20
90.034375
 10
170.5449462890625
 20
90.141015625
 10
170.51363525390624
 20
90.24765625
 10
170.48231201171876
 20
90.354296875
 10
170.4513427734375
 20
90.4609375
 10
170.4210693359375
 20
90.5676025390625
 10
170.3918212890625
 20
90.6742431640625
 10
170.36397705078124
 20
90.7808349609375
 10
170.3382080078125
 20
90.8874267578125
 10
170.31383056640624
 20
90.993994140625
 10
170.29013671875
 20
91.1005615234375
 10
170.26749267578126
 20
91.2071044921875
 10
170.2451904296875
 20
91.313671875
 10
170.2225341796875
 20
91.4202392578125
 10
170.19884033203124
 20
91.526806640625
 10
170.17342529296874
 20
91.6333740234375
 10
170.1466064453125
 20
91.739990234375
 10
170.11873779296874
 20
91.8465576171875
 10
170.08916015625
 20
91.9531982421875
 10
170.058203125
 20
92.059814453125
 10
170.0261962890625
 20
92.1664794921875
 10
169.99349365234374
 20
92.2731201171875
 10
169.96009521484376
 20
92.37978515625
 10
169.92601318359374
 20
92.48643798828125
 10
169.8912353515625
 20
92.59312744140625
 10
169.8561279296875
 20
92.6998046875
 10
169.82099609375
 20
92.80648193359374
 10
169.78656005859375
 20
92.9131591796875
 10
169.75386962890624
 20
93.0197998046875
 10
169.7249755859375
 20
93.12640380859375
 10
169.7016357421875
 20
93.23297119140625
 10
169.6859130859375
 20
93.33944091796874
 10
169.6802490234375
 20
93.4455078125
 10
169.68670654296875
 20
93.5508544921875
 10
169.70667724609376
 20
93.65511474609374
 10
169.74085693359376
 20
93.75770263671875
 10
169.78924560546875
 20
93.85765380859375
 10
169.85150146484375
 20
93.95408935546875
 10
169.92657470703125
 20
94.04573974609374
 10
170.0127197265625
 20
94.1323486328125
 10
170.1078857421875
 20
94.21328125
 10
170.21031494140624
 20
94.2879638671875
 10
170.31861572265626
 20
94.3567138671875
 10
170.43106689453126
 20
94.4207763671875
 10
170.54630126953126
 20
94.48109130859375
 10
170.66328125
 20
94.53955078125
 10
170.7812744140625
 20
94.5967529296875
 10
170.8999755859375
 20
94.6542724609375
 10
171.0190185546875
 20
94.71331787109375
 10
171.1380615234375
 20
94.77421875
 10
171.25711669921876
 20
94.83636474609375
 10
171.37615966796875
 20
94.89976806640625
 10
171.49522705078124
 20
94.96346435546874
 10
171.6142822265625
 20
95.02777099609375
 10
171.73333740234375
 20
95.0917724609375
 10
171.85240478515624
 20
95.15548095703124
 10
171.97147216796876
 20
95.21917724609375
 10
172.09053955078124
 20
95.28319091796875
 10
172.20960693359376
 20
95.34779052734375
 10
172.3286865234375
 20
95.41336669921876
 10
172.44775390625
 20
95.47891845703126
 10
172.5668212890625
 20
95.54478759765625
 10
172.6859130859375
 20
95.61033935546875
 10
172.80499267578125
 20
95.67467041015625
 10
172.92406005859374
 20
95.73775634765624
 10
173.04312744140626
 20
95.79866943359374
 10
173.16219482421874
 20
95.85743408203125
 10
173.2812744140625
 20
95.91495361328126
 10
173.40032958984375
 20
95.97122802734376
 10
173.51942138671876
 20
96.02626953125
 10
173.63848876953125
 20
96.0810302734375
 10
173.7575439453125
 20
96.1351318359375
 10
173.8766357421875
 20
96.18955078125
 10
173.995703125
 20
96.2439697265625
 10
174.1147705078125
 20
96.2981201171875
 10
174.2338623046875
 20
96.35159912109376
 10
174.3529296875
 20
96.4051025390625
 10
174.4719970703125
 20
96.45799560546875
 10
174.59110107421876
 20
96.5108642578125
 10
174.71016845703124
 20
96.5634521484375
 10
174.82926025390626
 20
96.61634521484375
 10
174.94835205078124
 20
96.66953125
 10
175.06744384765625
 20
96.7236572265625
 10
175.1865234375
 20
96.77840576171874
 10
175.30560302734375
 20
96.8346923828125
 10
175.42470703125
 20
96.8922119140625
 10
175.5438232421875
 20
96.95098876953125
 10
175.6629150390625
 20
97.01068115234375
 10
175.78201904296876
 20
97.07100830078124
 10
175.90111083984374
 20
97.131640625
 10
176.02021484375
 20
97.192578125
 10
176.13934326171875
 20
97.25257568359375
 10
176.25845947265626
 20
97.31136474609374
 10
176.37755126953124
 20
97.3685791015625
 10
176.49666748046874
 20
97.4239501953125
 10
176.61575927734376
 20
97.47777099609375
 10
176.73486328125
 20
97.52945556640626
 10
176.85396728515624
 20
97.57801513671875
 10
176.97305908203126
 20
97.62376708984375
 10
177.0921630859375
 20
97.6667724609375
 10
177.2112548828125
 20
97.70667724609375
 10
177.33035888671876
 20
97.74317626953125
 10
177.44942626953124
 20
97.77564697265625
 10
177.5685302734375
 20
97.80440673828124
 10
177.68759765625
 20
97.83038330078125
 10
177.80667724609376
 20
97.85294189453126
 10
177.92540283203124
 20
97.871484375
 10
178.04307861328124
 20
97.88602294921876
 10
178.16075439453124
 20
97.89560546875
 10
178.2760009765625
 20
97.90057373046875
 10
178.38636474609376
 20
97.9009521484375
 10
178.50540771484376
 20
97.89163818359376
 10
178.6074462890625
 20
97.88060302734375
 10
178.69283447265624
 20
97.86878662109375
 10
178.87812107676515
 20
97.83018476753163
 10
185.1850259192778
 20
97.72009733400948
 10
185.37032470703124
 20
97.67509765625
 10
185.4556884765625
 20
97.65699462890625
 10
185.55772705078124
 20
97.63658447265625
 10
185.6767578125
 20
97.61353759765625
 10
185.78712158203126
 20
97.59427490234376
 10
185.90234375
 20
97.5737548828125
 10
186.01998291015624
 20
97.5513427734375
 10
186.13726806640625
 20
97.52613525390625
 10
186.25489501953126
 20
97.49569091796874
 10
186.371484375
 20
97.45810546875
 10
186.48564453125
 20
97.41219482421874
 10
186.59630126953124
 20
97.35732421875
 10
186.70208740234375
 20
97.29290771484375
 10
186.8016357421875
 20
97.21895751953124
 10
186.89420166015626
 20
97.13609619140625
 10
186.97879638671876
 20
97.0455810546875
 10
187.05538330078124
 20
96.9492431640625
 10
187.1246826171875
 20
96.8486572265625
 10
187.1870361328125
 20
96.74505615234375
 10
187.24349365234374
 20
96.6396484375
 10
187.29473876953125
 20
96.53333740234375
 10
187.34146728515626
 20
96.42677001953125
 10
187.38507080078125
 20
96.3202392578125
 10
187.4255615234375
 20
96.2137451171875
 10
187.46256103515626
 20
96.10728759765625
 10
187.49677734375
 20
96.00084228515625
 10
187.52855224609374
 20
95.89443359375
 10
187.558984375
 20
95.7880126953125
 10
187.58800048828124
 20
95.68162841796875
 10
187.61563720703126
 20
95.57525634765625
 10
187.64293212890624
 20
95.46888427734375
 10
187.67091064453126
 20
95.3625
 10
187.6992431640625
 20
95.25611572265625
 10
187.7275634765625
 20
95.14971923828125
 10
187.75556640625
 20
95.04334716796875
 10
187.78389892578124
 20
94.93695068359375
 10
187.8122314453125
 20
94.83056640625
 10
187.83984375
 20
94.7241943359375
 10
187.8664306640625
 20
94.61781005859375
 10
187.89268798828124
 20
94.5114501953125
 10
187.9192626953125
 20
94.405078125
 10
187.9462158203125
 20
94.2987060546875
 10
187.97315673828126
 20
94.1923583984375
 10
188.0008056640625
 20
94.0859619140625
 10
188.02982177734376
 20
93.97957763671874
 10
188.0598876953125
 20
93.8731689453125
 10
188.0906494140625
 20
93.76676025390626
 10
188.12176513671875
 20
93.6603271484375
 10
188.15286865234376
 20
93.55390625
 10
188.183984375
 20
93.4474853515625
 10
188.21474609375
 20
93.34107666015625
 10
188.24481201171875
 20
93.23465576171876
 10
188.2752197265625
 20
93.12823486328125
 10
188.3059814453125
 20
93.02181396484374
 10
188.3370849609375
 20
92.9154052734375
 10
188.36923828125
 20
92.80897216796875
 10
188.4020751953125
 20
92.7025390625
 10
188.4356201171875
 20
92.59609375
 10
188.46986083984376
 20
92.4896484375
 10
188.5033935546875
 20
92.383203125
 10
188.53623046875
 20
92.2767578125
 10
188.5683837890625
 20
92.1703369140625
 10
188.59951171875
 20
92.0638916015625
 10
188.63062744140626
 20
91.957470703125
 10
188.66173095703124
 20
91.85107421875
 10
188.69283447265624
 20
91.7446533203125
 10
188.72498779296876
 20
91.63818359375
 10
188.7578369140625
 20
91.5317626953125
 10
188.7913818359375
 20
91.4253173828125
 10
188.8256103515625
 20
91.3188720703125
 10
188.8591552734375
 20
91.21240234375
 10
188.89163818359376
 20
91.1059814453125
 10
188.92275390625
 20
90.999560546875
 10
188.95213623046874
 20
90.8931396484375
 10
188.98046875
 20
90.7867431640625
 10
189.00740966796874
 20
90.6803466796875
 10
189.0326171875
 20
90.573974609375
 10
189.05677490234376
 20
90.4676025390625
 10
189.08060302734376
 20
90.3612548828125
 10
189.10477294921876
 20
90.2549072265625
 10
189.1289306640625
 20
90.1485595703125
 10
189.15240478515625
 20
90.0422119140625
 10
189.17552490234374
 20
89.9358642578125
 10
189.19864501953126
 20
89.8294921875
 10
189.22210693359375
 20
89.7231689453125
 10
189.2452392578125
 20
89.6168212890625
 10
189.26767578125
 20
89.5104736328125
 10
189.29012451171874
 20
89.4041259765625
 10
189.3132568359375
 20
89.297802734375
 10
189.33740234375
 20
89.1914306640625
 10
189.36295166015626
 20
89.0850341796875
 10
189.38956298828126
 20
88.978662109375
 10
189.41790771484375
 20
88.8722412109375
 10
189.44764404296876
 20
88.7658203125
 10
189.4780517578125
 20
88.659375
 10
189.5084716796875
 20
88.552978515625
 10
189.53819580078124
 20
88.4465576171875
 10
189.56654052734376
 20
88.3401611328125
 10
189.59278564453126
 20
88.2337646484375
 10
189.61590576171875
 20
88.1274169921875
 10
189.635546875
 20
88.02109375
 10
189.65137939453126
 20
87.9148193359375
 10
189.6630615234375
 20
87.8085693359375
 10
189.67022705078125
 20
87.7023681640625
 10
189.67252197265626
 20
87.596240234375
 10
189.66993408203126
 20
87.4901611328125
 10
189.6625
 20
87.3841064453125
 10
189.6509033203125
 20
87.2781005859375
 10
189.63548583984374
 20
87.1721435546875
 10
189.6166015625
 20
87.0662109375
 10
189.5946044921875
 20
86.9603271484375
 10
189.56981201171874
 20
86.8544677734375
 10
189.54327392578125
 20
86.7486328125
 10
189.5156982421875
 20
86.6427978515625
 10
189.48671875
 20
86.536962890625
 10
189.45706787109376
 20
86.43115234375
 10
189.4274169921875
 20
86.3253662109375
 10
189.39810791015626
 20
86.2195556640625
 10
189.3695068359375
 20
86.113720703125
 10
189.3408935546875
 20
86.00791015625
 10
189.31260986328124
 20
85.902099609375
 10
189.28504638671876
 20
85.7962646484375
 10
189.25748291015626
 20
85.6904052734375
 10
189.22921142578124
 20
85.584619140625
 10
189.20025634765625
 20
85.4787841796875
 10
189.17060546875
 20
85.3729736328125
 10
189.14061279296874
 20
85.2671630859375
 10
189.1092041015625
 20
85.161376953125
 10
189.0764404296875
 20
85.055615234375
 10
189.04261474609376
 20
84.9498291015625
 10
189.00775146484375
 20
84.8441162109375
 10
188.97186279296875
 20
84.7383544921875
 10
188.93492431640624
 20
84.6326171875
 10
188.89693603515624
 20
84.5269287109375
 10
188.85894775390625
 20
84.4211669921875
 10
188.8209716796875
 20
84.315478515625
 10
188.7829833984375
 20
84.2097412109375
 10
188.7456787109375
 20
84.104052734375
 10
188.70906982421874
 20
83.998291015625
 10
188.67318115234374
 20
83.8925537109375
 10
188.63763427734375
 20
83.7867919921875
 10
188.6020751953125
 20
83.6810791015625
 10
188.56651611328124
 20
83.5753662109375
 10
188.53096923828124
 20
83.46962890625
 10
188.49508056640624
 20
83.3638916015625
 10
188.45882568359374
 20
83.258154296875
 10
188.42220458984374
 20
83.1524169921875
 10
188.38631591796874
 20
83.0466796875
 10
188.3510986328125
 20
82.9409423828125
 10
188.31658935546875
 20
82.8351806640625
 10
188.2827880859375
 20
82.729443359375
 10
188.2496826171875
 20
82.623681640625
 10
188.21724853515624
 20
82.5178955078125
 10
188.18551025390624
 20
82.4121337890625
 10
188.15343017578124
 20
82.3063720703125
 10
188.12099609375
 20
82.2006103515625
 10
188.08822021484374
 20
82.09482421875
 10
188.05509033203126
 20
81.9890625
 10
188.02197265625
 20
81.88330078125
 10
187.9888427734375
 20
81.7775146484375
 10
187.9557373046875
 20
81.67177734375
 10
187.92296142578124
 20
81.566015625
 10
187.89053955078126
 20
81.4602294921875
 10
187.85845947265625
 20
81.3544921875
 10
187.8267333984375
 20
81.2487060546875
 10
187.7946533203125
 20
81.1429443359375
 10
187.76221923828126
 20
81.037158203125
 10
187.72943115234375
 20
80.9314208984375
 10
187.6963134765625
 20
80.8256591796875
 10
187.6628662109375
 20
80.7198974609375
 10
187.62904052734376
 20
80.6141357421875
 10
187.59488525390626
 20
80.5083984375
 10
187.56036376953125
 20
80.4026611328125
 10
187.5255126953125
 20
80.296923828125
 10
187.49031982421874
 20
80.1911865234375
 10
187.4547607421875
 20
80.0854736328125
 10
187.4192138671875
 20
79.979736328125
 10
187.3836669921875
 20
79.8739990234375
 10
187.3481201171875
 20
79.7682861328125
 10
187.3135986328125
 20
79.662548828125
 10
187.2801513671875
 20
79.5568115234375
 10
187.2477294921875
 20
79.4510498046875
 10
187.2163330078125
 20
79.345263671875
 10
187.18494873046876
 20
79.239501953125
 10
187.15355224609374
 20
79.133740234375
 10
187.12216796875
 20
79.0279541015625
 10
187.08975830078126
 20
78.9221923828125
 10
187.05628662109376
 20
78.816455078125
 10
187.02177734375
 20
78.710693359375
 10
186.98623046875
 20
78.60498046875
 10
186.95068359375
 20
78.499267578125
 10
186.91513671875
 20
78.3935302734375
 10
186.87957763671875
 20
78.2878173828125
 10
186.84437255859376
 20
78.182080078125
 10
186.80953369140624
 20
78.0763671875
 10
186.7750244140625
 20
77.9706298828125
 10
186.74085693359376
 20
77.864892578125
 10
186.70704345703126
 20
77.759130859375
 10
186.67357177734374
 20
77.6533935546875
 10
186.6404541015625
 20
77.5476318359375
 10
186.6076904296875
 20
77.44189453125
 10
186.57525634765625
 20
77.3361328125
 10
186.54317626953124
 20
77.2303955078125
 10
186.51146240234374
 20
77.124609375
 10
186.47904052734376
 20
77.0188720703125
 10
186.44591064453124
 20
76.913134765625
 10
186.412109375
 20
76.8073974609375
 10
186.3776123046875
 20
76.70166015625
 10
186.3424072265625
 20
76.5959228515625
 10
186.3065185546875
 20
76.4902099609375
 10
186.269921875
 20
76.384521484375
 10
186.23367919921876
 20
76.2787841796875
 10
186.19779052734376
 20
76.173095703125
 10
186.16224365234376
 20
76.0673583984375
 10
186.12705078125
 20
75.9616455078125
 10
186.0925537109375
 20
75.855908203125
 10
186.05872802734376
 20
75.7501953125
 10
186.0256103515625
 20
75.6444580078125
 10
185.99317626953126
 20
75.5386962890625
 10
185.96180419921876
 20
75.4329345703125
 10
185.93145751953125
 20
75.3271728515625
 10
185.9021728515625
 20
75.22138671875
 10
185.87322998046875
 20
75.1156005859375
 10
185.84498291015626
 20
75.009814453125
 10
185.81741943359376
 20
74.90400390625
 10
185.7898681640625
 20
74.7982177734375
 10
185.76162109375
 20
74.692431640625
 10
185.7330078125
 20
74.5866455078125
 10
185.70440673828125
 20
74.480859375
 10
185.67615966796876
 20
74.3750732421875
 10
185.64755859375
 20
74.269287109375
 10
185.6189453125
 20
74.1635009765625
 10
185.59102783203124
 20
74.05771484375
 10
185.56416015625
 20
73.951904296875
 10
185.53763427734376
 20
73.84609375
 10
185.51077880859376
 20
73.740283203125
 10
185.4835693359375
 20
73.6344970703125
 10
185.45599365234375
 20
73.5286865234375
 10
185.42672119140624
 20
73.422900390625
 10
185.39395751953126
 20
73.3171630859375
 10
185.35701904296874
 20
73.2117919921875
 10
185.31556396484376
 20
73.107373046875
 10
185.2671875
 20
73.0030517578125
 10
185.21256103515626
 20
72.9009765625
 10
185.15306396484374
 20
72.803271484375
 10
185.0765625
 20
72.6980224609375
 10
185.00701904296875
 20
72.6078369140625
 10
184.9451416015625
 20
72.5324462890625
  0
LWPOLYLINE
  5
3A
330
17
100
AcDbEntity
  8
0
100
AcDbPolyline
 90
520
 70
1
 10
195.99097900390626
 20
71.926904296875
 10
195.83446044921874
 20
72.0587890625
 10
195.76885986328125
 20
72.1224365234375
 10
195.6946044921875
 20
72.2001220703125
 10
195.6127197265625
 20
72.292431640625
 10
195.5475341796875
 20
72.382080078125
 10
195.4858154296875
 20
72.4781982421875
 10
195.42965087890624
 20
72.57861328125
 10
195.38045654296874
 20
72.681103515625
 10
195.33543701171874
 20
72.7857421875
 10
195.29354248046874
 20
72.891552734375
 10
195.25372314453125
 20
72.99794921875
 10
195.21495361328124
 20
73.1046630859375
 10
195.1775634765625
 20
73.2113525390625
 10
195.14122314453124
 20
73.3180419921875
 10
195.10592041015624
 20
73.4247314453125
 10
195.07200927734374
 20
73.5313720703125
 10
195.04053955078126
 20
73.6380126953125
 10
195.0118408203125
 20
73.744580078125
 10
194.9859375
 20
73.851171875
 10
194.96173095703125
 20
73.9577392578125
 10
194.9385986328125
 20
74.0642578125
 10
194.91546630859375
 20
74.1707763671875
 10
194.89129638671875
 20
74.27734375
 10
194.86502685546876
 20
74.383935546875
 10
194.83597412109376
 20
74.4905029296875
 10
194.80416259765624
 20
74.5971435546875
 10
194.76990966796876
 20
74.7038330078125
 10
194.7335693359375
 20
74.810498046875
 10
194.69654541015626
 20
74.9171875
 10
194.65985107421875
 20
75.023876953125
 10
194.62386474609374
 20
75.130517578125
 10
194.58892822265625
 20
75.2371826171875
 10
194.55501708984374
 20
75.3438720703125
 10
194.5221435546875
 20
75.4504638671875
 10
194.49031982421874
 20
75.5571044921875
 10
194.45849609375
 20
75.663720703125
 10
194.4266845703125
 20
75.770361328125
 10
194.3948486328125
 20
75.8769775390625
 10
194.36302490234374
 20
75.9836181640625
 10
194.3315673828125
 20
76.0902099609375
 10
194.30078125
 20
76.1968505859375
 10
194.27105712890625
 20
76.303466796875
 10
194.2427001953125
 20
76.4100341796875
 10
194.2150390625
 20
76.5166259765625
 10
194.18843994140624
 20
76.623193359375
 10
194.1632080078125
 20
76.7297607421875
 10
194.1386962890625
 20
76.8363037109375
 10
194.11417236328126
 20
76.9428466796875
 10
194.08895263671874
 20
77.0493896484375
 10
194.06302490234376
 20
77.1559814453125
 10
194.03675537109376
 20
77.2625244140625
 10
194.00947265625
 20
77.369091796875
 10
193.98009033203124
 20
77.4756591796875
 10
193.94896240234374
 20
77.582275390625
 10
193.91646728515624
 20
77.688916015625
 10
193.88289794921874
 20
77.795556640625
 10
193.84864501953126
 20
77.902197265625
 10
193.81368408203124
 20
78.008837890625
 10
193.77840576171874
 20
78.1155029296875
 10
193.74415283203126
 20
78.2221435546875
 10
193.71129150390624
 20
78.3287841796875
 10
193.68017578125
 20
78.435400390625
 10
193.65078125
 20
78.5419921875
 10
193.62244873046876
 20
78.648583984375
 10
193.5954833984375
 20
78.7551513671875
 10
193.569921875
 20
78.8616943359375
 10
193.54471435546876
 20
78.9682373046875
 10
193.519140625
 20
79.0747802734375
 10
193.49254150390624
 20
79.18134765625
 10
193.4648681640625
 20
79.2879150390625
 10
193.43653564453126
 20
79.3945068359375
 10
193.4068115234375
 20
79.5010986328125
 10
193.3760498046875
 20
79.607666015625
 10
193.3445556640625
 20
79.714306640625
 10
193.31273193359374
 20
79.8208984375
 10
193.2809326171875
 20
79.9275146484375
 10
193.24945068359375
 20
80.0341552734375
 10
193.2183349609375
 20
80.140771484375
 10
193.18790283203126
 20
80.2473876953125
 10
193.1574951171875
 20
80.353955078125
 10
193.12740478515624
 20
80.4605712890625
 10
193.09766845703126
 20
80.5671630859375
 10
193.0682861328125
 20
80.67373046875
 10
193.03856201171874
 20
80.780322265625
 10
193.00848388671875
 20
80.8869140625
 10
192.9780517578125
 20
80.993505859375
 10
192.9476318359375
 20
81.1000732421875
 10
192.91649169921874
 20
81.206689453125
 10
192.88502197265626
 20
81.313330078125
 10
192.85321044921875
 20
81.419921875
 10
192.82139892578124
 20
81.5265380859375
 10
192.78992919921876
 20
81.633154296875
 10
192.7591552734375
 20
81.73974609375
 10
192.7290771484375
 20
81.846337890625
 10
192.70003662109374
 20
81.952880859375
 10
192.6713623046875
 20
82.0594482421875
 10
192.643359375
 20
82.166015625
 10
192.61605224609374
 20
82.2725830078125
 10
192.58876953125
 20
82.379150390625
 10
192.5607666015625
 20
82.4857177734375
 10
192.53206787109374
 20
82.5923095703125
 10
192.50269775390626
 20
82.698876953125
 10
192.4729736328125
 20
82.80546875
 10
192.4421875
 20
82.912060546875
 10
192.4107177734375
 20
83.0186279296875
 10
192.37889404296874
 20
83.125244140625
 10
192.3470947265625
 20
83.2318603515625
 10
192.315625
 20
83.3384521484375
 10
192.2844970703125
 20
83.445068359375
 10
192.25372314453125
 20
83.55166015625
 10
192.2236572265625
 20
83.6582275390625
 10
192.19324951171876
 20
83.7648193359375
 10
192.16248779296876
 20
83.8714111328125
 10
192.13135986328126
 20
83.977978515625
 10
192.09918212890625
 20
84.0845947265625
 10
192.06632080078126
 20
84.1911865234375
 10
192.0327880859375
 20
84.2978271484375
 10
191.99853515625
 20
84.404443359375
 10
191.96497802734376
 20
84.5110595703125
 10
191.93248291015624
 20
84.6176513671875
 10
191.9013671875
 20
84.724267578125
 10
191.87197265625
 20
84.8308349609375
 10
191.84364013671876
 20
84.93740234375
 10
191.81669921875
 20
85.0439697265625
 10
191.79149169921874
 20
85.15048828125
 10
191.76732177734374
 20
85.256982421875
 10
191.7434814453125
 20
85.3635009765625
 10
191.71932373046874
 20
85.4699951171875
 10
191.6951416015625
 20
85.576513671875
 10
191.67166748046876
 20
85.6830322265625
 10
191.64854736328124
 20
85.7895263671875
 10
191.6254150390625
 20
85.896044921875
 10
191.60228271484374
 20
86.0025634765625
 10
191.58018798828124
 20
86.1090576171875
 10
191.5601806640625
 20
86.21552734375
 10
191.54227294921876
 20
86.32197265625
 10
191.5264404296875
 20
86.4283935546875
 10
191.51304931640624
 20
86.534814453125
 10
191.50240478515624
 20
86.6411865234375
 10
191.49490966796876
 20
86.747509765625
 10
191.48983154296874
 20
86.853857421875
 10
191.48651123046875
 20
86.9601318359375
 10
191.4845703125
 20
87.0664306640625
 10
191.4840087890625
 20
87.1726806640625
 10
191.48485107421874
 20
87.278955078125
 10
191.4870849609375
 20
87.3851806640625
 10
191.4906982421875
 20
87.4914306640625
 10
191.49638671875
 20
87.5976318359375
 10
191.50487060546874
 20
87.7037841796875
 10
191.5168212890625
 20
87.8099365234375
 10
191.53189697265626
 20
87.916064453125
 10
191.55008544921876
 20
88.0221435546875
 10
191.57139892578124
 20
88.1281982421875
 10
191.5958740234375
 20
88.2342041015625
 10
191.62239990234374
 20
88.3402099609375
 10
191.64998779296874
 20
88.4461669921875
 10
191.67755126953125
 20
88.5521728515625
 10
191.70548095703126
 20
88.658154296875
 10
191.73306884765626
 20
88.7641357421875
 10
191.75960693359374
 20
88.8701171875
 10
191.78475341796874
 20
88.976123046875
 10
191.80919189453124
 20
89.0821533203125
 10
191.83399658203126
 20
89.1881591796875
 10
191.86019287109374
 20
89.2941650390625
 10
191.8874267578125
 20
89.400146484375
 10
191.91640625
 20
89.506103515625
 10
191.94779052734376
 20
89.612060546875
 10
191.9812744140625
 20
89.7179931640625
 10
192.0161376953125
 20
89.8239013671875
 10
192.05101318359374
 20
89.9298583984375
 10
192.08450927734376
 20
90.035791015625
 10
192.1166015625
 20
90.1417236328125
 10
192.14696044921874
 20
90.24765625
 10
192.17523193359375
 20
90.353662109375
 10
192.2024658203125
 20
90.4596435546875
 10
192.2296875
 20
90.5656494140625
 10
192.25797119140626
 20
90.6716064453125
 10
192.288671875
 20
90.7775634765625
 10
192.32181396484376
 20
90.8835205078125
 10
192.3573974609375
 20
90.989404296875
 10
192.3957275390625
 20
91.0952880859375
 10
192.43582763671876
 20
91.201171875
 10
192.47659912109376
 20
91.30703125
 10
192.51807861328126
 20
91.412890625
 10
192.5592041015625
 20
91.5187255859375
 10
192.6
 20
91.6245849609375
 10
192.64041748046876
 20
91.7304443359375
 10
192.67945556640626
 20
91.836328125
 10
192.71744384765626
 20
91.942236328125
 10
192.7547607421875
 20
92.0481201171875
 10
192.79033203125
 20
92.1540283203125
 10
192.82451171875
 20
92.25994873046875
 10
192.8572998046875
 20
92.3658935546875
 10
192.88870849609376
 20
92.4718505859375
 10
192.91978759765624
 20
92.5778076171875
 10
192.95048828125
 20
92.6837646484375
 10
192.98084716796876
 20
92.78973388671875
 10
193.0119140625
 20
92.895703125
 10
193.04332275390624
 20
93.00166015625
 10
193.07506103515624
 20
93.1076171875
 10
193.1071533203125
 20
93.21357421875
 10
193.13958740234375
 20
93.31951904296875
 10
193.17237548828126
 20
93.42545166015626
 10
193.20550537109375
 20
93.53138427734375
 10
193.2386474609375
 20
93.63734130859375
 10
193.27283935546876
 20
93.74327392578125
 10
193.30806884765624
 20
93.8491943359375
 10
193.3443359375
 20
93.9551025390625
 10
193.38060302734374
 20
94.06102294921875
 10
193.41651611328126
 20
94.16693115234375
 10
193.45208740234375
 20
94.2728515625
 10
193.48731689453126
 20
94.37877197265625
 10
193.52081298828125
 20
94.48470458984374
 10
193.5525634765625
 20
94.59068603515625
 10
193.58258056640625
 20
94.6966552734375
 10
193.6122314453125
 20
94.80263671875
 10
193.64259033203126
 20
94.9086181640625
 10
193.67364501953125
 20
95.01458740234375
 10
193.70540771484374
 20
95.12054443359375
 10
193.73924560546874
 20
95.2264892578125
 10
193.77518310546876
 20
95.332421875
 10
193.81317138671875
 20
95.4383056640625
 10
193.8522216796875
 20
95.54420166015625
 10
193.89127197265626
 20
95.65008544921875
 10
193.9306640625
 20
95.75596923828125
 10
193.97073974609376
 20
95.8618408203125
 10
194.01048583984374
 20
95.96773681640624
 10
194.0502197265625
 20
96.0736328125
 10
194.09031982421874
 20
96.17950439453125
 10
194.13145751953124
 20
96.28536376953124
 10
194.1743408203125
 20
96.3912109375
 10
194.21859130859374
 20
96.4970703125
 10
194.26424560546874
 20
96.60260009765625
 10
194.3126708984375
 20
96.7071533203125
 10
194.36422119140624
 20
96.8098388671875
 10
194.41959228515626
 20
96.909375
 10
194.4794677734375
 20
97.0042236328125
 10
194.54490966796874
 20
97.09254150390625
 10
194.6172607421875
 20
97.17177734375
 10
194.697265625
 20
97.24010009765625
 10
194.7845458984375
 20
97.2962890625
 10
194.8791015625
 20
97.33970947265625
 10
194.9802490234375
 20
97.3703369140625
 10
195.0872802734375
 20
97.38885498046875
 10
195.19881591796874
 20
97.39647216796875
 10
195.31346435546874
 20
97.39600830078125
 10
195.4302001953125
 20
97.38995361328125
 10
195.54832763671874
 20
97.38048095703125
 10
195.66712646484376
 20
97.36943359375
 10
195.78629150390626
 20
97.3583984375
 10
195.90545654296875
 20
97.34859619140624
 10
196.02462158203124
 20
97.34095458984375
 10
196.14381103515626
 20
97.3351806640625
 10
196.26298828125
 20
97.33096923828126
 10
196.38216552734374
 20
97.32799072265625
 10
196.5013427734375
 20
97.32562255859375
 10
196.62052001953126
 20
97.32357177734374
 10
196.73968505859375
 20
97.3215087890625
 10
196.85888671875
 20
97.319140625
 10
196.97806396484376
 20
97.3164794921875
 10
197.097265625
 20
97.31348876953125
 10
197.21646728515626
 20
97.31019287109375
 10
197.33564453125
 20
97.30751953125
 10
197.45482177734374
 20
97.30546875
 10
197.57403564453125
 20
97.30404052734374
 10
197.6932373046875
 20
97.30322265625
 10
197.8124267578125
 20
97.30302734375
 10
197.931640625
 20
97.3031494140625
 10
198.0508544921875
 20
97.30325927734376
 10
198.1700439453125
 20
97.30245361328124
 10
198.28890380859374
 20
97.30072021484375
 10
198.40672607421874
 20
97.29805908203124
 10
198.52452392578124
 20
97.2950927734375
 10
198.63990478515626
 20
97.29183349609374
 10
198.7504150390625
 20
97.2889404296875
 10
198.86964111328126
 20
97.2887451171875
 10
198.97181396484376
 20
97.2893310546875
 10
199.05733642578124
 20
97.2906982421875
 10
199.24292421088762
 20
97.29976524112521
 10
202.2233355101202
 20
97.24774196838432
 10
202.40909423828126
 20
97.20556640625
 10
202.49466552734376
 20
97.1904296875
 10
202.59696044921876
 20
97.17451171875
 10
202.71629638671874
 20
97.15780029296874
 10
202.82694091796876
 20
97.14737548828126
 10
202.9424560546875
 20
97.13814697265624
 10
203.06041259765624
 20
97.1294921875
 10
203.17835693359376
 20
97.12083740234375
 10
203.29736328125
 20
97.1103271484375
 10
203.41669921875
 20
97.0967041015625
 10
203.53603515625
 20
97.07938232421876
 10
203.65538330078124
 20
97.0573974609375
 10
203.77471923828125
 20
97.0301513671875
 10
203.89404296875
 20
96.99761962890625
 10
204.01336669921875
 20
96.9598388671875
 10
204.13267822265624
 20
96.9164794921875
 10
204.25198974609376
 20
96.86815185546875
 10
204.3712890625
 20
96.8151611328125
 10
204.4906005859375
 20
96.7587890625
 10
204.6098876953125
 20
96.6999267578125
 10
204.72919921875
 20
96.6395263671875
 10
204.8485107421875
 20
96.57818603515625
 10
204.9677978515625
 20
96.51715087890625
 10
205.0871337890625
 20
96.45672607421875
 10
205.2064208984375
 20
96.3972412109375
 10
205.325732421875
 20
96.33775634765625
 10
205.4450439453125
 20
96.27825927734375
 10
205.5643310546875
 20
96.2178466796875
 10
205.683642578125
 20
96.1561767578125
 10
205.8029541015625
 20
96.09298095703124
 10
205.9222412109375
 20
96.02791748046874
 10
206.0415771484375
 20
95.96097412109376
 10
206.160888671875
 20
95.8931396484375
 10
206.2801513671875
 20
95.82435302734375
 10
206.399462890625
 20
95.75587158203125
 10
206.518798828125
 20
95.6889404296875
 10
206.6381103515625
 20
95.6238525390625
 10
206.7574462890625
 20
95.5618896484375
 10
206.8767822265625
 20
95.5033203125
 10
206.99609375
 20
95.4481689453125
 10
207.1154296875
 20
95.3964111328125
 10
207.234423828125
 20
95.34683837890626
 10
207.352734375
 20
95.297265625
 10
207.4699951171875
 20
95.24677734375
 10
207.5858642578125
 20
95.19320068359374
 10
207.7
 20
95.13531494140625
 10
207.8119873046875
 20
95.07215576171875
 10
207.9216064453125
 20
95.0034423828125
 10
208.029443359375
 20
94.9301025390625
 10
208.1362548828125
 20
94.85399169921875
 10
208.2427001953125
 20
94.7757080078125
 10
208.3494873046875
 20
94.69713134765625
 10
208.4572998046875
 20
94.62005615234375
 10
208.5668701171875
 20
94.54544677734376
 10
208.6789306640625
 20
94.47393798828125
 10
208.7930419921875
 20
94.4048828125
 10
208.9089111328125
 20
94.3376708984375
 10
209.0261474609375
 20
94.27259521484375
 10
209.1444580078125
 20
94.2087646484375
 10
209.2634521484375
 20
94.14461669921874
 10
209.3827880859375
 20
94.0795166015625
 10
209.5021484375
 20
94.01287841796875
 10
209.621484375
 20
93.9449951171875
 10
209.7408203125
 20
93.8755615234375
 10
209.86015625
 20
93.80394287109375
 10
209.979541015625
 20
93.7307861328125
 10
210.098876953125
 20
93.65670166015624
 10
210.2182373046875
 20
93.58231201171876
 10
210.3375732421875
 20
93.50821533203126
 10
210.4569580078125
 20
93.43505859375
 10
210.5762939453125
 20
93.36346435546875
 10
210.6953125
 20
93.2940185546875
 10
210.8136474609375
 20
93.2261474609375
 10
210.9305419921875
 20
93.1598388671875
 10
211.0450439453125
 20
93.0941650390625
 10
211.155712890625
 20
93.02822265625
 10
211.2608154296875
 20
92.96014404296875
 10
211.358251953125
 20
92.8887451171875
 10
211.446630859375
 20
92.81280517578125
 10
211.52421875
 20
92.73201904296874
 10
211.5896240234375
 20
92.64573974609375
 10
211.6421630859375
 20
92.55433349609375
 10
211.6818115234375
 20
92.45809326171874
 10
211.7092529296875
 20
92.35826416015625
 10
211.7255615234375
 20
92.25574951171875
 10
211.7314208984375
 20
92.1514892578125
 10
211.7279296875
 20
92.0460693359375
 10
211.7167724609375
 20
91.9401123046875
 10
211.69931640625
 20
91.8339111328125
 10
211.6766845703125
 20
91.7277587890625
 10
211.6494873046875
 20
91.621630859375
 10
211.6188232421875
 20
91.515576171875
 10
211.5857177734375
 20
91.409521484375
 10
211.551904296875
 20
91.303466796875
 10
211.5181396484375
 20
91.197412109375
 10
211.4846923828125
 20
91.0913818359375
 10
211.451953125
 20
90.985302734375
 10
211.4202392578125
 20
90.8792724609375
 10
211.3895751953125
 20
90.773193359375
 10
211.3599853515625
 20
90.6671142578125
 10
211.3303466796875
 20
90.5610107421875
 10
211.299658203125
 20
90.4549560546875
 10
211.2679443359375
 20
90.3489013671875
 10
211.2352294921875
 20
90.2428466796875
 10
211.201416015625
 20
90.13681640625
 10
211.1665771484375
 20
90.030810546875
 10
211.1306884765625
 20
89.9247802734375
 10
211.0941162109375
 20
89.8187744140625
 10
211.0578857421875
 20
89.712744140625
 10
211.0219970703125
 20
89.6067626953125
 10
210.986474609375
 20
89.500732421875
 10
210.950927734375
 20
89.3947021484375
 10
210.9154052734375
 20
89.2886962890625
 10
210.8798583984375
 20
89.182666015625
 10
210.8443359375
 20
89.0766357421875
 10
210.8088134765625
 20
88.9706298828125
 10
210.773291015625
 20
88.864599609375
 10
210.737744140625
 20
88.7585693359375
 10
210.703271484375
 20
88.6525634765625
 10
210.6701904296875
 20
88.546533203125
 10
210.6384765625
 20
88.440478515625
 10
210.608154296875
 20
88.3343994140625
 10
210.578564453125
 20
88.2283447265625
 10
210.549951171875
 20
88.122265625
 10
210.5224365234375
 20
88.016162109375
 10
210.494921875
 20
87.9100341796875
 10
210.46669921875
 20
87.803955078125
 10
210.4381103515625
 20
87.697900390625
 10
210.4092041015625
 20
87.5918212890625
 10
210.3802734375
 20
87.4857421875
 10
210.3503173828125
 20
87.3796875
 10
210.3193115234375
 20
87.2736328125
 10
210.28759765625
 20
87.1675537109375
 10
210.2555419921875
 20
87.0614990234375
 10
210.2224365234375
 20
86.9554443359375
 10
210.1886474609375
 20
86.8494384765625
 10
210.1544921875
 20
86.7433837890625
 10
210.1214111328125
 20
86.6373779296875
 10
210.089697265625
 20
86.5313232421875
 10
210.059765625
 20
86.4252685546875
 10
210.0315185546875
 20
86.3191650390625
 10
210.005419921875
 20
86.2130859375
 10
209.9806640625
 20
86.1069580078125
 10
209.9566162109375
 20
86.000830078125
 10
209.9322265625
 20
85.8947021484375
 10
209.906787109375
 20
85.7885986328125
 10
209.8796142578125
 20
85.6824951171875
 10
209.851025390625
 20
85.576416015625
 10
209.8214111328125
 20
85.470361328125
 10
209.7914794921875
 20
85.364306640625
 10
209.7614990234375
 20
85.258251953125
 10
209.7322265625
 20
85.1521728515625
 10
209.7040283203125
 20
85.04609375
 10
209.6771728515625
 20
84.9400146484375
 10
209.6510498046875
 20
84.8339111328125
 10
209.624560546875
 20
84.7278076171875
 10
209.5966796875
 20
84.6217041015625
 10
209.5674072265625
 20
84.515673828125
 10
209.536083984375
 20
84.4095947265625
 10
209.5026123046875
 20
84.3035888671875
 10
209.466748046875
 20
84.1975830078125
 10
209.42841796875
 20
84.0916259765625
 10
209.3883544921875
 20
83.9856689453125
 10
209.347265625
 20
83.8797119140625
 10
209.3048095703125
 20
83.773779296875
 10
209.2605712890625
 20
83.66787109375
 10
209.2142578125
 20
83.5619873046875
 10
209.1661865234375
 20
83.456103515625
 10
209.1164306640625
 20
83.3502685546875
 10
209.06455078125
 20
83.24443359375
 10
209.0102294921875
 20
83.138623046875
 10
208.9531494140625
 20
83.032861328125
 10
208.893603515625
 20
82.9274169921875
 10
208.8309326171875
 20
82.8226318359375
 10
208.764111328125
 20
82.7188232421875
 10
208.6927734375
 20
82.61630859375
 10
208.6165771484375
 20
82.515380859375
 10
208.5347900390625
 20
82.4163818359375
 10
208.4474365234375
 20
82.3196044921875
 10
208.354150390625
 20
82.224462890625
 10
208.2556884765625
 20
82.1302978515625
 10
208.152685546875
 20
82.0364990234375
 10
208.0458740234375
 20
81.9424072265625
 10
207.9359130859375
 20
81.8474365234375
 10
207.8242431640625
 20
81.750927734375
 10
207.71181640625
 20
81.65224609375
 10
207.5997802734375
 20
81.551708984375
 10
207.48876953125
 20
81.4496337890625
 10
207.3794921875
 20
81.3466064453125
 10
207.271630859375
 20
81.243212890625
 10
207.164794921875
 20
81.140185546875
 10
207.0586669921875
 20
81.038330078125
 10
206.953271484375
 20
80.9389404296875
 10
206.8468017578125
 20
80.8417724609375
 10
206.7410400390625
 20
80.7489501953125
 10
206.6376953125
 20
80.661962890625
 10
206.523583984375
 20
80.5710693359375
 10
206.4247802734375
 20
80.4942626953125
 10
206.34130859375
 20
80.4309814453125
 10
206.15692866056526
 20
80.29680023733886
 10
200.39680740974458
 20
75.28960322578705
 10
200.25655517578124
 20
75.148193359375
 10
200.18712158203124
 20
75.083056640625
 10
200.10169677734376
 20
75.0050537109375
 10
199.9996337890625
 20
74.913916015625
 10
199.89859619140626
 20
74.8292236328125
 10
199.79024658203124
 20
74.7406005859375
 10
199.67705078125
 20
74.649853515625
 10
199.56177978515626
 20
74.558837890625
 10
199.4450927734375
 20
74.4672119140625
 10
199.32841796875
 20
74.3752685546875
 10
199.21280517578126
 20
74.2830078125
 10
199.09891357421876
 20
74.190087890625
 10
198.987109375
 20
74.096240234375
 10
198.877734375
 20
74.001123046875
 10
198.77010498046874
 20
73.904736328125
 10
198.66348876953126
 20
73.8068115234375
 10
198.5572509765625
 20
73.707958984375
 10
198.45067138671874
 20
73.6087646484375
 10
198.3430419921875
 20
73.509912109375
 10
198.2336669921875
 20
73.4119873046875
 10
198.12186279296876
 20
73.315673828125
 10
198.00799560546875
 20
73.2206298828125
 10
197.8923828125
 20
73.1265380859375
 10
197.77537841796874
 20
73.0327392578125
 10
197.65732421875
 20
72.9389892578125
 10
197.53858642578126
 20
72.844921875
 10
197.4195068359375
 20
72.750537109375
 10
197.3004150390625
 20
72.6558349609375
 10
197.18133544921875
 20
72.5620849609375
 10
197.06226806640626
 20
72.47080078125
 10
196.94354248046875
 20
72.3838623046875
 10
196.82586669921875
 20
72.3025146484375
 10
196.708203125
 20
72.2279541015625
 10
196.59296875
 20
72.16142578125
 10
196.4826171875
 20
72.104150390625
 10
196.36361083984374
 20
72.0528564453125
 10
196.26160888671876
 20
72.0125244140625
 10
196.17625732421874
 20
71.981689453125
  0
LWPOLYLINE
  5
3B
330
17
100
AcDbEntity
  8
0
100
AcDbPolyline
 90
279
 70
1
 10
142.02535400390624
 20
71.7799072265625
 10
141.8958740234375
 20
71.8871826171875
 10
141.88492431640626
 20
71.9931640625
 10
141.7554443359375
 20
72.100439453125
 10
141.7445068359375
 20
72.206396484375
 10
141.6150146484375
 20
72.313671875
 10
141.6150146484375
 20
80.2623291015625
 10
141.76005859375
 20
80.403515625
 10
141.83017578125
 20
80.465478515625
 10
141.91583251953125
 20
80.5380859375
 10
142.01771240234376
 20
80.621337890625
 10
142.1168212890625
 20
80.6947509765625
 10
142.22320556640625
 20
80.7699462890625
 10
142.3343994140625
 20
80.845068359375
 10
142.44803466796876
 20
80.918310546875
 10
142.56407470703124
 20
80.9906005859375
 10
142.68150634765624
 20
81.061328125
 10
142.799609375
 20
81.130224609375
 10
142.91806640625
 20
81.196923828125
 10
143.0365234375
 20
81.2611572265625
 10
143.15499267578124
 20
81.3232666015625
 10
143.27344970703126
 20
81.38349609375
 10
143.39190673828125
 20
81.4427978515625
 10
143.51036376953124
 20
81.50146484375
 10
143.62880859375
 20
81.5595458984375
 10
143.747265625
 20
81.6172607421875
 10
143.86572265625
 20
81.675048828125
 10
143.9841796875
 20
81.7327880859375
 10
144.10263671875
 20
81.790576171875
 10
144.22110595703126
 20
81.8480224609375
 10
144.3395751953125
 20
81.9051513671875
 10
144.45804443359376
 20
81.9626220703125
 10
144.57650146484374
 20
82.0203857421875
 10
144.69498291015626
 20
82.0781494140625
 10
144.8134521484375
 20
82.1359130859375
 10
144.93192138671876
 20
82.193359375
 10
145.050390625
 20
82.2505126953125
 10
145.16885986328126
 20
82.3073486328125
 10
145.28734130859374
 20
82.3635498046875
 10
145.40579833984376
 20
82.419189453125
 10
145.5242919921875
 20
82.4747802734375
 10
145.6427734375
 20
82.530078125
 10
145.76124267578126
 20
82.585693359375
 10
145.8797119140625
 20
82.6416259765625
 10
145.99820556640626
 20
82.6975341796875
 10
146.11668701171874
 20
82.7534423828125
 10
146.23516845703125
 20
82.809375
 10
146.35364990234376
 20
82.8649658203125
 10
146.4721435546875
 20
82.9212158203125
 10
146.590625
 20
82.977734375
 10
146.70911865234376
 20
83.0345947265625
 10
146.8276123046875
 20
83.0923583984375
 10
146.94609375
 20
83.1510498046875
 10
147.06461181640626
 20
83.2107177734375
 10
147.18309326171874
 20
83.2712646484375
 10
147.30159912109374
 20
83.3315185546875
 10
147.42010498046875
 20
83.391455078125
 10
147.5385986328125
 20
83.4510986328125
 10
147.65711669921876
 20
83.5101318359375
 10
147.7756103515625
 20
83.568505859375
 10
147.8941162109375
 20
83.6260009765625
 10
148.0126220703125
 20
83.68251953125
 10
148.1311279296875
 20
83.7390625
 10
148.2496337890625
 20
83.7952880859375
 10
148.3681396484375
 20
83.8506103515625
 10
148.4866455078125
 20
83.9043701171875
 10
148.6051513671875
 20
83.9556884765625
 10
148.72366943359376
 20
84.0042236328125
 10
148.84217529296876
 20
84.048681640625
 10
148.96064453125
 20
84.0873046875
 10
149.07913818359376
 20
84.1188232421875
 10
149.197265625
 20
84.1423095703125
 10
149.31435546875
 20
84.1565185546875
 10
149.42900390625
 20
84.1605712890625
 10
149.53946533203126
 20
84.1529296875
 10
149.64368896484376
 20
84.132666015625
 10
149.73927001953126
 20
84.0995361328125
 10
149.82305908203125
 20
84.0535400390625
 10
149.89267578125
 20
83.9949951171875
 10
149.94635009765625
 20
83.9249267578125
 10
149.98375244140624
 20
83.844482421875
 10
150.00487060546874
 20
83.7555419921875
 10
150.01043701171875
 20
83.660302734375
 10
150.00146484375
 20
83.5605712890625
 10
149.98072509765626
 20
83.4578857421875
 10
149.95030517578124
 20
83.3534423828125
 10
149.91192626953125
 20
83.2481201171875
 10
149.8666259765625
 20
83.142578125
 10
149.8157958984375
 20
83.037109375
 10
149.76046142578124
 20
82.931689453125
 10
149.70201416015624
 20
82.8262939453125
 10
149.6401123046875
 20
82.7209228515625
 10
149.57509765625
 20
82.615625
 10
149.5069580078125
 20
82.510302734375
 10
149.4357177734375
 20
82.4050537109375
 10
149.36102294921875
 20
82.2998291015625
 10
149.28216552734375
 20
82.1946533203125
 10
149.19849853515626
 20
82.0895263671875
 10
149.11031494140624
 20
81.9844482421875
 10
149.01796875
 20
81.879443359375
 10
148.92252197265626
 20
81.7744140625
 10
148.825
 20
81.6694580078125
 10
148.72679443359374
 20
81.5644775390625
 10
148.62996826171874
 20
81.4594970703125
 10
148.53590087890626
 20
81.3544921875
 10
148.44599609375
 20
81.2494384765625
 10
148.36092529296874
 20
81.1443359375
 10
148.28138427734376
 20
81.0391845703125
 10
148.2084228515625
 20
80.933935546875
 10
148.14273681640626
 20
80.8286376953125
 10
148.0853271484375
 20
80.7232421875
 10
148.0379638671875
 20
80.6177490234375
 10
148.00201416015625
 20
80.512109375
 10
147.97919921875
 20
80.4063720703125
 10
147.9708984375
 20
80.300439453125
 10
147.97816162109376
 20
80.194384765625
 10
148.00169677734374
 20
80.088134765625
 10
148.04044189453126
 20
79.9817138671875
 10
148.09268798828126
 20
79.8751708984375
 10
148.15633544921874
 20
79.7684814453125
 10
148.22965087890626
 20
79.6616943359375
 10
148.31058349609376
 20
79.554833984375
 10
148.39671630859374
 20
79.447900390625
 10
148.48594970703124
 20
79.3409423828125
 10
148.57762451171874
 20
79.2339599609375
 10
148.67137451171874
 20
79.126953125
 10
148.7671630859375
 20
79.0199462890625
 10
148.86435546875
 20
78.9129150390625
 10
148.96259765625
 20
78.8058349609375
 10
149.06187744140624
 20
78.6987548828125
 10
149.16219482421874
 20
78.5916748046875
 10
149.26319580078126
 20
78.4845947265625
 10
149.36453857421876
 20
78.377490234375
 10
149.4658935546875
 20
78.2707275390625
 10
149.56724853515624
 20
78.1645263671875
 10
149.66859130859376
 20
78.0593017578125
 10
149.7699462890625
 20
77.9552734375
 10
149.8709716796875
 20
77.8528076171875
 10
149.9716552734375
 20
77.7522216796875
 10
150.07197265625
 20
77.653759765625
 10
150.17197265625
 20
77.556884765625
 10
150.27161865234376
 20
77.4609130859375
 10
150.37091064453125
 20
77.3652587890625
 10
150.4698974609375
 20
77.2693115234375
 10
150.56953125
 20
77.1724365234375
 10
150.66986083984375
 20
77.073974609375
 10
150.7708984375
 20
76.973388671875
 10
150.87261962890625
 20
76.8708984375
 10
150.9750244140625
 20
76.7668701171875
 10
151.078125
 20
76.6615966796875
 10
151.1815673828125
 20
76.5553955078125
 10
151.283984375
 20
76.4485595703125
 10
151.38536376953124
 20
76.3417724609375
 10
151.48568115234374
 20
76.2355712890625
 10
151.5849853515625
 20
76.1306396484375
 10
151.68323974609376
 20
76.0275634765625
 10
151.7804931640625
 20
75.927001953125
 10
151.87774658203125
 20
75.8294921875
 10
151.9763671875
 20
75.735693359375
 10
152.07674560546874
 20
75.6452880859375
 10
152.1788330078125
 20
75.557958984375
 10
152.28231201171874
 20
75.4724365234375
 10
152.3864990234375
 20
75.387548828125
 10
152.4899658203125
 20
75.302001953125
 10
152.59000244140626
 20
75.214697265625
 10
152.68343505859374
 20
75.1243408203125
 10
152.7668701171875
 20
75.030712890625
 10
152.83712158203124
 20
74.933447265625
 10
152.89146728515624
 20
74.833349609375
 10
152.9274658203125
 20
74.7312255859375
 10
152.94410400390626
 20
74.6284423828125
 10
152.9409912109375
 20
74.52646484375
 10
152.91817626953124
 20
74.427197265625
 10
152.8770263671875
 20
74.332421875
 10
152.81929931640624
 20
74.2443603515625
 10
152.74703369140624
 20
74.1653564453125
 10
152.66268310546874
 20
74.0973876953125
 10
152.56795654296874
 20
74.0415283203125
 10
152.46494140625
 20
73.9987548828125
 10
152.35606689453124
 20
73.9693359375
 10
152.24305419921876
 20
73.9529541015625
 10
152.12730712890624
 20
73.9486572265625
 10
152.0098388671875
 20
73.954248046875
 10
151.8913330078125
 20
73.967919921875
 10
151.77249755859376
 20
73.98837890625
 10
151.6536865234375
 20
74.0137939453125
 10
151.53486328125
 20
74.0426025390625
 10
151.41607666015625
 20
74.073583984375
 10
151.29725341796876
 20
74.1060791015625
 10
151.17845458984374
 20
74.13984375
 10
151.0596435546875
 20
74.17451171875
 10
150.9408447265625
 20
74.2088623046875
 10
150.8220458984375
 20
74.242626953125
 10
150.7032470703125
 20
74.27578125
 10
150.5844482421875
 20
74.308251953125
 10
150.465625
 20
74.3395263671875
 10
150.34683837890626
 20
74.3696044921875
 10
150.22802734375
 20
74.398388671875
 10
150.10924072265624
 20
74.427197265625
 10
149.99044189453124
 20
74.45693359375
 10
149.87164306640625
 20
74.4875732421875
 10
149.75284423828126
 20
74.519482421875
 10
149.6340576171875
 20
74.5529296875
 10
149.51527099609376
 20
74.587890625
 10
149.39649658203126
 20
74.6247314453125
 10
149.27772216796876
 20
74.6624755859375
 10
149.15894775390626
 20
74.700244140625
 10
149.04017333984376
 20
74.7380126953125
 10
148.92139892578126
 20
74.775146484375
 10
148.80262451171876
 20
74.8116943359375
 10
148.6838623046875
 20
74.847607421875
 10
148.56507568359376
 20
74.881982421875
 10
148.4463134765625
 20
74.9150634765625
 10
148.3275390625
 20
74.9472900390625
 10
148.2087646484375
 20
74.978857421875
 10
148.08997802734376
 20
75.0101318359375
 10
147.9712158203125
 20
75.0410888671875
 10
147.85244140625
 20
75.0717529296875
 10
147.7336669921875
 20
75.1030029296875
 10
147.61490478515626
 20
75.1345703125
 10
147.49613037109376
 20
75.166455078125
 10
147.3773681640625
 20
75.1977294921875
 10
147.25860595703125
 20
75.228076171875
 10
147.13984375
 20
75.2574951171875
 10
147.02109375
 20
75.2859619140625
 10
146.90233154296874
 20
75.313525390625
 10
146.7835693359375
 20
75.3410888671875
 10
146.66478271484374
 20
75.3686279296875
 10
146.5460205078125
 20
75.397119140625
 10
146.4272705078125
 20
75.4271484375
 10
146.3085205078125
 20
75.4584228515625
 10
146.1897705078125
 20
75.490576171875
 10
146.0710205078125
 20
75.5221923828125
 10
145.9522705078125
 20
75.5509521484375
 10
145.8335205078125
 20
75.5754150390625
 10
145.71475830078126
 20
75.593408203125
 10
145.59632568359376
 20
75.6024169921875
 10
145.4785888671875
 20
75.6006103515625
 10
145.36220703125
 20
75.585791015625
 10
145.2478759765625
 20
75.557373046875
 10
145.13629150390625
 20
75.51533203125
 10
145.028515625
 20
75.4599609375
 10
144.92554931640626
 20
75.3921875
 10
144.82774658203124
 20
75.313525390625
 10
144.7354736328125
 20
75.225830078125
 10
144.64837646484375
 20
75.1316162109375
 10
144.56612548828124
 20
75.0326904296875
 10
144.4883544921875
 20
74.9306640625
 10
144.41368408203124
 20
74.8267333984375
 10
144.34110107421876
 20
74.7218505859375
 10
144.2695556640625
 20
74.6166259765625
 10
144.19801025390626
 20
74.5114501953125
 10
144.1257568359375
 20
74.4062255859375
 10
144.05213623046876
 20
74.3010498046875
 10
143.9764404296875
 20
74.1959228515625
 10
143.8993408203125
 20
74.090771484375
 10
143.82054443359374
 20
73.9856689453125
 10
143.7406982421875
 20
73.880517578125
 10
143.66051025390624
 20
73.775439453125
 10
143.58067626953124
 20
73.6703369140625
 10
143.50186767578126
 20
73.5652099609375
 10
143.42513427734374
 20
73.4600830078125
 10
143.35015869140625
 20
73.354931640625
 10
143.2775634765625
 20
73.249755859375
 10
143.2070556640625
 20
73.1445556640625
 10
143.13826904296874
 20
73.039306640625
 10
143.0708740234375
 20
72.9341064453125
 10
143.00450439453124
 20
72.828857421875
 10
142.93780517578125
 20
72.7236083984375
 10
142.87042236328125
 20
72.618701171875
 10
142.80164794921876
 20
72.514697265625
 10
142.73114013671875
 20
72.4126220703125
 10
142.65892333984374
 20
72.313623046875
 10
142.58291015625
 20
72.218994140625
 10
142.5044921875
 20
72.1308837890625
 10
142.42608642578125
 20
72.0513916015625
 10
142.33489990234375
 20
71.9763916015625
 10
142.2544677734375
 20
71.915478515625
 10
142.1851318359375
 20
71.867724609375
  0
LWPOLYLINE
  5
3C
330
17
100
AcDbEntity
  8
0
100
AcDbPolyline
 90
309
 70
1
 10
238.981494140625
 20
67.939453125
 10
238.7990478515625
 20
68.0086181640625
 10
238.7177978515625
 20
68.0477294921875
 10
238.622900390625
 20
68.0988037109375
 10
238.515478515625
 20
68.1630615234375
 10
238.4227294921875
 20
68.233642578125
 10
238.3317626953125
 20
68.3138427734375
 10
238.245654296875
 20
68.4020751953125
 10
238.166552734375
 20
68.496728515625
 10
238.093359375
 20
68.5963134765625
 10
238.02578125
 20
68.6992431640625
 10
237.9623779296875
 20
68.8042724609375
 10
237.901416015625
 20
68.910546875
 10
237.8415283203125
 20
69.0174072265625
 10
237.7812255859375
 20
69.124560546875
 10
237.720654296875
 20
69.231787109375
 10
237.658642578125
 20
69.3389404296875
 10
237.5956298828125
 20
69.446142578125
 10
237.5318603515625
 20
69.5533447265625
 10
237.468115234375
 20
69.6605712890625
 10
237.4047119140625
 20
69.7677978515625
 10
237.3423583984375
 20
69.875
 10
237.2803466796875
 20
69.982177734375
 10
237.2194091796875
 20
70.08935546875
 10
237.158837890625
 20
70.196533203125
 10
237.0989501953125
 20
70.3037109375
 10
237.0390380859375
 20
70.410888671875
 10
236.979150390625
 20
70.5180419921875
 10
236.9185546875
 20
70.6252197265625
 10
236.8579345703125
 20
70.7323974609375
 10
236.7966552734375
 20
70.8395751953125
 10
236.7349853515625
 20
70.946728515625
 10
236.6722900390625
 20
71.0539306640625
 10
236.608935546875
 20
71.1611328125
 10
236.5447998046875
 20
71.268359375
 10
236.4803955078125
 20
71.3755615234375
 10
236.4145751953125
 20
71.482470703125
 10
236.3473388671875
 20
71.5884765625
 10
236.278369140625
 20
71.692626953125
 10
236.2072998046875
 20
71.7936767578125
 10
236.133447265625
 20
71.8901123046875
 10
236.0560791015625
 20
71.9801025390625
 10
235.974169921875
 20
72.0614013671875
 10
235.8877197265625
 20
72.1322509765625
 10
235.7963623046875
 20
72.1913330078125
 10
235.6997802734375
 20
72.238037109375
 10
235.5982666015625
 20
72.2720947265625
 10
235.4922119140625
 20
72.2937744140625
 10
235.381982421875
 20
72.3040283203125
 10
235.2685791015625
 20
72.3043701171875
 10
235.152734375
 20
72.2969970703125
 10
235.0351318359375
 20
72.283447265625
 10
234.9164794921875
 20
72.2649169921875
 10
234.7971435546875
 20
72.243310546875
 10
234.6774658203125
 20
72.2201416015625
 10
234.557763671875
 20
72.1966552734375
 10
234.4380615234375
 20
72.1738037109375
 10
234.3183837890625
 20
72.1512939453125
 10
234.1986572265625
 20
72.129638671875
 10
234.0789794921875
 20
72.1095947265625
 10
233.9593017578125
 20
72.090771484375
 10
233.8396240234375
 20
72.072900390625
 10
233.7199462890625
 20
72.055322265625
 10
233.6002685546875
 20
72.037451171875
 10
233.4805908203125
 20
72.019873046875
 10
233.3609130859375
 20
72.002001953125
 10
233.2412353515625
 20
71.983154296875
 10
233.1215576171875
 20
71.9631103515625
 10
233.0018798828125
 20
71.9414794921875
 10
232.8822021484375
 20
71.9186279296875
 10
232.7625244140625
 20
71.8948486328125
 10
232.6428466796875
 20
71.86953125
 10
232.5231689453125
 20
71.8429443359375
 10
232.4034912109375
 20
71.8154541015625
 10
232.2838134765625
 20
71.7873291015625
 10
232.16416015625
 20
71.7589111328125
 10
232.0445068359375
 20
71.73046875
 10
231.9248291015625
 20
71.70234375
 10
231.8051513671875
 20
71.6748291015625
 10
231.685498046875
 20
71.6482666015625
 10
231.5658203125
 20
71.62294921875
 10
231.4461669921875
 20
71.599169921875
 10
231.326513671875
 20
71.5769287109375
 10
231.2068603515625
 20
71.5556396484375
 10
231.08720703125
 20
71.5346435546875
 10
230.9675537109375
 20
71.5142822265625
 10
230.847900390625
 20
71.4939208984375
 10
230.728271484375
 20
71.47294921875
 10
230.60859375
 20
71.4507080078125
 10
230.4889404296875
 20
71.4275634765625
 10
230.369287109375
 20
71.4037841796875
 10
230.249658203125
 20
71.3797119140625
 10
230.1300048828125
 20
71.3546875
 10
230.0103515625
 20
71.329052734375
 10
229.89072265625
 20
71.3031005859375
 10
229.7710693359375
 20
71.2771484375
 10
229.651416015625
 20
71.2502685546875
 10
229.531787109375
 20
71.2224609375
 10
229.4121337890625
 20
71.1937255859375
 10
229.2925048828125
 20
71.16435546875
 10
229.1728759765625
 20
71.1346923828125
 10
229.05322265625
 20
71.105029296875
 10
228.93359375
 20
71.0756591796875
 10
228.81396484375
 20
71.048193359375
 10
228.6943115234375
 20
71.023486328125
 10
228.5746826171875
 20
71.002490234375
 10
228.455078125
 20
70.9864990234375
 10
228.3358154296875
 20
70.9763671875
 10
228.217626953125
 20
70.9733642578125
 10
228.101513671875
 20
70.979052734375
 10
227.9892822265625
 20
70.994287109375
 10
227.882958984375
 20
71.0197021484375
 10
227.7853759765625
 20
71.0561767578125
 10
227.699658203125
 20
71.1039794921875
 10
227.6285888671875
 20
71.163134765625
 10
227.574267578125
 20
71.2329833984375
 10
227.5384521484375
 20
71.3122314453125
 10
227.521435546875
 20
71.3989990234375
 10
227.5232666015625
 20
71.4917724609375
 10
227.542529296875
 20
71.5884033203125
 10
227.5774658203125
 20
71.6866943359375
 10
227.6260009765625
 20
71.784912109375
 10
227.6867431640625
 20
71.8813720703125
 10
227.7579345703125
 20
71.9746337890625
 10
227.838525390625
 20
72.0643798828125
 10
227.9271484375
 20
72.150341796875
 10
228.0230712890625
 20
72.2324462890625
 10
228.1252685546875
 20
72.3114013671875
 10
228.233056640625
 20
72.3878173828125
 10
228.3449951171875
 20
72.4623291015625
 10
228.460107421875
 20
72.5364990234375
 10
228.577294921875
 20
72.6109375
 10
228.6958740234375
 20
72.685986328125
 10
228.81513671875
 20
72.761962890625
 10
228.934765625
 20
72.839208984375
 10
229.05439453125
 20
72.9179931640625
 10
229.1740478515625
 20
72.9986083984375
 10
229.2936767578125
 20
73.080517578125
 10
229.4129638671875
 20
73.163330078125
 10
229.53125
 20
73.2473876953125
 10
229.6473876953125
 20
73.3327392578125
 10
229.7611328125
 20
73.420263671875
 10
229.8699951171875
 20
73.507861328125
 10
229.9715087890625
 20
73.593359375
 10
230.0740966796875
 20
73.6890869140625
 10
230.159912109375
 20
73.7725830078125
 10
230.2297119140625
 20
73.8435302734375
 10
230.37071932554105
 20
74.00151151856252
 10
232.65553234961203
 20
75.98766917877724
 10
232.7843505859375
 20
76.1520751953125
 10
232.8415771484375
 20
76.2278076171875
 10
232.9068603515625
 20
76.3183837890625
 10
232.977734375
 20
76.4241455078125
 10
233.0336181640625
 20
76.5222412109375
 10
233.0807373046875
 20
76.6247802734375
 10
233.1150146484375
 20
76.729638671875
 10
233.132861328125
 20
76.8346923828125
 10
233.1343505859375
 20
76.9408447265625
 10
233.1194091796875
 20
77.047509765625
 10
233.0898681640625
 20
77.154296875
 10
233.048095703125
 20
77.2612060546875
 10
232.9965576171875
 20
77.3682373046875
 10
232.938037109375
 20
77.4753662109375
 10
232.8750244140625
 20
77.5824951171875
 10
232.8091796875
 20
77.689697265625
 10
232.7419677734375
 20
77.7968994140625
 10
232.6740478515625
 20
77.9041259765625
 10
232.6061279296875
 20
78.0113037109375
 10
232.5385498046875
 20
78.1185302734375
 10
232.4717041015625
 20
78.225732421875
 10
232.405517578125
 20
78.3329345703125
 10
232.3404052734375
 20
78.440087890625
 10
232.276318359375
 20
78.5472412109375
 10
232.2136474609375
 20
78.65439453125
 10
232.152001953125
 20
78.7615234375
 10
232.091748046875
 20
78.86865234375
 10
232.0322021484375
 20
78.9757568359375
 10
231.9737060546875
 20
79.082861328125
 10
231.915576171875
 20
79.18994140625
 10
231.8581298828125
 20
79.297021484375
 10
231.8006591796875
 20
79.4041259765625
 10
231.74287109375
 20
79.5112060546875
 10
231.684375
 20
79.618310546875
 10
231.626220703125
 20
79.725390625
 10
231.5684326171875
 20
79.832470703125
 10
231.5120361328125
 20
79.93955078125
 10
231.4570068359375
 20
80.0466064453125
 10
231.4048095703125
 20
80.1536376953125
 10
231.3567626953125
 20
80.2606201171875
 10
231.3139404296875
 20
80.367529296875
 10
231.2767333984375
 20
80.4740966796875
 10
231.246142578125
 20
80.5796630859375
 10
231.2235107421875
 20
80.683251953125
 10
231.21103515625
 20
80.783642578125
 10
231.2100341796875
 20
80.8792724609375
 10
231.222314453125
 20
80.9682373046875
 10
231.24921875
 20
81.0480712890625
 10
231.2918212890625
 20
81.116845703125
 10
231.350390625
 20
81.1730712890625
 10
231.423974609375
 20
81.215771484375
 10
231.5107421875
 20
81.2443603515625
 10
231.60869140625
 20
81.2585693359375
 10
231.714990234375
 20
81.258740234375
 10
231.8271728515625
 20
81.2464111328125
 10
231.943212890625
 20
81.2228759765625
 10
232.0613037109375
 20
81.189697265625
 10
232.1804443359375
 20
81.1481689453125
 10
232.2999267578125
 20
81.099755859375
 10
232.4194091796875
 20
81.0464111328125
 10
232.5388916015625
 20
80.9896484375
 10
232.6583740234375
 20
80.9303955078125
 10
232.77783203125
 20
80.869287109375
 10
232.897314453125
 20
80.8069091796875
 10
233.0167724609375
 20
80.7436279296875
 10
233.1362548828125
 20
80.6797119140625
 10
233.2557373046875
 20
80.6152099609375
 10
233.3752197265625
 20
80.549755859375
 10
233.4947021484375
 20
80.483349609375
 10
233.61416015625
 20
80.416650390625
 10
233.733642578125
 20
80.3496337890625
 10
233.853125
 20
80.2829345703125
 10
233.972607421875
 20
80.216552734375
 10
234.0920654296875
 20
80.1504638671875
 10
234.211572265625
 20
80.085595703125
 10
234.3310546875
 20
80.0219970703125
 10
234.4505615234375
 20
79.959326171875
 10
234.5700439453125
 20
79.897265625
 10
234.6895263671875
 20
79.8355224609375
 10
234.809033203125
 20
79.7737548828125
 10
234.9285400390625
 20
79.71171875
 10
235.0480224609375
 20
79.648095703125
 10
235.1675537109375
 20
79.5826171875
 10
235.287060546875
 20
79.5153076171875
 10
235.4065185546875
 20
79.4467041015625
 10
235.526025390625
 20
79.3765869140625
 10
235.6455078125
 20
79.3052001953125
 10
235.7650146484375
 20
79.2332275390625
 10
235.8844970703125
 20
79.1612060546875
 10
236.0039794921875
 20
79.0895263671875
 10
236.123486328125
 20
79.017529296875
 10
236.2429931640625
 20
78.9446044921875
 10
236.3625
 20
78.871044921875
 10
236.4820068359375
 20
78.796875
 10
236.601513671875
 20
78.7214599609375
 10
236.7210205078125
 20
78.6447998046875
 10
236.8405029296875
 20
78.567236328125
 10
236.960009765625
 20
78.4899169921875
 10
237.0795166015625
 20
78.4135986328125
 10
237.1990234375
 20
78.3385009765625
 10
237.3185546875
 20
78.265234375
 10
237.4380859375
 20
78.194482421875
 10
237.5576171875
 20
78.126513671875
 10
237.6771240234375
 20
78.0610107421875
 10
237.7966552734375
 20
77.99736328125
 10
237.9161865234375
 20
77.935302734375
 10
238.0357177734375
 20
77.874462890625
 10
238.1552490234375
 20
77.813623046875
 10
238.2747802734375
 20
77.7521728515625
 10
238.3939697265625
 20
77.6894775390625
 10
238.512451171875
 20
77.6249267578125
 10
238.629541015625
 20
77.5578857421875
 10
238.74453125
 20
77.4874755859375
 10
238.8564208984375
 20
77.4127685546875
 10
238.963720703125
 20
77.333740234375
 10
239.0647705078125
 20
77.250146484375
 10
239.1584228515625
 20
77.16162109375
 10
239.2433837890625
 20
77.0685546875
 10
239.3189453125
 20
76.971240234375
 10
239.383984375
 20
76.87060546875
 10
239.438232421875
 20
76.767626953125
 10
239.4820068359375
 20
76.6629150390625
 10
239.5163818359375
 20
76.55703125
 10
239.5420166015625
 20
76.450634765625
 10
239.560302734375
 20
76.343994140625
 10
239.572314453125
 20
76.237451171875
 10
239.5798095703125
 20
76.1309326171875
 10
239.5841552734375
 20
76.0244384765625
 10
239.5864013671875
 20
75.9179931640625
 10
239.587255859375
 20
75.8115234375
 10
239.587060546875
 20
75.705078125
 10
239.5858154296875
 20
75.598974609375
 10
239.583544921875
 20
75.493798828125
 10
239.5788330078125
 20
75.3886474609375
 10
239.571630859375
 20
75.285693359375
 10
239.5620361328125
 20
75.1871337890625
 10
239.5447265625
 20
75.0808837890625
 10
239.5278076171875
 20
74.98984375
 10
239.511669921875
 20
74.913671875
 10
239.465966796875
 20
74.748486328125
 10
239.465966796875
 20
70.0635986328125
 10
239.4215576171875
 20
69.8983154296875
 10
239.4073974609375
 20
69.8220947265625
 10
239.393896484375
 20
69.731005859375
 10
239.3817138671875
 20
69.6246337890625
 10
239.3793701171875
 20
69.5259521484375
 10
239.381884765625
 20
69.4228515625
 10
239.388623046875
 20
69.3175537109375
 10
239.3984375
 20
69.21220703125
 10
239.4086181640625
 20
69.105908203125
 10
239.417041015625
 20
68.9993408203125
 10
239.4212890625
 20
68.892822265625
 10
239.4189208984375
 20
68.7866943359375
 10
239.4078125
 20
68.681591796875
 10
239.3848388671875
 20
68.576611328125
 10
239.3510498046875
 20
68.4739013671875
 10
239.3082275390625
 20
68.37568359375
 10
239.244091796875
 20
68.2698974609375
 10
239.182763671875
 20
68.179345703125
 10
239.126025390625
 20
68.1035888671875
  0
LWPOLYLINE
  5
3D
330
17
100
AcDbEntity
  8
0
100
AcDbPolyline
 90
570
 70
1
 10
174.5457763671875
 20
68.292041015625
 10
174.4884765625
 20
68.240869140625
 10
174.42569580078126
 20
68.1946044921875
 10
174.35758056640626
 20
68.1534423828125
 10
174.28433837890626
 20
68.1173095703125
 10
174.20618896484376
 20
68.08623046875
 10
174.12337646484374
 20
68.0601318359375
 10
174.0362060546875
 20
68.038916015625
 10
173.94498291015626
 20
68.0224853515625
 10
173.85001220703126
 20
68.0106201171875
 10
173.7516357421875
 20
68.003173828125
 10
173.65018310546876
 20
67.99990234375
 10
173.54595947265625
 20
68.000537109375
 10
173.43929443359374
 20
68.0049072265625
 10
173.33046875
 20
68.012646484375
 10
173.21978759765625
 20
68.0235595703125
 10
173.10750732421874
 20
68.0373779296875
 10
172.99388427734374
 20
68.0537841796875
 10
172.8791259765625
 20
68.0725341796875
 10
172.76343994140626
 20
68.0933837890625
 10
172.6469970703125
 20
68.1160888671875
 10
172.529931640625
 20
68.1404541015625
 10
172.41241455078125
 20
68.1661865234375
 10
172.29451904296874
 20
68.1932373046875
 10
172.17633056640625
 20
68.2213134765625
 10
172.0579345703125
 20
68.250244140625
 10
171.93939208984375
 20
68.2799560546875
 10
171.82073974609375
 20
68.3102783203125
 10
171.70198974609374
 20
68.341162109375
 10
171.58321533203124
 20
68.372509765625
 10
171.464404296875
 20
68.40419921875
 10
171.34556884765624
 20
68.4362060546875
 10
171.2267333984375
 20
68.46845703125
 10
171.10787353515624
 20
68.500927734375
 10
170.98902587890626
 20
68.533544921875
 10
170.8701904296875
 20
68.5663330078125
 10
170.7513427734375
 20
68.5992431640625
 10
170.6324951171875
 20
68.6322509765625
 10
170.51368408203126
 20
68.66533203125
 10
170.39481201171876
 20
68.698486328125
 10
170.2759765625
 20
68.73173828125
 10
170.1571533203125
 20
68.7650146484375
 10
170.0383056640625
 20
68.798388671875
 10
169.91947021484376
 20
68.831787109375
 10
169.800634765625
 20
68.8652099609375
 10
169.6818115234375
 20
68.8986572265625
 10
169.56297607421874
 20
68.9321533203125
 10
169.44415283203125
 20
68.965625
 10
169.3253173828125
 20
68.9991455078125
 10
169.206494140625
 20
69.0326904296875
 10
169.0876708984375
 20
69.066162109375
 10
168.96883544921874
 20
69.09970703125
 10
168.8500244140625
 20
69.133203125
 10
168.73121337890626
 20
69.1667236328125
 10
168.6123779296875
 20
69.2001708984375
 10
168.4935791015625
 20
69.2336181640625
 10
168.37476806640626
 20
69.2670166015625
 10
168.25594482421874
 20
69.300390625
 10
168.1371337890625
 20
69.3337158203125
 10
168.0183349609375
 20
69.366943359375
 10
167.89952392578124
 20
69.400146484375
 10
167.78070068359375
 20
69.4332763671875
 10
167.6618896484375
 20
69.4663330078125
 10
167.5430908203125
 20
69.499267578125
 10
167.42427978515624
 20
69.5321533203125
 10
167.30546875
 20
69.5649169921875
 10
167.18668212890626
 20
69.5975830078125
 10
167.06788330078126
 20
69.630126953125
 10
166.94906005859374
 20
69.6625732421875
 10
166.8302734375
 20
69.6949462890625
 10
166.71148681640625
 20
69.727197265625
 10
166.59268798828126
 20
69.7593505859375
 10
166.47388916015626
 20
69.791357421875
 10
166.3551025390625
 20
69.823291015625
 10
166.23631591796874
 20
69.8551025390625
 10
166.117529296875
 20
69.8867919921875
 10
165.99874267578124
 20
69.918408203125
 10
165.879931640625
 20
69.9498779296875
 10
165.76114501953126
 20
69.9812744140625
 10
165.64237060546876
 20
70.0125244140625
 10
165.52359619140626
 20
70.0436767578125
 10
165.4048095703125
 20
70.07470703125
 10
165.2860107421875
 20
70.1056396484375
 10
165.16722412109374
 20
70.1364501953125
 10
165.04844970703124
 20
70.167138671875
 10
164.9296630859375
 20
70.1977294921875
 10
164.810888671875
 20
70.22822265625
 10
164.69212646484374
 20
70.258642578125
 10
164.57335205078124
 20
70.28896484375
 10
164.45455322265624
 20
70.31923828125
 10
164.33577880859374
 20
70.349462890625
 10
164.21700439453124
 20
70.3796875
 10
164.09822998046874
 20
70.409912109375
 10
163.979443359375
 20
70.44013671875
 10
163.8606689453125
 20
70.47041015625
 10
163.7419189453125
 20
70.5007568359375
 10
163.62313232421874
 20
70.5311767578125
 10
163.50438232421874
 20
70.56171875
 10
163.38560791015624
 20
70.592333984375
 10
163.26685791015626
 20
70.62314453125
 10
163.148095703125
 20
70.6541259765625
 10
163.02933349609376
 20
70.6852294921875
 10
162.91058349609375
 20
70.71650390625
 10
162.791845703125
 20
70.7479736328125
 10
162.67310791015626
 20
70.779638671875
 10
162.5543701171875
 20
70.811474609375
 10
162.43563232421874
 20
70.8434814453125
 10
162.31690673828126
 20
70.8757080078125
 10
162.19815673828126
 20
70.9080810546875
 10
162.07940673828125
 20
70.940625
 10
161.96065673828124
 20
70.97333984375
 10
161.8419189453125
 20
71.006201171875
 10
161.7231689453125
 20
71.0391845703125
 10
161.60443115234375
 20
71.0722900390625
 10
161.48570556640624
 20
71.1055419921875
 10
161.36697998046876
 20
71.1389404296875
 10
161.2482666015625
 20
71.1724853515625
 10
161.129541015625
 20
71.2061279296875
 10
161.0108642578125
 20
71.23994140625
 10
160.89217529296874
 20
71.2739501953125
 10
160.7735107421875
 20
71.3081787109375
 10
160.65489501953124
 20
71.3426513671875
 10
160.53634033203124
 20
71.3774169921875
 10
160.41783447265624
 20
71.41259765625
 10
160.29940185546874
 20
71.4482177734375
 10
160.1810546875
 20
71.484375
 10
160.06282958984374
 20
71.5212158203125
 10
159.9447265625
 20
71.5588134765625
 10
159.8267822265625
 20
71.5973388671875
 10
159.70899658203126
 20
71.6369384765625
 10
159.59140625
 20
71.677734375
 10
159.47403564453126
 20
71.719921875
 10
159.35689697265624
 20
71.7636962890625
 10
159.24002685546876
 20
71.809228515625
 10
159.12342529296876
 20
71.8566650390625
 10
159.0071044921875
 20
71.906201171875
 10
158.891064453125
 20
71.9580322265625
 10
158.775341796875
 20
72.012255859375
 10
158.659912109375
 20
72.069091796875
 10
158.54478759765624
 20
72.1285888671875
 10
158.42996826171876
 20
72.1908935546875
 10
158.31544189453126
 20
72.2560791015625
 10
158.201171875
 20
72.3241455078125
 10
158.0871337890625
 20
72.395166015625
 10
157.97332763671875
 20
72.4691162109375
 10
157.8597412109375
 20
72.5459716796875
 10
157.74632568359374
 20
72.62568359375
 10
157.6330810546875
 20
72.70810546875
 10
157.51998291015624
 20
72.7931884765625
 10
157.40701904296876
 20
72.8807373046875
 10
157.29415283203124
 20
72.9706298828125
 10
157.18140869140626
 20
73.0626708984375
 10
157.06875
 20
73.1567138671875
 10
156.9561767578125
 20
73.2525634765625
 10
156.84371337890624
 20
73.35
 10
156.73135986328126
 20
73.448828125
 10
156.61912841796874
 20
73.5488525390625
 10
156.5070556640625
 20
73.64990234375
 10
156.3951416015625
 20
73.7517822265625
 10
156.28341064453124
 20
73.854345703125
 10
156.17188720703126
 20
73.9573974609375
 10
156.0606201171875
 20
74.060888671875
 10
155.94959716796876
 20
74.1645751953125
 10
155.83885498046874
 20
74.2684326171875
 10
155.72840576171876
 20
74.37236328125
 10
155.61827392578124
 20
74.4762939453125
 10
155.50843505859376
 20
74.58017578125
 10
155.3989013671875
 20
74.6839599609375
 10
155.2896728515625
 20
74.7875732421875
 10
155.1807373046875
 20
74.8910888671875
 10
155.07210693359374
 20
74.99443359375
 10
154.963720703125
 20
75.0976318359375
 10
154.85557861328124
 20
75.200732421875
 10
154.74761962890625
 20
75.3037841796875
 10
154.63980712890626
 20
75.4067138671875
 10
154.53209228515624
 20
75.5096923828125
 10
154.42445068359376
 20
75.6126708984375
 10
154.31680908203126
 20
75.71572265625
 10
154.2091064453125
 20
75.8188232421875
 10
154.1013427734375
 20
75.922119140625
 10
153.99342041015626
 20
76.02548828125
 10
153.8853271484375
 20
76.129052734375
 10
153.777001953125
 20
76.2328369140625
 10
153.668408203125
 20
76.3368408203125
 10
153.559521484375
 20
76.441015625
 10
153.45032958984376
 20
76.54541015625
 10
153.34078369140624
 20
76.6500244140625
 10
153.230908203125
 20
76.75478515625
 10
153.12076416015626
 20
76.859716796875
 10
153.0103759765625
 20
76.9647705078125
 10
152.8998291015625
 20
77.069921875
 10
152.78922119140626
 20
77.1751220703125
 10
152.6786376953125
 20
77.2803466796875
 10
152.5682861328125
 20
77.385546875
 10
152.45828857421876
 20
77.490673828125
 10
152.3489501953125
 20
77.5957275390625
 10
152.24046630859374
 20
77.700634765625
 10
152.13314208984374
 20
77.8053955078125
 10
152.027294921875
 20
77.909912109375
 10
151.92325439453126
 20
78.0142822265625
 10
151.82142333984376
 20
78.118359375
 10
151.72218017578126
 20
78.2222412109375
 10
151.6259521484375
 20
78.325830078125
 10
151.53316650390624
 20
78.429248046875
 10
151.444287109375
 20
78.5323974609375
 10
151.35970458984374
 20
78.6353759765625
 10
151.27984619140625
 20
78.73818359375
 10
151.20513916015625
 20
78.8408447265625
 10
151.1359619140625
 20
78.9433837890625
 10
151.07264404296876
 20
79.0458251953125
 10
151.0155029296875
 20
79.1482177734375
 10
150.96480712890624
 20
79.250634765625
 10
150.92076416015624
 20
79.3530517578125
 10
150.88355712890626
 20
79.4555419921875
 10
150.85325927734374
 20
79.5581298828125
 10
150.8299072265625
 20
79.6608154296875
 10
150.81348876953126
 20
79.763623046875
 10
150.80391845703124
 20
79.8666259765625
 10
150.8010498046875
 20
79.96982421875
 10
150.80469970703126
 20
80.0731689453125
 10
150.8146240234375
 20
80.176708984375
 10
150.830517578125
 20
80.2804443359375
 10
150.852099609375
 20
80.3843994140625
 10
150.8789794921875
 20
80.4885009765625
 10
150.9108642578125
 20
80.5927734375
 10
150.94730224609376
 20
80.697216796875
 10
150.98795166015626
 20
80.801806640625
 10
151.03243408203124
 20
80.9065185546875
 10
151.08033447265626
 20
81.0113525390625
 10
151.131298828125
 20
81.1162841796875
 10
151.1849853515625
 20
81.2213134765625
 10
151.241064453125
 20
81.3263916015625
 10
151.2992431640625
 20
81.43154296875
 10
151.35921630859374
 20
81.53671875
 10
151.4207763671875
 20
81.641943359375
 10
151.48367919921876
 20
81.747216796875
 10
151.54771728515624
 20
81.852490234375
 10
151.6127197265625
 20
81.957763671875
 10
151.6785400390625
 20
82.0630615234375
 10
151.7450439453125
 20
82.1683837890625
 10
151.8121337890625
 20
82.273681640625
 10
151.8797119140625
 20
82.3789794921875
 10
151.94771728515624
 20
82.48427734375
 10
152.01607666015624
 20
82.5895751953125
 10
152.08475341796876
 20
82.694873046875
 10
152.1537109375
 20
82.8001708984375
 10
152.22291259765626
 20
82.9054931640625
 10
152.29234619140624
 20
83.010791015625
 10
152.361962890625
 20
83.116064453125
 10
152.43179931640626
 20
83.2213623046875
 10
152.501806640625
 20
83.32666015625
 10
152.57200927734374
 20
83.4319580078125
 10
152.64237060546876
 20
83.5372314453125
 10
152.71290283203126
 20
83.6425048828125
 10
152.78360595703126
 20
83.7477783203125
 10
152.8544921875
 20
83.853076171875
 10
152.92557373046876
 20
83.9583251953125
 10
152.9968505859375
 20
84.06357421875
 10
153.06834716796874
 20
84.168798828125
 10
153.14010009765624
 20
84.273974609375
 10
153.21209716796875
 20
84.3790771484375
 10
153.28438720703124
 20
84.4841552734375
 10
153.35704345703124
 20
84.5891357421875
 10
153.43009033203126
 20
84.6940185546875
 10
153.5035888671875
 20
84.79873046875
 10
153.57762451171874
 20
84.9032470703125
 10
153.652294921875
 20
85.00751953125
 10
153.72762451171874
 20
85.1115478515625
 10
153.80377197265625
 20
85.21513671875
 10
153.880810546875
 20
85.318359375
 10
153.9588134765625
 20
85.4210205078125
 10
154.0379150390625
 20
85.5230712890625
 10
154.11822509765625
 20
85.6244384765625
 10
154.199853515625
 20
85.725
 10
154.28292236328124
 20
85.8246826171875
 10
154.36751708984374
 20
85.923291015625
 10
154.45372314453124
 20
86.02080078125
 10
154.54161376953124
 20
86.1170654296875
 10
154.63128662109375
 20
86.2119873046875
 10
154.72276611328124
 20
86.3054443359375
 10
154.8160888671875
 20
86.39736328125
 10
154.911279296875
 20
86.487646484375
 10
155.00836181640625
 20
86.5762451171875
 10
155.10726318359374
 20
86.6630615234375
 10
155.2080078125
 20
86.748095703125
 10
155.310546875
 20
86.831298828125
 10
155.414794921875
 20
86.9126220703125
 10
155.52066650390626
 20
86.9921142578125
 10
155.62811279296875
 20
87.069775390625
 10
155.736962890625
 20
87.145654296875
 10
155.84718017578126
 20
87.2197998046875
 10
155.95859375
 20
87.29228515625
 10
156.071142578125
 20
87.3632080078125
 10
156.1846923828125
 20
87.4325927734375
 10
156.2990966796875
 20
87.500634765625
 10
156.41429443359374
 20
87.5673583984375
 10
156.53016357421876
 20
87.63291015625
 10
156.646630859375
 20
87.6973876953125
 10
156.76358642578126
 20
87.760888671875
 10
156.8809326171875
 20
87.82353515625
 10
156.99862060546874
 20
87.8854248046875
 10
157.11658935546876
 20
87.9466552734375
 10
157.234765625
 20
88.0073486328125
 10
157.353125
 20
88.0675537109375
 10
157.4716064453125
 20
88.1273681640625
 10
157.590185546875
 20
88.18681640625
 10
157.70882568359374
 20
88.2460205078125
 10
157.82755126953126
 20
88.30498046875
 10
157.94630126953126
 20
88.3637939453125
 10
158.0650634765625
 20
88.4224365234375
 10
158.1838623046875
 20
88.481005859375
 10
158.302685546875
 20
88.5395263671875
 10
158.42149658203124
 20
88.5979736328125
 10
158.5403076171875
 20
88.6564208984375
 10
158.65914306640624
 20
88.7148193359375
 10
158.77796630859376
 20
88.773193359375
 10
158.89678955078125
 20
88.8315673828125
 10
159.015625
 20
88.88994140625
 10
159.134423828125
 20
88.948291015625
 10
159.253271484375
 20
89.0065673828125
 10
159.3720947265625
 20
89.064794921875
 10
159.4909423828125
 20
89.12294921875
 10
159.609765625
 20
89.18095703125
 10
159.7285888671875
 20
89.2387939453125
 10
159.84742431640626
 20
89.296435546875
 10
159.96624755859375
 20
89.3537841796875
 10
160.0850830078125
 20
89.4107177734375
 10
160.20391845703125
 20
89.467236328125
 10
160.32274169921874
 20
89.5231201171875
 10
160.4415771484375
 20
89.5782958984375
 10
160.56038818359374
 20
89.6325927734375
 10
160.67918701171874
 20
89.68583984375
 10
160.7979736328125
 20
89.7378173828125
 10
160.91673583984374
 20
89.788330078125
 10
161.03543701171876
 20
89.8370849609375
 10
161.15408935546876
 20
89.883837890625
 10
161.27265625
 20
89.9282958984375
 10
161.3910888671875
 20
89.970166015625
 10
161.50941162109376
 20
90.00908203125
 10
161.62755126953124
 20
90.0447021484375
 10
161.74547119140624
 20
90.0767333984375
 10
161.8631103515625
 20
90.1048095703125
 10
161.9804443359375
 20
90.1286376953125
 10
162.0973876953125
 20
90.1478759765625
 10
162.2138916015625
 20
90.162255859375
 10
162.3298828125
 20
90.1715087890625
 10
162.44530029296874
 20
90.1754150390625
 10
162.5600830078125
 20
90.1738037109375
 10
162.67413330078125
 20
90.166552734375
 10
162.78739013671876
 20
90.153564453125
 10
162.89981689453126
 20
90.1347900390625
 10
163.011328125
 20
90.11025390625
 10
163.12191162109374
 20
90.080029296875
 10
163.2315185546875
 20
90.0442626953125
 10
163.3401123046875
 20
90.0031005859375
 10
163.44771728515624
 20
89.95673828125
 10
163.5543212890625
 20
89.9054443359375
 10
163.6599609375
 20
89.849462890625
 10
163.7646728515625
 20
89.7891357421875
 10
163.8685302734375
 20
89.72470703125
 10
163.97159423828126
 20
89.6565185546875
 10
164.0739501953125
 20
89.5848876953125
 10
164.17572021484375
 20
89.5101806640625
 10
164.277001953125
 20
89.432666015625
 10
164.3779052734375
 20
89.3526123046875
 10
164.47857666015625
 20
89.2703369140625
 10
164.57911376953126
 20
89.1860595703125
 10
164.67965087890624
 20
89.1000732421875
 10
164.78028564453126
 20
89.0125244140625
 10
164.8811279296875
 20
88.9236572265625
 10
164.982275390625
 20
88.833642578125
 10
165.0837890625
 20
88.742578125
 10
165.1857177734375
 20
88.650634765625
 10
165.288134765625
 20
88.55791015625
 10
165.39105224609375
 20
88.464501953125
 10
165.49451904296876
 20
88.3705322265625
 10
165.59849853515624
 20
88.276025390625
 10
165.70299072265624
 20
88.1810791015625
 10
165.80797119140624
 20
88.085693359375
 10
165.91336669921876
 20
87.98994140625
 10
166.019189453125
 20
87.8938720703125
 10
166.125341796875
 20
87.797509765625
 10
166.23179931640624
 20
87.7008544921875
 10
166.33848876953124
 20
87.603955078125
 10
166.4453857421875
 20
87.506787109375
 10
166.5524658203125
 20
87.409423828125
 10
166.6596435546875
 20
87.3118408203125
 10
166.7669189453125
 20
87.2140380859375
 10
166.87425537109374
 20
87.116015625
 10
166.98165283203124
 20
87.0177734375
 10
167.08907470703124
 20
86.9193603515625
 10
167.196533203125
 20
86.8207275390625
 10
167.304052734375
 20
86.7218994140625
 10
167.4115966796875
 20
86.6228515625
 10
167.5192138671875
 20
86.5236083984375
 10
167.62686767578126
 20
86.424169921875
 10
167.73455810546875
 20
86.3245361328125
 10
167.84232177734376
 20
86.22470703125
 10
167.95010986328126
 20
86.1246826171875
 10
168.05789794921876
 20
86.0244873046875
 10
168.16571044921875
 20
85.9240966796875
 10
168.27349853515625
 20
85.82353515625
 10
168.381201171875
 20
85.7228271484375
 10
168.48873291015624
 20
85.621923828125
 10
168.59608154296876
 20
85.5208251953125
 10
168.70313720703126
 20
85.419580078125
 10
168.80977783203124
 20
85.3180908203125
 10
168.91590576171876
 20
85.216455078125
 10
169.02139892578126
 20
85.1145751953125
 10
169.126123046875
 20
85.0125244140625
 10
169.2298828125
 20
84.910205078125
 10
169.33255615234376
 20
84.8076904296875
 10
169.433984375
 20
84.7049072265625
 10
169.5340087890625
 20
84.6018798828125
 10
169.63243408203124
 20
84.4985595703125
 10
169.72911376953124
 20
84.3949951171875
 10
169.823876953125
 20
84.291162109375
 10
169.91656494140625
 20
84.187060546875
 10
170.00703125
 20
84.08271484375
 10
170.09512939453126
 20
83.978076171875
 10
170.1807373046875
 20
83.873193359375
 10
170.26373291015625
 20
83.768115234375
 10
170.3440673828125
 20
83.6627685546875
 10
170.42161865234374
 20
83.5572509765625
 10
170.4963623046875
 20
83.4515380859375
 10
170.5682861328125
 20
83.345654296875
 10
170.637353515625
 20
83.2396728515625
 10
170.70360107421874
 20
83.1335205078125
 10
170.76707763671874
 20
83.027294921875
 10
170.82781982421875
 20
82.9209716796875
 10
170.88590087890626
 20
82.81455078125
 10
170.94140625
 20
82.70810546875
 10
170.99447021484374
 20
82.6016357421875
 10
171.0451904296875
 20
82.4951171875
 10
171.09376220703126
 20
82.3885986328125
 10
171.14027099609376
 20
82.2820556640625
 10
171.184912109375
 20
82.17548828125
 10
171.2278076171875
 20
82.0689697265625
 10
171.2691650390625
 20
81.962451171875
 10
171.30911865234376
 20
81.855908203125
 10
171.34779052734376
 20
81.749365234375
 10
171.3853759765625
 20
81.64287109375
 10
171.42196044921874
 20
81.5363525390625
 10
171.45772705078124
 20
81.4298583984375
 10
171.49276123046874
 20
81.3233642578125
 10
171.52718505859374
 20
81.21689453125
 10
171.5611083984375
 20
81.11044921875
 10
171.594580078125
 20
81.003955078125
 10
171.627685546875
 20
80.8974853515625
 10
171.66046142578125
 20
80.7909912109375
 10
171.6929443359375
 20
80.684521484375
 10
171.72515869140625
 20
80.578076171875
 10
171.75714111328125
 20
80.47158203125
 10
171.7888427734375
 20
80.3651123046875
 10
171.8203125
 20
80.2586669921875
 10
171.85152587890624
 20
80.1522216796875
 10
171.88245849609376
 20
80.045751953125
 10
171.9131103515625
 20
79.9393310546875
 10
171.94344482421874
 20
79.832861328125
 10
171.97344970703125
 20
79.7264404296875
 10
172.003125
 20
79.6199951171875
 10
172.03243408203124
 20
79.5135498046875
 10
172.061376953125
 20
79.4071044921875
 10
172.09000244140626
 20
79.3007080078125
 10
172.11829833984376
 20
79.194287109375
 10
172.1462646484375
 20
79.087841796875
 10
172.17396240234376
 20
78.9814208984375
 10
172.201416015625
 20
78.875
 10
172.228662109375
 20
78.768603515625
 10
172.2557373046875
 20
78.6621826171875
 10
172.28272705078126
 20
78.55576171875
 10
172.30963134765625
 20
78.44931640625
 10
172.33656005859376
 20
78.342919921875
 10
172.3635498046875
 20
78.2364990234375
 10
172.390625
 20
78.1301025390625
 10
172.41783447265624
 20
78.023681640625
 10
172.44525146484375
 20
77.91728515625
 10
172.4728515625
 20
77.81083984375
 10
172.5007080078125
 20
77.7044189453125
 10
172.52882080078126
 20
77.597998046875
 10
172.55718994140625
 20
77.491552734375
 10
172.5858642578125
 20
77.3851318359375
 10
172.61478271484376
 20
77.278662109375
 10
172.6439697265625
 20
77.1722412109375
 10
172.67340087890625
 20
77.0657958984375
 10
172.703076171875
 20
76.9593505859375
 10
172.73294677734376
 20
76.852880859375
 10
172.76300048828125
 20
76.746435546875
 10
172.793212890625
 20
76.6399658203125
 10
172.82357177734374
 20
76.5335205078125
 10
172.85404052734376
 20
76.4270751953125
 10
172.8845703125
 20
76.32060546875
 10
172.91517333984376
 20
76.2141357421875
 10
172.94578857421874
 20
76.1076904296875
 10
172.97642822265624
 20
76.001220703125
 10
173.00706787109374
 20
75.894775390625
 10
173.03768310546874
 20
75.7883056640625
 10
173.06824951171876
 20
75.6818603515625
 10
173.0988037109375
 20
75.575390625
 10
173.12930908203126
 20
75.468896484375
 10
173.15975341796874
 20
75.362451171875
 10
173.19014892578124
 20
75.2559814453125
 10
173.2204833984375
 20
75.14951171875
 10
173.2507568359375
 20
75.0430419921875
 10
173.28096923828124
 20
74.9365966796875
 10
173.3111083984375
 20
74.8301513671875
 10
173.3411865234375
 20
74.7237060546875
 10
173.3712158203125
 20
74.617236328125
 10
173.401171875
 20
74.510791015625
 10
173.43106689453126
 20
74.4043212890625
 10
173.4609130859375
 20
74.2978759765625
 10
173.4906982421875
 20
74.19140625
 10
173.520458984375
 20
74.0849853515625
 10
173.55015869140624
 20
73.978515625
 10
173.579833984375
 20
73.8720458984375
 10
173.6094482421875
 20
73.7656005859375
 10
173.6390625
 20
73.659130859375
 10
173.66866455078124
 20
73.5526611328125
 10
173.69825439453126
 20
73.44619140625
 10
173.7278564453125
 20
73.33974609375
 10
173.75745849609376
 20
73.233251953125
 10
173.78709716796874
 20
73.1268310546875
 10
173.81676025390624
 20
73.020361328125
 10
173.84647216796876
 20
72.913916015625
 10
173.8762451171875
 20
72.8074462890625
 10
173.90609130859374
 20
72.7010009765625
 10
173.93602294921874
 20
72.59453125
 10
173.96605224609374
 20
72.488037109375
 10
173.99617919921874
 20
72.381591796875
 10
174.02640380859376
 20
72.2751220703125
 10
174.056787109375
 20
72.16865234375
 10
174.08726806640624
 20
72.062158203125
 10
174.11785888671875
 20
71.955712890625
 10
174.14862060546875
 20
71.84921875
 10
174.17950439453125
 20
71.7427490234375
 10
174.2105224609375
 20
71.636279296875
 10
174.24166259765624
 20
71.52978515625
 10
174.2729248046875
 20
71.423291015625
 10
174.304296875
 20
71.3168212890625
 10
174.33572998046876
 20
71.2103271484375
 10
174.3672119140625
 20
71.103857421875
 10
174.39869384765626
 20
70.9973876953125
 10
174.4301025390625
 20
70.8909423828125
 10
174.46138916015624
 20
70.7844970703125
 10
174.49244384765626
 20
70.6781494140625
 10
174.523193359375
 20
70.5718505859375
 10
174.5534912109375
 20
70.4656494140625
 10
174.583203125
 20
70.3595947265625
 10
174.61219482421876
 20
70.2537353515625
 10
174.640234375
 20
70.14814453125
 10
174.6671630859375
 20
70.042919921875
 10
174.692724609375
 20
69.938134765625
 10
174.7166748046875
 20
69.83388671875
 10
174.73875732421874
 20
69.730322265625
 10
174.75867919921876
 20
69.6276611328125
 10
174.77615966796876
 20
69.526025390625
 10
174.79085693359374
 20
69.4255615234375
 10
174.80247802734374
 20
69.3265869140625
 10
174.81070556640626
 20
69.229296875
 10
174.8152099609375
 20
69.1339599609375
 10
174.81568603515626
 20
69.0407958984375
 10
174.81185302734374
 20
68.950146484375
 10
174.80340576171875
 20
68.862255859375
 10
174.79007568359376
 20
68.77744140625
 10
174.77166748046875
 20
68.6959716796875
 10
174.74793701171876
 20
68.618115234375
 10
174.71875
 20
68.5441650390625
 10
174.68399658203126
 20
68.474365234375
 10
174.64359130859376
 20
68.4089599609375
 10
174.597509765625
 20
68.3481201171875
  0
LWPOLYLINE
  5
3E
330
17
100
AcDbEntity
  8
0
100
AcDbPolyline
 90
295
 70
1
 10
190.02713623046876
 20
67.0003173828125
 10
189.84405517578125
 20
67.122119140625
 10
189.76239013671875
 20
67.178369140625
 10
189.6665283203125
 20
67.246630859375
 10
189.5585693359375
 20
67.3255615234375
 10
189.46656494140626
 20
67.396875
 10
189.3686767578125
 20
67.4803466796875
 10
189.2849853515625
 20
67.5540283203125
 10
189.2172119140625
 20
67.6163330078125
 10
189.07788934265528
 20
67.7574761096032
 10
186.2180462959681
 20
70.33249035489743
 10
186.21861572265624
 20
70.4978271484375
 10
186.21976318359376
 20
70.5739990234375
 10
186.2223388671875
 20
70.6650146484375
 10
186.22698974609375
 20
70.7711669921875
 10
186.234765625
 20
70.8695556640625
 10
186.2467041015625
 20
70.972216796875
 10
186.2638671875
 20
71.077001953125
 10
186.28623046875
 20
71.1817138671875
 10
186.31380615234374
 20
71.2873291015625
 10
186.34554443359374
 20
71.3931884765625
 10
186.38076171875
 20
71.4989990234375
 10
186.4177001953125
 20
71.6048095703125
 10
186.4546630859375
 20
71.710595703125
 10
186.49022216796874
 20
71.8164306640625
 10
186.52403564453124
 20
71.922265625
 10
186.5561279296875
 20
72.0281005859375
 10
186.58751220703124
 20
72.133984375
 10
186.61820068359376
 20
72.2398681640625
 10
186.6492431640625
 20
72.3457275390625
 10
186.68204345703126
 20
72.4515869140625
 10
186.71690673828124
 20
72.5573974609375
 10
186.75384521484375
 20
72.663232421875
 10
186.79183349609374
 20
72.7690185546875
 10
186.8294921875
 20
72.8748291015625
 10
186.866796875
 20
72.980615234375
 10
186.9033935546875
 20
73.0864013671875
 10
186.93790283203126
 20
73.1922607421875
 10
186.97032470703124
 20
73.298095703125
 10
187.00067138671875
 20
73.4039794921875
 10
187.02999267578124
 20
73.5098876953125
 10
187.0593017578125
 20
73.615771484375
 10
187.08828125
 20
73.7216796875
 10
187.11689453125
 20
73.827587890625
 10
187.14620361328124
 20
73.9334716796875
 10
187.17586669921874
 20
74.0393798828125
 10
187.20550537109375
 20
74.145263671875
 10
187.23482666015624
 20
74.2511474609375
 10
187.2634521484375
 20
74.3570556640625
 10
187.2920654296875
 20
74.4629638671875
 10
187.32032470703126
 20
74.5688720703125
 10
187.34791259765626
 20
74.6747802734375
 10
187.37548828125
 20
74.7806884765625
 10
187.40377197265624
 20
74.8865966796875
 10
187.43236083984374
 20
74.9925048828125
 10
187.46134033203126
 20
75.098388671875
 10
187.4903076171875
 20
75.204296875
 10
187.5199462890625
 20
75.3101806640625
 10
187.5503173828125
 20
75.416064453125
 10
187.58104248046874
 20
75.5219482421875
 10
187.61173095703126
 20
75.6278564453125
 10
187.64310302734376
 20
75.733740234375
 10
187.6751953125
 20
75.8396240234375
 10
187.7079833984375
 20
75.945458984375
 10
187.74111328125
 20
76.051318359375
 10
187.7742431640625
 20
76.1572021484375
 10
187.80736083984374
 20
76.2630615234375
 10
187.8405029296875
 20
76.368896484375
 10
187.8736328125
 20
76.4747802734375
 10
187.90677490234376
 20
76.5806396484375
 10
187.9399169921875
 20
76.686474609375
 10
187.97340087890626
 20
76.792333984375
 10
188.0082763671875
 20
76.8981689453125
 10
188.04453125
 20
77.0039794921875
 10
188.08216552734376
 20
77.1097900390625
 10
188.12052001953126
 20
77.2156005859375
 10
188.15955810546876
 20
77.32138671875
 10
188.19927978515625
 20
77.427197265625
 10
188.23865966796876
 20
77.5329833984375
 10
188.27666015625
 20
77.6387939453125
 10
188.3132568359375
 20
77.74462890625
 10
188.3484619140625
 20
77.8504638671875
 10
188.38231201171874
 20
77.9563232421875
 10
188.41475830078124
 20
78.06220703125
 10
188.44581298828126
 20
78.168115234375
 10
188.47650146484375
 20
78.273974609375
 10
188.50721435546876
 20
78.3798828125
 10
188.5379150390625
 20
78.485791015625
 10
188.5686279296875
 20
78.5916748046875
 10
188.60035400390626
 20
78.69755859375
 10
188.63314208984374
 20
78.8034423828125
 10
188.66697998046874
 20
78.9093017578125
 10
188.70150146484374
 20
79.0151611328125
 10
188.73671875
 20
79.1209716796875
 10
188.7726318359375
 20
79.2268310546875
 10
188.80924072265626
 20
79.332666015625
 10
188.8454833984375
 20
79.4385009765625
 10
188.88140869140625
 20
79.5443359375
 10
188.9169677734375
 20
79.6501708984375
 10
188.9525390625
 20
79.7560302734375
 10
188.9881103515625
 20
79.861865234375
 10
189.02366943359374
 20
79.9677001953125
 10
189.0592529296875
 20
80.0735595703125
 10
189.09515380859375
 20
80.1793701171875
 10
189.1314208984375
 20
80.285205078125
 10
189.16802978515625
 20
80.391064453125
 10
189.2042724609375
 20
80.4968994140625
 10
189.24019775390624
 20
80.6027587890625
 10
189.2760986328125
 20
80.70859375
 10
189.3123779296875
 20
80.8144287109375
 10
189.3489990234375
 20
80.9202880859375
 10
189.3859375
 20
81.0260986328125
 10
189.4232421875
 20
81.1319091796875
 10
189.46124267578125
 20
81.2377197265625
 10
189.49993896484375
 20
81.3435302734375
 10
189.53829345703124
 20
81.449365234375
 10
189.57525634765625
 20
81.55517578125
 10
189.61046142578124
 20
81.66103515625
 10
189.64395751953126
 20
81.7669189453125
 10
189.6757080078125
 20
81.8728271484375
 10
189.70572509765626
 20
81.9787109375
 10
189.73431396484375
 20
82.0846435546875
 10
189.76329345703124
 20
82.1902587890625
 10
189.7947021484375
 20
82.2952392578125
 10
189.83062744140625
 20
82.3989013671875
 10
189.8724365234375
 20
82.5003662109375
 10
189.921875
 20
82.59833984375
 10
189.98067626953124
 20
82.690966796875
 10
190.04957275390626
 20
82.7757080078125
 10
190.12783203125
 20
82.8504638671875
 10
190.21405029296875
 20
82.9124267578125
 10
190.3057861328125
 20
82.9591552734375
 10
190.40064697265626
 20
82.988525390625
 10
190.49512939453126
 20
82.998681640625
 10
190.58541259765624
 20
82.9890625
 10
190.66873779296876
 20
82.9603271484375
 10
190.74368896484376
 20
82.913427734375
 10
190.80889892578125
 20
82.8505126953125
 10
190.8640380859375
 20
82.774072265625
 10
190.909765625
 20
82.6868896484375
 10
190.9478515625
 20
82.5920166015625
 10
190.98072509765626
 20
82.4919921875
 10
191.0108154296875
 20
82.3885498046875
 10
191.03916015625
 20
82.2832763671875
 10
191.06785888671874
 20
82.177099609375
 10
191.09862060546874
 20
82.0705322265625
 10
191.1318359375
 20
81.9639892578125
 10
191.16783447265624
 20
81.8573974609375
 10
191.20657958984376
 20
81.7507568359375
 10
191.2474365234375
 20
81.6441162109375
 10
191.29072265625
 20
81.537451171875
 10
191.33538818359375
 20
81.4307861328125
 10
191.38076171875
 20
81.324072265625
 10
191.42716064453126
 20
81.2173828125
 10
191.47392578125
 20
81.1106689453125
 10
191.52069091796875
 20
81.003955078125
 10
191.56708984375
 20
80.8972412109375
 10
191.61246337890626
 20
80.7905517578125
 10
191.65748291015626
 20
80.683837890625
 10
191.70179443359376
 20
80.5771728515625
 10
191.74473876953124
 20
80.4705078125
 10
191.78663330078126
 20
80.3638671875
 10
191.8267822265625
 20
80.2572021484375
 10
191.8655517578125
 20
80.1505615234375
 10
191.90328369140624
 20
80.0439453125
 10
191.93892822265624
 20
79.937353515625
 10
191.97247314453125
 20
79.8307861328125
 10
192.00430908203126
 20
79.72421875
 10
192.0343994140625
 20
79.61767578125
 10
192.0637939453125
 20
79.5111572265625
 10
192.09249267578124
 20
79.404638671875
 10
192.12049560546876
 20
79.298095703125
 10
192.14884033203126
 20
79.1915771484375
 10
192.17823486328126
 20
79.0850341796875
 10
192.2083251953125
 20
78.978515625
 10
192.23875732421874
 20
78.8719482421875
 10
192.26917724609376
 20
78.7654541015625
 10
192.29925537109375
 20
78.65888671875
 10
192.32867431640625
 20
78.55234375
 10
192.3566650390625
 20
78.4458251953125
 10
192.3829345703125
 20
78.3393310546875
 10
192.40816650390624
 20
78.2328369140625
 10
192.4330322265625
 20
78.1263427734375
 10
192.45758056640625
 20
78.019873046875
 10
192.4824462890625
 20
77.9133544921875
 10
192.50836181640625
 20
77.806884765625
 10
192.53602294921876
 20
77.7003662109375
 10
192.5650634765625
 20
77.5938232421875
 10
192.5951416015625
 20
77.4872802734375
 10
192.62593994140624
 20
77.3807373046875
 10
192.6570556640625
 20
77.274169921875
 10
192.68785400390624
 20
77.167626953125
 10
192.7179443359375
 20
77.0610595703125
 10
192.74698486328126
 20
76.954541015625
 10
192.77568359375
 20
76.8480224609375
 10
192.80369873046874
 20
76.7414794921875
 10
192.83099365234375
 20
76.6349853515625
 10
192.85831298828126
 20
76.5284423828125
 10
192.88631591796874
 20
76.421923828125
 10
192.91466064453124
 20
76.3154052734375
 10
192.94300537109376
 20
76.2088623046875
 10
192.9710205078125
 20
76.10234375
 10
192.99937744140624
 20
75.9958251953125
 10
193.02772216796876
 20
75.8892822265625
 10
193.05572509765625
 20
75.7827392578125
 10
193.0830322265625
 20
75.676220703125
 10
193.1103515625
 20
75.5697265625
 10
193.1383544921875
 20
75.4632080078125
 10
193.16705322265625
 20
75.3566650390625
 10
193.19609375
 20
75.2501220703125
 10
193.22618408203124
 20
75.1435791015625
 10
193.25699462890626
 20
75.0369873046875
 10
193.2881103515625
 20
74.9304443359375
 10
193.31890869140625
 20
74.823876953125
 10
193.34898681640624
 20
74.717333984375
 10
193.37802734375
 20
74.6107666015625
 10
193.4056884765625
 20
74.504248046875
 10
193.4316162109375
 20
74.3977294921875
 10
193.45648193359375
 20
74.291259765625
 10
193.4810302734375
 20
74.184765625
 10
193.50592041015625
 20
74.078271484375
 10
193.53114013671876
 20
73.9717529296875
 10
193.55740966796876
 20
73.8652587890625
 10
193.58541259765624
 20
73.7587158203125
 10
193.61480712890625
 20
73.6521728515625
 10
193.64525146484374
 20
73.54560546875
 10
193.6763671875
 20
73.4390380859375
 10
193.70784912109374
 20
73.332470703125
 10
193.73968505859375
 20
73.2259033203125
 10
193.7715087890625
 20
73.1193115234375
 10
193.8030029296875
 20
73.012744140625
 10
193.83516845703124
 20
72.9061767578125
 10
193.86805419921876
 20
72.799560546875
 10
193.90162353515626
 20
72.6929443359375
 10
193.93587646484374
 20
72.5863525390625
 10
193.97083740234376
 20
72.479736328125
 10
194.00648193359376
 20
72.3731201171875
 10
194.0428466796875
 20
72.2664794921875
 10
194.0784912109375
 20
72.1598876953125
 10
194.1134521484375
 20
72.053271484375
 10
194.14769287109374
 20
71.9466552734375
 10
194.18126220703124
 20
71.8400634765625
 10
194.2134521484375
 20
71.7334716796875
 10
194.2435302734375
 20
71.626904296875
 10
194.27083740234374
 20
71.5203857421875
 10
194.29571533203125
 20
71.4138916015625
 10
194.316796875
 20
71.307421875
 10
194.33265380859376
 20
71.2010009765625
 10
194.34190673828124
 20
71.094677734375
 10
194.34454345703125
 20
70.988427734375
 10
194.34024658203126
 20
70.8822509765625
 10
194.32830810546875
 20
70.7761474609375
 10
194.30733642578124
 20
70.6701416015625
 10
194.27769775390624
 20
70.5642333984375
 10
194.23934326171874
 20
70.458447265625
 10
194.1923095703125
 20
70.3527099609375
 10
194.13590087890626
 20
70.2470947265625
 10
194.07010498046876
 20
70.1419189453125
 10
193.9956298828125
 20
70.0374267578125
 10
193.9138671875
 20
69.9339599609375
 10
193.82550048828125
 20
69.8318115234375
 10
193.73193359375
 20
69.731298828125
 10
193.6342041015625
 20
69.632666015625
 10
193.53333740234376
 20
69.5362548828125
 10
193.4300537109375
 20
69.44169921875
 10
193.3246826171875
 20
69.3487060546875
 10
193.21722412109375
 20
69.2570068359375
 10
193.1076904296875
 20
69.166259765625
 10
192.99571533203124
 20
69.0761474609375
 10
192.88201904296875
 20
68.9863525390625
 10
192.76728515625
 20
68.8966064453125
 10
192.65220947265624
 20
68.8065185546875
 10
192.5374755859375
 20
68.7158203125
 10
192.42376708984375
 20
68.6241943359375
 10
192.31180419921876
 20
68.5312744140625
 10
192.2022705078125
 20
68.43681640625
 10
192.09447021484374
 20
68.340478515625
 10
191.9877197265625
 20
68.2422607421875
 10
191.88167724609374
 20
68.142822265625
 10
191.77596435546874
 20
68.0427490234375
 10
191.6702392578125
 20
67.94267578125
 10
191.56419677734374
 20
67.8435302734375
 10
191.4574462890625
 20
67.7465576171875
 10
191.3507080078125
 20
67.6530029296875
 10
191.24466552734376
 20
67.5634521484375
 10
191.1389892578125
 20
67.478564453125
 10
191.03330078125
 20
67.3992431640625
 10
190.92763671875
 20
67.3267333984375
 10
190.8223388671875
 20
67.2616455078125
 10
190.71600341796875
 20
67.2040283203125
 10
190.61036376953126
 20
67.1541259765625
 10
190.50716552734374
 20
67.112548828125
 10
190.39322509765626
 20
67.0776123046875
 10
190.29459228515626
 20
67.0511474609375
 10
190.21121826171876
 20
67.0316650390625
  0
LWPOLYLINE
  5
3F
330
17
100
AcDbEntity
  8
0
100
AcDbPolyline
 90
568
 70
1
 10
206.5383056640625
 20
66.859619140625
 10
206.454150390625
 20
66.88486328125
 10
206.3747802734375
 20
66.9150634765625
 10
206.30048828125
 20
66.9503662109375
 10
206.2315185546875
 20
66.9907958984375
 10
206.1680908203125
 20
67.03642578125
 10
206.1103759765625
 20
67.087158203125
 10
206.0585205078125
 20
67.1429443359375
 10
206.0125732421875
 20
67.20361328125
 10
205.97255859375
 20
67.26904296875
 10
205.9385009765625
 20
67.339013671875
 10
205.91025390625
 20
67.413232421875
 10
205.887744140625
 20
67.4914794921875
 10
205.870751953125
 20
67.5734375
 10
205.85908203125
 20
67.6588134765625
 10
205.8525146484375
 20
67.7472412109375
 10
205.850732421875
 20
67.8385009765625
 10
205.8534423828125
 20
67.9321533203125
 10
205.8602783203125
 20
68.02802734375
 10
205.8709716796875
 20
68.125732421875
 10
205.8851318359375
 20
68.2250732421875
 10
205.90244140625
 20
68.32578125
 10
205.9225830078125
 20
68.42763671875
 10
205.94521484375
 20
68.530419921875
 10
205.97001953125
 20
68.6339599609375
 10
205.9967529296875
 20
68.7381103515625
 10
206.025146484375
 20
68.842724609375
 10
206.0549072265625
 20
68.9477294921875
 10
206.0858642578125
 20
69.0530029296875
 10
206.1177734375
 20
69.1584716796875
 10
206.1505126953125
 20
69.264111328125
 10
206.18388671875
 20
69.3698486328125
 10
206.2177978515625
 20
69.4756591796875
 10
206.252099609375
 20
69.581494140625
 10
206.2867431640625
 20
69.68740234375
 10
206.3216064453125
 20
69.7932861328125
 10
206.3566162109375
 20
69.8991943359375
 10
206.391748046875
 20
70.0051025390625
 10
206.4269287109375
 20
70.1110107421875
 10
206.4621826171875
 20
70.2169189453125
 10
206.4973876953125
 20
70.3228271484375
 10
206.532568359375
 20
70.4287841796875
 10
206.5677001953125
 20
70.5346923828125
 10
206.6027587890625
 20
70.6406005859375
 10
206.6377685546875
 20
70.7465087890625
 10
206.6726806640625
 20
70.8524169921875
 10
206.70751953125
 20
70.958349609375
 10
206.742333984375
 20
71.064306640625
 10
206.7770751953125
 20
71.17021484375
 10
206.8117919921875
 20
71.2761474609375
 10
206.846435546875
 20
71.3820556640625
 10
206.8810791015625
 20
71.4879638671875
 10
206.9156982421875
 20
71.593896484375
 10
206.9503173828125
 20
71.699853515625
 10
206.9849853515625
 20
71.8057861328125
 10
207.0196533203125
 20
71.9116943359375
 10
207.0543701171875
 20
72.0176025390625
 10
207.08916015625
 20
72.1235107421875
 10
207.1239990234375
 20
72.229443359375
 10
207.158935546875
 20
72.335400390625
 10
207.193896484375
 20
72.44130859375
 10
207.2289794921875
 20
72.5472412109375
 10
207.264111328125
 20
72.6531494140625
 10
207.299267578125
 20
72.75908203125
 10
207.3344482421875
 20
72.8649658203125
 10
207.3696533203125
 20
72.9709228515625
 10
207.4048583984375
 20
73.0768310546875
 10
207.4400146484375
 20
73.182763671875
 10
207.475146484375
 20
73.288671875
 10
207.5101806640625
 20
73.3946044921875
 10
207.5451171875
 20
73.5005126953125
 10
207.579931640625
 20
73.6064697265625
 10
207.6145751953125
 20
73.71240234375
 10
207.6490478515625
 20
73.818310546875
 10
207.6833251953125
 20
73.924267578125
 10
207.7174072265625
 20
74.0302001953125
 10
207.7512939453125
 20
74.1361572265625
 10
207.7849853515625
 20
74.24208984375
 10
207.8184814453125
 20
74.348046875
 10
207.851806640625
 20
74.4539794921875
 10
207.8849853515625
 20
74.5599365234375
 10
207.9180419921875
 20
74.6658935546875
 10
207.9509521484375
 20
74.7718505859375
 10
207.9838134765625
 20
74.877783203125
 10
208.0166259765625
 20
74.983740234375
 10
208.049462890625
 20
75.089697265625
 10
208.0822998046875
 20
75.195654296875
 10
208.115234375
 20
75.301611328125
 10
208.148291015625
 20
75.4075439453125
 10
208.1814697265625
 20
75.513525390625
 10
208.2148681640625
 20
75.6194580078125
 10
208.2484375
 20
75.725439453125
 10
208.282275390625
 20
75.8313720703125
 10
208.3163330078125
 20
75.9373291015625
 10
208.3506591796875
 20
76.0432861328125
 10
208.3852783203125
 20
76.1491943359375
 10
208.420166015625
 20
76.255126953125
 10
208.455322265625
 20
76.3610595703125
 10
208.49072265625
 20
76.4670166015625
 10
208.5263427734375
 20
76.5729248046875
 10
208.562158203125
 20
76.678857421875
 10
208.5981201171875
 20
76.7847900390625
 10
208.634228515625
 20
76.8906982421875
 10
208.6703369140625
 20
76.996630859375
 10
208.7064453125
 20
77.102587890625
 10
208.742529296875
 20
77.20849609375
 10
208.778466796875
 20
77.3144287109375
 10
208.8142333984375
 20
77.420361328125
 10
208.8497802734375
 20
77.52626953125
 10
208.8850341796875
 20
77.6322509765625
 10
208.919970703125
 20
77.73818359375
 10
208.9544921875
 20
77.844140625
 10
208.98857421875
 20
77.9500732421875
 10
209.0222412109375
 20
78.056005859375
 10
209.0554443359375
 20
78.1619873046875
 10
209.08818359375
 20
78.2679443359375
 10
209.1204345703125
 20
78.37392578125
 10
209.1522705078125
 20
78.4798583984375
 10
209.1837158203125
 20
78.585888671875
 10
209.214794921875
 20
78.6918701171875
 10
209.2455810546875
 20
78.7978515625
 10
209.2760986328125
 20
78.903857421875
 10
209.306494140625
 20
79.0098388671875
 10
209.3367919921875
 20
79.1158447265625
 10
209.367138671875
 20
79.2218505859375
 10
209.3976318359375
 20
79.32783203125
 10
209.42841796875
 20
79.433837890625
 10
209.4595703125
 20
79.5398193359375
 10
209.49130859375
 20
79.6457763671875
 10
209.52373046875
 20
79.7517333984375
 10
209.5570068359375
 20
79.8577392578125
 10
209.59130859375
 20
79.963671875
 10
209.6267822265625
 20
80.0696044921875
 10
209.6635986328125
 20
80.1755126953125
 10
209.7019775390625
 20
80.2814453125
 10
209.74208984375
 20
80.3873291015625
 10
209.7841064453125
 20
80.493212890625
 10
209.82822265625
 20
80.5990478515625
 10
209.874658203125
 20
80.7048583984375
 10
209.9235595703125
 20
80.8106201171875
 10
209.9751220703125
 20
80.91630859375
 10
210.0294921875
 20
81.02197265625
 10
210.08681640625
 20
81.1275390625
 10
210.1472412109375
 20
81.2330322265625
 10
210.2108642578125
 20
81.338427734375
 10
210.277734375
 20
81.443701171875
 10
210.3479248046875
 20
81.5488525390625
 10
210.421435546875
 20
81.6538330078125
 10
210.4982666015625
 20
81.7586181640625
 10
210.5783935546875
 20
81.8632080078125
 10
210.6616943359375
 20
81.9675537109375
 10
210.7481201171875
 20
82.071630859375
 10
210.8375732421875
 20
82.1754150390625
 10
210.929833984375
 20
82.2788818359375
 10
211.024755859375
 20
82.3820556640625
 10
211.1221923828125
 20
82.484814453125
 10
211.221875
 20
82.58720703125
 10
211.3236083984375
 20
82.68916015625
 10
211.4272705078125
 20
82.7906982421875
 10
211.532568359375
 20
82.891796875
 10
211.6393310546875
 20
82.9924560546875
 10
211.747412109375
 20
83.0926513671875
 10
211.8566162109375
 20
83.192431640625
 10
211.966748046875
 20
83.2918212890625
 10
212.0777587890625
 20
83.390771484375
 10
212.189404296875
 20
83.489404296875
 10
212.3016845703125
 20
83.5877197265625
 10
212.4144775390625
 20
83.685693359375
 10
212.5277099609375
 20
83.78349609375
 10
212.641357421875
 20
83.881103515625
 10
212.75537109375
 20
83.9785888671875
 10
212.8697021484375
 20
84.0760009765625
 10
212.984375
 20
84.173388671875
 10
213.0993408203125
 20
84.270849609375
 10
213.2146240234375
 20
84.3684326171875
 10
213.3302490234375
 20
84.466162109375
 10
213.4461669921875
 20
84.564111328125
 10
213.56240234375
 20
84.6623291015625
 10
213.678955078125
 20
84.7608154296875
 10
213.79580078125
 20
84.859619140625
 10
213.912939453125
 20
84.9587158203125
 10
214.03037109375
 20
85.0581787109375
 10
214.1480712890625
 20
85.1579833984375
 10
214.266015625
 20
85.2581298828125
 10
214.3842041015625
 20
85.358544921875
 10
214.5026123046875
 20
85.4592529296875
 10
214.6212158203125
 20
85.56015625
 10
214.739990234375
 20
85.6612548828125
 10
214.8589111328125
 20
85.7624755859375
 10
214.9780029296875
 20
85.863720703125
 10
215.0971435546875
 20
85.96494140625
 10
215.21640625
 20
86.066015625
 10
215.3357421875
 20
86.1668701171875
 10
215.455126953125
 20
86.2674072265625
 10
215.5745361328125
 20
86.3675048828125
 10
215.6940185546875
 20
86.467041015625
 10
215.8134765625
 20
86.565869140625
 10
215.9329833984375
 20
86.663818359375
 10
216.052490234375
 20
86.7607666015625
 10
216.172021484375
 20
86.856494140625
 10
216.291552734375
 20
86.950830078125
 10
216.411083984375
 20
87.0435302734375
 10
216.5306396484375
 20
87.134423828125
 10
216.6501708984375
 20
87.223193359375
 10
216.7697021484375
 20
87.3096923828125
 10
216.8892333984375
 20
87.3935791015625
 10
217.0087646484375
 20
87.4745849609375
 10
217.1282958984375
 20
87.5524658203125
 10
217.2478271484375
 20
87.626904296875
 10
217.367333984375
 20
87.6975830078125
 10
217.4868408203125
 20
87.7642578125
 10
217.6063720703125
 20
87.8266357421875
 10
217.72587890625
 20
87.884423828125
 10
217.8453857421875
 20
87.93740234375
 10
217.9648681640625
 20
87.9853271484375
 10
218.084375
 20
88.0280029296875
 10
218.203857421875
 20
88.0652099609375
 10
218.32333984375
 20
88.096826171875
 10
218.442822265625
 20
88.1227783203125
 10
218.5622802734375
 20
88.1429931640625
 10
218.6817626953125
 20
88.1573974609375
 10
218.801220703125
 20
88.1660400390625
 10
218.9206787109375
 20
88.1689697265625
 10
219.0401123046875
 20
88.1662841796875
 10
219.1595458984375
 20
88.1581298828125
 10
219.278955078125
 20
88.1446533203125
 10
219.3984130859375
 20
88.1260498046875
 10
219.517822265625
 20
88.102587890625
 10
219.6372314453125
 20
88.07451171875
 10
219.756640625
 20
88.04208984375
 10
219.8760498046875
 20
88.0055908203125
 10
219.9954345703125
 20
87.9653564453125
 10
220.1148681640625
 20
87.9216552734375
 10
220.23427734375
 20
87.8747802734375
 10
220.353662109375
 20
87.825048828125
 10
220.4730712890625
 20
87.7727294921875
 10
220.5924560546875
 20
87.718115234375
 10
220.71181640625
 20
87.6614501953125
 10
220.83125
 20
87.602978515625
 10
220.950634765625
 20
87.5429443359375
 10
221.07001953125
 20
87.4815673828125
 10
221.189404296875
 20
87.418994140625
 10
221.3088134765625
 20
87.3553955078125
 10
221.428173828125
 20
87.2909423828125
 10
221.5475830078125
 20
87.2257568359375
 10
221.6669677734375
 20
87.1599853515625
 10
221.786376953125
 20
87.0937255859375
 10
221.90576171875
 20
87.0270263671875
 10
222.0251708984375
 20
86.9599853515625
 10
222.1445556640625
 20
86.8927001953125
 10
222.26396484375
 20
86.8252197265625
 10
222.383349609375
 20
86.757568359375
 10
222.5027587890625
 20
86.68984375
 10
222.62216796875
 20
86.6220947265625
 10
222.7415771484375
 20
86.554248046875
 10
222.8609619140625
 20
86.486474609375
 10
222.98037109375
 20
86.41875
 10
223.099755859375
 20
86.3510498046875
 10
223.2191650390625
 20
86.2834716796875
 10
223.3385498046875
 20
86.215966796875
 10
223.457861328125
 20
86.14853515625
 10
223.5771728515625
 20
86.081201171875
 10
223.6964111328125
 20
86.01396484375
 10
223.8155517578125
 20
85.9467529296875
 10
223.9345947265625
 20
85.879541015625
 10
224.053466796875
 20
85.8122802734375
 10
224.1721923828125
 20
85.7449462890625
 10
224.2906494140625
 20
85.6774169921875
 10
224.4088623046875
 20
85.6096435546875
 10
224.52666015625
 20
85.5415283203125
 10
224.6440185546875
 20
85.472998046875
 10
224.7608642578125
 20
85.403955078125
 10
224.87705078125
 20
85.334228515625
 10
224.9925537109375
 20
85.26376953125
 10
225.1072021484375
 20
85.1923828125
 10
225.2209228515625
 20
85.120068359375
 10
225.333544921875
 20
85.046630859375
 10
225.4449951171875
 20
84.9719970703125
 10
225.5551513671875
 20
84.8960205078125
 10
225.6638427734375
 20
84.8186279296875
 10
225.7710205078125
 20
84.7397705078125
 10
225.8765869140625
 20
84.6593505859375
 10
225.9803955078125
 20
84.5773193359375
 10
226.0823486328125
 20
84.49365234375
 10
226.1824462890625
 20
84.40830078125
 10
226.28056640625
 20
84.3213134765625
 10
226.37666015625
 20
84.2326416015625
 10
226.470751953125
 20
84.1423095703125
 10
226.5628173828125
 20
84.0504150390625
 10
226.65283203125
 20
83.9569580078125
 10
226.7407958984375
 20
83.8620361328125
 10
226.826806640625
 20
83.7656982421875
 10
226.910888671875
 20
83.6680419921875
 10
226.9930419921875
 20
83.569189453125
 10
227.0734375
 20
83.4691650390625
 10
227.15205078125
 20
83.3681396484375
 10
227.229052734375
 20
83.2661865234375
 10
227.304443359375
 20
83.1634033203125
 10
227.3783935546875
 20
83.0598388671875
 10
227.4509521484375
 20
82.955712890625
 10
227.522216796875
 20
82.8509765625
 10
227.5923095703125
 20
82.74580078125
 10
227.6613037109375
 20
82.6402587890625
 10
227.7292724609375
 20
82.5343505859375
 10
227.796337890625
 20
82.428173828125
 10
227.8625244140625
 20
82.32177734375
 10
227.92802734375
 20
82.2152099609375
 10
227.9927978515625
 20
82.10849609375
 10
228.05693359375
 20
82.00166015625
 10
228.120556640625
 20
81.8947998046875
 10
228.1836669921875
 20
81.7878662109375
 10
228.24638671875
 20
81.680859375
 10
228.3086669921875
 20
81.5738525390625
 10
228.3706787109375
 20
81.4668212890625
 10
228.4323974609375
 20
81.3597900390625
 10
228.49384765625
 20
81.2527099609375
 10
228.555126953125
 20
81.145654296875
 10
228.616259765625
 20
81.0385986328125
 10
228.6772216796875
 20
80.93154296875
 10
228.7380615234375
 20
80.824462890625
 10
228.798876953125
 20
80.7174072265625
 10
228.859619140625
 20
80.6103271484375
 10
228.9203369140625
 20
80.503271484375
 10
228.9809814453125
 20
80.3962158203125
 10
229.0416748046875
 20
80.2891845703125
 10
229.1023681640625
 20
80.1821044921875
 10
229.1630615234375
 20
80.075048828125
 10
229.223779296875
 20
79.96796875
 10
229.284423828125
 20
79.860888671875
 10
229.3450439453125
 20
79.7538330078125
 10
229.4055419921875
 20
79.64677734375
 10
229.4658935546875
 20
79.539697265625
 10
229.525927734375
 20
79.4326416015625
 10
229.58564453125
 20
79.3255615234375
 10
229.64482421875
 20
79.2185302734375
 10
229.7033447265625
 20
79.111474609375
 10
229.7609619140625
 20
79.004443359375
 10
229.8175048828125
 20
78.8974365234375
 10
229.8726806640625
 20
78.7904541015625
 10
229.926220703125
 20
78.6835205078125
 10
229.9778076171875
 20
78.576611328125
 10
230.027099609375
 20
78.469775390625
 10
230.0737548828125
 20
78.36298828125
 10
230.1173583984375
 20
78.256298828125
 10
230.1575927734375
 20
78.1497314453125
 10
230.1940185546875
 20
78.0433349609375
 10
230.2262451171875
 20
77.9370361328125
 10
230.2539306640625
 20
77.8309326171875
 10
230.27666015625
 20
77.7250732421875
 10
230.2941650390625
 20
77.6195068359375
 10
230.3061279296875
 20
77.514208984375
 10
230.312255859375
 20
77.4092529296875
 10
230.312353515625
 20
77.3046630859375
 10
230.3061767578125
 20
77.2004638671875
 10
230.293701171875
 20
77.0967041015625
 10
230.2748291015625
 20
76.9934326171875
 10
230.2495361328125
 20
76.8906494140625
 10
230.2178955078125
 20
76.7884033203125
 10
230.17998046875
 20
76.68671875
 10
230.1359130859375
 20
76.5855712890625
 10
230.0859130859375
 20
76.485009765625
 10
230.0302001953125
 20
76.385009765625
 10
229.9690673828125
 20
76.2855224609375
 10
229.902783203125
 20
76.1865966796875
 10
229.8316650390625
 20
76.088134765625
 10
229.756005859375
 20
75.990185546875
 10
229.6761962890625
 20
75.8926513671875
 10
229.592578125
 20
75.7955322265625
 10
229.5054443359375
 20
75.6987548828125
 10
229.41513671875
 20
75.6022705078125
 10
229.32197265625
 20
75.506005859375
 10
229.22626953125
 20
75.4099365234375
 10
229.128271484375
 20
75.314013671875
 10
229.0282470703125
 20
75.2181884765625
 10
228.9264892578125
 20
75.1223388671875
 10
228.8231689453125
 20
75.026513671875
 10
228.718505859375
 20
74.930615234375
 10
228.612646484375
 20
74.8346435546875
 10
228.5058349609375
 20
74.7385498046875
 10
228.3981689453125
 20
74.6423095703125
 10
228.289794921875
 20
74.5459716796875
 10
228.180859375
 20
74.4494384765625
 10
228.0715087890625
 20
74.352734375
 10
227.961767578125
 20
74.255908203125
 10
227.851806640625
 20
74.158935546875
 10
227.7416748046875
 20
74.061865234375
 10
227.6314697265625
 20
73.9646728515625
 10
227.5212646484375
 20
73.867431640625
 10
227.4111572265625
 20
73.7701904296875
 10
227.301171875
 20
73.6729248046875
 10
227.191357421875
 20
73.5757080078125
 10
227.0817626953125
 20
73.478564453125
 10
226.9724853515625
 20
73.38154296875
 10
226.8634033203125
 20
73.28466796875
 10
226.7546875
 20
73.1879638671875
 10
226.646240234375
 20
73.09150390625
 10
226.5381103515625
 20
72.9952880859375
 10
226.4302001953125
 20
72.8993408203125
 10
226.32255859375
 20
72.8036865234375
 10
226.2151611328125
 20
72.7083740234375
 10
226.1078857421875
 20
72.61337890625
 10
226.0007568359375
 20
72.5187744140625
 10
225.8937255859375
 20
72.4245361328125
 10
225.7867431640625
 20
72.3306396484375
 10
225.6797607421875
 20
72.23720703125
 10
225.572705078125
 20
72.144189453125
 10
225.4655517578125
 20
72.051611328125
 10
225.358251953125
 20
71.95947265625
 10
225.2508056640625
 20
71.867919921875
 10
225.1430908203125
 20
71.7768798828125
 10
225.03515625
 20
71.686474609375
 10
224.926953125
 20
71.5967529296875
 10
224.81845703125
 20
71.507763671875
 10
224.70966796875
 20
71.4196044921875
 10
224.600537109375
 20
71.3323974609375
 10
224.49111328125
 20
71.2462158203125
 10
224.38134765625
 20
71.1612060546875
 10
224.271240234375
 20
71.0774658203125
 10
224.1608154296875
 20
70.995166015625
 10
224.050048828125
 20
70.914404296875
 10
223.938916015625
 20
70.8353271484375
 10
223.8274169921875
 20
70.7581298828125
 10
223.7155517578125
 20
70.6828125
 10
223.603369140625
 20
70.6095947265625
 10
223.4907470703125
 20
70.5385498046875
 10
223.3778076171875
 20
70.46982421875
 10
223.2644775390625
 20
70.40341796875
 10
223.15078125
 20
70.339453125
 10
223.0366943359375
 20
70.27802734375
 10
222.922216796875
 20
70.2191162109375
 10
222.8073486328125
 20
70.162646484375
 10
222.6920654296875
 20
70.108740234375
 10
222.5764404296875
 20
70.057275390625
 10
222.460400390625
 20
70.008203125
 10
222.34404296875
 20
69.9614501953125
 10
222.227294921875
 20
69.91689453125
 10
222.1102294921875
 20
69.8744873046875
 10
221.99287109375
 20
69.833984375
 10
221.875244140625
 20
69.7953125
 10
221.75732421875
 20
69.7583251953125
 10
221.639111328125
 20
69.7228759765625
 10
221.520751953125
 20
69.68876953125
 10
221.4021728515625
 20
69.655859375
 10
221.2833740234375
 20
69.6239990234375
 10
221.1644775390625
 20
69.5930419921875
 10
221.0454345703125
 20
69.5628662109375
 10
220.9262939453125
 20
69.53330078125
 10
220.8070556640625
 20
69.504248046875
 10
220.68779296875
 20
69.4756103515625
 10
220.5684326171875
 20
69.4472900390625
 10
220.4490478515625
 20
69.419189453125
 10
220.3296142578125
 20
69.391259765625
 10
220.2101806640625
 20
69.3634521484375
 10
220.0906982421875
 20
69.3357177734375
 10
219.9712158203125
 20
69.3080322265625
 10
219.8517333984375
 20
69.28037109375
 10
219.7322509765625
 20
69.252734375
 10
219.612744140625
 20
69.22509765625
 10
219.49326171875
 20
69.1975341796875
 10
219.373779296875
 20
69.169970703125
 10
219.2542724609375
 20
69.14248046875
 10
219.1347900390625
 20
69.115087890625
 10
219.01533203125
 20
69.0877685546875
 10
218.8958251953125
 20
69.060595703125
 10
218.776318359375
 20
69.0335693359375
 10
218.6568603515625
 20
69.0067138671875
 10
218.53740234375
 20
68.980078125
 10
218.4178955078125
 20
68.9536376953125
 10
218.2984130859375
 20
68.9274658203125
 10
218.178955078125
 20
68.901513671875
 10
218.05947265625
 20
68.8758056640625
 10
217.939990234375
 20
68.8503662109375
 10
217.8205322265625
 20
68.8251708984375
 10
217.70107421875
 20
68.8002685546875
 10
217.581591796875
 20
68.7756103515625
 10
217.4621337890625
 20
68.7511474609375
 10
217.34267578125
 20
68.7269287109375
 10
217.2232177734375
 20
68.7029052734375
 10
217.103759765625
 20
68.6790771484375
 10
216.9843017578125
 20
68.6554443359375
 10
216.8648193359375
 20
68.63193359375
 10
216.7453857421875
 20
68.6085205078125
 10
216.625927734375
 20
68.585205078125
 10
216.506494140625
 20
68.561962890625
 10
216.3870361328125
 20
68.5387451171875
 10
216.2675537109375
 20
68.5155517578125
 10
216.1481201171875
 20
68.4923095703125
 10
216.028662109375
 20
68.4690673828125
 10
215.909228515625
 20
68.4457275390625
 10
215.7897705078125
 20
68.422314453125
 10
215.6703125
 20
68.3988037109375
 10
215.55087890625
 20
68.3751708984375
 10
215.4314208984375
 20
68.3514404296875
 10
215.3119873046875
 20
68.327490234375
 10
215.1925537109375
 20
68.3034423828125
 10
215.0731201171875
 20
68.2792236328125
 10
214.9536865234375
 20
68.254833984375
 10
214.8342529296875
 20
68.230322265625
 10
214.7148193359375
 20
68.205615234375
 10
214.59541015625
 20
68.180810546875
 10
214.4759521484375
 20
68.155859375
 10
214.35654296875
 20
68.1307861328125
 10
214.2371337890625
 20
68.1055908203125
 10
214.1177001953125
 20
68.080322265625
 10
213.9982666015625
 20
68.054931640625
 10
213.8788330078125
 20
68.0294677734375
 10
213.759423828125
 20
68.00400390625
 10
213.639990234375
 20
67.9784912109375
 10
213.5205810546875
 20
67.952978515625
 10
213.401171875
 20
67.92744140625
 10
213.2817626953125
 20
67.9019775390625
 10
213.1623291015625
 20
67.876513671875
 10
213.042919921875
 20
67.8510986328125
 10
212.9235107421875
 20
67.825732421875
 10
212.8040771484375
 20
67.8004150390625
 10
212.68466796875
 20
67.775146484375
 10
212.565283203125
 20
67.75
 10
212.445849609375
 20
67.72490234375
 10
212.3264404296875
 20
67.69990234375
 10
212.207080078125
 20
67.675
 10
212.087646484375
 20
67.6502197265625
 10
211.96826171875
 20
67.62548828125
 10
211.8488525390625
 20
67.6009033203125
 10
211.729443359375
 20
67.5764404296875
 10
211.6100341796875
 20
67.55205078125
 10
211.4906494140625
 20
67.5278564453125
 10
211.371240234375
 20
67.5037841796875
 10
211.25185546875
 20
67.4798095703125
 10
211.132470703125
 20
67.456005859375
 10
211.0131103515625
 20
67.4323974609375
 10
210.893701171875
 20
67.4089111328125
 10
210.77431640625
 20
67.3855712890625
 10
210.6549560546875
 20
67.362451171875
 10
210.5355712890625
 20
67.339501953125
 10
210.416162109375
 20
67.31669921875
 10
210.29677734375
 20
67.2940673828125
 10
210.1774169921875
 20
67.27158203125
 10
210.0580322265625
 20
67.249267578125
 10
209.938671875
 20
67.2270751953125
 10
209.819287109375
 20
67.205029296875
 10
209.6999267578125
 20
67.18310546875
 10
209.5805419921875
 20
67.161279296875
 10
209.461181640625
 20
67.13955078125
 10
209.3418212890625
 20
67.1179443359375
 10
209.2224609375
 20
67.0964111328125
 10
209.103125
 20
67.0749267578125
 10
208.9838134765625
 20
67.0535888671875
 10
208.864501953125
 20
67.032373046875
 10
208.745263671875
 20
67.0113037109375
 10
208.626123046875
 20
66.9904541015625
 10
208.50712890625
 20
66.969873046875
 10
208.388232421875
 20
66.949658203125
 10
208.26962890625
 20
66.929931640625
 10
208.151318359375
 20
66.9108154296875
 10
208.033447265625
 20
66.89248046875
 10
207.91611328125
 20
66.8751220703125
 10
207.7994140625
 20
66.8589599609375
 10
207.6836181640625
 20
66.844189453125
 10
207.5688232421875
 20
66.8311279296875
 10
207.4552978515625
 20
66.82001953125
 10
207.3432861328125
 20
66.8112060546875
 10
207.233056640625
 20
66.8049560546875
 10
207.1249267578125
 20
66.801611328125
 10
207.019189453125
 20
66.8014892578125
 10
206.916162109375
 20
66.8048583984375
 10
206.8161865234375
 20
66.812109375
 10
206.719677734375
 20
66.8234619140625
 10
206.6269287109375
 20
66.8392333984375
  0
LWPOLYLINE
  5
40
330
17
100
AcDbEntity
  8
0
100
AcDbPolyline
 90
281
 70
1
 10
182.76142578125
 20
65.1708984375
 10
182.57611083984375
 20
65.183837890625
 10
182.4907470703125
 20
65.1922119140625
 10
182.3887451171875
 20
65.2038818359375
 10
182.2697265625
 20
65.219140625
 10
182.1593994140625
 20
65.2370849609375
 10
182.0442138671875
 20
65.258203125
 10
181.92659912109374
 20
65.2827392578125
 10
181.8090087890625
 20
65.3100830078125
 10
181.6903564453125
 20
65.3398681640625
 10
181.57138671875
 20
65.3718505859375
 10
181.45240478515626
 20
65.405712890625
 10
181.3334228515625
 20
65.4413818359375
 10
181.21444091796874
 20
65.478955078125
 10
181.0954833984375
 20
65.517431640625
 10
180.97650146484375
 20
65.557177734375
 10
180.8575439453125
 20
65.5975341796875
 10
180.73858642578125
 20
65.6378662109375
 10
180.61962890625
 20
65.678173828125
 10
180.50067138671875
 20
65.717919921875
 10
180.3817138671875
 20
65.7563720703125
 10
180.26275634765625
 20
65.7939453125
 10
180.14378662109374
 20
65.829931640625
 10
180.0248291015625
 20
65.864697265625
 10
179.90587158203124
 20
65.8985595703125
 10
179.78690185546876
 20
65.9314453125
 10
179.6679443359375
 20
65.963720703125
 10
179.54898681640626
 20
65.995703125
 10
179.43001708984374
 20
66.0273681640625
 10
179.3110595703125
 20
66.0590087890625
 10
179.19210205078124
 20
66.0906982421875
 10
179.07315673828126
 20
66.1226806640625
 10
178.95421142578124
 20
66.15556640625
 10
178.83525390625
 20
66.1900146484375
 10
178.71630859375
 20
66.2266357421875
 10
178.59737548828124
 20
66.2663818359375
 10
178.47879638671876
 20
66.310107421875
 10
178.3609130859375
 20
66.3587646484375
 10
178.24405517578126
 20
66.4126708984375
 10
178.1289794921875
 20
66.471533203125
 10
178.01632080078124
 20
66.535009765625
 10
177.90714111328126
 20
66.603076171875
 10
177.8024658203125
 20
66.6751220703125
 10
177.70267333984376
 20
66.750537109375
 10
177.6080810546875
 20
66.828955078125
 10
177.51939697265624
 20
66.910400390625
 10
177.4362548828125
 20
66.99521484375
 10
177.3586669921875
 20
67.083642578125
 10
177.2859375
 20
67.1754638671875
 10
177.21771240234375
 20
67.27060546875
 10
177.1540283203125
 20
67.3691162109375
 10
177.0951904296875
 20
67.4703125
 10
177.04051513671874
 20
67.5736572265625
 10
176.9906982421875
 20
67.6785400390625
 10
176.94573974609375
 20
67.784228515625
 10
176.90565185546876
 20
67.8905029296875
 10
176.86971435546874
 20
67.9970458984375
 10
176.83724365234374
 20
68.103564453125
 10
176.8065185546875
 20
68.2100341796875
 10
176.77716064453125
 20
68.3165283203125
 10
176.74781494140626
 20
68.4229736328125
 10
176.7174072265625
 20
68.5294677734375
 10
176.68599853515624
 20
68.6359375
 10
176.65386962890625
 20
68.7424560546875
 10
176.62138671875
 20
68.8489501953125
 10
176.58995361328124
 20
68.9554443359375
 10
176.55992431640624
 20
69.0619140625
 10
176.5316162109375
 20
69.1683837890625
 10
176.50538330078126
 20
69.2747802734375
 10
176.48055419921874
 20
69.381201171875
 10
176.4560546875
 20
69.4876220703125
 10
176.43087158203124
 20
69.5940185546875
 10
176.40394287109376
 20
69.7004638671875
 10
176.37459716796874
 20
69.80693359375
 10
176.3431640625
 20
69.9134033203125
 10
176.30965576171874
 20
70.019921875
 10
176.2744140625
 20
70.1264404296875
 10
176.23880615234376
 20
70.2329833984375
 10
176.20390625
 20
70.339501953125
 10
176.17005615234376
 20
70.4460205078125
 10
176.13760986328126
 20
70.552490234375
 10
176.10584716796876
 20
70.6589599609375
 10
176.07474365234376
 20
70.7654541015625
 10
176.0443603515625
 20
70.8719482421875
 10
176.01361083984375
 20
70.97841796875
 10
175.9825439453125
 20
71.084912109375
 10
175.95147705078125
 20
71.1913818359375
 10
175.92039794921874
 20
71.2978759765625
 10
175.88966064453126
 20
71.4043212890625
 10
175.85926513671876
 20
71.5108154296875
 10
175.8292236328125
 20
71.6172607421875
 10
175.79989013671874
 20
71.7237060546875
 10
175.7705322265625
 20
71.8301513671875
 10
175.74014892578126
 20
71.93662109375
 10
175.7087158203125
 20
72.043115234375
 10
175.67625732421874
 20
72.1495849609375
 10
175.64310302734376
 20
72.256103515625
 10
175.6095947265625
 20
72.36259765625
 10
175.57607421875
 20
72.469091796875
 10
175.54293212890624
 20
72.5756103515625
 10
175.5114990234375
 20
72.6820556640625
 10
175.4821533203125
 20
72.788525390625
 10
175.45489501953125
 20
72.894970703125
 10
175.42901611328125
 20
73.0013916015625
 10
175.40382080078126
 20
73.1077880859375
 10
175.37864990234374
 20
73.2141845703125
 10
175.35347900390624
 20
73.3205810546875
 10
175.32723388671874
 20
73.4269775390625
 10
175.2992919921875
 20
73.5334228515625
 10
175.26993408203126
 20
73.6398681640625
 10
175.23955078125
 20
73.746337890625
 10
175.2084716796875
 20
73.8528076171875
 10
175.17705078125
 20
73.9593017578125
 10
175.1452880859375
 20
74.065771484375
 10
175.11351318359374
 20
74.1722412109375
 10
175.08209228515625
 20
74.2786865234375
 10
175.0503173828125
 20
74.3851806640625
 10
175.0185546875
 20
74.491650390625
 10
174.98712158203125
 20
74.5981201171875
 10
174.95638427734374
 20
74.7046142578125
 10
174.92672119140624
 20
74.8110595703125
 10
174.89840087890624
 20
74.91748046875
 10
174.87183837890626
 20
75.0239013671875
 10
174.8476806640625
 20
75.1302978515625
 10
174.82529296875
 20
75.236669921875
 10
174.80391845703124
 20
75.343017578125
 10
174.78289794921875
 20
75.4493896484375
 10
174.76187744140626
 20
75.555712890625
 10
174.74051513671876
 20
75.6620849609375
 10
174.71810302734374
 20
75.7684814453125
 10
174.6939697265625
 20
75.874853515625
 10
174.66878662109374
 20
75.98125
 10
174.64324951171875
 20
76.087646484375
 10
174.61806640625
 20
76.1940673828125
 10
174.5932373046875
 20
76.3004150390625
 10
174.56842041015625
 20
76.4068359375
 10
174.5442626953125
 20
76.5132080078125
 10
174.5215087890625
 20
76.619580078125
 10
174.49979248046876
 20
76.7259521484375
 10
174.4787841796875
 20
76.8322998046875
 10
174.45810546875
 20
76.9386474609375
 10
174.4374267578125
 20
77.0449951171875
 10
174.41744384765624
 20
77.1513427734375
 10
174.39781494140624
 20
77.257666015625
 10
174.37781982421876
 20
77.3639892578125
 10
174.35714111328124
 20
77.4703369140625
 10
174.3354248046875
 20
77.5766845703125
 10
174.3123291015625
 20
77.683056640625
 10
174.28887939453125
 20
77.789453125
 10
174.26507568359375
 20
77.895849609375
 10
174.24163818359375
 20
78.002197265625
 10
174.22061767578126
 20
78.1085693359375
 10
174.2044677734375
 20
78.21455078125
 10
174.19591064453124
 20
78.3195556640625
 10
174.19813232421876
 20
78.4225341796875
 10
174.2124755859375
 20
78.522314453125
 10
174.241015625
 20
78.6170166015625
 10
174.28514404296874
 20
78.7040771484375
 10
174.34453125
 20
78.7804931640625
 10
174.41812744140626
 20
78.8437255859375
 10
174.5041748046875
 20
78.89169921875
 10
174.59991455078125
 20
78.9225341796875
 10
174.7032470703125
 20
78.934716796875
 10
174.8114013671875
 20
78.928271484375
 10
174.92197265625
 20
78.9044921875
 10
175.03321533203126
 20
78.8658447265625
 10
175.14375
 20
78.8142333984375
 10
175.2525390625
 20
78.7517822265625
 10
175.3599365234375
 20
78.6809814453125
 10
175.46627197265624
 20
78.604638671875
 10
175.572265625
 20
78.5239501953125
 10
175.67860107421876
 20
78.43955078125
 10
175.7859619140625
 20
78.3514404296875
 10
175.89505615234376
 20
78.260498046875
 10
176.00660400390626
 20
78.1673828125
 10
176.11986083984374
 20
78.0723876953125
 10
176.23416748046876
 20
77.975537109375
 10
176.34881591796875
 20
77.8780517578125
 10
176.4631103515625
 20
77.7811767578125
 10
176.57637939453124
 20
77.686181640625
 10
176.6879150390625
 20
77.59306640625
 10
176.79666748046876
 20
77.5018310546875
 10
176.9030029296875
 20
77.4124755859375
 10
177.00728759765624
 20
77.325
 10
177.10980224609375
 20
77.238134765625
 10
177.21094970703126
 20
77.1507080078125
 10
177.3110595703125
 20
77.06142578125
 10
177.41046142578125
 20
76.9699462890625
 10
177.5102294921875
 20
76.876025390625
 10
177.6103271484375
 20
76.7793212890625
 10
177.71075439453125
 20
76.6794677734375
 10
177.8115478515625
 20
76.5771728515625
 10
177.91268310546874
 20
76.4733154296875
 10
178.01416015625
 20
76.3688232421875
 10
178.1159912109375
 20
76.2643310546875
 10
178.21783447265625
 20
76.160498046875
 10
178.3196533203125
 20
76.057861328125
 10
178.421484375
 20
75.9573974609375
 10
178.5229736328125
 20
75.860009765625
 10
178.6234375
 20
75.766064453125
 10
178.72354736328126
 20
75.6752197265625
 10
178.82125244140624
 20
75.5890380859375
 10
178.91444091796876
 20
75.5090576171875
 10
179.0138671875
 20
75.4275146484375
 10
179.09874267578124
 20
75.359130859375
 10
179.16943359375
 20
75.3029296875
 10
179.3211982159088
 20
75.18676003356063
 10
181.82190418235373
 20
72.93511426777386
 10
181.9496826171875
 20
72.7745361328125
 10
182.0106201171875
 20
72.70234375
 10
182.08404541015625
 20
72.6169921875
 10
182.1706298828125
 20
72.5184814453125
 10
182.25377197265624
 20
72.4293212890625
 10
182.34176025390624
 20
72.3366943359375
 10
182.43250732421876
 20
72.242138671875
 10
182.525
 20
72.147314453125
 10
182.619921875
 20
72.0505859375
 10
182.71727294921874
 20
71.9519287109375
 10
182.81636962890624
 20
71.851123046875
 10
182.91683349609374
 20
71.7484619140625
 10
183.01868896484376
 20
71.6442138671875
 10
183.12159423828126
 20
71.5386962890625
 10
183.22413330078126
 20
71.432275390625
 10
183.32564697265624
 20
71.325244140625
 10
183.4250732421875
 20
71.2179443359375
 10
183.52171630859374
 20
71.1106689453125
 10
183.61455078125
 20
71.0033935546875
 10
183.7021728515625
 20
70.8962158203125
 10
183.78389892578124
 20
70.7890869140625
 10
183.85904541015626
 20
70.68203125
 10
183.92655029296876
 20
70.575048828125
 10
183.9860595703125
 20
70.4681640625
 10
184.03690185546876
 20
70.361376953125
 10
184.07872314453124
 20
70.2547119140625
 10
184.1118896484375
 20
70.148095703125
 10
184.1363525390625
 20
70.0416015625
 10
184.15281982421874
 20
69.935205078125
 10
184.16202392578126
 20
69.8288818359375
 10
184.16392822265624
 20
69.7226318359375
 10
184.1592529296875
 20
69.6164794921875
 10
184.1493408203125
 20
69.5103515625
 10
184.13529052734376
 20
69.404296875
 10
184.1177734375
 20
69.2982666015625
 10
184.09713134765624
 20
69.1922607421875
 10
184.0737060546875
 20
69.086328125
 10
184.04854736328124
 20
68.98037109375
 10
184.0223388671875
 20
68.8744384765625
 10
183.99473876953124
 20
68.7685302734375
 10
183.96541748046874
 20
68.66259765625
 10
183.93470458984376
 20
68.5567138671875
 10
183.90294189453124
 20
68.45087890625
 10
183.87049560546876
 20
68.3449951171875
 10
183.83770751953125
 20
68.23916015625
 10
183.80491943359374
 20
68.1332763671875
 10
183.77247314453126
 20
68.0274169921875
 10
183.74071044921874
 20
67.9215576171875
 10
183.70999755859376
 20
67.8156982421875
 10
183.6806884765625
 20
67.7097900390625
 10
183.6531005859375
 20
67.6038818359375
 10
183.62689208984375
 20
67.4979248046875
 10
183.6013916015625
 20
67.3920166015625
 10
183.5769287109375
 20
67.286083984375
 10
183.55384521484376
 20
67.180126953125
 10
183.53145751953124
 20
67.0741455078125
 10
183.50908203125
 20
66.9681884765625
 10
183.48602294921875
 20
66.8622314453125
 10
183.4615478515625
 20
66.7562744140625
 10
183.43603515625
 20
66.650341796875
 10
183.4087890625
 20
66.5444091796875
 10
183.3787841796875
 20
66.4385498046875
 10
183.34632568359376
 20
66.3326904296875
 10
183.3114501953125
 20
66.2268798828125
 10
183.2738037109375
 20
66.1210693359375
 10
183.2340576171875
 20
66.0156005859375
 10
183.19189453125
 20
65.9111083984375
 10
183.14559326171874
 20
65.8066650390625
 10
183.09683837890626
 20
65.7043701171875
 10
183.04635009765624
 20
65.6064697265625
 10
182.9840576171875
 20
65.5009521484375
 10
182.9283935546875
 20
65.410546875
 10
182.87933349609375
 20
65.334912109375
  0
LWPOLYLINE
  5
41
330
17
100
AcDbEntity
  8
0
100
AcDbPolyline
 90
241
 70
1
 10
198.00787353515625
 20
64.7851806640625
 10
197.86500244140626
 20
64.9525390625
 10
197.80521240234376
 20
65.029541015625
 10
197.7374267578125
 20
65.1215576171875
 10
197.66234130859374
 20
65.2288818359375
 10
197.6025390625
 20
65.3282470703125
 10
197.5465576171875
 20
65.43193359375
 10
197.4957763671875
 20
65.5377197265625
 10
197.45091552734374
 20
65.6434326171875
 10
197.41058349609375
 20
65.750048828125
 10
197.37408447265625
 20
65.8569091796875
 10
197.34068603515624
 20
65.9637451171875
 10
197.30869140625
 20
66.0705810546875
 10
197.277734375
 20
66.177392578125
 10
197.2478271484375
 20
66.2841796875
 10
197.2189453125
 20
66.390966796875
 10
197.19007568359376
 20
66.4977294921875
 10
197.16156005859375
 20
66.6045166015625
 10
197.13375244140624
 20
66.711279296875
 10
197.1069580078125
 20
66.8180419921875
 10
197.08052978515624
 20
66.9247802734375
 10
197.05372314453126
 20
67.0315185546875
 10
197.026953125
 20
67.1383056640625
 10
197.00086669921876
 20
67.2450439453125
 10
196.97479248046875
 20
67.3517822265625
 10
196.94798583984374
 20
67.458544921875
 10
196.92086181640624
 20
67.5653076171875
 10
196.8940673828125
 20
67.6720458984375
 10
196.868359375
 20
67.778759765625
 10
196.84329833984376
 20
67.8855224609375
 10
196.81826171875
 20
67.9922607421875
 10
196.79390869140624
 20
68.098974609375
 10
196.77093505859375
 20
68.2056884765625
 10
196.74866943359376
 20
68.3123779296875
 10
196.72640380859374
 20
68.4190673828125
 10
196.7034423828125
 20
68.5257568359375
 10
196.67943115234374
 20
68.632470703125
 10
196.65509033203125
 20
68.739208984375
 10
196.63004150390626
 20
68.8459228515625
 10
196.60396728515624
 20
68.952685546875
 10
196.57786865234374
 20
69.059423828125
 10
196.55316162109375
 20
69.1661376953125
 10
196.53160400390624
 20
69.2728271484375
 10
196.51490478515626
 20
69.3794677734375
 10
196.5041015625
 20
69.48603515625
 10
196.5009521484375
 20
69.592529296875
 10
196.50751953125
 20
69.6989013671875
 10
196.5252197265625
 20
69.80517578125
 10
196.55474853515625
 20
69.910986328125
 10
196.5960693359375
 20
70.0160400390625
 10
196.64954833984376
 20
70.120068359375
 10
196.7152099609375
 20
70.2226806640625
 10
196.79229736328125
 20
70.3236083984375
 10
196.87913818359374
 20
70.4225830078125
 10
196.97362060546874
 20
70.5193115234375
 10
197.07401123046876
 20
70.614111328125
 10
197.17857666015624
 20
70.70703125
 10
197.28450927734374
 20
70.7977294921875
 10
197.39080810546875
 20
70.8865966796875
 10
197.4939697265625
 20
70.9720703125
 10
197.5915771484375
 20
71.0526611328125
 10
197.69439697265625
 20
71.136279296875
 10
197.78157958984374
 20
71.2070556640625
 10
197.85347900390624
 20
71.2652587890625
 10
198.00592525317217
 20
71.38594180675537
 10
204.84066925705739
 20
77.12097297960663
 10
205.0263671875
 20
77.2440673828125
 10
205.1119384765625
 20
77.3043212890625
 10
205.2141845703125
 20
77.3777099609375
 10
205.333447265625
 20
77.46455078125
 10
205.4440673828125
 20
77.5487060546875
 10
205.5595458984375
 20
77.6365478515625
 10
205.6774658203125
 20
77.724365234375
 10
205.795361328125
 20
77.808740234375
 10
205.9142822265625
 20
77.8875732421875
 10
206.033203125
 20
77.9573974609375
 10
206.1510498046875
 20
78.0145263671875
 10
206.2668701171875
 20
78.055908203125
 10
206.3794677734375
 20
78.0789794921875
 10
206.4875244140625
 20
78.0825927734375
 10
206.589306640625
 20
78.0658447265625
 10
206.682373046875
 20
78.0290283203125
 10
206.7649658203125
 20
77.9737060546875
 10
206.8360595703125
 20
77.902734375
 10
206.8953125
 20
77.819140625
 10
206.942041015625
 20
77.726416015625
 10
206.9759033203125
 20
77.62734375
 10
206.997216796875
 20
77.524365234375
 10
207.0080810546875
 20
77.4193115234375
 10
207.0099365234375
 20
77.3134033203125
 10
207.0037841796875
 20
77.2072998046875
 10
206.9903076171875
 20
77.1012939453125
 10
206.9709228515625
 20
76.9952880859375
 10
206.9473876953125
 20
76.889404296875
 10
206.9210205078125
 20
76.78349609375
 10
206.8919189453125
 20
76.67763671875
 10
206.860693359375
 20
76.5718017578125
 10
206.8281005859375
 20
76.465966796875
 10
206.794775390625
 20
76.3601806640625
 10
206.760791015625
 20
76.254345703125
 10
206.7261474609375
 20
76.148583984375
 10
206.6907470703125
 20
76.0427734375
 10
206.655029296875
 20
75.9369873046875
 10
206.619287109375
 20
75.831201171875
 10
206.5835693359375
 20
75.7254150390625
 10
206.5478515625
 20
75.61962890625
 10
206.5131591796875
 20
75.5138427734375
 10
206.4798583984375
 20
75.4080322265625
 10
206.4479736328125
 20
75.302197265625
 10
206.4174560546875
 20
75.1963623046875
 10
206.387646484375
 20
75.09052734375
 10
206.35888671875
 20
74.9846435546875
 10
206.3311279296875
 20
74.8787841796875
 10
206.3033935546875
 20
74.772900390625
 10
206.2749755859375
 20
74.667041015625
 10
206.2462158203125
 20
74.561181640625
 10
206.21708984375
 20
74.4553466796875
 10
206.1879638671875
 20
74.3494873046875
 10
206.158154296875
 20
74.2436279296875
 10
206.127978515625
 20
74.1378173828125
 10
206.0978271484375
 20
74.031982421875
 10
206.0679931640625
 20
73.926123046875
 10
206.037841796875
 20
73.820263671875
 10
206.007666015625
 20
73.7144287109375
 10
205.9778564453125
 20
73.6085693359375
 10
205.9487548828125
 20
73.5027099609375
 10
205.91962890625
 20
73.396875
 10
205.890869140625
 20
73.291015625
 10
205.86279296875
 20
73.18515625
 10
205.8357666015625
 20
73.0792724609375
 10
205.8091064453125
 20
72.9734130859375
 10
205.7820556640625
 20
72.867529296875
 10
205.7546875
 20
72.7616455078125
 10
205.727294921875
 20
72.6557861328125
 10
205.69921875
 20
72.5499267578125
 10
205.6697509765625
 20
72.4440673828125
 10
205.6388671875
 20
72.338232421875
 10
205.606982421875
 20
72.232421875
 10
205.5743896484375
 20
72.126611328125
 10
205.5410888671875
 20
72.0208251953125
 10
205.5071044921875
 20
71.9150390625
 10
205.4727783203125
 20
71.8092529296875
 10
205.4380859375
 20
71.703466796875
 10
205.403076171875
 20
71.5976806640625
 10
205.3677001953125
 20
71.4919189453125
 10
205.331982421875
 20
71.3861328125
 10
205.2959228515625
 20
71.28037109375
 10
205.2594970703125
 20
71.1745849609375
 10
205.2227294921875
 20
71.0688232421875
 10
205.186669921875
 20
70.9630615234375
 10
205.1516357421875
 20
70.8572998046875
 10
205.117626953125
 20
70.751513671875
 10
205.084716796875
 20
70.6457275390625
 10
205.053125
 20
70.539892578125
 10
205.022998046875
 20
70.4340576171875
 10
204.9942138671875
 20
70.3281982421875
 10
204.9657958984375
 20
70.22236328125
 10
204.936669921875
 20
70.1165283203125
 10
204.9068603515625
 20
70.010693359375
 10
204.8763427734375
 20
69.9048583984375
 10
204.8441162109375
 20
69.799072265625
 10
204.8101318359375
 20
69.69326171875
 10
204.7744140625
 20
69.5875244140625
 10
204.73695068359376
 20
69.4817626953125
 10
204.6988037109375
 20
69.376025390625
 10
204.65994873046876
 20
69.2702880859375
 10
204.6200439453125
 20
69.1645751953125
 10
204.5801513671875
 20
69.0588623046875
 10
204.5402587890625
 20
68.9531494140625
 10
204.5003662109375
 20
68.847412109375
 10
204.4611572265625
 20
68.7416748046875
 10
204.42230224609375
 20
68.6359619140625
 10
204.38380126953126
 20
68.530224609375
 10
204.34669189453126
 20
68.424462890625
 10
204.31063232421874
 20
68.3187255859375
 10
204.27559814453124
 20
68.212939453125
 10
204.2412841796875
 20
68.107177734375
 10
204.2072998046875
 20
68.0013916015625
 10
204.1736572265625
 20
67.89560546875
 10
204.14036865234374
 20
67.789794921875
 10
204.1060546875
 20
67.684033203125
 10
204.0706787109375
 20
67.5782470703125
 10
204.03426513671874
 20
67.472509765625
 10
203.9974853515625
 20
67.3667724609375
 10
203.96038818359375
 20
67.2610107421875
 10
203.9229248046875
 20
67.1552734375
 10
203.88477783203126
 20
67.049560546875
 10
203.84661865234375
 20
66.9438232421875
 10
203.80777587890626
 20
66.8381103515625
 10
203.76717529296874
 20
66.7327392578125
 10
203.72344970703125
 20
66.628271484375
 10
203.6752197265625
 20
66.52578125
 10
203.6207275390625
 20
66.426123046875
 10
203.5589599609375
 20
66.33056640625
 10
203.48848876953124
 20
66.2404052734375
 10
203.40899658203125
 20
66.1571533203125
 10
203.32081298828126
 20
66.0817138671875
 10
203.2242919921875
 20
66.0144775390625
 10
203.1204833984375
 20
65.9547119140625
 10
203.01112060546876
 20
65.9021728515625
 10
202.8975830078125
 20
65.855859375
 10
202.78128662109376
 20
65.8148681640625
 10
202.66326904296875
 20
65.777587890625
 10
202.54420166015626
 20
65.742822265625
 10
202.42479248046874
 20
65.7095947265625
 10
202.30538330078124
 20
65.6782470703125
 10
202.18597412109375
 20
65.648095703125
 10
202.0665771484375
 20
65.618896484375
 10
201.94716796875
 20
65.590625
 10
201.8277587890625
 20
65.563623046875
 10
201.7083740234375
 20
65.537841796875
 10
201.58897705078124
 20
65.51328125
 10
201.4696044921875
 20
65.4890380859375
 10
201.3501953125
 20
65.4651123046875
 10
201.23079833984374
 20
65.4415283203125
 10
201.11142578125
 20
65.4176025390625
 10
200.9920654296875
 20
65.3927490234375
 10
200.87266845703124
 20
65.3672607421875
 10
200.75328369140624
 20
65.3411865234375
 10
200.63389892578124
 20
65.314794921875
 10
200.51451416015624
 20
65.2884033203125
 10
200.39512939453124
 20
65.2623046875
 10
200.27576904296876
 20
65.2368408203125
 10
200.1563720703125
 20
65.2122802734375
 10
200.03701171875
 20
65.1880615234375
 10
199.91763916015626
 20
65.1641357421875
 10
199.79825439453126
 20
65.1405517578125
 10
199.67889404296875
 20
65.1166259765625
 10
199.55950927734375
 20
65.0917724609375
 10
199.44013671875
 20
65.0662841796875
 10
199.32078857421874
 20
65.0402099609375
 10
199.20142822265626
 20
65.0137939453125
 10
199.08204345703126
 20
64.9874267578125
 10
198.96302490234376
 20
64.961328125
 10
198.84505615234374
 20
64.9361572265625
 10
198.72711181640625
 20
64.9122314453125
 10
198.61158447265626
 20
64.8894775390625
 10
198.50091552734375
 20
64.8685546875
 10
198.38157958984374
 20
64.8474365234375
 10
198.27928466796874
 20
64.8298095703125
 10
198.19368896484374
 20
64.815380859375
  0
LWPOLYLINE
  5
42
330
17
100
AcDbEntity
  8
0
100
AcDbPolyline
 90
247
 70
1
 10
177.0435546875
 20
60.5651123046875
 10
176.85924072265624
 20
60.462255859375
 10
176.77432861328126
 20
60.4222900390625
 10
176.67286376953126
 20
60.3782958984375
 10
176.55450439453125
 20
60.3305908203125
 10
176.4447998046875
 20
60.2956787109375
 10
176.3302490234375
 20
60.2630859375
 10
176.21329345703126
 20
60.2332763671875
 10
176.09635009765626
 20
60.2062744140625
 10
175.9783447265625
 20
60.179296875
 10
175.8600341796875
 20
60.1523193359375
 10
175.74169921875
 20
60.125341796875
 10
175.6233642578125
 20
60.098046875
 10
175.5050537109375
 20
60.0714111328125
 10
175.38671875
 20
60.0456787109375
 10
175.26839599609374
 20
60.0211669921875
 10
175.15009765625
 20
59.9982177734375
 10
175.03179931640625
 20
59.976171875
 10
174.91346435546876
 20
59.9544677734375
 10
174.79515380859374
 20
59.9333740234375
 10
174.67685546875
 20
59.911962890625
 10
174.55855712890624
 20
59.8896240234375
 10
174.44024658203125
 20
59.866650390625
 10
174.32193603515626
 20
59.8430908203125
 10
174.20362548828126
 20
59.819189453125
 10
174.0853271484375
 20
59.7953369140625
 10
173.96702880859374
 20
59.7705078125
 10
173.84873046875
 20
59.7450927734375
 10
173.73043212890624
 20
59.7193603515625
 10
173.61212158203125
 20
59.6923828125
 10
173.49381103515626
 20
59.664208984375
 10
173.3755126953125
 20
59.6347412109375
 10
173.25721435546876
 20
59.604052734375
 10
173.13892822265626
 20
59.573388671875
 10
173.02060546875
 20
59.5429931640625
 10
172.9023193359375
 20
59.513232421875
 10
172.7840087890625
 20
59.4856201171875
 10
172.66572265625
 20
59.4608154296875
 10
172.54744873046874
 20
59.4394287109375
 10
172.42918701171874
 20
59.4223388671875
 10
172.3109130859375
 20
59.4099365234375
 10
172.1926513671875
 20
59.403076171875
 10
172.07440185546875
 20
59.4030517578125
 10
171.95616455078124
 20
59.410400390625
 10
171.83829345703126
 20
59.426416015625
 10
171.7211181640625
 20
59.45234375
 10
171.6050048828125
 20
59.4887939453125
 10
171.49029541015625
 20
59.5360595703125
 10
171.37733154296876
 20
59.593798828125
 10
171.26646728515624
 20
59.6611083984375
 10
171.15804443359374
 20
59.7367431640625
 10
171.05135498046874
 20
59.8188720703125
 10
170.94571533203126
 20
59.9058837890625
 10
170.8404296875
 20
59.9966552734375
 10
170.73480224609375
 20
60.090185546875
 10
170.628125
 20
60.1859130859375
 10
170.52008056640625
 20
60.2835205078125
 10
170.41029052734376
 20
60.382958984375
 10
170.2994873046875
 20
60.484619140625
 10
170.18831787109374
 20
60.5881103515625
 10
170.07786865234374
 20
60.6931640625
 10
169.969140625
 20
60.7994140625
 10
169.86319580078126
 20
60.90625
 10
169.76002197265626
 20
61.0130615234375
 10
169.65960693359375
 20
61.1192138671875
 10
169.56163330078124
 20
61.2240966796875
 10
169.46573486328126
 20
61.3274169921875
 10
169.37088623046876
 20
61.42890625
 10
169.27635498046874
 20
61.527880859375
 10
169.18182373046875
 20
61.624365234375
 10
169.08729248046876
 20
61.719921875
 10
168.99483642578124
 20
61.812939453125
 10
168.90650634765626
 20
61.9019287109375
 10
168.81373291015626
 20
61.9992919921875
 10
168.73468017578125
 20
62.083154296875
 10
168.6694091796875
 20
62.1540283203125
 10
168.5341125787847
 20
62.311402268431586
 10
164.62126766635794
 20
65.83454365229086
 10
164.48209228515626
 20
65.9666748046875
 10
164.41317138671874
 20
66.03056640625
 10
164.32874755859376
 20
66.10859375
 10
164.22845458984375
 20
66.2013916015625
 10
164.1302001953125
 20
66.2916748046875
 10
164.0264404296875
 20
66.388525390625
 10
163.92060546875
 20
66.489697265625
 10
163.81651611328124
 20
66.59306640625
 10
163.71624755859375
 20
66.6985595703125
 10
163.62186279296876
 20
66.805224609375
 10
163.53544921875
 20
66.9123779296875
 10
163.45908203125
 20
67.0197509765625
 10
163.3937744140625
 20
67.127001953125
 10
163.34029541015624
 20
67.234130859375
 10
163.29891357421874
 20
67.3407958984375
 10
163.26964111328124
 20
67.4464111328125
 10
163.2531982421875
 20
67.55
 10
163.24989013671876
 20
67.650048828125
 10
163.25975341796874
 20
67.744384765625
 10
163.28345947265626
 20
67.830517578125
 10
163.32135009765625
 20
67.9056884765625
 10
163.37342529296876
 20
67.9673828125
 10
163.43934326171876
 20
68.0137939453125
 10
163.5180419921875
 20
68.0436279296875
 10
163.6081298828125
 20
68.0569580078125
 10
163.70792236328126
 20
68.0553466796875
 10
163.8149658203125
 20
68.040966796875
 10
163.92718505859375
 20
68.01630859375
 10
164.04287109375
 20
67.984521484375
 10
164.16063232421874
 20
67.948388671875
 10
164.27943115234376
 20
67.910009765625
 10
164.39859619140626
 20
67.8713623046875
 10
164.51773681640626
 20
67.833056640625
 10
164.63687744140626
 20
67.7953369140625
 10
164.7560302734375
 20
67.7588623046875
 10
164.87518310546875
 20
67.723291015625
 10
164.99432373046875
 20
67.6883544921875
 10
165.11348876953124
 20
67.654345703125
 10
165.2326416015625
 20
67.620947265625
 10
165.35179443359374
 20
67.58818359375
 10
165.4709716796875
 20
67.555712890625
 10
165.59012451171876
 20
67.5232666015625
 10
165.70928955078125
 20
67.4907958984375
 10
165.82845458984374
 20
67.458349609375
 10
165.94764404296876
 20
67.4258544921875
 10
166.06680908203126
 20
67.393408203125
 10
166.18599853515624
 20
67.3609619140625
 10
166.30516357421874
 20
67.3294189453125
 10
166.42432861328126
 20
67.298828125
 10
166.54351806640625
 20
67.269140625
 10
166.66270751953124
 20
67.240380859375
 10
166.78189697265626
 20
67.2116455078125
 10
166.90107421875
 20
67.1828857421875
 10
167.02025146484374
 20
67.1541259765625
 10
167.13944091796876
 20
67.124462890625
 10
167.25863037109374
 20
67.094140625
 10
167.37781982421876
 20
67.063232421875
 10
167.49700927734375
 20
67.031689453125
 10
167.6162109375
 20
67.00078125
 10
167.73541259765625
 20
66.970458984375
 10
167.85460205078124
 20
66.940771484375
 10
167.97379150390626
 20
66.9120361328125
 10
168.09298095703124
 20
66.8835693359375
 10
168.21219482421876
 20
66.8557373046875
 10
168.33140869140624
 20
66.8285400390625
 10
168.45059814453126
 20
66.8010009765625
 10
168.56981201171874
 20
66.773193359375
 10
168.68902587890625
 20
66.7450439453125
 10
168.8082275390625
 20
66.7165771484375
 10
168.92744140625
 20
66.688134765625
 10
169.0466552734375
 20
66.6587646484375
 10
169.16585693359374
 20
66.6284423828125
 10
169.28507080078126
 20
66.5974853515625
 10
169.40428466796874
 20
66.565966796875
 10
169.52349853515625
 20
66.5337890625
 10
169.64268798828124
 20
66.5010009765625
 10
169.76190185546875
 20
66.4676025390625
 10
169.88111572265626
 20
66.434521484375
 10
170.00032958984374
 20
66.4017333984375
 10
170.1195556640625
 20
66.369287109375
 10
170.23876953125
 20
66.3374267578125
 10
170.3579833984375
 20
66.306494140625
 10
170.47720947265626
 20
66.276513671875
 10
170.59644775390626
 20
66.2474365234375
 10
170.71566162109374
 20
66.219287109375
 10
170.83489990234375
 20
66.1923583984375
 10
170.95413818359376
 20
66.1670166015625
 10
171.07340087890626
 20
66.1428955078125
 10
171.19263916015626
 20
66.1197021484375
 10
171.31187744140624
 20
66.0980224609375
 10
171.4311279296875
 20
66.078857421875
 10
171.550390625
 20
66.0624755859375
 10
171.66964111328124
 20
66.049169921875
 10
171.78892822265624
 20
66.0392578125
 10
171.90819091796874
 20
66.0333740234375
 10
172.0274658203125
 20
66.0321533203125
 10
172.14676513671876
 20
66.0349365234375
 10
172.26605224609375
 20
66.0402099609375
 10
172.3853515625
 20
66.0467041015625
 10
172.50465087890626
 20
66.0529052734375
 10
172.62393798828126
 20
66.0572509765625
 10
172.7432373046875
 20
66.058203125
 10
172.86251220703124
 20
66.0538818359375
 10
172.9818115234375
 20
66.0436767578125
 10
173.10107421875
 20
66.027880859375
 10
173.22034912109376
 20
66.0065673828125
 10
173.33961181640626
 20
65.9805419921875
 10
173.4588623046875
 20
65.9508544921875
 10
173.578125
 20
65.9183837890625
 10
173.69739990234376
 20
65.88466796875
 10
173.81666259765626
 20
65.8503173828125
 10
173.9359130859375
 20
65.815673828125
 10
174.05517578125
 20
65.7819580078125
 10
174.17442626953124
 20
65.7494384765625
 10
174.29371337890626
 20
65.718212890625
 10
174.41297607421876
 20
65.687890625
 10
174.53223876953126
 20
65.657861328125
 10
174.65152587890626
 20
65.6275390625
 10
174.77080078125
 20
65.59599609375
 10
174.8897216796875
 20
65.5610107421875
 10
175.00792236328124
 20
65.5205322265625
 10
175.12476806640626
 20
65.4728759765625
 10
175.23916015625
 20
65.417236328125
 10
175.35008544921874
 20
65.3526611328125
 10
175.4561279296875
 20
65.278857421875
 10
175.55556640625
 20
65.196142578125
 10
175.6477294921875
 20
65.1057861328125
 10
175.73154296875
 20
65.0096435546875
 10
175.80706787109375
 20
64.9092529296875
 10
175.8749267578125
 20
64.805859375
 10
175.93551025390624
 20
64.7006591796875
 10
175.98984375
 20
64.5946533203125
 10
176.0400146484375
 20
64.4883544921875
 10
176.08671875
 20
64.3821044921875
 10
176.13134765625
 20
64.2758544921875
 10
176.17391357421874
 20
64.169677734375
 10
176.2143798828125
 20
64.0635009765625
 10
176.25345458984376
 20
63.95732421875
 10
176.29150390625
 20
63.851171875
 10
176.32745361328125
 20
63.7450439453125
 10
176.36170654296876
 20
63.6389404296875
 10
176.39417724609376
 20
63.5328369140625
 10
176.4259765625
 20
63.4267333984375
 10
176.45709228515625
 20
63.3206787109375
 10
176.4875
 20
63.214599609375
 10
176.5172119140625
 20
63.1085205078125
 10
176.54727783203126
 20
63.0024658203125
 10
176.57769775390625
 20
62.8964111328125
 10
176.60843505859376
 20
62.7903076171875
 10
176.63955078125
 20
62.6842529296875
 10
176.67205810546875
 20
62.5781494140625
 10
176.7059326171875
 20
62.4720703125
 10
176.74119873046874
 20
62.3658935546875
 10
176.77750244140626
 20
62.2597900390625
 10
176.81451416015625
 20
62.1536376953125
 10
176.85185546875
 20
62.0474853515625
 10
176.8881591796875
 20
61.941357421875
 10
176.9217041015625
 20
61.835205078125
 10
176.95177001953124
 20
61.729150390625
 10
176.97767333984376
 20
61.6231201171875
 10
176.99871826171875
 20
61.5171630859375
 10
177.0149169921875
 20
61.4115478515625
 10
177.02625732421876
 20
61.3069091796875
 10
177.03377685546874
 20
61.20234375
 10
177.03853759765624
 20
61.0999755859375
 10
177.04117431640626
 20
61.001904296875
 10
177.0424560546875
 20
60.8961669921875
 10
177.04300537109376
 20
60.8055419921875
 10
177.04317626953124
 20
60.7297119140625
  0
LWPOLYLINE
  5
43
330
17
100
AcDbEntity
  8
0
100
AcDbPolyline
 90
282
 70
1
 10
203.3667724609375
 20
59.622314453125
 10
203.36702880859374
 20
59.787744140625
 10
203.36749267578125
 20
59.8639404296875
 10
203.3686767578125
 20
59.955029296875
 10
203.3712890625
 20
60.0612548828125
 10
203.3759521484375
 20
60.159716796875
 10
203.38341064453124
 20
60.2624755859375
 10
203.39434814453125
 20
60.3673828125
 10
203.40982666015626
 20
60.4722412109375
 10
203.4298095703125
 20
60.5779541015625
 10
203.4543212890625
 20
60.683935546875
 10
203.4822998046875
 20
60.7898681640625
 10
203.51307373046876
 20
60.8957763671875
 10
203.54591064453126
 20
61.0016357421875
 10
203.58016357421874
 20
61.1075439453125
 10
203.6140625
 20
61.2134033203125
 10
203.647265625
 20
61.319287109375
 10
203.6794189453125
 20
61.425146484375
 10
203.71121826171876
 20
61.5310546875
 10
203.74267578125
 20
61.6369384765625
 10
203.77381591796876
 20
61.742822265625
 10
203.8045654296875
 20
61.8487548828125
 10
203.83603515625
 20
61.954638671875
 10
203.8681884765625
 20
62.0605224609375
 10
203.9010498046875
 20
62.16640625
 10
203.9342529296875
 20
62.2722900390625
 10
203.9674560546875
 20
62.378173828125
 10
204.00064697265626
 20
62.484033203125
 10
204.03385009765626
 20
62.5899658203125
 10
204.06669921875
 20
62.695849609375
 10
204.09886474609374
 20
62.8017578125
 10
204.12998046875
 20
62.9076416015625
 10
204.16005859375
 20
63.01357421875
 10
204.1897705078125
 20
63.119482421875
 10
204.21878662109376
 20
63.225439453125
 10
204.24677734375
 20
63.3313720703125
 10
204.27371826171876
 20
63.4373291015625
 10
204.30030517578126
 20
63.54326171875
 10
204.3276123046875
 20
63.64921875
 10
204.35560302734376
 20
63.7551513671875
 10
204.38392333984376
 20
63.8611083984375
 10
204.4133056640625
 20
63.967041015625
 10
204.44478759765624
 20
64.0729248046875
 10
204.47867431640626
 20
64.1788330078125
 10
204.51534423828124
 20
64.2846923828125
 10
204.5544677734375
 20
64.390185546875
 10
204.5970458984375
 20
64.4947509765625
 10
204.6445068359375
 20
64.59736328125
 10
204.69822998046874
 20
64.6968017578125
 10
204.75887451171874
 20
64.791552734375
 10
204.8275146484375
 20
64.8796630859375
 10
204.9045166015625
 20
64.959033203125
 10
204.99052734375
 20
65.028076171875
 10
205.0852294921875
 20
65.08583984375
 10
205.187548828125
 20
65.132373046875
 10
205.2957763671875
 20
65.168310546875
 10
205.4085205078125
 20
65.194873046875
 10
205.5243896484375
 20
65.2139892578125
 10
205.6423583984375
 20
65.228125
 10
205.7613525390625
 20
65.2394775390625
 10
205.880712890625
 20
65.249853515625
 10
206.000048828125
 20
65.2599365234375
 10
206.1194091796875
 20
65.2699951171875
 10
206.2387451171875
 20
65.2801025390625
 10
206.3580810546875
 20
65.2898681640625
 10
206.4774169921875
 20
65.298388671875
 10
206.5967529296875
 20
65.3047607421875
 10
206.7160888671875
 20
65.3080322265625
 10
206.835400390625
 20
65.3081787109375
 10
206.954736328125
 20
65.3052490234375
 10
207.074072265625
 20
65.29921875
 10
207.1933837890625
 20
65.290087890625
 10
207.3127197265625
 20
65.2787841796875
 10
207.4320556640625
 20
65.266552734375
 10
207.5513916015625
 20
65.254638671875
 10
207.6707275390625
 20
65.2439453125
 10
207.7900634765625
 20
65.2357177734375
 10
207.909375
 20
65.2312744140625
 10
208.0287353515625
 20
65.2320556640625
 10
208.148095703125
 20
65.238720703125
 10
208.2674560546875
 20
65.2510009765625
 10
208.3868408203125
 20
65.268505859375
 10
208.5062255859375
 20
65.2909912109375
 10
208.6256103515625
 20
65.3172119140625
 10
208.74501953125
 20
65.3458740234375
 10
208.864404296875
 20
65.374853515625
 10
208.9838134765625
 20
65.4023193359375
 10
209.103173828125
 20
65.4272705078125
 10
209.2225830078125
 20
65.4488525390625
 10
209.3419677734375
 20
65.4660400390625
 10
209.4613525390625
 20
65.4789306640625
 10
209.580712890625
 20
65.487451171875
 10
209.7001220703125
 20
65.4928955078125
 10
209.819482421875
 20
65.496484375
 10
209.9388427734375
 20
65.49912109375
 10
210.058251953125
 20
65.5017578125
 10
210.1776123046875
 20
65.505322265625
 10
210.2969970703125
 20
65.5104736328125
 10
210.4163818359375
 20
65.5180908203125
 10
210.5357666015625
 20
65.5278564453125
 10
210.65517578125
 20
65.5394775390625
 10
210.774560546875
 20
65.552685546875
 10
210.8939453125
 20
65.5671142578125
 10
211.0133544921875
 20
65.582470703125
 10
211.132763671875
 20
65.5987548828125
 10
211.2521728515625
 20
65.6150146484375
 10
211.3716064453125
 20
65.6313232421875
 10
211.491015625
 20
65.647607421875
 10
211.6104248046875
 20
65.664208984375
 10
211.729833984375
 20
65.6814208984375
 10
211.8492431640625
 20
65.6998779296875
 10
211.9686767578125
 20
65.719287109375
 10
212.0881103515625
 20
65.7402099609375
 10
212.2075439453125
 20
65.763330078125
 10
212.326953125
 20
65.7892578125
 10
212.4464111328125
 20
65.8176025390625
 10
212.5658447265625
 20
65.8484619140625
 10
212.6852783203125
 20
65.8808837890625
 10
212.804736328125
 20
65.9148193359375
 10
212.924169921875
 20
65.9500244140625
 10
213.0436279296875
 20
65.9852294921875
 10
213.1630859375
 20
66.0192138671875
 10
213.2825439453125
 20
66.051611328125
 10
213.402001953125
 20
66.0812255859375
 10
213.521435546875
 20
66.107763671875
 10
213.6408935546875
 20
66.1305908203125
 10
213.7603271484375
 20
66.1490478515625
 10
213.8797607421875
 20
66.1634765625
 10
213.9991943359375
 20
66.174169921875
 10
214.118603515625
 20
66.1811279296875
 10
214.2380126953125
 20
66.1856689453125
 10
214.3574462890625
 20
66.188623046875
 10
214.4768798828125
 20
66.190966796875
 10
214.5963134765625
 20
66.1939208984375
 10
214.7157470703125
 20
66.1984619140625
 10
214.8351806640625
 20
66.2054443359375
 10
214.954638671875
 20
66.2158447265625
 10
215.074072265625
 20
66.2293701171875
 10
215.1935302734375
 20
66.245947265625
 10
215.31298828125
 20
66.2659912109375
 10
215.432470703125
 20
66.2887939453125
 10
215.5519287109375
 20
66.3140869140625
 10
215.6714111328125
 20
66.3415283203125
 10
215.7908935546875
 20
66.370849609375
 10
215.9103759765625
 20
66.4026611328125
 10
216.0298583984375
 20
66.4369140625
 10
216.149365234375
 20
66.47275390625
 10
216.2688232421875
 20
66.51015625
 10
216.388330078125
 20
66.5481201171875
 10
216.5078369140625
 20
66.5861328125
 10
216.6273193359375
 20
66.6235595703125
 10
216.746826171875
 20
66.6593505859375
 10
216.8663330078125
 20
66.6927001953125
 10
216.9858154296875
 20
66.7232421875
 10
217.105322265625
 20
66.7501220703125
 10
217.2247802734375
 20
66.77294921875
 10
217.3439208984375
 20
66.7901611328125
 10
217.46201171875
 20
66.7999755859375
 10
217.5780029296875
 20
66.8001953125
 10
217.690478515625
 20
66.78896484375
 10
217.7977294921875
 20
66.764794921875
 10
217.8976318359375
 20
66.7267333984375
 10
217.9874267578125
 20
66.6741943359375
 10
218.0646728515625
 20
66.6084716796875
 10
218.1272705078125
 20
66.5314697265625
 10
218.173486328125
 20
66.445654296875
 10
218.2019287109375
 20
66.3537841796875
 10
218.2119384765625
 20
66.258447265625
 10
218.2031494140625
 20
66.1617919921875
 10
218.176611328125
 20
66.0656005859375
 10
218.1336669921875
 20
65.9702392578125
 10
218.0760986328125
 20
65.8756591796875
 10
218.0060302734375
 20
65.7818359375
 10
217.925830078125
 20
65.6884521484375
 10
217.8373046875
 20
65.5951416015625
 10
217.7425048828125
 20
65.501611328125
 10
217.642822265625
 20
65.4074951171875
 10
217.539306640625
 20
65.313427734375
 10
217.432666015625
 20
65.2200439453125
 10
217.3232177734375
 20
65.1272705078125
 10
217.2110107421875
 20
65.0351806640625
 10
217.096728515625
 20
64.9437255859375
 10
216.9806884765625
 20
64.8529052734375
 10
216.863232421875
 20
64.762744140625
 10
216.7447509765625
 20
64.6729248046875
 10
216.6256103515625
 20
64.5830810546875
 10
216.5060791015625
 20
64.4929443359375
 10
216.3869140625
 20
64.4021728515625
 10
216.2684814453125
 20
64.31044921875
 10
216.1510498046875
 20
64.2177978515625
 10
216.0353515625
 20
64.1241943359375
 10
215.922119140625
 20
64.029638671875
 10
215.81201171875
 20
63.934130859375
 10
215.7057373046875
 20
63.8382568359375
 10
215.6029296875
 20
63.7426513671875
 10
215.503271484375
 20
63.6479248046875
 10
215.4063720703125
 20
63.554150390625
 10
215.3112548828125
 20
63.4612548828125
 10
215.216796875
 20
63.369287109375
 10
215.122021484375
 20
63.278564453125
 10
215.0261962890625
 20
63.189404296875
 10
214.930029296875
 20
63.1024169921875
 10
214.8328369140625
 20
63.017626953125
 10
214.736669921875
 20
62.9368408203125
 10
214.6439697265625
 20
62.8618896484375
 10
214.5443359375
 20
62.787060546875
 10
214.4590087890625
 20
62.724755859375
 10
214.387939453125
 20
62.674365234375
 10
214.23540912813746
 20
62.573765983103655
 10
211.71443861962388
 20
60.38231975362696
 10
211.568212890625
 20
60.258642578125
 10
211.4975341796875
 20
60.1973876953125
 10
211.4115478515625
 20
60.1220458984375
 10
211.309912109375
 20
60.0320068359375
 10
211.2120849609375
 20
59.9428466796875
 10
211.1083251953125
 20
59.8475341796875
 10
211.001806640625
 20
59.748583984375
 10
210.8956298828125
 20
59.6483154296875
 10
210.790478515625
 20
59.5474853515625
 10
210.687060546875
 20
59.4472412109375
 10
210.5857666015625
 20
59.3485107421875
 10
210.4865478515625
 20
59.2522216796875
 10
210.389404296875
 20
59.158154296875
 10
210.2929931640625
 20
59.0658447265625
 10
210.195849609375
 20
58.9751220703125
 10
210.0966552734375
 20
58.885986328125
 10
209.99501953125
 20
58.7984375
 10
209.890576171875
 20
58.712744140625
 10
209.7830322265625
 20
58.6286865234375
 10
209.672021484375
 20
58.547119140625
 10
209.5582275390625
 20
58.4693359375
 10
209.442333984375
 20
58.396826171875
 10
209.3250732421875
 20
58.330517578125
 10
209.2067626953125
 20
58.2716796875
 10
209.0877685546875
 20
58.2209228515625
 10
208.9684814453125
 20
58.1794677734375
 10
208.849169921875
 20
58.147607421875
 10
208.7298583984375
 20
58.125341796875
 10
208.610595703125
 20
58.112060546875
 10
208.491357421875
 20
58.107470703125
 10
208.3720947265625
 20
58.1109619140625
 10
208.252880859375
 20
58.122216796875
 10
208.1336669921875
 20
58.1399169921875
 10
208.014453125
 20
58.1632568359375
 10
207.8952392578125
 20
58.1908935546875
 10
207.776025390625
 20
58.2219970703125
 10
207.6568115234375
 20
58.255517578125
 10
207.537646484375
 20
58.290283203125
 10
207.4184326171875
 20
58.325048828125
 10
207.2992431640625
 20
58.3595458984375
 10
207.1800537109375
 20
58.3933837890625
 10
207.0608642578125
 20
58.426611328125
 10
206.9416748046875
 20
58.4592041015625
 10
206.8224853515625
 20
58.4912109375
 10
206.7032958984375
 20
58.522900390625
 10
206.5841064453125
 20
58.5545654296875
 10
206.4649169921875
 20
58.5865478515625
 10
206.345751953125
 20
58.6191650390625
 10
206.2265625
 20
58.652392578125
 10
206.107373046875
 20
58.686279296875
 10
205.9881591796875
 20
58.721044921875
 10
205.868994140625
 20
58.7567138671875
 10
205.7498291015625
 20
58.793359375
 10
205.6306396484375
 20
58.8300048828125
 10
205.511474609375
 20
58.866015625
 10
205.3923095703125
 20
58.901416015625
 10
205.2731201171875
 20
58.9364990234375
 10
205.153955078125
 20
58.970654296875
 10
205.0347900390625
 20
59.003857421875
 10
204.915625
 20
59.0361328125
 10
204.7964599609375
 20
59.06875
 10
204.67728271484376
 20
59.1019775390625
 10
204.55814208984376
 20
59.1361328125
 10
204.43897705078126
 20
59.1708740234375
 10
204.32017822265624
 20
59.206884765625
 10
204.2024169921875
 20
59.2444580078125
 10
204.08466796875
 20
59.285400390625
 10
203.96934814453124
 20
59.328173828125
 10
203.85889892578126
 20
59.3721435546875
 10
203.73975830078126
 20
59.426416015625
 10
203.63765869140624
 20
59.475244140625
 10
203.55223388671874
 20
59.5183349609375
  0
LWPOLYLINE
  5
44
330
17
100
AcDbEntity
  8
0
100
AcDbPolyline
 90
488
 70
1
 10
169.07421875
 20
59.065771484375
 10
168.8885498046875
 20
58.9373779296875
 10
168.80301513671876
 20
58.881494140625
 10
168.70079345703124
 20
58.816796875
 10
168.58154296875
 20
58.743603515625
 10
168.47100830078125
 20
58.681494140625
 10
168.3555908203125
 20
58.6212890625
 10
168.2377685546875
 20
58.5651611328125
 10
168.1199462890625
 20
58.5154541015625
 10
168.00108642578124
 20
58.4716796875
 10
167.88189697265625
 20
58.4341064453125
 10
167.76270751953126
 20
58.4030029296875
 10
167.6435302734375
 20
58.377783203125
 10
167.52435302734375
 20
58.3569091796875
 10
167.4052001953125
 20
58.3391357421875
 10
167.28604736328126
 20
58.3225830078125
 10
167.16690673828126
 20
58.3063232421875
 10
167.04774169921876
 20
58.2898193359375
 10
166.9285888671875
 20
58.272021484375
 10
166.80943603515624
 20
58.2523681640625
 10
166.69027099609374
 20
58.2315185546875
 10
166.5711181640625
 20
58.209716796875
 10
166.45196533203125
 20
58.1876220703125
 10
166.33280029296876
 20
58.164892578125
 10
166.2136474609375
 20
58.1412109375
 10
166.09449462890626
 20
58.117236328125
 10
165.97532958984374
 20
58.0932861328125
 10
165.85618896484374
 20
58.068701171875
 10
165.7370361328125
 20
58.043798828125
 10
165.61788330078124
 20
58.018896484375
 10
165.49874267578124
 20
57.9946533203125
 10
165.37960205078124
 20
57.9712890625
 10
165.26046142578124
 20
57.9482666015625
 10
165.14130859375
 20
57.925830078125
 10
165.02216796875
 20
57.9046630859375
 10
164.90303955078124
 20
57.8843994140625
 10
164.7839111328125
 20
57.864453125
 10
164.66478271484374
 20
57.844189453125
 10
164.54564208984374
 20
57.823974609375
 10
164.42652587890626
 20
57.804296875
 10
164.3073974609375
 20
57.7849853515625
 10
164.18826904296876
 20
57.765380859375
 10
164.069140625
 20
57.7451171875
 10
163.9500244140625
 20
57.724560546875
 10
163.83089599609374
 20
57.7039794921875
 10
163.71177978515624
 20
57.6828125
 10
163.5926513671875
 20
57.660400390625
 10
163.47352294921876
 20
57.6361572265625
 10
163.35440673828126
 20
57.6103271484375
 10
163.2352783203125
 20
57.583251953125
 10
163.11614990234375
 20
57.5549560546875
 10
162.99703369140624
 20
57.525439453125
 10
162.8779052734375
 20
57.494970703125
 10
162.75877685546874
 20
57.4635986328125
 10
162.6396484375
 20
57.4322265625
 10
162.5205322265625
 20
57.400830078125
 10
162.40140380859376
 20
57.369482421875
 10
162.28228759765625
 20
57.338427734375
 10
162.16317138671874
 20
57.3079833984375
 10
162.04405517578124
 20
57.2784423828125
 10
161.92496337890626
 20
57.2507568359375
 10
161.80584716796875
 20
57.224951171875
 10
161.68673095703124
 20
57.201318359375
 10
161.56763916015626
 20
57.180126953125
 10
161.44854736328125
 20
57.160791015625
 10
161.32945556640624
 20
57.142724609375
 10
161.21036376953126
 20
57.1252685546875
 10
161.09127197265624
 20
57.1075439453125
 10
160.97218017578126
 20
57.088818359375
 10
160.8531005859375
 20
57.0685546875
 10
160.7340087890625
 20
57.0461669921875
 10
160.6149169921875
 20
57.022216796875
 10
160.4958251953125
 20
56.9970458984375
 10
160.3767333984375
 20
56.9709228515625
 10
160.2576416015625
 20
56.944482421875
 10
160.13857421875
 20
56.918017578125
 10
160.01947021484375
 20
56.8919189453125
 10
159.900390625
 20
56.86640625
 10
159.78131103515625
 20
56.8408935546875
 10
159.66221923828124
 20
56.8154052734375
 10
159.5431640625
 20
56.789892578125
 10
159.42406005859374
 20
56.7637939453125
 10
159.30499267578125
 20
56.737353515625
 10
159.18592529296876
 20
56.7109375
 10
159.06685791015624
 20
56.684521484375
 10
158.94776611328126
 20
56.6583984375
 10
158.82869873046874
 20
56.6329345703125
 10
158.70963134765626
 20
56.608349609375
 10
158.59056396484374
 20
56.585009765625
 10
158.4715087890625
 20
56.5623046875
 10
158.35242919921876
 20
56.539599609375
 10
158.23336181640624
 20
56.5168701171875
 10
158.11431884765625
 20
56.4941650390625
 10
157.99525146484376
 20
56.470849609375
 10
157.8761962890625
 20
56.4462646484375
 10
157.75712890625
 20
56.420751953125
 10
157.6380615234375
 20
56.394677734375
 10
157.5190185546875
 20
56.3682373046875
 10
157.39993896484376
 20
56.3415283203125
 10
157.2808837890625
 20
56.3144775390625
 10
157.16182861328124
 20
56.287451171875
 10
157.04278564453125
 20
56.2607177734375
 10
156.92374267578126
 20
56.233349609375
 10
156.80469970703126
 20
56.2053955078125
 10
156.68564453125
 20
56.1767822265625
 10
156.5666015625
 20
56.147900390625
 10
156.44755859375
 20
56.118701171875
 10
156.328515625
 20
56.089208984375
 10
156.20947265625
 20
56.0593994140625
 10
156.09041748046874
 20
56.0302001953125
 10
155.97137451171875
 20
56.001611328125
 10
155.85233154296876
 20
55.9736572265625
 10
155.73328857421876
 20
55.945703125
 10
155.61424560546874
 20
55.9180419921875
 10
155.49521484375
 20
55.8906982421875
 10
155.376171875
 20
55.863671875
 10
155.25712890625
 20
55.8369384765625
 10
155.13809814453126
 20
55.8108154296875
 10
155.0190673828125
 20
55.7856689453125
 10
154.9000732421875
 20
55.7620361328125
 10
154.78104248046876
 20
55.7393310546875
 10
154.66202392578126
 20
55.7178466796875
 10
154.54300537109376
 20
55.6979248046875
 10
154.4239990234375
 20
55.679248046875
 10
154.30498046875
 20
55.6614990234375
 10
154.18597412109375
 20
55.6443603515625
 10
154.06697998046874
 20
55.6275390625
 10
153.9479736328125
 20
55.6119384765625
 10
153.82896728515624
 20
55.5975830078125
 10
153.70997314453126
 20
55.5844970703125
 10
153.59097900390626
 20
55.5728759765625
 10
153.47198486328125
 20
55.5631591796875
 10
153.35302734375
 20
55.5556396484375
 10
153.23404541015626
 20
55.550537109375
 10
153.11505126953125
 20
55.547314453125
 10
152.99608154296874
 20
55.545654296875
 10
152.8771240234375
 20
55.5455078125
 10
152.75814208984374
 20
55.546923828125
 10
152.6391845703125
 20
55.5498779296875
 10
152.52022705078124
 20
55.5543701171875
 10
152.40126953125
 20
55.5604248046875
 10
152.28232421875
 20
55.5686767578125
 10
152.16337890625
 20
55.579638671875
 10
152.04443359375
 20
55.593408203125
 10
151.92550048828124
 20
55.6099609375
 10
151.8065673828125
 20
55.6296142578125
 10
151.68763427734376
 20
55.6526611328125
 10
151.56873779296876
 20
55.6794189453125
 10
151.44981689453124
 20
55.7095703125
 10
151.33092041015624
 20
55.742822265625
 10
151.21201171875
 20
55.7788330078125
 10
151.09312744140624
 20
55.8173583984375
 10
150.97423095703124
 20
55.8573974609375
 10
150.85533447265624
 20
55.898046875
 10
150.73643798828124
 20
55.938427734375
 10
150.617578125
 20
55.9778076171875
 10
150.49866943359376
 20
56.0156982421875
 10
150.37978515625
 20
56.0520751953125
 10
150.26087646484376
 20
56.086865234375
 10
150.14200439453126
 20
56.1203857421875
 10
150.02310791015626
 20
56.1530029296875
 10
149.90421142578126
 20
56.185009765625
 10
149.78533935546875
 20
56.2167236328125
 10
149.6664306640625
 20
56.2484130859375
 10
149.54755859375
 20
56.2801025390625
 10
149.42867431640624
 20
56.312109375
 10
149.3097900390625
 20
56.3444091796875
 10
149.19090576171874
 20
56.3770263671875
 10
149.07200927734374
 20
56.4099609375
 10
148.95313720703126
 20
56.443212890625
 10
148.83426513671876
 20
56.4767578125
 10
148.71539306640625
 20
56.510595703125
 10
148.59652099609374
 20
56.5441650390625
 10
148.47764892578124
 20
56.577392578125
 10
148.35877685546876
 20
56.6103271484375
 10
148.23990478515626
 20
56.6432373046875
 10
148.12103271484375
 20
56.676171875
 10
148.0021728515625
 20
56.709130859375
 10
147.88331298828126
 20
56.7420166015625
 10
147.7644287109375
 20
56.7752685546875
 10
147.64556884765625
 20
56.8088134765625
 10
147.52672119140624
 20
56.8426513671875
 10
147.40784912109376
 20
56.8761962890625
 10
147.2889892578125
 20
56.909423828125
 10
147.17012939453124
 20
56.9423583984375
 10
147.05128173828126
 20
56.9749755859375
 10
146.93243408203125
 20
57.007275390625
 10
146.81357421875
 20
57.0392578125
 10
146.6947265625
 20
57.070947265625
 10
146.57587890625
 20
57.1026611328125
 10
146.45703125
 20
57.134326171875
 10
146.33818359375
 20
57.166015625
 10
146.2193359375
 20
57.197705078125
 10
146.10048828125
 20
57.2293701171875
 10
145.98162841796875
 20
57.2610595703125
 10
145.86278076171874
 20
57.2927490234375
 10
145.74393310546876
 20
57.3241455078125
 10
145.62509765625
 20
57.3552001953125
 10
145.50625
 20
57.3859619140625
 10
145.38740234375
 20
57.41640625
 10
145.2685791015625
 20
57.446533203125
 10
145.14974365234374
 20
57.4763671875
 10
145.03089599609376
 20
57.506201171875
 10
144.91207275390624
 20
57.5369384765625
 10
144.7932373046875
 20
57.568603515625
 10
144.6744140625
 20
57.6015625
 10
144.55557861328126
 20
57.635986328125
 10
144.43675537109374
 20
57.672021484375
 10
144.3179443359375
 20
57.7098876953125
 10
144.19912109375
 20
57.748974609375
 10
144.08033447265626
 20
57.7883544921875
 10
143.96151123046874
 20
57.8283935546875
 10
143.84271240234375
 20
57.868408203125
 10
143.7239013671875
 20
57.9078125
 10
143.605078125
 20
57.9466064453125
 10
143.48629150390624
 20
57.984130859375
 10
143.36748046875
 20
58.020751953125
 10
143.24866943359376
 20
58.0567626953125
 10
143.12987060546874
 20
58.0915283203125
 10
143.01103515625
 20
58.1256591796875
 10
142.89224853515626
 20
58.1601318359375
 10
142.7738037109375
 20
58.1955078125
 10
142.65638427734376
 20
58.2323974609375
 10
142.53896484375
 20
58.2730224609375
 10
142.4239990234375
 20
58.3167236328125
 10
142.31387939453126
 20
58.3631103515625
 10
142.1951171875
 20
58.422607421875
 10
142.09329833984376
 20
58.476611328125
 10
142.00814208984374
 20
58.524560546875
 10
141.82328907981798
 20
58.64228343081258
 10
141.96567533791278
 20
66.79958669381112
 10
142.0367431640625
 20
66.9638671875
 10
142.06988525390625
 20
67.0395751953125
 10
142.11024169921876
 20
67.130029296875
 10
142.15855712890624
 20
67.2355224609375
 10
142.2051513671875
 20
67.3333251953125
 10
142.2562255859375
 20
67.4353759765625
 10
142.3111083984375
 20
67.5395751953125
 10
142.36907958984375
 20
67.643701171875
 10
142.43017578125
 20
67.7488037109375
 10
142.493359375
 20
67.8541259765625
 10
142.55792236328125
 20
67.9594482421875
 10
142.6235107421875
 20
68.064794921875
 10
142.689453125
 20
68.170068359375
 10
142.75538330078126
 20
68.275390625
 10
142.82098388671875
 20
68.380712890625
 10
142.88623046875
 20
68.4860107421875
 10
142.95216064453126
 20
68.5913330078125
 10
143.01881103515626
 20
68.696630859375
 10
143.08612060546875
 20
68.8019287109375
 10
143.1541259765625
 20
68.9072021484375
 10
143.22283935546875
 20
69.0125
 10
143.2922607421875
 20
69.1177734375
 10
143.36236572265625
 20
69.223046875
 10
143.4321044921875
 20
69.3283203125
 10
143.50150146484376
 20
69.43359375
 10
143.57056884765626
 20
69.5388671875
 10
143.6392822265625
 20
69.6441650390625
 10
143.7076416015625
 20
69.7494384765625
 10
143.77601318359376
 20
69.854736328125
 10
143.84437255859376
 20
69.9600341796875
 10
143.9130859375
 20
70.0653564453125
 10
143.98214111328124
 20
70.1706298828125
 10
144.05155029296876
 20
70.275927734375
 10
144.12164306640625
 20
70.3812255859375
 10
144.19244384765625
 20
70.486474609375
 10
144.2632080078125
 20
70.591748046875
 10
144.3343505859375
 20
70.6969970703125
 10
144.4058349609375
 20
70.8022705078125
 10
144.4780029296875
 20
70.90751953125
 10
144.55087890625
 20
71.0127685546875
 10
144.62374267578124
 20
71.1180419921875
 10
144.69696044921875
 20
71.2232666015625
 10
144.77086181640624
 20
71.3285400390625
 10
144.84476318359376
 20
71.4337646484375
 10
144.91866455078124
 20
71.539013671875
 10
144.99188232421875
 20
71.6442138671875
 10
145.06474609375
 20
71.749462890625
 10
145.1379638671875
 20
71.854736328125
 10
145.21116943359374
 20
71.9599853515625
 10
145.2850830078125
 20
72.065234375
 10
145.36038818359376
 20
72.1704833984375
 10
145.43775634765626
 20
72.2757080078125
 10
145.51822509765626
 20
72.380859375
 10
145.60181884765626
 20
72.485693359375
 10
145.68851318359376
 20
72.5898681640625
 10
145.7786865234375
 20
72.6927978515625
 10
145.8716064453125
 20
72.793505859375
 10
145.96763916015624
 20
72.8907958984375
 10
146.06641845703126
 20
72.9831298828125
 10
146.16761474609376
 20
73.068603515625
 10
146.27125244140626
 20
73.1457275390625
 10
146.3772705078125
 20
73.2126220703125
 10
146.48568115234374
 20
73.2680419921875
 10
146.596875
 20
73.3111083984375
 10
146.71009521484376
 20
73.341455078125
 10
146.82506103515624
 20
73.359423828125
 10
146.9413818359375
 20
73.3656494140625
 10
147.0587158203125
 20
73.361328125
 10
147.17674560546874
 20
73.3480712890625
 10
147.2951171875
 20
73.3267333984375
 10
147.41346435546876
 20
73.2989501953125
 10
147.5318115234375
 20
73.265576171875
 10
147.65015869140626
 20
73.2269775390625
 10
147.76846923828126
 20
73.1837158203125
 10
147.88646240234374
 20
73.135205078125
 10
148.00340576171874
 20
73.0811767578125
 10
148.11861572265624
 20
73.0221923828125
 10
148.23138427734375
 20
72.957958984375
 10
148.34105224609374
 20
72.88916015625
 10
148.44688720703124
 20
72.8169677734375
 10
148.5482421875
 20
72.7427001953125
 10
148.64544677734375
 20
72.6687744140625
 10
148.7399169921875
 20
72.5973388671875
 10
148.83297119140624
 20
72.5296630859375
 10
148.9260498046875
 20
72.4672119140625
 10
149.0205078125
 20
72.410302734375
 10
149.11776123046874
 20
72.359228515625
 10
149.2191650390625
 20
72.3134033203125
 10
149.32506103515624
 20
72.2711669921875
 10
149.434765625
 20
72.2314208984375
 10
149.54759521484374
 20
72.1931884765625
 10
149.6628662109375
 20
72.1552001953125
 10
149.7794921875
 20
72.1172119140625
 10
149.89647216796874
 20
72.0782958984375
 10
150.01278076171874
 20
72.0387451171875
 10
150.12767333984374
 20
71.9992431640625
 10
150.24088134765626
 20
71.9597412109375
 10
150.35196533203126
 20
71.9199462890625
 10
150.46065673828124
 20
71.880517578125
 10
150.56761474609374
 20
71.8420166015625
 10
150.67354736328124
 20
71.80537109375
 10
150.7791259765625
 20
71.7705810546875
 10
150.88505859375
 20
71.737353515625
 10
150.99202880859374
 20
71.7056396484375
 10
151.10074462890626
 20
71.6760986328125
 10
151.21187744140624
 20
71.6483642578125
 10
151.32508544921876
 20
71.621533203125
 10
151.4400390625
 20
71.594384765625
 10
151.55634765625
 20
71.565966796875
 10
151.67371826171876
 20
71.5363037109375
 10
151.7917724609375
 20
71.5051025390625
 10
151.91015625
 20
71.472021484375
 10
152.02857666015626
 20
71.4367919921875
 10
152.14696044921874
 20
71.399365234375
 10
152.26534423828124
 20
71.3607421875
 10
152.38375244140624
 20
71.3218017578125
 10
152.50213623046875
 20
71.2822265625
 10
152.62054443359375
 20
71.2426513671875
 10
152.7389404296875
 20
71.2031005859375
 10
152.8573486328125
 20
71.1641845703125
 10
152.97574462890626
 20
71.1264404296875
 10
153.09415283203126
 20
71.0896728515625
 10
153.21256103515626
 20
71.0534912109375
 10
153.33096923828126
 20
71.018896484375
 10
153.4493896484375
 20
70.985498046875
 10
153.56781005859375
 20
70.953369140625
 10
153.68623046875
 20
70.9224365234375
 10
153.8046630859375
 20
70.8927490234375
 10
153.92308349609374
 20
70.8646240234375
 10
154.04151611328126
 20
70.838037109375
 10
154.15994873046876
 20
70.8120849609375
 10
154.2783935546875
 20
70.7870361328125
 10
154.39681396484374
 20
70.763232421875
 10
154.5152587890625
 20
70.7403564453125
 10
154.63370361328126
 20
70.718115234375
 10
154.75216064453124
 20
70.6961669921875
 10
154.87061767578126
 20
70.675146484375
 10
154.9890625
 20
70.6556640625
 10
155.10716552734374
 20
70.637109375
 10
155.22459716796874
 20
70.6188720703125
 10
155.34097900390626
 20
70.6006591796875
 10
155.45596923828126
 20
70.5821533203125
 10
155.56922607421876
 20
70.5630126953125
 10
155.68040771484374
 20
70.5420654296875
 10
155.7891845703125
 20
70.5189697265625
 10
155.89622802734374
 20
70.494677734375
 10
156.00223388671876
 20
70.470068359375
 10
156.1078857421875
 20
70.4461181640625
 10
156.21387939453126
 20
70.4233642578125
 10
156.3209228515625
 20
70.4024658203125
 10
156.42969970703126
 20
70.384326171875
 10
156.54093017578126
 20
70.3686279296875
 10
156.65421142578126
 20
70.354150390625
 10
156.76922607421875
 20
70.3393798828125
 10
156.8856201171875
 20
70.322705078125
 10
157.0030517578125
 20
70.3032470703125
 10
157.12117919921874
 20
70.279736328125
 10
157.2396484375
 20
70.2509765625
 10
157.35810546875
 20
70.216650390625
 10
157.4765625
 20
70.1764404296875
 10
157.59500732421876
 20
70.1306884765625
 10
157.7134521484375
 20
70.079345703125
 10
157.8319091796875
 20
70.022119140625
 10
157.9503173828125
 20
69.959375
 10
158.06875
 20
69.891015625
 10
158.18714599609376
 20
69.816845703125
 10
158.30556640625
 20
69.737060546875
 10
158.42396240234376
 20
69.6520263671875
 10
158.5423828125
 20
69.562646484375
 10
158.6607666015625
 20
69.469873046875
 10
158.7791748046875
 20
69.3742919921875
 10
158.89755859375
 20
69.277197265625
 10
159.01595458984374
 20
69.1798095703125
 10
159.1343505859375
 20
69.0829833984375
 10
159.25274658203125
 20
68.9868408203125
 10
159.37115478515625
 20
68.890966796875
 10
159.48955078125
 20
68.7950927734375
 10
159.60797119140625
 20
68.6992431640625
 10
159.72635498046876
 20
68.6030517578125
 10
159.84442138671875
 20
68.50625
 10
159.96180419921876
 20
68.408544921875
 10
160.078125
 20
68.310546875
 10
160.19306640625
 20
68.212841796875
 10
160.30628662109376
 20
68.1160888671875
 10
160.41741943359375
 20
68.019970703125
 10
160.52613525390626
 20
67.92421875
 10
160.6331298828125
 20
67.828466796875
 10
160.7387451171875
 20
67.7324462890625
 10
160.84329833984376
 20
67.6354736328125
 10
160.94681396484376
 20
67.536962890625
 10
161.04930419921874
 20
67.4363037109375
 10
161.15040283203126
 20
67.3338134765625
 10
161.2497802734375
 20
67.2298095703125
 10
161.3460205078125
 20
67.124560546875
 10
161.43846435546874
 20
67.0184814453125
 10
161.52640380859376
 20
66.9117919921875
 10
161.6101806640625
 20
66.8048583984375
 10
161.6898193359375
 20
66.69794921875
 10
161.7663330078125
 20
66.591064453125
 10
161.84075927734375
 20
66.4842529296875
 10
161.91416015625
 20
66.3774169921875
 10
161.9875732421875
 20
66.2705810546875
 10
162.06199951171874
 20
66.1637451171875
 10
162.1374755859375
 20
66.0569091796875
 10
162.21502685546875
 20
65.9500244140625
 10
162.2943115234375
 20
65.843115234375
 10
162.37498779296874
 20
65.73623046875
 10
162.4577392578125
 20
65.629296875
 10
162.542578125
 20
65.5223388671875
 10
162.6294921875
 20
65.4156494140625
 10
162.7188232421875
 20
65.3095458984375
 10
162.8098876953125
 20
65.2043701171875
 10
162.9033935546875
 20
65.1004150390625
 10
163.0
 20
64.99794921875
 10
163.0993896484375
 20
64.8972900390625
 10
163.2015625
 20
64.7988037109375
 10
163.30648193359374
 20
64.702099609375
 10
163.4138427734375
 20
64.6072265625
 10
163.52330322265624
 20
64.5145263671875
 10
163.6351806640625
 20
64.4236328125
 10
163.74637451171876
 20
64.3361572265625
 10
163.85413818359376
 20
64.253662109375
 10
163.97156982421876
 20
64.1679443359375
 10
164.07276611328126
 20
64.0954345703125
 10
164.15772705078126
 20
64.0357666015625
 10
164.34219212669265
 20
63.91189538389581
 10
166.90705591501774
 20
61.602481655814834
 10
166.9960693359375
 20
61.438037109375
 10
167.0406982421875
 20
61.3622314453125
 10
167.0961669921875
 20
61.2716064453125
 10
167.1632080078125
 20
61.1661865234375
 10
167.23087158203126
 20
61.0693115234375
 10
167.30413818359375
 20
60.969921875
 10
167.38226318359375
 20
60.8714599609375
 10
167.4638671875
 20
60.777294921875
 10
167.5489501953125
 20
60.688037109375
 10
167.6371826171875
 20
60.6061767578125
 10
167.72852783203126
 20
60.5329345703125
 10
167.82333984375
 20
60.4686279296875
 10
167.92235107421874
 20
60.4126220703125
 10
168.02481689453126
 20
60.363330078125
 10
168.13040771484376
 20
60.3193115234375
 10
168.23843994140626
 20
60.2780517578125
 10
168.34715576171874
 20
60.2361572265625
 10
168.45447998046876
 20
60.1912109375
 10
168.55799560546876
 20
60.1406982421875
 10
168.65491943359376
 20
60.083154296875
 10
168.7435302734375
 20
60.01796875
 10
168.8217041015625
 20
59.944580078125
 10
168.88809814453126
 20
59.8635498046875
 10
168.94232177734375
 20
59.776806640625
 10
168.98477783203126
 20
59.684326171875
 10
169.01646728515624
 20
59.5897705078125
 10
169.03909912109376
 20
59.4965087890625
 10
169.05418701171874
 20
59.3935302734375
 10
169.06358642578124
 20
59.304345703125
 10
169.06905517578124
 20
59.2293212890625
  0
LWPOLYLINE
  5
45
330
17
100
AcDbEntity
  8
0
100
AcDbPolyline
 90
101
 70
1
 10
247.5842041015625
 20
53.675927734375
 10
247.4028564453125
 20
53.700439453125
 10
247.3215087890625
 20
53.719189453125
 10
247.226416015625
 20
53.7468994140625
 10
247.1181884765625
 20
53.7854248046875
 10
247.023876953125
 20
53.8345947265625
 10
246.930322265625
 20
53.8953125
 10
246.8403076171875
 20
53.9671142578125
 10
246.7569580078125
 20
54.0490966796875
 10
246.679150390625
 20
54.1397705078125
 10
246.606640625
 20
54.236865234375
 10
246.538671875
 20
54.3385498046875
 10
246.473486328125
 20
54.4429931640625
 10
246.4107177734375
 20
54.5483642578125
 10
246.3487060546875
 20
54.654638671875
 10
246.2873291015625
 20
54.759033203125
 10
246.2269287109375
 20
54.859033203125
 10
246.1582763671875
 20
54.9669677734375
 10
246.0981689453125
 20
55.0594482421875
 10
246.0469970703125
 20
55.1368896484375
 10
245.93009093035303
 20
55.304999768205604
 10
244.93290882747743
 20
57.10396390249516
 10
244.910986328125
 20
57.2713134765625
 10
244.9013916015625
 20
57.3484130859375
 10
244.8901123046875
 20
57.4405517578125
 10
244.8777587890625
 20
57.5480224609375
 10
244.867431640625
 20
57.6476318359375
 10
244.8577392578125
 20
57.7516357421875
 10
244.848828125
 20
57.8578369140625
 10
244.8413818359375
 20
57.964013671875
 10
244.8351318359375
 20
58.07109375
 10
244.8300537109375
 20
58.1784912109375
 10
244.8253662109375
 20
58.2858642578125
 10
244.8210205078125
 20
58.3932373046875
 10
244.8163330078125
 20
58.500634765625
 10
244.8113037109375
 20
58.6080322265625
 10
244.8052001953125
 20
58.7154296875
 10
244.798046875
 20
58.8228515625
 10
244.790234375
 20
58.9302490234375
 10
244.78203125
 20
59.0376708984375
 10
244.773486328125
 20
59.1450927734375
 10
244.7649658203125
 20
59.2525146484375
 10
244.7564453125
 20
59.3599365234375
 10
244.7482421875
 20
59.4673583984375
 10
244.7404296875
 20
59.5747802734375
 10
244.7322509765625
 20
59.682177734375
 10
244.7237060546875
 20
59.789599609375
 10
244.71484375
 20
59.8970458984375
 10
244.705615234375
 20
60.0044677734375
 10
244.696044921875
 20
60.1118896484375
 10
244.6857421875
 20
60.2193359375
 10
244.6747802734375
 20
60.3267578125
 10
244.6631103515625
 20
60.4342041015625
 10
244.6507568359375
 20
60.5416259765625
 10
244.6376953125
 20
60.6490966796875
 10
244.6239013671875
 20
60.756591796875
 10
244.6094482421875
 20
60.8640625
 10
244.595361328125
 20
60.971533203125
 10
244.581591796875
 20
61.0790283203125
 10
244.5692626953125
 20
61.186474609375
 10
244.558251953125
 20
61.2939208984375
 10
244.5490478515625
 20
61.4013427734375
 10
244.5415771484375
 20
61.508740234375
 10
244.536181640625
 20
61.6160888671875
 10
244.5318359375
 20
61.7234619140625
 10
244.52890625
 20
61.830810546875
 10
244.5263427734375
 20
61.938134765625
 10
244.5244384765625
 20
62.045458984375
 10
244.5225341796875
 20
62.152783203125
 10
244.5210205078125
 20
62.260107421875
 10
244.519482421875
 20
62.367431640625
 10
244.5186279296875
 20
62.474755859375
 10
244.5181396484375
 20
62.5820556640625
 10
244.5190185546875
 20
62.6893310546875
 10
244.5210205078125
 20
62.796630859375
 10
244.525048828125
 20
62.9038818359375
 10
244.531201171875
 20
63.0111083984375
 10
244.5397705078125
 20
63.118310546875
 10
244.5511474609375
 20
63.2255126953125
 10
244.5659912109375
 20
63.3325927734375
 10
244.5840087890625
 20
63.439697265625
 10
244.6062255859375
 20
63.546728515625
 10
244.6325927734375
 20
63.6537109375
 10
244.663525390625
 20
63.7606689453125
 10
244.6993408203125
 20
63.8675537109375
 10
244.7396728515625
 20
63.9743896484375
 10
244.7842041015625
 20
64.081201171875
 10
244.8329345703125
 20
64.187939453125
 10
244.8847900390625
 20
64.2946533203125
 10
244.939453125
 20
64.4013427734375
 10
244.9964111328125
 20
64.507666015625
 10
245.0548828125
 20
64.6130615234375
 10
245.116552734375
 20
64.718408203125
 10
245.179833984375
 20
64.821533203125
 10
245.2431396484375
 20
64.9202880859375
 10
245.318359375
 20
65.0267333984375
 10
245.3849609375
 20
65.1179443359375
 10
245.4427490234375
 20
65.1942626953125
 10
245.57861328125
 20
65.359716796875
 10
245.57861328125
 20
53.8861328125
 10
246.58140869140624
 20
53.7810302734375
  0
LWPOLYLINE
  5
46
330
17
100
AcDbEntity
  8
0
100
AcDbPolyline
 90
502
 70
1
 10
211.11943359375
 20
57.5119384765625
 10
211.1615966796875
 20
57.6771728515625
 10
211.1908447265625
 20
57.7528564453125
 10
211.2319580078125
 20
57.8427001953125
 10
211.2865966796875
 20
57.9466552734375
 10
211.3527587890625
 20
58.0414794921875
 10
211.4314453125
 20
58.1389404296875
 10
211.5216064453125
 20
58.236279296875
 10
211.6211669921875
 20
58.3306884765625
 10
211.7273193359375
 20
58.423486328125
 10
211.837646484375
 20
58.5140869140625
 10
211.9500732421875
 20
58.6021728515625
 10
212.0625244140625
 20
58.6877685546875
 10
212.1731689453125
 20
58.7709228515625
 10
212.280712890625
 20
58.8522705078125
 10
212.3847900390625
 20
58.932421875
 10
212.4853759765625
 20
59.0110107421875
 10
212.582470703125
 20
59.0884521484375
 10
212.6760986328125
 20
59.164990234375
 10
212.76728515625
 20
59.2409423828125
 10
212.857080078125
 20
59.3165771484375
 10
212.9465087890625
 20
59.3922119140625
 10
213.0366455078125
 20
59.4681640625
 10
213.1285400390625
 20
59.5450439453125
 10
213.2232177734375
 20
59.6234130859375
 10
213.321337890625
 20
59.7039306640625
 10
213.42265625
 20
59.7871826171875
 10
213.5267333984375
 20
59.8735107421875
 10
213.6328857421875
 20
59.9623291015625
 10
213.7394287109375
 20
60.052685546875
 10
213.845947265625
 20
60.1442626953125
 10
213.949365234375
 20
60.234326171875
 10
214.0471923828125
 20
60.3200927734375
 10
214.150244140625
 20
60.4083251953125
 10
214.2376220703125
 20
60.482763671875
 10
214.3096923828125
 20
60.543701171875
 10
214.4625090808066
 20
60.66738592240572
 10
216.14345111062818
 20
62.12860653596749
 10
216.2863037109375
 20
62.2522705078125
 10
216.3535400390625
 20
62.313232421875
 10
216.434375
 20
62.3876708984375
 10
216.5288330078125
 20
62.4759033203125
 10
216.6169677734375
 20
62.5617431640625
 10
216.709326171875
 20
62.6518310546875
 10
216.803759765625
 20
62.743505859375
 10
216.8982177734375
 20
62.8339111328125
 10
216.9929931640625
 20
62.9230712890625
 10
217.0885009765625
 20
63.0103759765625
 10
217.1853515625
 20
63.0954833984375
 10
217.2846435546875
 20
63.179345703125
 10
217.3864013671875
 20
63.2631591796875
 10
217.49091796875
 20
63.348193359375
 10
217.5986083984375
 20
63.4356689453125
 10
217.709765625
 20
63.525927734375
 10
217.8237060546875
 20
63.6192138671875
 10
217.939794921875
 20
63.7156005859375
 10
218.0572265625
 20
63.814111328125
 10
218.1757080078125
 20
63.9138916015625
 10
218.2945556640625
 20
64.0139404296875
 10
218.413037109375
 20
64.1134033203125
 10
218.5304931640625
 20
64.2116455078125
 10
218.646533203125
 20
64.3080322265625
 10
218.7608154296875
 20
64.402880859375
 10
218.873046875
 20
64.496826171875
 10
218.9828369140625
 20
64.590478515625
 10
219.090869140625
 20
64.68447265625
 10
219.1978515625
 20
64.7794189453125
 10
219.304541015625
 20
64.8756103515625
 10
219.4115478515625
 20
64.9733154296875
 10
219.5192138671875
 20
65.0719970703125
 10
219.6280029296875
 20
65.170947265625
 10
219.738134765625
 20
65.269580078125
 10
219.8489990234375
 20
65.3673095703125
 10
219.959814453125
 20
65.463427734375
 10
220.069970703125
 20
65.558349609375
 10
220.1787109375
 20
65.65234375
 10
220.2864013671875
 20
65.746044921875
 10
220.3934326171875
 20
65.8400634765625
 10
220.50009765625
 20
65.935009765625
 10
220.6071044921875
 20
66.0315185546875
 10
220.715185546875
 20
66.1302001953125
 10
220.8249755859375
 20
66.2306884765625
 10
220.9372314453125
 20
66.332421875
 10
221.0515869140625
 20
66.4347412109375
 10
221.1676513671875
 20
66.5370361328125
 10
221.2851806640625
 20
66.6386962890625
 10
221.4036865234375
 20
66.739111328125
 10
221.522900390625
 20
66.8376708984375
 10
221.6425048828125
 20
66.934033203125
 10
221.762060546875
 20
67.0285400390625
 10
221.8816162109375
 20
67.1215087890625
 10
222.0011962890625
 20
67.213232421875
 10
222.120751953125
 20
67.3040283203125
 10
222.2403076171875
 20
67.3942138671875
 10
222.3598876953125
 20
67.4837890625
 10
222.479443359375
 20
67.572705078125
 10
222.5990234375
 20
67.6607177734375
 10
222.7185791015625
 20
67.7474853515625
 10
222.8381591796875
 20
67.8323974609375
 10
222.9577392578125
 20
67.9148193359375
 10
223.077294921875
 20
67.9938232421875
 10
223.196826171875
 20
68.0694091796875
 10
223.31640625
 20
68.1413330078125
 10
223.4359375
 20
68.2091796875
 10
223.55546875
 20
68.2726806640625
 10
223.675
 20
68.3321533203125
 10
223.7945556640625
 20
68.3875732421875
 10
223.9140869140625
 20
68.4396240234375
 10
224.0336181640625
 20
68.487646484375
 10
224.1531494140625
 20
68.5316162109375
 10
224.2726806640625
 20
68.571875
 10
224.3922119140625
 20
68.6083740234375
 10
224.5117431640625
 20
68.640869140625
 10
224.6312744140625
 20
68.6696533203125
 10
224.75078125
 20
68.6949951171875
 10
224.8702880859375
 20
68.718212890625
 10
224.9898193359375
 20
68.7401611328125
 10
225.109326171875
 20
68.7608642578125
 10
225.2288330078125
 20
68.78095703125
 10
225.3483154296875
 20
68.8013427734375
 10
225.4678466796875
 20
68.8226806640625
 10
225.587353515625
 20
68.8446044921875
 10
225.706884765625
 20
68.866552734375
 10
225.8263916015625
 20
68.887890625
 10
225.9459228515625
 20
68.908935546875
 10
226.0654541015625
 20
68.9296142578125
 10
226.1849853515625
 20
68.9490966796875
 10
226.3045166015625
 20
68.9663818359375
 10
226.4240478515625
 20
68.9815185546875
 10
226.5435302734375
 20
68.9945068359375
 10
226.6630615234375
 20
69.0052978515625
 10
226.782568359375
 20
69.0135986328125
 10
226.902099609375
 20
69.019091796875
 10
227.0216064453125
 20
69.0227294921875
 10
227.1410888671875
 20
69.0254638671875
 10
227.260595703125
 20
69.0278564453125
 10
227.380126953125
 20
69.0305908203125
 10
227.4996337890625
 20
69.034228515625
 10
227.6191650390625
 20
69.0397705078125
 10
227.7386962890625
 20
69.048046875
 10
227.8582275390625
 20
69.058837890625
 10
227.977734375
 20
69.0718017578125
 10
228.097265625
 20
69.08662109375
 10
228.2168212890625
 20
69.102978515625
 10
228.3363525390625
 20
69.12060546875
 10
228.4559326171875
 20
69.138232421875
 10
228.5754638671875
 20
69.1549072265625
 10
228.6949951171875
 20
69.1706787109375
 10
228.8145751953125
 20
69.185498046875
 10
228.9341064453125
 20
69.1993896484375
 10
229.053662109375
 20
69.212353515625
 10
229.173193359375
 20
69.2243896484375
 10
229.2927490234375
 20
69.2364013671875
 10
229.4123046875
 20
69.2487548828125
 10
229.5318603515625
 20
69.261376953125
 10
229.6513916015625
 20
69.2743408203125
 10
229.770947265625
 20
69.2875732421875
 10
229.8905029296875
 20
69.301171875
 10
230.0100830078125
 20
69.3150634765625
 10
230.129638671875
 20
69.3289306640625
 10
230.2491943359375
 20
69.342529296875
 10
230.3687744140625
 20
69.355810546875
 10
230.488330078125
 20
69.3687744140625
 10
230.6078857421875
 20
69.3814453125
 10
230.7274658203125
 20
69.393798828125
 10
230.847021484375
 20
69.4061279296875
 10
230.9665771484375
 20
69.419091796875
 10
231.0861572265625
 20
69.4339111328125
 10
231.205712890625
 20
69.4509033203125
 10
231.3253173828125
 20
69.4703857421875
 10
231.4448974609375
 20
69.4929443359375
 10
231.5644775390625
 20
69.5192626953125
 10
231.6841064453125
 20
69.548974609375
 10
231.8037109375
 20
69.580859375
 10
231.9233154296875
 20
69.613671875
 10
232.042919921875
 20
69.6471435546875
 10
232.1625244140625
 20
69.6808837890625
 10
232.2821533203125
 20
69.713720703125
 10
232.4017333984375
 20
69.7443603515625
 10
232.5213623046875
 20
69.7725341796875
 10
232.640966796875
 20
69.799169921875
 10
232.7605712890625
 20
69.82421875
 10
232.8802001953125
 20
69.8474365234375
 10
232.9998046875
 20
69.8687744140625
 10
233.1194091796875
 20
69.8891845703125
 10
233.239013671875
 20
69.9095947265625
 10
233.35859375
 20
69.930615234375
 10
233.4781982421875
 20
69.9516845703125
 10
233.597802734375
 20
69.9730224609375
 10
233.717431640625
 20
69.994677734375
 10
233.8370361328125
 20
70.0154052734375
 10
233.956640625
 20
70.033349609375
 10
234.0762451171875
 20
70.0463134765625
 10
234.195849609375
 20
70.0518310546875
 10
234.3154541015625
 20
70.048046875
 10
234.4350341796875
 20
70.0324462890625
 10
234.5542236328125
 20
70.0031982421875
 10
234.672705078125
 20
69.960009765625
 10
234.7901611328125
 20
69.903173828125
 10
234.9061767578125
 20
69.8336181640625
 10
235.0200927734375
 20
69.7529296875
 10
235.131201171875
 20
69.6629638671875
 10
235.2384521484375
 20
69.5661865234375
 10
235.3418701171875
 20
69.4648193359375
 10
235.4410888671875
 20
69.3603515625
 10
235.5358642578125
 20
69.2541259765625
 10
235.6253173828125
 20
69.1469970703125
 10
235.7098876953125
 20
69.0396240234375
 10
235.7896240234375
 20
68.9322998046875
 10
235.8654541015625
 20
68.8250244140625
 10
235.937158203125
 20
68.7177734375
 10
236.0050048828125
 20
68.610595703125
 10
236.0693603515625
 20
68.5034423828125
 10
236.13125
 20
68.3962890625
 10
236.1907470703125
 20
68.2891845703125
 10
236.2484619140625
 20
68.1821044921875
 10
236.3041015625
 20
68.0750244140625
 10
236.3587158203125
 20
67.9679931640625
 10
236.412939453125
 20
67.8609375
 10
236.467529296875
 20
67.7538818359375
 10
236.523193359375
 20
67.646826171875
 10
236.5805908203125
 20
67.5397216796875
 10
236.6404052734375
 20
67.4326171875
 10
236.703369140625
 20
67.3254638671875
 10
236.7691162109375
 20
67.2182861328125
 10
236.8373291015625
 20
67.111083984375
 10
236.9076171875
 20
67.0038330078125
 10
236.9785888671875
 20
66.8966064453125
 10
237.0499755859375
 20
66.7893310546875
 10
237.1206298828125
 20
66.6821044921875
 10
237.1902099609375
 20
66.574853515625
 10
237.2587646484375
 20
66.4676513671875
 10
237.3262451171875
 20
66.3604248046875
 10
237.3927490234375
 20
66.2532470703125
 10
237.4592041015625
 20
66.1460205078125
 10
237.525634765625
 20
66.038818359375
 10
237.592431640625
 20
65.9316162109375
 10
237.659619140625
 20
65.8243896484375
 10
237.7267822265625
 20
65.7171875
 10
237.7939453125
 20
65.6099853515625
 10
237.8607421875
 20
65.5027587890625
 10
237.9268310546875
 20
65.395556640625
 10
237.9922607421875
 20
65.2883544921875
 10
238.056640625
 20
65.1811767578125
 10
238.1199951171875
 20
65.0739990234375
 10
238.1833251953125
 20
64.966845703125
 10
238.2469970703125
 20
64.8596923828125
 10
238.312060546875
 20
64.752490234375
 10
238.378515625
 20
64.645263671875
 10
238.4460693359375
 20
64.5380615234375
 10
238.515283203125
 20
64.4308349609375
 10
238.5859619140625
 20
64.323876953125
 10
238.6562744140625
 20
64.2178466796875
 10
238.725537109375
 20
64.111865234375
 10
238.7913330078125
 20
64.0080810546875
 10
238.8522216796875
 20
63.90869140625
 10
238.9141357421875
 20
63.8015380859375
 10
238.965625
 20
63.709716796875
 10
239.00703125
 20
63.6328857421875
 10
239.090869140625
 20
63.4662109375
 10
239.090869140625
 20
56.3323974609375
 10
239.043896484375
 20
56.1671630859375
 10
239.025244140625
 20
56.091015625
 10
239.003515625
 20
56.0
 10
238.9775390625
 20
55.8938232421875
 10
238.9536376953125
 20
55.795703125
 10
238.924560546875
 20
55.6939208984375
 10
238.8887939453125
 20
55.5912841796875
 10
238.844677734375
 20
55.4909423828125
 10
238.7897705078125
 20
55.3931884765625
 10
238.7233154296875
 20
55.3002197265625
 10
238.645361328125
 20
55.2138916015625
 10
238.556640625
 20
55.13515625
 10
238.458837890625
 20
55.065234375
 10
238.353369140625
 20
55.0043701171875
 10
238.242333984375
 20
54.9523193359375
 10
238.1274658203125
 20
54.9080322265625
 10
238.01015625
 20
54.869970703125
 10
237.891455078125
 20
54.8369384765625
 10
237.7720703125
 20
54.8076416015625
 10
237.65234375
 20
54.7802001953125
 10
237.5326171875
 20
54.753955078125
 10
237.412890625
 20
54.728369140625
 10
237.293212890625
 20
54.7031005859375
 10
237.1735107421875
 20
54.6781494140625
 10
237.0537841796875
 20
54.6525634765625
 10
236.9340576171875
 20
54.6263427734375
 10
236.8143798828125
 20
54.5998291015625
 10
236.694677734375
 20
54.5723876953125
 10
236.574951171875
 20
54.5443115234375
 10
236.4552490234375
 20
54.5159423828125
 10
236.335546875
 20
54.4872802734375
 10
236.2158203125
 20
54.4594970703125
 10
236.09609375
 20
54.4329833984375
 10
235.9763916015625
 20
54.4076904296875
 10
235.856689453125
 20
54.383984375
 10
235.7369873046875
 20
54.361181640625
 10
235.6173095703125
 20
54.338720703125
 10
235.497607421875
 20
54.316552734375
 10
235.3779052734375
 20
54.2937744140625
 10
235.2582275390625
 20
54.2697265625
 10
235.138525390625
 20
54.2447509765625
 10
235.0188232421875
 20
54.2188720703125
 10
234.8991455078125
 20
54.1923583984375
 10
234.779443359375
 20
54.1652099609375
 10
234.659765625
 20
54.1374755859375
 10
234.5400634765625
 20
54.1093994140625
 10
234.4203857421875
 20
54.0810546875
 10
234.3007080078125
 20
54.051416015625
 10
234.181005859375
 20
54.020556640625
 10
234.061328125
 20
53.9884521484375
 10
233.9416259765625
 20
53.9560546875
 10
233.821923828125
 20
53.9236328125
 10
233.7022705078125
 20
53.8912353515625
 10
233.582568359375
 20
53.859765625
 10
233.4629150390625
 20
53.83046875
 10
233.343212890625
 20
53.8033203125
 10
233.2235595703125
 20
53.778369140625
 10
233.1038818359375
 20
53.7546630859375
 10
232.9842041015625
 20
53.73125
 10
232.86455078125
 20
53.7081787109375
 10
232.7448974609375
 20
53.6844482421875
 10
232.625244140625
 20
53.6591796875
 10
232.5055908203125
 20
53.632373046875
 10
232.3859130859375
 20
53.6040283203125
 10
232.2662353515625
 20
53.5744140625
 10
232.14658203125
 20
53.544482421875
 10
232.026904296875
 20
53.5142333984375
 10
231.9072509765625
 20
53.483984375
 10
231.78759765625
 20
53.4540771484375
 10
231.6679443359375
 20
53.4248046875
 10
231.548291015625
 20
53.3961181640625
 10
231.428662109375
 20
53.3680908203125
 10
231.308984375
 20
53.340625
 10
231.1893310546875
 20
53.313818359375
 10
231.069677734375
 20
53.287646484375
 10
230.950048828125
 20
53.262060546875
 10
230.8303955078125
 20
53.2364990234375
 10
230.7107666015625
 20
53.2112060546875
 10
230.5911376953125
 20
53.186572265625
 10
230.4715087890625
 20
53.162255859375
 10
230.35185546875
 20
53.1385498046875
 10
230.2322265625
 20
53.115771484375
 10
230.11259765625
 20
53.0942138671875
 10
229.9929443359375
 20
53.074560546875
 10
229.8733154296875
 20
53.0564208984375
 10
229.7537109375
 20
53.0392333984375
 10
229.6341064453125
 20
53.0226806640625
 10
229.514501953125
 20
53.0064208984375
 10
229.394873046875
 20
52.9898193359375
 10
229.2752685546875
 20
52.9723388671875
 10
229.1556396484375
 20
52.9532958984375
 10
229.0360107421875
 20
52.932373046875
 10
228.9163818359375
 20
52.9102294921875
 10
228.7967529296875
 20
52.887451171875
 10
228.6771728515625
 20
52.8640625
 10
228.5575439453125
 20
52.8409912109375
 10
228.437939453125
 20
52.819140625
 10
228.3183349609375
 20
52.799462890625
 10
228.1987548828125
 20
52.7828857421875
 10
228.079150390625
 20
52.7694091796875
 10
227.9595703125
 20
52.759375
 10
227.839990234375
 20
52.7533447265625
 10
227.7203857421875
 20
52.7510498046875
 10
227.600830078125
 20
52.752490234375
 10
227.4812744140625
 20
52.7576416015625
 10
227.3616943359375
 20
52.7665283203125
 10
227.2421630859375
 20
52.7797119140625
 10
227.1226318359375
 20
52.7969970703125
 10
227.003076171875
 20
52.81796875
 10
226.8835693359375
 20
52.84296875
 10
226.7640380859375
 20
52.8713623046875
 10
226.6445068359375
 20
52.9025634765625
 10
226.5249755859375
 20
52.9359619140625
 10
226.4054443359375
 20
52.9702880859375
 10
226.2859375
 20
53.005224609375
 10
226.1664306640625
 20
53.0404541015625
 10
226.0468994140625
 20
53.0747802734375
 10
225.927392578125
 20
53.108154296875
 10
225.8078857421875
 20
53.1406005859375
 10
225.6884033203125
 20
53.1724365234375
 10
225.5688720703125
 20
53.2039306640625
 10
225.449365234375
 20
53.2351318359375
 10
225.3298583984375
 20
53.266015625
 10
225.2103759765625
 20
53.2978515625
 10
225.090869140625
 20
53.3305908203125
 10
224.9713623046875
 20
53.3642822265625
 10
224.8518798828125
 20
53.397998046875
 10
224.732373046875
 20
53.431640625
 10
224.612890625
 20
53.4653564453125
 10
224.493408203125
 20
53.4990234375
 10
224.3739013671875
 20
53.531787109375
 10
224.2544189453125
 20
53.563623046875
 10
224.134912109375
 20
53.5945068359375
 10
224.0154296875
 20
53.625732421875
 10
223.895947265625
 20
53.6572265625
 10
223.7764404296875
 20
53.6890380859375
 10
223.6569580078125
 20
53.7215087890625
 10
223.5374755859375
 20
53.7548583984375
 10
223.418017578125
 20
53.7894775390625
 10
223.29853515625
 20
53.8256103515625
 10
223.1790771484375
 20
53.8624267578125
 10
223.0595947265625
 20
53.8998046875
 10
222.94013671875
 20
53.937841796875
 10
222.820654296875
 20
53.9755615234375
 10
222.7011962890625
 20
54.012939453125
 10
222.5817138671875
 20
54.0490966796875
 10
222.4622314453125
 20
54.0830810546875
 10
222.3427978515625
 20
54.115234375
 10
222.2233154296875
 20
54.1454833984375
 10
222.103857421875
 20
54.1741943359375
 10
221.984375
 20
54.202587890625
 10
221.8649169921875
 20
54.230712890625
 10
221.745458984375
 20
54.2593994140625
 10
221.6259765625
 20
54.289990234375
 10
221.5065185546875
 20
54.3224365234375
 10
221.387060546875
 20
54.356689453125
 10
221.267626953125
 20
54.392236328125
 10
221.1481689453125
 20
54.428076171875
 10
221.0287353515625
 20
54.4645263671875
 10
220.9093017578125
 20
54.501611328125
 10
220.78984375
 20
54.538427734375
 10
220.6703857421875
 20
54.5748779296875
 10
220.5509521484375
 20
54.6113525390625
 10
220.431494140625
 20
54.648095703125
 10
220.312060546875
 20
54.6855224609375
 10
220.192626953125
 20
54.722900390625
 10
220.073193359375
 20
54.7596435546875
 10
219.953759765625
 20
54.7964599609375
 10
219.834326171875
 20
54.8335205078125
 10
219.714892578125
 20
54.8702880859375
 10
219.595458984375
 20
54.9067626953125
 10
219.4760498046875
 20
54.942919921875
 10
219.3566162109375
 20
54.979052734375
 10
219.2371826171875
 20
55.0155029296875
 10
219.1177490234375
 20
55.0513427734375
 10
218.9983154296875
 20
55.0856201171875
 10
218.8788818359375
 20
55.1186767578125
 10
218.7594482421875
 20
55.1504638671875
 10
218.6400146484375
 20
55.1813720703125
 10
218.5205810546875
 20
55.2113037109375
 10
218.401171875
 20
55.240283203125
 10
218.2817626953125
 20
55.2693359375
 10
218.1623291015625
 20
55.2995849609375
 10
218.0428955078125
 20
55.3310791015625
 10
217.9235107421875
 20
55.363818359375
 10
217.8041015625
 20
55.3971435546875
 10
217.6846923828125
 20
55.4311279296875
 10
217.565283203125
 20
55.4656982421875
 10
217.4458740234375
 20
55.5009521484375
 10
217.32646484375
 20
55.5358642578125
 10
217.2070556640625
 20
55.570458984375
 10
217.087646484375
 20
55.604736328125
 10
216.9682373046875
 20
55.638671875
 10
216.8488525390625
 20
55.672314453125
 10
216.729443359375
 20
55.7056640625
 10
216.610009765625
 20
55.7377685546875
 10
216.490625
 20
55.7689697265625
 10
216.3712158203125
 20
55.7991943359375
 10
216.251806640625
 20
55.828515625
 10
216.132421875
 20
55.8578369140625
 10
216.013037109375
 20
55.8871337890625
 10
215.8936279296875
 20
55.9164794921875
 10
215.7742431640625
 20
55.9467041015625
 10
215.6548583984375
 20
55.9775634765625
 10
215.53544921875
 20
56.009033203125
 10
215.4160400390625
 20
56.041162109375
 10
215.2966552734375
 20
56.0729736328125
 10
215.177294921875
 20
56.104443359375
 10
215.0578857421875
 20
56.135595703125
 10
214.938525390625
 20
56.1661865234375
 10
214.819140625
 20
56.1967041015625
 10
214.6997802734375
 20
56.227294921875
 10
214.5803955078125
 20
56.2578125
 10
214.4610107421875
 20
56.2883544921875
 10
214.341650390625
 20
56.3189453125
 10
214.222265625
 20
56.349462890625
 10
214.102880859375
 20
56.3803466796875
 10
213.9835205078125
 20
56.4114990234375
 10
213.864111328125
 20
56.4429931640625
 10
213.7447509765625
 20
56.4750732421875
 10
213.6253662109375
 20
56.508740234375
 10
213.5060302734375
 20
56.5439453125
 10
213.386669921875
 20
56.5806884765625
 10
213.2673095703125
 20
56.618359375
 10
213.1479736328125
 20
56.6563720703125
 10
213.0285888671875
 20
56.694970703125
 10
212.9092529296875
 20
56.7335693359375
 10
212.789892578125
 20
56.771240234375
 10
212.670556640625
 20
56.8083251953125
 10
212.5511962890625
 20
56.845068359375
 10
212.4318603515625
 20
56.8821044921875
 10
212.3125244140625
 20
56.920361328125
 10
212.1931884765625
 20
56.959912109375
 10
212.0741943359375
 20
57.001611328125
 10
211.95625
 20
57.0464111328125
 10
211.838330078125
 20
57.095849609375
 10
211.7228271484375
 20
57.1486572265625
 10
211.6122314453125
 20
57.2035888671875
 10
211.4929443359375
 20
57.2710205078125
 10
211.390673828125
 20
57.3317626953125
 10
211.305126953125
 20
57.3851318359375
  0
LWPOLYLINE
  5
47
330
17
100
AcDbEntity
  8
0
100
AcDbPolyline
 90
247
 70
1
 10
174.64647977303036
 20
53.38428854535491
 10
171.57991285162046
 20
50.524668628489465
 10
171.39461669921874
 20
50.451904296875
 10
171.3092529296875
 20
50.4214599609375
 10
171.20723876953124
 20
50.3875244140625
 10
171.08824462890624
 20
50.351318359375
 10
170.97791748046876
 20
50.324609375
 10
170.86275634765624
 20
50.3032470703125
 10
170.74515380859376
 20
50.2889892578125
 10
170.62757568359376
 20
50.2830810546875
 10
170.50897216796875
 20
50.2846435546875
 10
170.39002685546876
 20
50.2936279296875
 10
170.27109375
 20
50.309130859375
 10
170.1521728515625
 20
50.33046875
 10
170.0332763671875
 20
50.3561767578125
 10
169.91435546875
 20
50.3849365234375
 10
169.79544677734376
 20
50.4158935546875
 10
169.67655029296876
 20
50.448388671875
 10
169.55765380859376
 20
50.4818115234375
 10
169.43876953125
 20
50.5161865234375
 10
169.31986083984376
 20
50.5505126953125
 10
169.2009765625
 20
50.5848876953125
 10
169.08209228515625
 20
50.61953125
 10
168.96319580078125
 20
50.6548095703125
 10
168.8443115234375
 20
50.690673828125
 10
168.7254150390625
 20
50.7275146484375
 10
168.60654296875
 20
50.7646484375
 10
168.48765869140624
 20
50.8027099609375
 10
168.36881103515626
 20
50.8420166015625
 10
168.2499267578125
 20
50.8819091796875
 10
168.1310546875
 20
50.921826171875
 10
168.0121826171875
 20
50.96171875
 10
167.89332275390626
 20
51.001025390625
 10
167.77445068359376
 20
51.0400146484375
 10
167.65557861328125
 20
51.078076171875
 10
167.53670654296874
 20
51.114599609375
 10
167.41783447265624
 20
51.149853515625
 10
167.29898681640626
 20
51.184521484375
 10
167.1801025390625
 20
51.2188720703125
 10
167.06123046875
 20
51.2531982421875
 10
166.9423583984375
 20
51.2875244140625
 10
166.82349853515626
 20
51.322216796875
 10
166.70462646484376
 20
51.3574462890625
 10
166.58577880859374
 20
51.3936279296875
 10
166.4669189453125
 20
51.4301513671875
 10
166.34805908203126
 20
51.4666259765625
 10
166.22921142578124
 20
51.503466796875
 10
166.11036376953126
 20
51.5408935546875
 10
165.99150390625
 20
51.5789306640625
 10
165.87266845703124
 20
51.6176025390625
 10
165.75380859375
 20
51.6559326171875
 10
165.6349609375
 20
51.693994140625
 10
165.51611328125
 20
51.731103515625
 10
165.39727783203125
 20
51.76640625
 10
165.27843017578124
 20
51.799169921875
 10
165.15958251953126
 20
51.8294921875
 10
165.04073486328124
 20
51.8572998046875
 10
164.92188720703126
 20
51.883935546875
 10
164.80302734375
 20
51.910205078125
 10
164.68419189453124
 20
51.9371337890625
 10
164.56533203125
 20
51.965576171875
 10
164.446484375
 20
51.9958984375
 10
164.32764892578126
 20
52.0283447265625
 10
164.20882568359374
 20
52.0633056640625
 10
164.09000244140626
 20
52.0998291015625
 10
163.97117919921874
 20
52.1372314453125
 10
163.85235595703125
 20
52.1755859375
 10
163.73353271484376
 20
52.2148681640625
 10
163.6147216796875
 20
52.255078125
 10
163.4958984375
 20
52.2952880859375
 10
163.3770751953125
 20
52.3348876953125
 10
163.2582763671875
 20
52.374169921875
 10
163.139453125
 20
52.4125
 10
163.02061767578124
 20
52.4493408203125
 10
162.90181884765624
 20
52.4839599609375
 10
162.78299560546876
 20
52.5164306640625
 10
162.66417236328124
 20
52.5479736328125
 10
162.54534912109375
 20
52.5788818359375
 10
162.4265380859375
 20
52.6091796875
 10
162.30771484375
 20
52.6398193359375
 10
162.18890380859375
 20
52.671044921875
 10
162.07010498046876
 20
52.7034912109375
 10
161.9512939453125
 20
52.7375
 10
161.83248291015624
 20
52.772119140625
 10
161.71368408203125
 20
52.8076904296875
 10
161.59488525390626
 20
52.8445068359375
 10
161.47608642578126
 20
52.8825439453125
 10
161.35728759765624
 20
52.921826171875
 10
161.23848876953124
 20
52.9613525390625
 10
161.11971435546874
 20
53.000341796875
 10
161.00091552734375
 20
53.038671875
 10
160.88212890625
 20
53.0751708984375
 10
160.76331787109376
 20
53.108837890625
 10
160.64453125
 20
53.1388427734375
 10
160.52572021484374
 20
53.1651611328125
 10
160.40693359375
 20
53.188623046875
 10
160.28812255859376
 20
53.2105712890625
 10
160.16932373046876
 20
53.231884765625
 10
160.0505126953125
 20
53.2547607421875
 10
159.93172607421874
 20
53.2807373046875
 10
159.81295166015624
 20
53.3116455078125
 10
159.6941650390625
 20
53.3481201171875
 10
159.57540283203124
 20
53.3907958984375
 10
159.456640625
 20
53.4396484375
 10
159.33790283203126
 20
53.4949951171875
 10
159.2195068359375
 20
53.5562255859375
 10
159.10216064453124
 20
53.6229736328125
 10
158.98690185546874
 20
53.6943603515625
 10
158.87509765625
 20
53.7706298828125
 10
158.7688720703125
 20
53.8514892578125
 10
158.67095947265625
 20
53.936572265625
 10
158.58477783203125
 20
54.0249267578125
 10
158.51351318359374
 20
54.1155517578125
 10
158.45992431640624
 20
54.2072265625
 10
158.4263916015625
 20
54.2989501953125
 10
158.41502685546874
 20
54.3885498046875
 10
158.4264892578125
 20
54.4738525390625
 10
158.46011962890626
 20
54.553369140625
 10
158.51380615234376
 20
54.625537109375
 10
158.58515625
 20
54.6894287109375
 10
158.6713623046875
 20
54.7447998046875
 10
158.7693359375
 20
54.7910400390625
 10
158.87559814453124
 20
54.8285400390625
 10
158.98740234375
 20
54.8582763671875
 10
159.1026611328125
 20
54.8808349609375
 10
159.2199951171875
 20
54.8974853515625
 10
159.3383544921875
 20
54.9091796875
 10
159.4570556640625
 20
54.9165771484375
 10
159.5757568359375
 20
54.920849609375
 10
159.69443359375
 20
54.9229736328125
 10
159.81314697265626
 20
54.923828125
 10
159.9318359375
 20
54.9243896484375
 10
160.05052490234374
 20
54.925244140625
 10
160.16923828125
 20
54.9270751953125
 10
160.28792724609374
 20
54.930419921875
 10
160.406640625
 20
54.9356201171875
 10
160.5253662109375
 20
54.9429931640625
 10
160.6440673828125
 20
54.9518798828125
 10
160.76279296875
 20
54.96171875
 10
160.88153076171875
 20
54.971875
 10
161.00023193359374
 20
54.98203125
 10
161.11895751953125
 20
54.991845703125
 10
161.23768310546876
 20
55.001416015625
 10
161.3564208984375
 20
55.0106201171875
 10
161.47515869140625
 20
55.020458984375
 10
161.5938720703125
 20
55.0321533203125
 10
161.71260986328124
 20
55.0469482421875
 10
161.83134765625
 20
55.0651611328125
 10
161.95010986328126
 20
55.087353515625
 10
162.06884765625
 20
55.11328125
 10
162.18760986328124
 20
55.1426025390625
 10
162.3063720703125
 20
55.1750244140625
 10
162.42513427734374
 20
55.2093017578125
 10
162.54393310546874
 20
55.244189453125
 10
162.6626953125
 20
55.2793701171875
 10
162.78145751953124
 20
55.313671875
 10
162.90025634765624
 20
55.346728515625
 10
163.01903076171874
 20
55.378515625
 10
163.13780517578124
 20
55.4081787109375
 10
163.2565673828125
 20
55.4356689453125
 10
163.37535400390624
 20
55.4609375
 10
163.4941162109375
 20
55.4837890625
 10
163.61287841796874
 20
55.5047607421875
 10
163.73165283203124
 20
55.52421875
 10
163.8504150390625
 20
55.541796875
 10
163.96917724609375
 20
55.558154296875
 10
164.08795166015625
 20
55.5735595703125
 10
164.20670166015626
 20
55.5886474609375
 10
164.32547607421876
 20
55.604052734375
 10
164.44425048828126
 20
55.6200927734375
 10
164.5630126953125
 20
55.6370361328125
 10
164.68177490234376
 20
55.6555419921875
 10
164.80057373046876
 20
55.675927734375
 10
164.91934814453126
 20
55.6984619140625
 10
165.03814697265625
 20
55.7228515625
 10
165.15693359375
 20
55.748779296875
 10
165.27572021484374
 20
55.775927734375
 10
165.39453125
 20
55.8040283203125
 10
165.51334228515626
 20
55.832421875
 10
165.63214111328125
 20
55.8605224609375
 10
165.75093994140624
 20
55.8876953125
 10
165.86973876953124
 20
55.913330078125
 10
165.98853759765626
 20
55.9367919921875
 10
166.10732421875
 20
55.957763671875
 10
166.22613525390625
 20
55.9759765625
 10
166.34490966796875
 20
55.9916748046875
 10
166.4636962890625
 20
56.0052490234375
 10
166.5824951171875
 20
56.0169677734375
 10
166.70126953125
 20
56.028076171875
 10
166.82005615234374
 20
56.039794921875
 10
166.93885498046876
 20
56.052392578125
 10
167.05765380859376
 20
56.0665771484375
 10
167.17646484375
 20
56.0826171875
 10
167.29527587890624
 20
56.100830078125
 10
167.41407470703126
 20
56.121826171875
 10
167.53289794921875
 20
56.144970703125
 10
167.65172119140624
 20
56.169677734375
 10
167.77054443359376
 20
56.196533203125
 10
167.8893798828125
 20
56.2252685546875
 10
168.00821533203126
 20
56.255517578125
 10
168.12705078125
 20
56.287353515625
 10
168.2458984375
 20
56.319775390625
 10
168.3647216796875
 20
56.3528076171875
 10
168.48353271484376
 20
56.3867919921875
 10
168.60238037109374
 20
56.4207763671875
 10
168.72122802734376
 20
56.4547607421875
 10
168.8400634765625
 20
56.4887939453125
 10
168.95889892578126
 20
56.521826171875
 10
169.07774658203124
 20
56.5539306640625
 10
169.19659423828125
 20
56.5848388671875
 10
169.31544189453126
 20
56.6132568359375
 10
169.43428955078124
 20
56.6388916015625
 10
169.55313720703126
 20
56.6611328125
 10
169.67198486328124
 20
56.6793212890625
 10
169.79080810546876
 20
56.6938232421875
 10
169.9096435546875
 20
56.704296875
 10
170.02845458984376
 20
56.7104248046875
 10
170.14727783203125
 20
56.7128662109375
 10
170.26610107421874
 20
56.7119140625
 10
170.38489990234376
 20
56.7078369140625
 10
170.5037109375
 20
56.7007080078125
 10
170.62252197265624
 20
56.6901123046875
 10
170.74132080078124
 20
56.6764404296875
 10
170.86011962890626
 20
56.6599853515625
 10
170.9785888671875
 20
56.6407958984375
 10
171.09599609375
 20
56.618798828125
 10
171.2134033203125
 20
56.5933837890625
 10
171.32838134765626
 20
56.5658447265625
 10
171.4385009765625
 20
56.537451171875
 10
171.55728759765626
 20
56.5033447265625
 10
171.65909423828126
 20
56.4728515625
 10
171.74429931640626
 20
56.4462646484375
 10
171.92921967482792
 20
56.38486561265563
 10
173.9404904519636
 20
54.4426040000782
 10
174.10445556640624
 20
54.4044921875
 10
174.17344970703124
 20
54.378271484375
 10
174.25103759765625
 20
54.3415283203125
 10
174.33582763671876
 20
54.2927490234375
 10
174.40225830078126
 20
54.233935546875
 10
174.4624267578125
 20
54.1643798828125
 10
174.51356201171876
 20
54.0856689453125
 10
174.55357666015624
 20
53.9984130859375
 10
174.58458251953124
 20
53.9069091796875
 10
174.60762939453124
 20
53.8152099609375
 10
174.62369384765626
 20
53.7127685546875
 10
174.63394775390626
 20
53.6236083984375
 10
174.6401123046875
 20
53.5483154296875
  0
LWPOLYLINE
  5
48
330
17
100
AcDbEntity
  8
0
100
AcDbPolyline
 90
268
 70
1
 10
205.385595703125
 20
52.7955322265625
 10
205.531298828125
 20
52.9599609375
 10
205.6017333984375
 20
53.0353759765625
 10
205.6874267578125
 20
53.124609375
 10
205.7884033203125
 20
53.2270263671875
 10
205.8865966796875
 20
53.3195556640625
 10
205.9896728515625
 20
53.4119873046875
 10
206.0927490234375
 20
53.500146484375
 10
206.2069091796875
 20
53.5890869140625
 10
206.306494140625
 20
53.6642333984375
 10
206.3908203125
 20
53.7255126953125
 10
206.57580545277716
 20
53.8491631580373
 10
208.4954500300159
 20
55.51788473035181
 10
208.6812744140625
 20
55.610205078125
 10
208.7668701171875
 20
55.6528564453125
 10
208.8691650390625
 20
55.7031005859375
 10
208.9885009765625
 20
55.7599365234375
 10
209.0991455078125
 20
55.8100341796875
 10
209.2146484375
 20
55.857958984375
 10
209.3325927734375
 20
55.9011474609375
 10
209.4505126953125
 20
55.9378662109375
 10
209.5695068359375
 20
55.967431640625
 10
209.688818359375
 20
55.9892578125
 10
209.8081298828125
 20
56.003662109375
 10
209.9274169921875
 20
56.0105712890625
 10
210.0467041015625
 20
56.010693359375
 10
210.165966796875
 20
56.004296875
 10
210.285205078125
 20
55.991064453125
 10
210.4044677734375
 20
55.9716552734375
 10
210.5237060546875
 20
55.946044921875
 10
210.64296875
 20
55.913916015625
 10
210.76220703125
 20
55.875927734375
 10
210.8814697265625
 20
55.833251953125
 10
211.0007080078125
 20
55.787158203125
 10
211.1199462890625
 20
55.73984375
 10
211.2391845703125
 20
55.6925537109375
 10
211.3584228515625
 20
55.6470947265625
 10
211.4776611328125
 20
55.6053466796875
 10
211.596923828125
 20
55.5682373046875
 10
211.716162109375
 20
55.535546875
 10
211.83544921875
 20
55.5068115234375
 10
211.9547119140625
 20
55.4805419921875
 10
212.0739990234375
 20
55.4555419921875
 10
212.19326171875
 20
55.4305419921875
 10
212.312548828125
 20
55.404052734375
 10
212.4318115234375
 20
55.3746826171875
 10
212.55107421875
 20
55.342236328125
 10
212.670361328125
 20
55.306396484375
 10
212.7896240234375
 20
55.2677490234375
 10
212.9089111328125
 20
55.226953125
 10
213.028173828125
 20
55.1836181640625
 10
213.147412109375
 20
55.1385009765625
 10
213.2666748046875
 20
55.0921142578125
 10
213.3859375
 20
55.044775390625
 10
213.5052001953125
 20
54.9968505859375
 10
213.624462890625
 20
54.9482666015625
 10
213.7437255859375
 20
54.899072265625
 10
213.86298828125
 20
54.850537109375
 10
213.9822509765625
 20
54.802587890625
 10
214.101513671875
 20
54.7552490234375
 10
214.2207763671875
 20
54.7088623046875
 10
214.340087890625
 20
54.6634033203125
 10
214.4593505859375
 20
54.6191650390625
 10
214.5786376953125
 20
54.5764892578125
 10
214.6979248046875
 20
54.534716796875
 10
214.8172119140625
 20
54.4942138671875
 10
214.9364990234375
 20
54.4552734375
 10
215.0557861328125
 20
54.4175537109375
 10
215.175048828125
 20
54.3816650390625
 10
215.2943603515625
 20
54.34765625
 10
215.4136474609375
 20
54.3155517578125
 10
215.5329833984375
 20
54.2855712890625
 10
215.652294921875
 20
54.257763671875
 10
215.7716064453125
 20
54.2321044921875
 10
215.8909423828125
 20
54.208984375
 10
216.0102783203125
 20
54.1876953125
 10
216.12958984375
 20
54.16796875
 10
216.24892578125
 20
54.149462890625
 10
216.36826171875
 20
54.131591796875
 10
216.48759765625
 20
54.1140380859375
 10
216.60693359375
 20
54.096435546875
 10
216.72626953125
 20
54.0785888671875
 10
216.8456298828125
 20
54.0603759765625
 10
216.9649658203125
 20
54.0415771484375
 10
217.084326171875
 20
54.0218505859375
 10
217.203662109375
 20
54.0017822265625
 10
217.322998046875
 20
53.981103515625
 10
217.4423583984375
 20
53.959521484375
 10
217.5616943359375
 20
53.9366943359375
 10
217.6810302734375
 20
53.911962890625
 10
217.8003662109375
 20
53.885693359375
 10
217.9197021484375
 20
53.8578857421875
 10
218.0390380859375
 20
53.8276123046875
 10
218.1583740234375
 20
53.795166015625
 10
218.2777099609375
 20
53.760546875
 10
218.3970458984375
 20
53.7237060546875
 10
218.5163818359375
 20
53.6856689453125
 10
218.6357177734375
 20
53.6460693359375
 10
218.7550537109375
 20
53.6055908203125
 10
218.8743896484375
 20
53.5650390625
 10
218.9937255859375
 20
53.5245361328125
 10
219.1130615234375
 20
53.4849365234375
 10
219.2323974609375
 20
53.4471923828125
 10
219.3517333984375
 20
53.410986328125
 10
219.47109375
 20
53.3773193359375
 10
219.5904541015625
 20
53.345751953125
 10
219.7097900390625
 20
53.3161376953125
 10
219.829150390625
 20
53.2883056640625
 10
219.9485107421875
 20
53.2614013671875
 10
220.0678955078125
 20
53.2345458984375
 10
220.187255859375
 20
53.2079833984375
 10
220.3066162109375
 20
53.1807861328125
 10
220.4260009765625
 20
53.153271484375
 10
220.5453369140625
 20
53.1257568359375
 10
220.664697265625
 20
53.098583984375
 10
220.7841064453125
 20
53.072021484375
 10
220.903466796875
 20
53.0463623046875
 10
221.0228271484375
 20
53.0207275390625
 10
221.1422119140625
 20
52.9953857421875
 10
221.2615966796875
 20
52.9694580078125
 10
221.3809814453125
 20
52.9416259765625
 10
221.5000244140625
 20
52.910400390625
 10
221.618017578125
 20
52.874853515625
 10
221.7338623046875
 20
52.833740234375
 10
221.8459228515625
 20
52.786767578125
 10
221.9520263671875
 20
52.7324462890625
 10
222.0494384765625
 20
52.6701416015625
 10
222.134619140625
 20
52.600244140625
 10
222.2044921875
 20
52.523681640625
 10
222.25625
 20
52.441455078125
 10
222.2874267578125
 20
52.3551513671875
 10
222.29697265625
 20
52.2662841796875
 10
222.2842529296875
 20
52.177734375
 10
222.249951171875
 20
52.0918701171875
 10
222.1961181640625
 20
52.010302734375
 10
222.1252685546875
 20
51.9342041015625
 10
222.0401123046875
 20
51.8638671875
 10
221.9438232421875
 20
51.7995361328125
 10
221.838818359375
 20
51.7406005859375
 10
221.7279052734375
 20
51.6854248046875
 10
221.6131591796875
 20
51.6328369140625
 10
221.49599609375
 20
51.581787109375
 10
221.37744140625
 20
51.531396484375
 10
221.2581787109375
 20
51.4819091796875
 10
221.13857421875
 20
51.4331298828125
 10
221.0189697265625
 20
51.385791015625
 10
220.899365234375
 20
51.3412841796875
 10
220.7797607421875
 20
51.3002197265625
 10
220.660205078125
 20
51.2631591796875
 10
220.540625
 20
51.2310791015625
 10
220.421044921875
 20
51.2036865234375
 10
220.3014404296875
 20
51.1808837890625
 10
220.181884765625
 20
51.1618408203125
 10
220.062353515625
 20
51.145263671875
 10
219.9427978515625
 20
51.130224609375
 10
219.8232666015625
 20
51.1158203125
 10
219.7037353515625
 20
51.1004638671875
 10
219.5842041015625
 20
51.0839111328125
 10
219.4646484375
 20
51.065771484375
 10
219.3451171875
 20
51.04609375
 10
219.2255615234375
 20
51.02578125
 10
219.1060302734375
 20
51.0054931640625
 10
218.9864990234375
 20
50.9858154296875
 10
218.8669677734375
 20
50.9673828125
 10
218.7474365234375
 20
50.9498779296875
 10
218.6279052734375
 20
50.9330322265625
 10
218.508349609375
 20
50.9161376953125
 10
218.388818359375
 20
50.897705078125
 10
218.2692626953125
 20
50.877099609375
 10
218.1497314453125
 20
50.8536865234375
 10
218.0302001953125
 20
50.8275146484375
 10
217.9106689453125
 20
50.798828125
 10
217.7910888671875
 20
50.7679931640625
 10
217.6715576171875
 20
50.7359130859375
 10
217.552001953125
 20
50.703857421875
 10
217.432470703125
 20
50.6720703125
 10
217.3129150390625
 20
50.6408935546875
 10
217.1933837890625
 20
50.6103759765625
 10
217.0738525390625
 20
50.58046875
 10
216.954345703125
 20
50.551171875
 10
216.834814453125
 20
50.522509765625
 10
216.7153076171875
 20
50.4941650390625
 10
216.5957763671875
 20
50.4661376953125
 10
216.4762451171875
 20
50.4384033203125
 10
216.3567138671875
 20
50.4109619140625
 10
216.2372314453125
 20
50.3838623046875
 10
216.1177001953125
 20
50.357080078125
 10
215.998193359375
 20
50.3299560546875
 10
215.878662109375
 20
50.3025146484375
 10
215.7591552734375
 20
50.2748046875
 10
215.6396240234375
 20
50.2467529296875
 10
215.5201171875
 20
50.2187255859375
 10
215.4006103515625
 20
50.1909912109375
 10
215.2810791015625
 20
50.1638916015625
 10
215.161572265625
 20
50.138037109375
 10
215.0420654296875
 20
50.1136962890625
 10
214.9225830078125
 20
50.0912353515625
 10
214.8031005859375
 20
50.070654296875
 10
214.6836181640625
 20
50.0512939453125
 10
214.5641357421875
 20
50.0325439453125
 10
214.4446533203125
 20
50.0134765625
 10
214.325146484375
 20
49.9931884765625
 10
214.2056640625
 20
49.9710693359375
 10
214.086181640625
 20
49.946435546875
 10
213.9666748046875
 20
49.9193115234375
 10
213.8471923828125
 20
49.8900634765625
 10
213.727685546875
 20
49.8589111328125
 10
213.6081787109375
 20
49.8268310546875
 10
213.4886962890625
 20
49.794775390625
 10
213.369189453125
 20
49.763037109375
 10
213.2496826171875
 20
49.731884765625
 10
213.1302001953125
 20
49.7016845703125
 10
213.0107177734375
 20
49.672705078125
 10
212.8912353515625
 20
49.6449951171875
 10
212.77177734375
 20
49.6185302734375
 10
212.652294921875
 20
49.5932861328125
 10
212.5328125
 20
49.569580078125
 10
212.4133544921875
 20
49.5474365234375
 10
212.293896484375
 20
49.526220703125
 10
212.1744384765625
 20
49.5052978515625
 10
212.0549560546875
 20
49.485009765625
 10
211.935498046875
 20
49.4647216796875
 10
211.816064453125
 20
49.4438232421875
 10
211.6966064453125
 20
49.4217041015625
 10
211.5771484375
 20
49.3986572265625
 10
211.4576904296875
 20
49.3749755859375
 10
211.338232421875
 20
49.3509521484375
 10
211.21875
 20
49.3260009765625
 10
211.0992919921875
 20
49.30078125
 10
210.979833984375
 20
49.275537109375
 10
210.860400390625
 20
49.2506103515625
 10
210.7409423828125
 20
49.2253662109375
 10
210.621484375
 20
49.2001220703125
 10
210.5020263671875
 20
49.1751953125
 10
210.3825927734375
 20
49.1511962890625
 10
210.2631591796875
 20
49.1278076171875
 10
210.143701171875
 20
49.1056640625
 10
210.024267578125
 20
49.0857177734375
 10
209.904833984375
 20
49.0691650390625
 10
209.7854248046875
 20
49.056640625
 10
209.6659912109375
 20
49.048779296875
 10
209.54658203125
 20
49.046484375
 10
209.427197265625
 20
49.051318359375
 10
209.3077880859375
 20
49.064208984375
 10
209.188427734375
 20
49.0851318359375
 10
209.0694091796875
 20
49.1141845703125
 10
208.95146484375
 20
49.1505859375
 10
208.8335205078125
 20
49.1947509765625
 10
208.7179931640625
 20
49.244482421875
 10
208.607373046875
 20
49.296923828125
 10
208.4880615234375
 20
49.3578857421875
 10
208.385791015625
 20
49.412109375
 10
208.3002197265625
 20
49.4587158203125
 10
208.11448974609374
 20
49.56224365234375
 10
206.35946044921874
 20
51.31727294921875
 10
206.217138671875
 20
51.482080078125
 10
206.1479736328125
 20
51.5580322265625
 10
206.064697265625
 20
51.648828125
 10
205.9679931640625
 20
51.7547607421875
 10
205.8776611328125
 20
51.8529541015625
 10
205.7872802734375
 20
51.955126953125
 10
205.7017333984375
 20
52.0584716796875
 10
205.6252685546875
 20
52.16171875
 10
205.559228515625
 20
52.2635986328125
 10
205.505078125
 20
52.3613525390625
 10
205.462646484375
 20
52.4666259765625
 10
205.4322265625
 20
52.556787109375
 10
205.4117431640625
 20
52.6321533203125
  0
LWPOLYLINE
  5
49
330
17
100
AcDbEntity
  8
0
100
AcDbPolyline
 90
339
 70
1
 10
139.50389404296874
 20
48.179052734375
 10
139.3197509765625
 20
48.2149658203125
 10
139.2358154296875
 20
48.2373046875
 10
139.136328125
 20
48.2678955078125
 10
139.0216552734375
 20
48.3085205078125
 10
138.91805419921874
 20
48.35703125
 10
138.81307373046874
 20
48.415771484375
 10
138.71019287109374
 20
48.4843505859375
 10
138.61214599609374
 20
48.561865234375
 10
138.51827392578124
 20
48.64765625
 10
138.42958984375
 20
48.740478515625
 10
138.34609375
 20
48.8385009765625
 10
138.26744384765624
 20
48.940185546875
 10
138.19259033203124
 20
49.0442626953125
 10
138.12052001953126
 20
49.1498291015625
 10
138.0505126953125
 20
49.2563720703125
 10
137.98189697265624
 20
49.363134765625
 10
137.91396484375
 20
49.4698974609375
 10
137.84638671875
 20
49.576708984375
 10
137.77880859375
 20
49.683447265625
 10
137.71123046875
 20
49.7902099609375
 10
137.64365234375
 20
49.897021484375
 10
137.57572021484376
 20
50.003759765625
 10
137.5071044921875
 20
50.1105224609375
 10
137.43779296875
 20
50.217333984375
 10
137.36778564453124
 20
50.3240966796875
 10
137.29710693359374
 20
50.430908203125
 10
137.225390625
 20
50.537744140625
 10
137.15262451171876
 20
50.6445556640625
 10
137.07950439453126
 20
50.7513916015625
 10
137.0071044921875
 20
50.858203125
 10
136.9353759765625
 20
50.9650146484375
 10
136.86400146484374
 20
51.0718505859375
 10
136.79263916015626
 20
51.178662109375
 10
136.7219482421875
 20
51.2854248046875
 10
136.6515869140625
 20
51.392236328125
 10
136.58126220703124
 20
51.4990478515625
 10
136.50955810546876
 20
51.6058349609375
 10
136.43643798828126
 20
51.7126708984375
 10
136.36265869140624
 20
51.81953125
 10
136.28922119140626
 20
51.9263427734375
 10
136.21575927734375
 20
52.0331787109375
 10
136.143359375
 20
52.1399658203125
 10
136.07198486328124
 20
52.2468017578125
 10
136.00303955078124
 20
52.3535400390625
 10
135.9364990234375
 20
52.460302734375
 10
135.87237548828125
 20
52.5670166015625
 10
135.8096435546875
 20
52.673681640625
 10
135.74830322265626
 20
52.7803466796875
 10
135.68729248046876
 20
52.887060546875
 10
135.62664794921875
 20
52.993701171875
 10
135.56529541015624
 20
53.100390625
 10
135.5032470703125
 20
53.207080078125
 10
135.4394775390625
 20
53.3137939453125
 10
135.37432861328125
 20
53.4204833984375
 10
135.30780029296875
 20
53.5272216796875
 10
135.240234375
 20
53.6339599609375
 10
135.17164306640626
 20
53.7406982421875
 10
135.10234375
 20
53.8474853515625
 10
135.03236083984376
 20
53.954248046875
 10
134.9630615234375
 20
54.0610107421875
 10
134.8944580078125
 20
54.1677490234375
 10
134.82691650390626
 20
54.2744873046875
 10
134.76072998046874
 20
54.38125
 10
134.6966064453125
 20
54.487939453125
 10
134.63526611328126
 20
54.594580078125
 10
134.57808837890624
 20
54.7011962890625
 10
134.5253662109375
 20
54.8077880859375
 10
134.4788818359375
 20
54.9142578125
 10
134.43997802734376
 20
55.0206787109375
 10
134.41041259765626
 20
55.126953125
 10
134.39119873046874
 20
55.2330810546875
 10
134.38375244140624
 20
55.339111328125
 10
134.3880126953125
 20
55.4449951171875
 10
134.40438232421874
 20
55.5507568359375
 10
134.4324951171875
 20
55.6563720703125
 10
134.4713134765625
 20
55.7618408203125
 10
134.5191162109375
 20
55.8671875
 10
134.57484130859376
 20
55.9724609375
 10
134.6364501953125
 20
56.077685546875
 10
134.70255126953126
 20
56.1828125
 10
134.77213134765626
 20
56.287939453125
 10
134.84339599609376
 20
56.393017578125
 10
134.91607666015625
 20
56.4980712890625
 10
134.9897705078125
 20
56.6031494140625
 10
135.0634765625
 20
56.708203125
 10
135.13717041015624
 20
56.81328125
 10
135.21087646484375
 20
56.918359375
 10
135.28355712890624
 20
57.0234375
 10
135.35552978515625
 20
57.1285400390625
 10
135.42613525390624
 20
57.233642578125
 10
135.49534912109374
 20
57.3387451171875
 10
135.56353759765625
 20
57.4439208984375
 10
135.63101806640626
 20
57.5490478515625
 10
135.6978271484375
 20
57.6542236328125
 10
135.7649658203125
 20
57.759375
 10
135.83245849609375
 20
57.864501953125
 10
135.90064697265626
 20
57.9696533203125
 10
135.96953125
 20
58.074755859375
 10
136.03907470703126
 20
58.1798828125
 10
136.10865478515626
 20
58.285009765625
 10
136.17821044921874
 20
58.3901123046875
 10
136.2477783203125
 20
58.4952880859375
 10
136.31768798828125
 20
58.6003662109375
 10
136.38795166015626
 20
58.7054931640625
 10
136.45889892578126
 20
58.8106201171875
 10
136.5305419921875
 20
58.915771484375
 10
136.60321044921875
 20
59.0208251953125
 10
136.6769287109375
 20
59.125927734375
 10
136.7509765625
 20
59.231005859375
 10
136.82470703125
 20
59.336083984375
 10
136.8980712890625
 20
59.441162109375
 10
136.97041015625
 20
59.5462890625
 10
137.04171142578124
 20
59.6513916015625
 10
137.1119873046875
 20
59.756494140625
 10
137.18154296875
 20
59.8616455078125
 10
137.25078125
 20
59.9667724609375
 10
137.32000732421875
 20
60.071923828125
 10
137.38924560546874
 20
60.1770751953125
 10
137.45880126953125
 20
60.2822021484375
 10
137.52908935546876
 20
60.3873291015625
 10
137.60003662109375
 20
60.4924560546875
 10
137.67099609375
 20
60.5975830078125
 10
137.74195556640626
 20
60.7027099609375
 10
137.8129150390625
 20
60.8078125
 10
137.88421630859375
 20
60.912939453125
 10
137.955859375
 20
61.0180908203125
 10
138.0271728515625
 20
61.1232177734375
 10
138.09813232421874
 20
61.2283203125
 10
138.16910400390626
 20
61.333447265625
 10
138.2404052734375
 20
61.43828125
 10
138.31239013671876
 20
61.5421630859375
 10
138.38472900390624
 20
61.643896484375
 10
138.45809326171874
 20
61.7415771484375
 10
138.5335205078125
 20
61.8327392578125
 10
138.61173095703126
 20
61.9146240234375
 10
138.69302978515626
 20
61.984130859375
 10
138.77877197265624
 20
62.0368896484375
 10
138.8669189453125
 20
62.0719970703125
 10
138.95574951171875
 20
62.0898193359375
 10
139.05833740234374
 20
62.080908203125
 10
139.14884033203126
 20
62.0634765625
 10
139.22655029296874
 20
62.0403564453125
 10
139.40263671875
 20
61.954931640625
 10
139.40263671875
 20
59.729833984375
 10
139.44732666015625
 20
59.5643798828125
 10
139.4631103515625
 20
59.4882080078125
 10
139.47957763671874
 20
59.3971435546875
 10
139.49635009765626
 20
59.291015625
 10
139.5055419921875
 20
59.1927001953125
 10
139.5123046875
 20
59.0900390625
 10
139.51663818359376
 20
58.9852783203125
 10
139.5185791015625
 20
58.880517578125
 10
139.5194580078125
 20
58.774853515625
 10
139.5199951171875
 20
58.668896484375
 10
139.5212158203125
 20
58.5629150390625
 10
139.52452392578124
 20
58.4569091796875
 10
139.5312744140625
 20
58.3509033203125
 10
139.54287109375
 20
58.244775390625
 10
139.56068115234376
 20
58.138623046875
 10
139.5861083984375
 20
58.0323486328125
 10
139.61947021484374
 20
57.9260009765625
 10
139.66009521484375
 20
57.8195556640625
 10
139.70625
 20
57.7130615234375
 10
139.75517578125
 20
57.6065673828125
 10
139.80445556640626
 20
57.4999755859375
 10
139.85196533203126
 20
57.3934814453125
 10
139.89605712890625
 20
57.2869873046875
 10
139.936328125
 20
57.1805419921875
 10
139.97349853515624
 20
57.074169921875
 10
140.00963134765624
 20
56.9680908203125
 10
140.0481689453125
 20
56.862890625
 10
140.0919189453125
 20
56.759521484375
 10
140.14293212890624
 20
56.6587890625
 10
140.2025634765625
 20
56.5620361328125
 10
140.27120361328124
 20
56.470703125
 10
140.3491943359375
 20
56.386669921875
 10
140.4358154296875
 20
56.311181640625
 10
140.5293701171875
 20
56.2448974609375
 10
140.62845458984376
 20
56.1875
 10
140.73206787109376
 20
56.1390380859375
 10
140.83948974609376
 20
56.098828125
 10
140.9503662109375
 20
56.0656982421875
 10
141.06368408203124
 20
56.0377685546875
 10
141.17872314453126
 20
56.0135498046875
 10
141.29515380859374
 20
55.991796875
 10
141.41265869140625
 20
55.9721923828125
 10
141.53079833984376
 20
55.953759765625
 10
141.64932861328126
 20
55.935986328125
 10
141.76785888671876
 20
55.9185302734375
 10
141.88636474609376
 20
55.9013671875
 10
142.0048828125
 20
55.884521484375
 10
142.12342529296876
 20
55.86796875
 10
142.24193115234374
 20
55.8517333984375
 10
142.36046142578124
 20
55.8361328125
 10
142.47899169921874
 20
55.8211181640625
 10
142.5975341796875
 20
55.8067626953125
 10
142.71605224609374
 20
55.7929931640625
 10
142.8345947265625
 20
55.779541015625
 10
142.95313720703126
 20
55.765771484375
 10
143.07166748046876
 20
55.7501708984375
 10
143.1902099609375
 20
55.7311279296875
 10
143.30875244140626
 20
55.7081298828125
 10
143.4272705078125
 20
55.680126953125
 10
143.5457763671875
 20
55.6466064453125
 10
143.66429443359374
 20
55.6078125
 10
143.78280029296874
 20
55.564990234375
 10
143.90130615234375
 20
55.520654296875
 10
144.01982421875
 20
55.477197265625
 10
144.1383544921875
 20
55.436279296875
 10
144.2568603515625
 20
55.400244140625
 10
144.375390625
 20
55.3707275390625
 10
144.49393310546876
 20
55.3486328125
 10
144.61248779296875
 20
55.333935546875
 10
144.7310546875
 20
55.325732421875
 10
144.8496337890625
 20
55.323388671875
 10
144.96822509765624
 20
55.326611328125
 10
145.08681640625
 20
55.3341552734375
 10
145.20540771484374
 20
55.3457275390625
 10
145.3240234375
 20
55.3603759765625
 10
145.44261474609374
 20
55.3775146484375
 10
145.56123046875
 20
55.3968505859375
 10
145.6798583984375
 20
55.416748046875
 10
145.7984619140625
 20
55.4354248046875
 10
145.91673583984374
 20
55.4510009765625
 10
146.03397216796876
 20
55.461083984375
 10
146.14910888671875
 20
55.4636962890625
 10
146.2604248046875
 20
55.4568115234375
 10
146.36551513671876
 20
55.437939453125
 10
146.46124267578125
 20
55.4065185546875
 10
146.5438232421875
 20
55.3626220703125
 10
146.60977783203126
 20
55.3071044921875
 10
146.65601806640626
 20
55.2419921875
 10
146.67977294921874
 20
55.1697021484375
 10
146.6796630859375
 20
55.0936767578125
 10
146.65604248046876
 20
55.0179443359375
 10
146.61097412109376
 20
54.944921875
 10
146.54794921875
 20
54.8767578125
 10
146.47073974609376
 20
54.8143310546875
 10
146.3835205078125
 20
54.7575927734375
 10
146.29075927734374
 20
54.7052490234375
 10
146.1962890625
 20
54.655078125
 10
146.10216064453124
 20
54.6045654296875
 10
146.0087158203125
 20
54.5525146484375
 10
145.915625
 20
54.4980224609375
 10
145.82218017578126
 20
54.4410400390625
 10
145.72735595703125
 20
54.3819091796875
 10
145.62977294921876
 20
54.322216796875
 10
145.52801513671875
 20
54.2637451171875
 10
145.42177734375
 20
54.2084716796875
 10
145.31177978515626
 20
54.1572509765625
 10
145.19864501953126
 20
54.110400390625
 10
145.08309326171874
 20
54.0678955078125
 10
144.96583251953126
 20
54.029736328125
 10
144.8475341796875
 20
53.9949951171875
 10
144.72889404296876
 20
53.9627197265625
 10
144.61025390625
 20
53.9322998046875
 10
144.4916259765625
 20
53.9031494140625
 10
144.37298583984375
 20
53.8748779296875
 10
144.2543701171875
 20
53.847607421875
 10
144.1357421875
 20
53.8212158203125
 10
144.0171142578125
 20
53.796044921875
 10
143.8985107421875
 20
53.772119140625
 10
143.7798828125
 20
53.7488037109375
 10
143.66129150390626
 20
53.7264404296875
 10
143.54266357421875
 20
53.7052978515625
 10
143.42406005859374
 20
53.6847900390625
 10
143.30545654296876
 20
53.6642578125
 10
143.18685302734374
 20
53.6431396484375
 10
143.06824951171876
 20
53.6213623046875
 10
142.94964599609375
 20
53.5992919921875
 10
142.83104248046874
 20
53.576318359375
 10
142.71243896484376
 20
53.5514404296875
 10
142.59383544921874
 20
53.525048828125
 10
142.4752197265625
 20
53.4974609375
 10
142.3566162109375
 20
53.4685791015625
 10
142.2380126953125
 20
53.4384765625
 10
142.1194091796875
 20
53.407177734375
 10
142.0008056640625
 20
53.3749267578125
 10
141.88218994140624
 20
53.3426513671875
 10
141.76358642578126
 20
53.310400390625
 10
141.64498291015624
 20
53.278125
 10
141.52637939453126
 20
53.246484375
 10
141.40777587890625
 20
53.215478515625
 10
141.2891845703125
 20
53.184765625
 10
141.17059326171875
 20
53.1540771484375
 10
141.05198974609374
 20
53.123046875
 10
140.9333984375
 20
53.09140625
 10
140.81480712890624
 20
53.058544921875
 10
140.6965576171875
 20
53.023486328125
 10
140.57900390625
 20
52.9853515625
 10
140.4628173828125
 20
52.943798828125
 10
140.3490478515625
 20
52.8982177734375
 10
140.2390625
 20
52.847021484375
 10
140.13460693359374
 20
52.7892578125
 10
140.0377685546875
 20
52.724609375
 10
139.94989013671875
 20
52.652734375
 10
139.87271728515626
 20
52.573974609375
 10
139.80728759765626
 20
52.4882568359375
 10
139.75426025390624
 20
52.3962158203125
 10
139.71368408203125
 20
52.2993896484375
 10
139.68487548828125
 20
52.1990478515625
 10
139.66640625
 20
52.0960693359375
 10
139.65728759765625
 20
51.991455078125
 10
139.65574951171874
 20
51.8858154296875
 10
139.6604248046875
 20
51.7798095703125
 10
139.66925048828125
 20
51.6737548828125
 10
139.68050537109374
 20
51.567626953125
 10
139.69246826171874
 20
51.4615234375
 10
139.7037109375
 20
51.3554443359375
 10
139.71287841796874
 20
51.249365234375
 10
139.71861572265624
 20
51.1433349609375
 10
139.71949462890626
 20
51.037353515625
 10
139.71519775390624
 20
50.9314453125
 10
139.70535888671876
 20
50.8256103515625
 10
139.6906982421875
 20
50.7198486328125
 10
139.671875
 20
50.6140869140625
 10
139.649609375
 20
50.5083984375
 10
139.62562255859376
 20
50.402734375
 10
139.6016357421875
 20
50.2970703125
 10
139.57900390625
 20
50.19140625
 10
139.55916748046874
 20
50.085693359375
 10
139.5427734375
 20
49.9799072265625
 10
139.53050537109374
 20
49.8740966796875
 10
139.52310791015626
 20
49.768212890625
 10
139.52020263671875
 20
49.6623046875
 10
139.5214111328125
 20
49.556298828125
 10
139.52645263671874
 20
49.4502685546875
 10
139.5349365234375
 20
49.3442138671875
 10
139.54583740234375
 20
49.238134765625
 10
139.55780029296875
 20
49.13203125
 10
139.5694091796875
 20
49.026220703125
 10
139.57960205078126
 20
48.9213623046875
 10
139.58636474609375
 20
48.8165771484375
 10
139.5889892578125
 20
48.7139892578125
 10
139.58677978515624
 20
48.6157958984375
 10
139.5748779296875
 20
48.5099853515625
 10
139.56160888671874
 20
48.4193359375
 10
139.5476806640625
 20
48.343505859375
  0
LWPOLYLINE
  5
4A
330
17
100
AcDbEntity
  8
0
100
AcDbPolyline
 90
366
 70
1
 10
241.0660400390625
 20
43.8647705078125
 10
241.001025390625
 20
43.85302734375
 10
240.9387451171875
 20
43.8495361328125
 10
240.8796142578125
 20
43.8543212890625
 10
240.8238525390625
 20
43.8673583984375
 10
240.771630859375
 20
43.8885986328125
 10
240.7232666015625
 20
43.9177490234375
 10
240.6788818359375
 20
43.9546142578125
 10
240.63857421875
 20
43.998876953125
 10
240.602392578125
 20
44.050146484375
 10
240.570361328125
 20
44.1080322265625
 10
240.5424072265625
 20
44.1720947265625
 10
240.51845703125
 20
44.2418212890625
 10
240.49833984375
 20
44.316796875
 10
240.481884765625
 20
44.3964599609375
 10
240.468798828125
 20
44.4803955078125
 10
240.45888671875
 20
44.568017578125
 10
240.4517822265625
 20
44.6589599609375
 10
240.4472412109375
 20
44.7527587890625
 10
240.444873046875
 20
44.848974609375
 10
240.44443359375
 20
44.9472900390625
 10
240.445556640625
 20
45.0473388671875
 10
240.4479248046875
 20
45.148828125
 10
240.4512939453125
 20
45.2514404296875
 10
240.4553955078125
 20
45.3550537109375
 10
240.4599365234375
 20
45.459375
 10
240.4647705078125
 20
45.564306640625
 10
240.469677734375
 20
45.6696044921875
 10
240.47451171875
 20
45.77529296875
 10
240.479150390625
 20
45.8812255859375
 10
240.483447265625
 20
45.9872802734375
 10
240.487353515625
 20
46.0934814453125
 10
240.49072265625
 20
46.199755859375
 10
240.4936279296875
 20
46.3060302734375
 10
240.495849609375
 20
46.4122802734375
 10
240.4974365234375
 20
46.5184814453125
 10
240.498291015625
 20
46.624560546875
 10
240.498291015625
 20
46.7305419921875
 10
240.49736328125
 20
46.836279296875
 10
240.495458984375
 20
46.941748046875
 10
240.4923583984375
 20
47.0468505859375
 10
240.487939453125
 20
47.1515869140625
 10
240.481982421875
 20
47.2557861328125
 10
240.474365234375
 20
47.359326171875
 10
240.464794921875
 20
47.4620849609375
 10
240.45302734375
 20
47.564013671875
 10
240.4387939453125
 20
47.66484375
 10
240.4218994140625
 20
47.7644775390625
 10
240.4019775390625
 20
47.8627685546875
 10
240.37880859375
 20
47.959521484375
 10
240.3520751953125
 20
48.0546142578125
 10
240.3215576171875
 20
48.1477783203125
 10
240.28701171875
 20
48.23896484375
 10
240.24814453125
 20
48.3279541015625
 10
240.204833984375
 20
48.414599609375
 10
240.156982421875
 20
48.498779296875
 10
240.10439453125
 20
48.5803955078125
 10
240.047021484375
 20
48.659326171875
 10
239.9848876953125
 20
48.735498046875
 10
239.9179931640625
 20
48.8089111328125
 10
239.84638671875
 20
48.879541015625
 10
239.7701904296875
 20
48.9473388671875
 10
239.6895263671875
 20
49.01240234375
 10
239.60458984375
 20
49.074755859375
 10
239.515625
 20
49.134423828125
 10
239.4228759765625
 20
49.191552734375
 10
239.3265869140625
 20
49.2463134765625
 10
239.22705078125
 20
49.29873046875
 10
239.1245849609375
 20
49.3490478515625
 10
239.0194580078125
 20
49.3973388671875
 10
238.9119384765625
 20
49.443798828125
 10
238.8023193359375
 20
49.488623046875
 10
238.690869140625
 20
49.5319091796875
 10
238.57783203125
 20
49.5738525390625
 10
238.4634521484375
 20
49.6145263671875
 10
238.347998046875
 20
49.654150390625
 10
238.2315673828125
 20
49.6927978515625
 10
238.1143798828125
 20
49.730615234375
 10
237.996630859375
 20
49.7677001953125
 10
237.87841796875
 20
49.8042236328125
 10
237.7598876953125
 20
49.840185546875
 10
237.641162109375
 20
49.875732421875
 10
237.5223388671875
 20
49.9108642578125
 10
237.4034912109375
 20
49.9457275390625
 10
237.284765625
 20
49.9803955078125
 10
237.166259765625
 20
50.01494140625
 10
237.0481201171875
 20
50.049462890625
 10
236.9304443359375
 20
50.0840576171875
 10
236.8134033203125
 20
50.118896484375
 10
236.6971923828125
 20
50.154052734375
 10
236.58203125
 20
50.1896728515625
 10
236.4681396484375
 20
50.22587890625
 10
236.3558349609375
 20
50.262841796875
 10
236.245361328125
 20
50.3007080078125
 10
236.137109375
 20
50.3396240234375
 10
236.0314697265625
 20
50.3798095703125
 10
235.928759765625
 20
50.421337890625
 10
235.8294677734375
 20
50.4643310546875
 10
235.7341064453125
 20
50.5089111328125
 10
235.643115234375
 20
50.55517578125
 10
235.556982421875
 20
50.603125
 10
235.476220703125
 20
50.6528076171875
 10
235.4012939453125
 20
50.70419921875
 10
235.332763671875
 20
50.7571533203125
 10
235.271044921875
 20
50.8115966796875
 10
235.216552734375
 20
50.8673095703125
 10
235.1697509765625
 20
50.9241455078125
 10
235.1309326171875
 20
50.9818115234375
 10
235.1004150390625
 20
51.0401123046875
 10
235.078466796875
 20
51.0986083984375
 10
235.065283203125
 20
51.157080078125
 10
235.0609130859375
 20
51.21513671875
 10
235.0654052734375
 20
51.2724853515625
 10
235.078759765625
 20
51.3287353515625
 10
235.10087890625
 20
51.38359375
 10
235.1315185546875
 20
51.4367919921875
 10
235.1704345703125
 20
51.4881103515625
 10
235.217431640625
 20
51.537255859375
 10
235.272021484375
 20
51.5841064453125
 10
235.3339111328125
 20
51.6285888671875
 10
235.4025634765625
 20
51.6704833984375
 10
235.4775634765625
 20
51.7098876953125
 10
235.5584716796875
 20
51.7467529296875
 10
235.6447021484375
 20
51.7811279296875
 10
235.7358154296875
 20
51.813134765625
 10
235.8312744140625
 20
51.84287109375
 10
235.9306396484375
 20
51.8704833984375
 10
236.0334228515625
 20
51.896240234375
 10
236.1391357421875
 20
51.9202392578125
 10
236.2475341796875
 20
51.942724609375
 10
236.3580810546875
 20
51.9639404296875
 10
236.47041015625
 20
51.98408203125
 10
236.584326171875
 20
52.0033447265625
 10
236.69951171875
 20
52.021923828125
 10
236.81572265625
 20
52.0400634765625
 10
236.93271484375
 20
52.0578857421875
 10
237.0503173828125
 20
52.07568359375
 10
237.1683349609375
 20
52.0935302734375
 10
237.286572265625
 20
52.11171875
 10
237.40498046875
 20
52.13037109375
 10
237.523388671875
 20
52.149658203125
 10
237.6416748046875
 20
52.1697998046875
 10
237.759716796875
 20
52.190966796875
 10
237.8774169921875
 20
52.213330078125
 10
237.99462890625
 20
52.2370849609375
 10
238.1112548828125
 20
52.2624267578125
 10
238.2271240234375
 20
52.2895263671875
 10
238.3421142578125
 20
52.318603515625
 10
238.4560791015625
 20
52.34990234375
 10
238.56884765625
 20
52.3835205078125
 10
238.6802978515625
 20
52.419775390625
 10
238.7901611328125
 20
52.458740234375
 10
238.89833984375
 20
52.5006591796875
 10
239.0046630859375
 20
52.54560546875
 10
239.10888671875
 20
52.593798828125
 10
239.210888671875
 20
52.6453125
 10
239.31044921875
 20
52.7002197265625
 10
239.407373046875
 20
52.7585205078125
 10
239.501611328125
 20
52.8203369140625
 10
239.59287109375
 20
52.885595703125
 10
239.6811279296875
 20
52.9542724609375
 10
239.766162109375
 20
53.026318359375
 10
239.84794921875
 20
53.1016357421875
 10
239.926318359375
 20
53.180078125
 10
240.0012451171875
 20
53.261572265625
 10
240.07265625
 20
53.345849609375
 10
240.14052734375
 20
53.4328369140625
 10
240.2048095703125
 20
53.5222900390625
 10
240.2655029296875
 20
53.6140380859375
 10
240.32265625
 20
53.7078369140625
 10
240.3761962890625
 20
53.803515625
 10
240.4262939453125
 20
53.9009033203125
 10
240.47294921875
 20
53.999755859375
 10
240.5162841796875
 20
54.099951171875
 10
240.5563232421875
 20
54.2011962890625
 10
240.5932373046875
 20
54.3034912109375
 10
240.62705078125
 20
54.4065673828125
 10
240.657958984375
 20
54.5103271484375
 10
240.68603515625
 20
54.6146240234375
 10
240.71142578125
 20
54.71943359375
 10
240.734326171875
 20
54.824609375
 10
240.7548095703125
 20
54.9301025390625
 10
240.7731201171875
 20
55.035791015625
 10
240.7893310546875
 20
55.1417236328125
 10
240.8035888671875
 20
55.24775390625
 10
240.81611328125
 20
55.3539306640625
 10
240.8270751953125
 20
55.46015625
 10
240.836572265625
 20
55.5664306640625
 10
240.8447998046875
 20
55.6727294921875
 10
240.851904296875
 20
55.7789794921875
 10
240.85810546875
 20
55.8851806640625
 10
240.8634521484375
 20
55.9912841796875
 10
240.86826171875
 20
56.0972412109375
 10
240.8726318359375
 20
56.202978515625
 10
240.8767822265625
 20
56.3084228515625
 10
240.8808837890625
 20
56.413427734375
 10
240.8851318359375
 20
56.517919921875
 10
240.88974609375
 20
56.621728515625
 10
240.8949462890625
 20
56.724609375
 10
240.9009521484375
 20
56.826416015625
 10
240.908056640625
 20
56.9268310546875
 10
240.9164306640625
 20
57.0256103515625
 10
240.9264404296875
 20
57.12236328125
 10
240.93818359375
 20
57.216845703125
 10
240.9520263671875
 20
57.308544921875
 10
240.968212890625
 20
57.3970947265625
 10
240.9869384765625
 20
57.48203125
 10
241.0084228515625
 20
57.562890625
 10
241.03291015625
 20
57.6391845703125
 10
241.0606201171875
 20
57.71044921875
 10
241.091650390625
 20
57.776123046875
 10
241.12607421875
 20
57.8358642578125
 10
241.1640869140625
 20
57.889111328125
 10
241.205615234375
 20
57.935498046875
 10
241.2507568359375
 20
57.9746337890625
 10
241.299462890625
 20
58.006201171875
 10
241.3515380859375
 20
58.0298583984375
 10
241.406982421875
 20
58.0455322265625
 10
241.465576171875
 20
58.0530029296875
 10
241.527099609375
 20
58.052197265625
 10
241.5913818359375
 20
58.04306640625
 10
241.6581298828125
 20
58.0258056640625
 10
241.727099609375
 20
58.0005126953125
 10
241.797998046875
 20
57.967431640625
 10
241.8705322265625
 20
57.9267822265625
 10
241.94443359375
 20
57.87890625
 10
242.01943359375
 20
57.8242431640625
 10
242.0952392578125
 20
57.76318359375
 10
242.171630859375
 20
57.696142578125
 10
242.2483642578125
 20
57.623681640625
 10
242.3252197265625
 20
57.5461669921875
 10
242.4020263671875
 20
57.4641845703125
 10
242.4786376953125
 20
57.378173828125
 10
242.554931640625
 20
57.288623046875
 10
242.6307861328125
 20
57.1959228515625
 10
242.7061767578125
 20
57.1005126953125
 10
242.7809814453125
 20
57.0028076171875
 10
242.855224609375
 20
56.903173828125
 10
242.928857421875
 20
56.8018798828125
 10
243.0019287109375
 20
56.6992919921875
 10
243.074365234375
 20
56.5955322265625
 10
243.1462158203125
 20
56.4909423828125
 10
243.217578125
 20
56.3856201171875
 10
243.2884033203125
 20
56.279736328125
 10
243.3588134765625
 20
56.1734619140625
 10
243.428759765625
 20
56.06689453125
 10
243.49833984375
 20
55.9600830078125
 10
243.5675048828125
 20
55.8531005859375
 10
243.636376953125
 20
55.7460205078125
 10
243.704931640625
 20
55.6388427734375
 10
243.773193359375
 20
55.5316162109375
 10
243.8412353515625
 20
55.424365234375
 10
243.9089599609375
 20
55.31708984375
 10
243.9764892578125
 20
55.2097900390625
 10
244.04375
 20
55.102490234375
 10
244.1108154296875
 20
54.99521484375
 10
244.17763671875
 20
54.887890625
 10
244.24423828125
 20
54.780615234375
 10
244.3106201171875
 20
54.6733154296875
 10
244.376806640625
 20
54.566064453125
 10
244.442724609375
 20
54.4588134765625
 10
244.5083740234375
 20
54.3514892578125
 10
244.5738037109375
 20
54.2442138671875
 10
244.6389404296875
 20
54.1369384765625
 10
244.703759765625
 20
54.0296630859375
 10
244.7682373046875
 20
53.9223876953125
 10
244.832373046875
 20
53.81513671875
 10
244.89609375
 20
53.7078369140625
 10
244.959326171875
 20
53.6006103515625
 10
245.0219970703125
 20
53.4933349609375
 10
245.084033203125
 20
53.3860595703125
 10
245.1452880859375
 20
53.2788330078125
 10
245.2056884765625
 20
53.17158203125
 10
245.264990234375
 20
53.064404296875
 10
245.3231201171875
 20
52.9572021484375
 10
245.379833984375
 20
52.85
 10
245.4349365234375
 20
52.7428466796875
 10
245.4882080078125
 20
52.6356689453125
 10
245.53935546875
 20
52.528564453125
 10
245.58818359375
 20
52.4214599609375
 10
245.6343505859375
 20
52.314404296875
 10
245.6776611328125
 20
52.2073974609375
 10
245.7177978515625
 20
52.1004150390625
 10
245.7544677734375
 20
51.9934326171875
 10
245.787451171875
 20
51.8865478515625
 10
245.8164794921875
 20
51.7796630859375
 10
245.8413330078125
 20
51.6728759765625
 10
245.8617919921875
 20
51.56611328125
 10
245.8777099609375
 20
51.459423828125
 10
245.8888916015625
 20
51.352783203125
 10
245.8953125
 20
51.24619140625
 10
245.8968505859375
 20
51.1396728515625
 10
245.8934814453125
 20
51.0331787109375
 10
245.885205078125
 20
50.9267822265625
 10
245.8720947265625
 20
50.82041015625
 10
245.8542236328125
 20
50.714111328125
 10
245.8317138671875
 20
50.6078857421875
 10
245.804736328125
 20
50.5016845703125
 10
245.7734375
 20
50.395556640625
 10
245.738037109375
 20
50.289453125
 10
245.6988037109375
 20
50.183447265625
 10
245.6558837890625
 20
50.07744140625
 10
245.60966796875
 20
49.971484375
 10
245.5602783203125
 20
49.8656005859375
 10
245.5080810546875
 20
49.7596923828125
 10
245.4532470703125
 20
49.6538330078125
 10
245.3961181640625
 20
49.5480224609375
 10
245.3368408203125
 20
49.4422119140625
 10
245.2757568359375
 20
49.3364501953125
 10
245.2130126953125
 20
49.2306884765625
 10
245.148828125
 20
49.1249755859375
 10
245.0834228515625
 20
49.0192626953125
 10
245.0169189453125
 20
48.91357421875
 10
244.9494873046875
 20
48.8078857421875
 10
244.88125
 20
48.702197265625
 10
244.812353515625
 20
48.5965087890625
 10
244.74287109375
 20
48.4908447265625
 10
244.672900390625
 20
48.3851806640625
 10
244.6025634765625
 20
48.2795654296875
 10
244.5318603515625
 20
48.1739013671875
 10
244.460791015625
 20
48.06826171875
 10
244.389501953125
 20
47.96259765625
 10
244.3179931640625
 20
47.856982421875
 10
244.2463134765625
 20
47.7513427734375
 10
244.1743896484375
 20
47.645703125
 10
244.102294921875
 20
47.540087890625
 10
244.0300537109375
 20
47.43447265625
 10
243.957666015625
 20
47.328857421875
 10
243.885107421875
 20
47.2232177734375
 10
243.81240234375
 20
47.117626953125
 10
243.73955078125
 20
47.01201171875
 10
243.666552734375
 20
46.906396484375
 10
243.59345703125
 20
46.8008056640625
 10
243.520263671875
 20
46.6951904296875
 10
243.446923828125
 20
46.5895751953125
 10
243.37353515625
 20
46.483984375
 10
243.3000244140625
 20
46.3783935546875
 10
243.2264404296875
 20
46.2728759765625
 10
243.1527587890625
 20
46.167333984375
 10
243.07900390625
 20
46.0618896484375
 10
243.0052001953125
 20
45.95654296875
 10
242.9313232421875
 20
45.851318359375
 10
242.857373046875
 20
45.746240234375
 10
242.7833251953125
 20
45.6414794921875
 10
242.709130859375
 20
45.53701171875
 10
242.63486328125
 20
45.432958984375
 10
242.560400390625
 20
45.32958984375
 10
242.4857666015625
 20
45.226904296875
 10
242.4109130859375
 20
45.1252197265625
 10
242.3358642578125
 20
45.024658203125
 10
242.260498046875
 20
44.925634765625
 10
242.1848876953125
 20
44.8283447265625
 10
242.108984375
 20
44.7331298828125
 10
242.0328125
 20
44.640380859375
 10
241.95634765625
 20
44.55048828125
 10
241.879736328125
 20
44.4639404296875
 10
241.8030029296875
 20
44.3811767578125
 10
241.726220703125
 20
44.3026611328125
 10
241.649560546875
 20
44.2288818359375
 10
241.5731689453125
 20
44.160400390625
 10
241.497265625
 20
44.0975830078125
 10
241.4220458984375
 20
44.0409423828125
 10
241.347802734375
 20
43.9909423828125
 10
241.2747314453125
 20
43.9480224609375
 10
241.20322265625
 20
43.9124755859375
 10
241.1335693359375
 20
43.884619140625
  0
LWPOLYLINE
  5
4B
330
17
100
AcDbEntity
  8
0
100
AcDbPolyline
 90
282
 70
1
 10
161.56180419921876
 20
39.4234375
 10
161.57052001953124
 20
39.588330078125
 10
161.57919921875
 20
39.6634765625
 10
161.5934326171875
 20
39.7524658203125
 10
161.61527099609376
 20
39.8552978515625
 10
161.64613037109376
 20
39.9487060546875
 10
161.6877197265625
 20
40.0445068359375
 10
161.74107666015624
 20
40.1401123046875
 10
161.80654296875
 20
40.234033203125
 10
161.88380126953126
 20
40.3275146484375
 10
161.9718017578125
 20
40.420263671875
 10
162.06876220703126
 20
40.5122314453125
 10
162.17337646484376
 20
40.6038330078125
 10
162.28319091796874
 20
40.6953369140625
 10
162.3961181640625
 20
40.7871337890625
 10
162.5104248046875
 20
40.8782958984375
 10
162.6247314453125
 20
40.9688232421875
 10
162.73800048828124
 20
41.0587646484375
 10
162.84920654296874
 20
41.148095703125
 10
162.95728759765626
 20
41.236865234375
 10
163.06258544921874
 20
41.3250244140625
 10
163.1654541015625
 20
41.412646484375
 10
163.26627197265626
 20
41.5008544921875
 10
163.36533203125
 20
41.5897705078125
 10
163.46302490234376
 20
41.679296875
 10
163.5607177734375
 20
41.7694091796875
 10
163.65980224609376
 20
41.86015625
 10
163.7606201171875
 20
41.951513671875
 10
163.86351318359374
 20
42.043408203125
 10
163.96883544921874
 20
42.135009765625
 10
164.0769287109375
 20
42.226611328125
 10
164.18814697265626
 20
42.318115234375
 10
164.3017822265625
 20
42.4095947265625
 10
164.41715087890626
 20
42.5010986328125
 10
164.5339111328125
 20
42.592529296875
 10
164.65169677734374
 20
42.683642578125
 10
164.7698486328125
 20
42.7744873046875
 10
164.8873046875
 20
42.8637451171875
 10
165.00267333984374
 20
42.9508544921875
 10
165.1156005859375
 20
43.0362060546875
 10
165.22369384765625
 20
43.1178466796875
 10
165.32451171875
 20
43.1940673828125
 10
165.42635498046874
 20
43.2736328125
 10
165.51158447265624
 20
43.3406982421875
 10
165.580859375
 20
43.396240234375
 10
165.72082676422914
 20
43.514113709596586
 10
167.63404688262642
 20
45.17725058504252
 10
167.8157470703125
 20
45.3000244140625
 10
167.8975830078125
 20
45.3605712890625
 10
167.9940185546875
 20
45.4345947265625
 10
168.10465087890626
 20
45.5223876953125
 10
168.2031494140625
 20
45.6077880859375
 10
168.30340576171875
 20
45.6975341796875
 10
168.4033203125
 20
45.788818359375
 10
168.50079345703125
 20
45.87890625
 10
168.5972412109375
 20
45.9677490234375
 10
168.69332275390624
 20
46.0547607421875
 10
168.79010009765625
 20
46.139599609375
 10
168.88895263671876
 20
46.223193359375
 10
168.990234375
 20
46.3067138671875
 10
169.0943115234375
 20
46.391455078125
 10
169.2014892578125
 20
46.4783447265625
 10
169.31214599609376
 20
46.5673583984375
 10
169.42557373046876
 20
46.6585205078125
 10
169.5410888671875
 20
46.7514404296875
 10
169.65799560546876
 20
46.8449951171875
 10
169.77593994140625
 20
46.937646484375
 10
169.8945556640625
 20
47.027490234375
 10
170.0135498046875
 20
47.1133056640625
 10
170.13251953125
 20
47.1938720703125
 10
170.25146484375
 20
47.2676025390625
 10
170.37042236328125
 20
47.3336181640625
 10
170.4893798828125
 20
47.3909912109375
 10
170.60831298828126
 20
47.4393310546875
 10
170.72723388671875
 20
47.4790771484375
 10
170.84613037109375
 20
47.5101318359375
 10
170.9650390625
 20
47.5328125
 10
171.08392333984375
 20
47.548095703125
 10
171.20283203125
 20
47.5565673828125
 10
171.3217041015625
 20
47.559423828125
 10
171.44056396484376
 20
47.5576904296875
 10
171.55943603515624
 20
47.5519287109375
 10
171.67830810546874
 20
47.5427734375
 10
171.79718017578125
 20
47.531103515625
 10
171.9160400390625
 20
47.5176025390625
 10
172.03489990234374
 20
47.503173828125
 10
172.15374755859375
 20
47.4884521484375
 10
172.27264404296875
 20
47.4740478515625
 10
172.39151611328126
 20
47.460546875
 10
172.5103759765625
 20
47.4486083984375
 10
172.62926025390624
 20
47.438818359375
 10
172.74814453125
 20
47.4318115234375
 10
172.86702880859374
 20
47.427294921875
 10
172.9859375
 20
47.4249267578125
 10
173.10482177734374
 20
47.4244140625
 10
173.22373046875
 20
47.4254638671875
 10
173.34261474609374
 20
47.4277587890625
 10
173.4615234375
 20
47.430322265625
 10
173.58043212890624
 20
47.4322998046875
 10
173.69932861328124
 20
47.4333740234375
 10
173.8182373046875
 20
47.433154296875
 10
173.9371337890625
 20
47.4314208984375
 10
174.0560546875
 20
47.4278076171875
 10
174.17496337890626
 20
47.4220458984375
 10
174.29383544921876
 20
47.413818359375
 10
174.4127197265625
 20
47.402783203125
 10
174.53162841796876
 20
47.3889892578125
 10
174.65052490234376
 20
47.3720703125
 10
174.76942138671876
 20
47.3514892578125
 10
174.8883056640625
 20
47.3261962890625
 10
175.00716552734374
 20
47.295361328125
 10
175.12603759765625
 20
47.2589599609375
 10
175.24490966796876
 20
47.2166748046875
 10
175.36376953125
 20
47.167919921875
 10
175.48226318359374
 20
47.112646484375
 10
175.59971923828124
 20
47.0514892578125
 10
175.71510009765626
 20
46.9857177734375
 10
175.82698974609374
 20
46.9162841796875
 10
175.93404541015624
 20
46.8428955078125
 10
176.03448486328125
 20
46.7658447265625
 10
176.12625732421876
 20
46.6855224609375
 10
176.20797119140624
 20
46.601904296875
 10
176.27891845703124
 20
46.5147216796875
 10
176.3391357421875
 20
46.4233154296875
 10
176.38927001953124
 20
46.3277099609375
 10
176.42969970703126
 20
46.2288330078125
 10
176.46109619140626
 20
46.1272705078125
 10
176.48486328125
 20
46.0236328125
 10
176.50205078125
 20
45.9185546875
 10
176.51334228515626
 20
45.8125732421875
 10
176.5190673828125
 20
45.7064208984375
 10
176.51925048828124
 20
45.600244140625
 10
176.5142333984375
 20
45.494189453125
 10
176.5050537109375
 20
45.3881591796875
 10
176.4924072265625
 20
45.2822021484375
 10
176.47698974609375
 20
45.1762451171875
 10
176.45948486328126
 20
45.0703369140625
 10
176.44024658203125
 20
44.964453125
 10
176.41962890625
 20
44.8585693359375
 10
176.3986572265625
 20
44.7527099609375
 10
176.37734375
 20
44.6468505859375
 10
176.35533447265624
 20
44.5409912109375
 10
176.33228759765626
 20
44.4351318359375
 10
176.3078369140625
 20
44.329296875
 10
176.28271484375
 20
44.223486328125
 10
176.25723876953126
 20
44.1176513671875
 10
176.23072509765626
 20
44.0118896484375
 10
176.20281982421875
 20
43.906103515625
 10
176.17386474609376
 20
43.800341796875
 10
176.14422607421875
 20
43.6945556640625
 10
176.1138916015625
 20
43.588818359375
 10
176.08182373046876
 20
43.483056640625
 10
176.0480224609375
 20
43.3773681640625
 10
176.0125
 20
43.2716796875
 10
175.97523193359376
 20
43.1659912109375
 10
175.93623046875
 20
43.0603759765625
 10
175.89515380859376
 20
42.9547607421875
 10
175.85234375
 20
42.849169921875
 10
175.8081298828125
 20
42.7435791015625
 10
175.7614990234375
 20
42.638330078125
 10
175.71209716796875
 20
42.5337646484375
 10
175.65921630859376
 20
42.4304443359375
 10
175.6011474609375
 20
42.3293701171875
 10
175.53682861328124
 20
42.231494140625
 10
175.4649169921875
 20
42.138037109375
 10
175.38466796875
 20
42.050537109375
 10
175.2964599609375
 20
41.9699462890625
 10
175.20029296875
 20
41.8975341796875
 10
175.0968505859375
 20
41.8335693359375
 10
174.98787841796874
 20
41.777685546875
 10
174.87474365234374
 20
41.7299072265625
 10
174.7588623046875
 20
41.6896240234375
 10
174.64124755859376
 20
41.655517578125
 10
174.52259521484376
 20
41.626708984375
 10
174.40361328125
 20
41.6015869140625
 10
174.2846435546875
 20
41.5799072265625
 10
174.1656494140625
 20
41.5615966796875
 10
174.04666748046876
 20
41.5458251953125
 10
173.92769775390624
 20
41.5318359375
 10
173.80872802734376
 20
41.5194091796875
 10
173.6897705078125
 20
41.508251953125
 10
173.57081298828126
 20
41.497998046875
 10
173.45186767578124
 20
41.487451171875
 10
173.33291015625
 20
41.475341796875
 10
173.21396484375
 20
41.4616943359375
 10
173.09500732421876
 20
41.4462158203125
 10
172.97603759765624
 20
41.428515625
 10
172.85706787109376
 20
41.4083740234375
 10
172.7381103515625
 20
41.386376953125
 10
172.61915283203126
 20
41.3634521484375
 10
172.5001953125
 20
41.3405517578125
 10
172.38121337890624
 20
41.3173095703125
 10
172.26224365234376
 20
41.2943603515625
 10
172.1432861328125
 20
41.2723388671875
 10
172.0243408203125
 20
41.251904296875
 10
171.90538330078124
 20
41.232373046875
 10
171.78643798828125
 20
41.2131591796875
 10
171.66749267578126
 20
41.193603515625
 10
171.54854736328124
 20
41.1743896484375
 10
171.42960205078126
 20
41.1548583984375
 10
171.31065673828124
 20
41.1343994140625
 10
171.19171142578125
 20
41.1124267578125
 10
171.07276611328126
 20
41.0894775390625
 10
170.95382080078124
 20
41.0662353515625
 10
170.83487548828126
 20
41.0433349609375
 10
170.7159423828125
 20
41.0200927734375
 10
170.59700927734374
 20
40.9971923828125
 10
170.47808837890625
 20
40.974853515625
 10
170.35914306640626
 20
40.953466796875
 10
170.2402099609375
 20
40.9323974609375
 10
170.12127685546875
 20
40.9107177734375
 10
170.00233154296876
 20
40.8875
 10
169.8833984375
 20
40.8630126953125
 10
169.764453125
 20
40.8366943359375
 10
169.6455078125
 20
40.8085205078125
 10
169.52657470703124
 20
40.778466796875
 10
169.40765380859375
 20
40.7465576171875
 10
169.28873291015626
 20
40.7137451171875
 10
169.16978759765624
 20
40.680908203125
 10
169.0508544921875
 20
40.648095703125
 10
168.93192138671876
 20
40.6152587890625
 10
168.81297607421874
 20
40.5824462890625
 10
168.69404296875
 20
40.5496337890625
 10
168.57510986328126
 20
40.5177490234375
 10
168.45618896484376
 20
40.486474609375
 10
168.33726806640624
 20
40.4554931640625
 10
168.21834716796874
 20
40.4248291015625
 10
168.09942626953125
 20
40.3951171875
 10
167.98050537109376
 20
40.3663330078125
 10
167.8615966796875
 20
40.3384521484375
 10
167.74267578125
 20
40.3105712890625
 10
167.6237548828125
 20
40.2830322265625
 10
167.50484619140624
 20
40.2560791015625
 10
167.3859375
 20
40.2300537109375
 10
167.26702880859375
 20
40.2052978515625
 10
167.14814453125
 20
40.1820556640625
 10
167.02923583984375
 20
40.160693359375
 10
166.9103515625
 20
40.141796875
 10
166.7914794921875
 20
40.125048828125
 10
166.6725830078125
 20
40.1101806640625
 10
166.55369873046874
 20
40.0968505859375
 10
166.4348388671875
 20
40.0841552734375
 10
166.31595458984376
 20
40.0717529296875
 10
166.19708251953125
 20
40.0593505859375
 10
166.07821044921874
 20
40.0466552734375
 10
165.95933837890624
 20
40.0336181640625
 10
165.84044189453124
 20
40.019970703125
 10
165.72156982421876
 20
40.0054443359375
 10
165.60269775390626
 20
39.9899169921875
 10
165.48382568359375
 20
39.9735107421875
 10
165.36495361328124
 20
39.955859375
 10
165.24608154296874
 20
39.936669921875
 10
165.12720947265626
 20
39.915283203125
 10
165.0083251953125
 20
39.8920654296875
 10
164.889453125
 20
39.8673095703125
 10
164.7705810546875
 20
39.8412841796875
 10
164.65172119140624
 20
39.813427734375
 10
164.53282470703124
 20
39.7840087890625
 10
164.41395263671876
 20
39.7533935546875
 10
164.29508056640626
 20
39.7227294921875
 10
164.17618408203126
 20
39.6924072265625
 10
164.05731201171875
 20
39.6626953125
 10
163.93843994140624
 20
39.63359375
 10
163.81956787109374
 20
39.6063232421875
 10
163.7007080078125
 20
39.5812744140625
 10
163.58184814453125
 20
39.558349609375
 10
163.46300048828124
 20
39.536669921875
 10
163.34415283203126
 20
39.5153076171875
 10
163.22529296875
 20
39.4933349609375
 10
163.1064453125
 20
39.470751953125
 10
162.98759765625
 20
39.4466064453125
 10
162.86875
 20
39.4202880859375
 10
162.74989013671876
 20
39.3924072265625
 10
162.6310302734375
 20
39.3642578125
 10
162.51251220703125
 20
39.337939453125
 10
162.39505615234376
 20
39.315625
 10
162.2776123046875
 20
39.3001220703125
 10
162.16260986328126
 20
39.2923095703125
 10
162.05245361328124
 20
39.293115234375
 10
161.9336669921875
 20
39.310400390625
 10
161.83184814453125
 20
39.3308837890625
 10
161.7466796875
 20
39.3530029296875
  0
LWPOLYLINE
  5
4C
330
17
100
AcDbEntity
  8
0
100
AcDbPolyline
 90
238
 70
1
 10
218.1384033203125
 20
37.75126953125
 10
217.95234375
 20
37.6621826171875
 10
217.866650390625
 20
37.6279296875
 10
217.764208984375
 20
37.5914306640625
 10
217.6447265625
 20
37.55390625
 10
217.5339599609375
 20
37.5308349609375
 10
217.4183349609375
 20
37.514990234375
 10
217.30029296875
 20
37.5078125
 10
217.1822509765625
 20
37.5099609375
 10
217.0632080078125
 20
37.5201904296875
 10
216.9437744140625
 20
37.5378662109375
 10
216.8243896484375
 20
37.5623291015625
 10
216.7050048828125
 20
37.5921142578125
 10
216.5856201171875
 20
37.6261962890625
 10
216.466259765625
 20
37.6631103515625
 10
216.346875
 20
37.7021728515625
 10
216.227490234375
 20
37.741845703125
 10
216.1081298828125
 20
37.78125
 10
215.9887451171875
 20
37.8193603515625
 10
215.869384765625
 20
37.8562744140625
 10
215.7500244140625
 20
37.8912841796875
 10
215.6306396484375
 20
37.9248046875
 10
215.511279296875
 20
37.9567138671875
 10
215.3918701171875
 20
37.988037109375
 10
215.272509765625
 20
38.01875
 10
215.1531494140625
 20
38.0490966796875
 10
215.0337646484375
 20
38.0791748046875
 10
214.9144287109375
 20
38.1092529296875
 10
214.795068359375
 20
38.1393310546875
 10
214.6757080078125
 20
38.169384765625
 10
214.5563232421875
 20
38.199462890625
 10
214.436962890625
 20
38.23046875
 10
214.317626953125
 20
38.2623779296875
 10
214.1982666015625
 20
38.2955322265625
 10
214.0789306640625
 20
38.3299560546875
 10
213.9595703125
 20
38.3656005859375
 10
213.840234375
 20
38.402783203125
 10
213.7208984375
 20
38.4409423828125
 10
213.6015625
 20
38.479052734375
 10
213.4822021484375
 20
38.5175048828125
 10
213.3628662109375
 20
38.555615234375
 10
213.2435302734375
 20
38.5934326171875
 10
213.1241943359375
 20
38.6309326171875
 10
213.0048583984375
 20
38.6675048828125
 10
212.8855224609375
 20
38.703466796875
 10
212.7661865234375
 20
38.7390869140625
 10
212.6468505859375
 20
38.773828125
 10
212.5275146484375
 20
38.8079345703125
 10
212.4081787109375
 20
38.84140625
 10
212.2888427734375
 20
38.8742431640625
 10
212.1695068359375
 20
38.906787109375
 10
212.0501708984375
 20
38.939013671875
 10
211.9308349609375
 20
38.9709228515625
 10
211.8114990234375
 20
39.0025390625
 10
211.6921630859375
 20
39.033837890625
 10
211.5728271484375
 20
39.0648193359375
 10
211.453515625
 20
39.0955078125
 10
211.3342041015625
 20
39.1258544921875
 10
211.2148681640625
 20
39.155908203125
 10
211.095556640625
 20
39.185693359375
 10
210.976220703125
 20
39.2157470703125
 10
210.8569091796875
 20
39.24609375
 10
210.7376220703125
 20
39.2767822265625
 10
210.618310546875
 20
39.307763671875
 10
210.498974609375
 20
39.338720703125
 10
210.3796630859375
 20
39.3694091796875
 10
210.2603271484375
 20
39.3998046875
 10
210.1410400390625
 20
39.4295166015625
 10
210.021728515625
 20
39.458642578125
 10
209.9024169921875
 20
39.4871337890625
 10
209.7831298828125
 20
39.5150390625
 10
209.663818359375
 20
39.542919921875
 10
209.5445068359375
 20
39.571728515625
 10
209.4252197265625
 20
39.6014892578125
 10
209.3058837890625
 20
39.632177734375
 10
209.186572265625
 20
39.6634765625
 10
209.0673095703125
 20
39.695361328125
 10
208.947998046875
 20
39.727880859375
 10
208.8287109375
 20
39.7610107421875
 10
208.709423828125
 20
39.793896484375
 10
208.5901123046875
 20
39.826416015625
 10
208.4708251953125
 20
39.8589599609375
 10
208.3515380859375
 20
39.8924072265625
 10
208.232275390625
 20
39.9267822265625
 10
208.1130126953125
 20
39.962109375
 10
207.9937255859375
 20
39.997705078125
 10
207.8744384765625
 20
40.0339599609375
 10
207.75517578125
 20
40.0708251953125
 10
207.635888671875
 20
40.1076904296875
 10
207.5166015625
 20
40.1436279296875
 10
207.397314453125
 20
40.1786376953125
 10
207.2780517578125
 20
40.2126953125
 10
207.1587646484375
 20
40.2461669921875
 10
207.039501953125
 20
40.2790283203125
 10
206.920263671875
 20
40.3112060546875
 10
206.8009765625
 20
40.342822265625
 10
206.6817138671875
 20
40.3738037109375
 10
206.562451171875
 20
40.404150390625
 10
206.4431640625
 20
40.4338623046875
 10
206.3239013671875
 20
40.4626953125
 10
206.204638671875
 20
40.490576171875
 10
206.0853759765625
 20
40.5175048828125
 10
205.9660888671875
 20
40.5441162109375
 10
205.846826171875
 20
40.5713623046875
 10
205.727587890625
 20
40.5992431640625
 10
205.6083251953125
 20
40.6280517578125
 10
205.4890625
 20
40.6587158203125
 10
205.3697998046875
 20
40.691552734375
 10
205.250927734375
 20
40.7271728515625
 10
205.133056640625
 20
40.7661865234375
 10
205.016943359375
 20
40.8085693359375
 10
204.9036376953125
 20
40.8555908203125
 10
204.79415283203124
 20
40.9078125
 10
204.68988037109375
 20
40.965869140625
 10
204.5926025390625
 20
41.0306396484375
 10
204.50296630859376
 20
41.1024658203125
 10
204.42100830078124
 20
41.1809814453125
 10
204.3470458984375
 20
41.2662109375
 10
204.28074951171874
 20
41.357275390625
 10
204.2217529296875
 20
41.453515625
 10
204.1690185546875
 20
41.5536865234375
 10
204.1208251953125
 20
41.6565673828125
 10
204.07681884765626
 20
41.761279296875
 10
204.03660888671874
 20
41.8671875
 10
203.9991943359375
 20
41.9736572265625
 10
203.96385498046874
 20
42.0804443359375
 10
203.93026123046874
 20
42.1871826171875
 10
203.89842529296874
 20
42.2939208984375
 10
203.86829833984376
 20
42.4006103515625
 10
203.8388671875
 20
42.5072998046875
 10
203.81015625
 20
42.6139892578125
 10
203.78248291015626
 20
42.720654296875
 10
203.75618896484374
 20
42.8273193359375
 10
203.73094482421874
 20
42.9339599609375
 10
203.70604248046874
 20
43.0406005859375
 10
203.6818359375
 20
43.147216796875
 10
203.65902099609374
 20
43.2538330078125
 10
203.63690185546875
 20
43.3604248046875
 10
203.6147705078125
 20
43.467041015625
 10
203.59197998046875
 20
43.5736328125
 10
203.56812744140626
 20
43.6802490234375
 10
203.5439208984375
 20
43.7868896484375
 10
203.51903076171874
 20
43.8935302734375
 10
203.4930908203125
 20
44.0001708984375
 10
203.4671630859375
 20
44.1068115234375
 10
203.44224853515624
 20
44.2134521484375
 10
203.41944580078126
 20
44.3200439453125
 10
203.3997802734375
 20
44.426611328125
 10
203.38321533203126
 20
44.5331298828125
 10
203.37015380859376
 20
44.6396240234375
 10
203.3612548828125
 20
44.7460693359375
 10
203.35653076171874
 20
44.8524169921875
 10
203.3563232421875
 20
44.958447265625
 10
203.361328125
 20
45.0637939453125
 10
203.3725830078125
 20
45.1677978515625
 10
203.39185791015626
 20
45.2695556640625
 10
203.42119140625
 20
45.3677734375
 10
203.46199951171874
 20
45.4612060546875
 10
203.5153076171875
 20
45.5482666015625
 10
203.58148193359375
 20
45.628076171875
 10
203.66016845703126
 20
45.6993408203125
 10
203.7503173828125
 20
45.7614990234375
 10
203.85020751953124
 20
45.81484375
 10
203.95736083984374
 20
45.8603271484375
 10
204.06973876953126
 20
45.8986328125
 10
204.1855712890625
 20
45.9313720703125
 10
204.303515625
 20
45.9596923828125
 10
204.42247314453124
 20
45.9858154296875
 10
204.541796875
 20
46.0119873046875
 10
204.6611083984375
 20
46.0393798828125
 10
204.7804443359375
 20
46.0692138671875
 10
204.8997802734375
 20
46.1034423828125
 10
205.0191162109375
 20
46.142919921875
 10
205.1384521484375
 20
46.1885986328125
 10
205.2578369140625
 20
46.2404541015625
 10
205.37685546875
 20
46.297607421875
 10
205.4948486328125
 20
46.3591064453125
 10
205.6128173828125
 20
46.4242919921875
 10
205.728369140625
 20
46.490478515625
 10
205.8390625
 20
46.5551513671875
 10
205.958447265625
 20
46.6243896484375
 10
206.0607666015625
 20
46.68359375
 10
206.1464111328125
 20
46.7327880859375
 10
206.3322751761047
 20
46.83656387826786
 10
208.47976050837997
 20
46.7990793823606
 10
208.6658203125
 20
46.703857421875
 10
208.751171875
 20
46.658447265625
 10
208.8522216796875
 20
46.603955078125
 10
208.9703369140625
 20
46.540087890625
 10
209.077294921875
 20
46.4809326171875
 10
209.1842529296875
 20
46.421142578125
 10
209.3023681640625
 20
46.3560302734375
 10
209.4033935546875
 20
46.300341796875
 10
209.4887451171875
 20
46.253662109375
 10
209.6748260162705
 20
46.15473880253781
 10
214.07709163335284
 20
42.04955970142341
 10
214.210791015625
 20
41.8825927734375
 10
214.2751953125
 20
41.8056396484375
 10
214.3535400390625
 20
41.7136474609375
 10
214.446142578125
 20
41.606298828125
 10
214.5356201171875
 20
41.5067138671875
 10
214.6306884765625
 20
41.4027587890625
 10
214.72919921875
 20
41.2966064453125
 10
214.8291259765625
 20
41.1906982421875
 10
214.930419921875
 20
41.0844970703125
 10
215.0321044921875
 20
40.9788818359375
 10
215.1334228515625
 20
40.8745361328125
 10
215.2340576171875
 20
40.771728515625
 10
215.3340087890625
 20
40.6708251953125
 10
215.433251953125
 20
40.5720703125
 10
215.5314697265625
 20
40.4748779296875
 10
215.628271484375
 20
40.3786376953125
 10
215.7243896484375
 20
40.2826904296875
 10
215.8205078125
 20
40.1864501953125
 10
215.9166259765625
 20
40.0892822265625
 10
216.0127197265625
 20
39.990869140625
 10
216.108837890625
 20
39.8908935546875
 10
216.206005859375
 20
39.7900146484375
 10
216.3052490234375
 20
39.6887451171875
 10
216.406591796875
 20
39.5878173828125
 10
216.5100341796875
 20
39.4877685546875
 10
216.615576171875
 20
39.3892333984375
 10
216.723193359375
 20
39.292236328125
 10
216.8328857421875
 20
39.196728515625
 10
216.9436279296875
 20
39.102490234375
 10
217.0544189453125
 20
39.0091552734375
 10
217.164111328125
 20
38.916455078125
 10
217.2717529296875
 20
38.824072265625
 10
217.3769287109375
 20
38.7317626953125
 10
217.47900390625
 20
38.6391357421875
 10
217.5768798828125
 20
38.5462646484375
 10
217.66953125
 20
38.4534912109375
 10
217.7559326171875
 20
38.359521484375
 10
217.835009765625
 20
38.266259765625
 10
217.905712890625
 20
38.1755859375
 10
217.97119140625
 20
38.0750732421875
 10
218.023779296875
 20
37.9880615234375
 10
218.0645263671875
 20
37.914453125
  0
LWPOLYLINE
  5
4D
330
17
100
AcDbEntity
  8
0
100
AcDbPolyline
 90
455
 70
1
 10
141.868017578125
 20
43.2753662109375
 10
141.85384521484374
 20
43.440576171875
 10
141.84566650390624
 20
43.5166748046875
 10
141.83546142578126
 20
43.607373046875
 10
141.8232421875
 20
43.7122802734375
 10
141.81207275390625
 20
43.8094482421875
 10
141.8021728515625
 20
43.9087646484375
 10
141.79444580078126
 20
44.005908203125
 10
141.79329833984374
 20
44.1107177734375
 10
141.7941650390625
 20
44.201220703125
 10
141.7970458984375
 20
44.2772216796875
 10
141.81674618096378
 20
44.44198709837942
 10
141.93139792426697
 20
51.01038107311929
 10
142.04239501953126
 20
51.1485595703125
 10
142.0984619140625
 20
51.2066650390625
 10
142.1685791015625
 20
51.2729736328125
 10
142.25377197265624
 20
51.346484375
 10
142.34039306640625
 20
51.405810546875
 10
142.43594970703126
 20
51.4622314453125
 10
142.53876953125
 20
51.513916015625
 10
142.64639892578126
 20
51.559716796875
 10
142.75816650390624
 20
51.601123046875
 10
142.8726806640625
 20
51.638134765625
 10
142.9889404296875
 20
51.6718017578125
 10
143.1062255859375
 20
51.7029296875
 10
143.22386474609374
 20
51.7322265625
 10
143.34149169921875
 20
51.7602783203125
 10
143.4591064453125
 20
51.7873779296875
 10
143.5767578125
 20
51.814501953125
 10
143.69437255859376
 20
51.8419189453125
 10
143.81201171875
 20
51.869677734375
 10
143.92965087890624
 20
51.8977294921875
 10
144.04727783203126
 20
51.9260986328125
 10
144.16492919921876
 20
51.954443359375
 10
144.28255615234374
 20
51.9824951171875
 10
144.40020751953125
 20
52.0099609375
 10
144.51785888671876
 20
52.036474609375
 10
144.63548583984374
 20
52.06171875
 10
144.753125
 20
52.0854248046875
 10
144.87076416015626
 20
52.1072998046875
 10
144.98839111328124
 20
52.1276123046875
 10
145.1060546875
 20
52.146728515625
 10
145.22366943359376
 20
52.1639892578125
 10
145.34132080078126
 20
52.1793701171875
 10
145.4589599609375
 20
52.192919921875
 10
145.5765869140625
 20
52.2046142578125
 10
145.69422607421876
 20
52.214111328125
 10
145.81185302734374
 20
52.220849609375
 10
145.92947998046876
 20
52.224462890625
 10
146.04710693359374
 20
52.2259521484375
 10
146.16473388671875
 20
52.2259033203125
 10
146.28236083984376
 20
52.2252197265625
 10
146.4
 20
52.2248291015625
 10
146.51761474609376
 20
52.226611328125
 10
146.63525390625
 20
52.2327392578125
 10
146.7529052734375
 20
52.2444091796875
 10
146.87054443359375
 20
52.261669921875
 10
146.98822021484375
 20
52.2847900390625
 10
147.10555419921874
 20
52.313134765625
 10
147.221875
 20
52.3461669921875
 10
147.33818359375
 20
52.383203125
 10
147.45208740234375
 20
52.421484375
 10
147.56121826171875
 20
52.459228515625
 10
147.67891845703124
 20
52.5018310546875
 10
147.7798095703125
 20
52.538720703125
 10
147.8642333984375
 20
52.569921875
 10
148.0474770277958
 20
52.63867852301769
 10
150.18269830512637
 20
52.60140809698578
 10
150.28983154296876
 20
52.7472900390625
 10
150.3456298828125
 20
52.8093505859375
 10
150.41597900390624
 20
52.880224609375
 10
150.50189208984375
 20
52.9592529296875
 10
150.59093017578124
 20
53.024365234375
 10
150.6889404296875
 20
53.086865234375
 10
150.79422607421876
 20
53.145263671875
 10
150.90433349609376
 20
53.1976806640625
 10
151.01822509765626
 20
53.24609375
 10
151.1345458984375
 20
53.2904541015625
 10
151.25224609375
 20
53.3307861328125
 10
151.37064208984376
 20
53.3670654296875
 10
151.4893798828125
 20
53.3999755859375
 10
151.60810546875
 20
53.4288330078125
 10
151.72684326171876
 20
53.4536865234375
 10
151.84556884765624
 20
53.47421875
 10
151.9642822265625
 20
53.490771484375
 10
152.0830078125
 20
53.503564453125
 10
152.20169677734376
 20
53.512646484375
 10
152.32042236328124
 20
53.5177490234375
 10
152.43912353515626
 20
53.519384765625
 10
152.5578369140625
 20
53.51796875
 10
152.6765380859375
 20
53.5134765625
 10
152.79521484375
 20
53.5055419921875
 10
152.91392822265624
 20
53.4936279296875
 10
153.0326171875
 20
53.4780029296875
 10
153.15128173828126
 20
53.458984375
 10
153.26995849609375
 20
53.4365478515625
 10
153.3886474609375
 20
53.4107177734375
 10
153.50732421875
 20
53.3823974609375
 10
153.6260009765625
 20
53.3525390625
 10
153.74468994140625
 20
53.322998046875
 10
153.86336669921874
 20
53.2943603515625
 10
153.98204345703124
 20
53.2673095703125
 10
154.10074462890626
 20
53.2421142578125
 10
154.21943359375
 20
53.2190185546875
 10
154.33812255859374
 20
53.197216796875
 10
154.45682373046876
 20
53.1756591796875
 10
154.57552490234374
 20
53.15234375
 10
154.69422607421876
 20
53.1261962890625
 10
154.812890625
 20
53.0963134765625
 10
154.93157958984375
 20
53.062451171875
 10
155.05028076171874
 20
53.02421875
 10
155.16895751953126
 20
52.9822998046875
 10
155.2876220703125
 20
52.9373046875
 10
155.40628662109376
 20
52.890771484375
 10
155.5249755859375
 20
52.8432861328125
 10
155.64365234375
 20
52.795166015625
 10
155.7623291015625
 20
52.746728515625
 10
155.88099365234376
 20
52.6983642578125
 10
155.9996826171875
 20
52.6502197265625
 10
156.118359375
 20
52.6024658203125
 10
156.2370361328125
 20
52.554931640625
 10
156.3557373046875
 20
52.5080810546875
 10
156.4744140625
 20
52.4630859375
 10
156.59312744140624
 20
52.4202392578125
 10
156.71181640625
 20
52.3798583984375
 10
156.83052978515624
 20
52.3416259765625
 10
156.94921875
 20
52.3058837890625
 10
157.0679443359375
 20
52.2723388671875
 10
157.1866455078125
 20
52.240625
 10
157.30537109375
 20
52.209521484375
 10
157.4240966796875
 20
52.1790283203125
 10
157.54281005859374
 20
52.149169921875
 10
157.66153564453126
 20
52.1202392578125
 10
157.78026123046874
 20
52.0921875
 10
157.89898681640625
 20
52.0654296875
 10
158.01771240234376
 20
52.0402099609375
 10
158.1364501953125
 20
52.0168212890625
 10
158.25518798828125
 20
51.9947021484375
 10
158.37393798828126
 20
51.9731689453125
 10
158.49268798828126
 20
51.9513427734375
 10
158.61143798828124
 20
51.928564453125
 10
158.73017578125
 20
51.9042724609375
 10
158.84892578125
 20
51.877783203125
 10
158.96766357421876
 20
51.849169921875
 10
159.0864013671875
 20
51.8186767578125
 10
159.20513916015625
 20
51.7865966796875
 10
159.32386474609376
 20
51.753955078125
 10
159.4426025390625
 20
51.7209716796875
 10
159.56134033203125
 20
51.6877197265625
 10
159.68009033203126
 20
51.6541259765625
 10
159.79884033203126
 20
51.620263671875
 10
159.91759033203124
 20
51.5860107421875
 10
160.036328125
 20
51.551220703125
 10
160.155078125
 20
51.515478515625
 10
160.273828125
 20
51.4787841796875
 10
160.392578125
 20
51.442138671875
 10
160.511328125
 20
51.4060791015625
 10
160.630078125
 20
51.3706298828125
 10
160.748828125
 20
51.335498046875
 10
160.867578125
 20
51.3012939453125
 10
160.986328125
 20
51.2679931640625
 10
161.10509033203124
 20
51.2353271484375
 10
161.2238525390625
 20
51.2020263671875
 10
161.34261474609374
 20
51.167529296875
 10
161.46138916015624
 20
51.1314697265625
 10
161.5801513671875
 20
51.094482421875
 10
161.69891357421875
 20
51.05625
 10
161.81767578125
 20
51.0167724609375
 10
161.93642578125
 20
50.977001953125
 10
162.05518798828126
 20
50.937841796875
 10
162.1739501953125
 20
50.9002197265625
 10
162.2927001953125
 20
50.865087890625
 10
162.41151123046876
 20
50.832421875
 10
162.5302734375
 20
50.8022216796875
 10
162.64906005859376
 20
50.7744873046875
 10
162.76785888671876
 20
50.7483642578125
 10
162.8866455078125
 20
50.7234130859375
 10
163.0054443359375
 20
50.698779296875
 10
163.12423095703124
 20
50.6732177734375
 10
163.24302978515624
 20
50.6458251953125
 10
163.36181640625
 20
50.6162353515625
 10
163.4805908203125
 20
50.5842041015625
 10
163.5993896484375
 20
50.549658203125
 10
163.71817626953126
 20
50.512646484375
 10
163.8369384765625
 20
50.4731689453125
 10
163.9557373046875
 20
50.4321533203125
 10
164.07451171875
 20
50.390478515625
 10
164.19329833984375
 20
50.349169921875
 10
164.31209716796874
 20
50.3087646484375
 10
164.4308837890625
 20
50.269921875
 10
164.5496826171875
 20
50.2325927734375
 10
164.66846923828126
 20
50.1977783203125
 10
164.7872802734375
 20
50.165087890625
 10
164.90606689453125
 20
50.1342529296875
 10
165.02489013671874
 20
50.1040771484375
 10
165.14368896484376
 20
50.073876953125
 10
165.2625
 20
50.0427490234375
 10
165.38131103515624
 20
50.009765625
 10
165.50010986328124
 20
49.9727783203125
 10
165.6189208984375
 20
49.93046875
 10
165.73770751953126
 20
49.8814453125
 10
165.85648193359376
 20
49.825244140625
 10
165.9752685546875
 20
49.7615966796875
 10
166.09403076171876
 20
49.6912109375
 10
166.21279296875
 20
49.6155517578125
 10
166.33155517578126
 20
49.5373779296875
 10
166.45032958984376
 20
49.459228515625
 10
166.5691162109375
 20
49.3844970703125
 10
166.687890625
 20
49.315625
 10
166.8066650390625
 20
49.2544677734375
 10
166.92547607421875
 20
49.2016845703125
 10
167.04429931640624
 20
49.1569091796875
 10
167.1631103515625
 20
49.118701171875
 10
167.28194580078124
 20
49.0853759765625
 10
167.40078125
 20
49.0542724609375
 10
167.51927490234374
 20
49.0224853515625
 10
167.63673095703126
 20
48.9873291015625
 10
167.7520751953125
 20
48.9469482421875
 10
167.86361083984374
 20
48.8995361328125
 10
167.96890869140626
 20
48.8441162109375
 10
168.06483154296876
 20
48.7798583984375
 10
168.14793701171874
 20
48.7067626953125
 10
168.2150634765625
 20
48.6255126953125
 10
168.2638427734375
 20
48.537353515625
 10
168.2921630859375
 20
48.4432861328125
 10
168.29932861328126
 20
48.3448486328125
 10
168.2860595703125
 20
48.2432373046875
 10
168.2544189453125
 20
48.1396728515625
 10
168.2068359375
 20
48.0350830078125
 10
168.14608154296874
 20
47.930029296875
 10
168.0742431640625
 20
47.8251220703125
 10
167.9940673828125
 20
47.7212158203125
 10
167.90802001953125
 20
47.6192626953125
 10
167.81610107421875
 20
47.51953125
 10
167.72105712890624
 20
47.4241943359375
 10
167.6260009765625
 20
47.3353271484375
 10
167.5177978515625
 20
47.245703125
 10
167.42313232421876
 20
47.170751953125
 10
167.34232177734376
 20
47.1098876953125
 10
167.16098786597428
 20
46.98713983753878
 10
163.10546558515696
 20
43.3355311741509
 10
162.94603271484374
 20
43.2180908203125
 10
162.87255859375
 20
43.1627197265625
 10
162.78416748046874
 20
43.0957275390625
 10
162.68017578125
 20
43.016259765625
 10
162.58243408203126
 20
42.93984375
 10
162.47879638671876
 20
42.8572998046875
 10
162.37135009765626
 20
42.770166015625
 10
162.26214599609375
 20
42.679931640625
 10
162.15087890625
 20
42.586328125
 10
162.03892822265624
 20
42.489990234375
 10
161.92728271484376
 20
42.3920654296875
 10
161.81669921875
 20
42.2935546875
 10
161.70787353515624
 20
42.1953125
 10
161.60040283203125
 20
42.0979736328125
 10
161.49398193359374
 20
42.0021484375
 10
161.3879150390625
 20
41.907568359375
 10
161.28184814453124
 20
41.813916015625
 10
161.17545166015626
 20
41.7205810546875
 10
161.06834716796874
 20
41.6272705078125
 10
160.960546875
 20
41.533642578125
 10
160.8531005859375
 20
41.439404296875
 10
160.74703369140624
 20
41.3442138671875
 10
160.6433837890625
 20
41.2489990234375
 10
160.54251708984376
 20
41.1546875
 10
160.44478759765624
 20
41.0621826171875
 10
160.35050048828126
 20
40.971484375
 10
160.25899658203124
 20
40.8829345703125
 10
160.16923828125
 20
40.796826171875
 10
160.08016357421874
 20
40.7135009765625
 10
159.99073486328126
 20
40.6320068359375
 10
159.90028076171876
 20
40.5514892578125
 10
159.80810546875
 20
40.4709716796875
 10
159.7135009765625
 20
40.3908203125
 10
159.6168212890625
 20
40.3103759765625
 10
159.51842041015624
 20
40.2290283203125
 10
159.41861572265626
 20
40.1461181640625
 10
159.31776123046876
 20
40.0619873046875
 10
159.2158935546875
 20
39.9769775390625
 10
159.11297607421875
 20
39.891357421875
 10
159.00899658203124
 20
39.8041748046875
 10
158.90367431640624
 20
39.7155029296875
 10
158.79659423828124
 20
39.6253173828125
 10
158.68743896484375
 20
39.5335693359375
 10
158.57586669921875
 20
39.4400390625
 10
158.46220703125
 20
39.3446533203125
 10
158.34681396484376
 20
39.2474365234375
 10
158.2300537109375
 20
39.149609375
 10
158.11224365234375
 20
39.0521484375
 10
157.99373779296874
 20
38.955908203125
 10
157.87489013671876
 20
38.8621337890625
 10
157.75606689453124
 20
38.772412109375
 10
157.6372314453125
 20
38.6873046875
 10
157.51842041015624
 20
38.607763671875
 10
157.39962158203124
 20
38.5337890625
 10
157.28082275390625
 20
38.4654052734375
 10
157.16201171875
 20
38.402880859375
 10
157.0432373046875
 20
38.3459228515625
 10
156.92447509765626
 20
38.2932861328125
 10
156.8056884765625
 20
38.244970703125
 10
156.68692626953126
 20
38.2003662109375
 10
156.56817626953125
 20
38.1591796875
 10
156.44942626953124
 20
38.1214111328125
 10
156.33067626953124
 20
38.086376953125
 10
156.2119384765625
 20
38.0535400390625
 10
156.09320068359375
 20
38.023486328125
 10
155.97449951171876
 20
37.9958984375
 10
155.85577392578125
 20
37.9707763671875
 10
155.7370361328125
 20
37.9481689453125
 10
155.6183349609375
 20
37.9273681640625
 10
155.49962158203124
 20
37.908154296875
 10
155.38092041015625
 20
37.890771484375
 10
155.26219482421874
 20
37.874609375
 10
155.14349365234375
 20
37.8593994140625
 10
155.02481689453126
 20
37.8445068359375
 10
154.90611572265624
 20
37.8293212890625
 10
154.78741455078125
 20
37.8134765625
 10
154.66871337890626
 20
37.7967041015625
 10
154.55
 20
37.7783935546875
 10
154.43131103515626
 20
37.7582275390625
 10
154.31259765625
 20
37.7359130859375
 10
154.19390869140625
 20
37.71171875
 10
154.07518310546874
 20
37.685986328125
 10
153.95648193359375
 20
37.6587158203125
 10
153.83778076171876
 20
37.6299072265625
 10
153.71907958984374
 20
37.599853515625
 10
153.6003662109375
 20
37.5688720703125
 10
153.4816650390625
 20
37.5372802734375
 10
153.3629638671875
 20
37.5053466796875
 10
153.2442626953125
 20
37.4734375
 10
153.12554931640625
 20
37.4425048828125
 10
153.00684814453126
 20
37.4133544921875
 10
152.88818359375
 20
37.386376953125
 10
152.76949462890624
 20
37.3618896484375
 10
152.65079345703126
 20
37.340185546875
 10
152.53211669921876
 20
37.320947265625
 10
152.41343994140624
 20
37.303564453125
 10
152.29476318359374
 20
37.287451171875
 10
152.1760986328125
 20
37.271630859375
 10
152.05743408203125
 20
37.2554931640625
 10
151.93875732421876
 20
37.2384521484375
 10
151.8200927734375
 20
37.2198486328125
 10
151.70142822265626
 20
37.199365234375
 10
151.58275146484374
 20
37.1773681640625
 10
151.46407470703124
 20
37.1534912109375
 10
151.34539794921875
 20
37.1283935546875
 10
151.2267333984375
 20
37.102685546875
 10
151.10806884765626
 20
37.0766845703125
 10
150.9893798828125
 20
37.050634765625
 10
150.87071533203124
 20
37.0249267578125
 10
150.75206298828124
 20
36.9994873046875
 10
150.63341064453124
 20
36.9747314453125
 10
150.51474609375
 20
36.9499267578125
 10
150.39609375
 20
36.9245361328125
 10
150.27742919921874
 20
36.8988037109375
 10
150.1587646484375
 20
36.8730712890625
 10
150.0401123046875
 20
36.8473876953125
 10
149.9214599609375
 20
36.8219482421875
 10
149.8028076171875
 20
36.7971923828125
 10
149.68414306640625
 20
36.7736083984375
 10
149.5655029296875
 20
36.751611328125
 10
149.4468505859375
 20
36.7305419921875
 10
149.32821044921874
 20
36.7097900390625
 10
149.20955810546874
 20
36.689306640625
 10
149.09093017578124
 20
36.6685546875
 10
148.9722900390625
 20
36.646875
 10
148.85364990234376
 20
36.6236328125
 10
148.73499755859376
 20
36.5991455078125
 10
148.61636962890626
 20
36.5737548828125
 10
148.4977294921875
 20
36.547705078125
 10
148.37908935546875
 20
36.5214111328125
 10
148.26043701171875
 20
36.495361328125
 10
148.14180908203124
 20
36.4702880859375
 10
148.0231689453125
 20
36.446728515625
 10
147.90455322265626
 20
36.4244140625
 10
147.78592529296876
 20
36.4039306640625
 10
147.66729736328125
 20
36.3859619140625
 10
147.54869384765624
 20
36.370458984375
 10
147.43009033203126
 20
36.357421875
 10
147.31148681640624
 20
36.3468505859375
 10
147.19287109375
 20
36.3390625
 10
147.07427978515625
 20
36.3346923828125
 10
146.95567626953124
 20
36.3336669921875
 10
146.83709716796875
 20
36.3361083984375
 10
146.7185302734375
 20
36.3425537109375
 10
146.60030517578124
 20
36.35390625
 10
146.4827880859375
 20
36.3714599609375
 10
146.36666259765624
 20
36.395751953125
 10
146.2526123046875
 20
36.4278076171875
 10
146.14169921875
 20
36.4681396484375
 10
146.03494873046876
 20
36.5177001953125
 10
145.93375244140626
 20
36.5767333984375
 10
145.83841552734376
 20
36.644970703125
 10
145.74970703125
 20
36.721484375
 10
145.66719970703124
 20
36.8056396484375
 10
145.59093017578124
 20
36.8961669921875
 10
145.51988525390624
 20
36.9922607421875
 10
145.45330810546875
 20
37.0922607421875
 10
145.38948974609374
 20
37.1950439453125
 10
145.32811279296874
 20
37.2995849609375
 10
145.26778564453124
 20
37.405419921875
 10
145.20848388671874
 20
37.5118408203125
 10
145.1491943359375
 20
37.6185302734375
 10
145.09024658203126
 20
37.725244140625
 10
145.03094482421875
 20
37.831982421875
 10
144.97198486328125
 20
37.9386962890625
 10
144.91268310546874
 20
38.0453857421875
 10
144.8537353515625
 20
38.152099609375
 10
144.7944580078125
 20
38.2588134765625
 10
144.7355224609375
 20
38.3655517578125
 10
144.67620849609375
 20
38.4722412109375
 10
144.6169189453125
 20
38.578955078125
 10
144.55694580078125
 20
38.685693359375
 10
144.4966064453125
 20
38.7923828125
 10
144.43524169921875
 20
38.8991455078125
 10
144.3731689453125
 20
39.005859375
 10
144.30972900390626
 20
39.112646484375
 10
144.24527587890626
 20
39.2194091796875
 10
144.18009033203126
 20
39.326171875
 10
144.1145751953125
 20
39.432958984375
 10
144.04906005859374
 20
39.5397705078125
 10
143.98388671875
 20
39.646533203125
 10
143.9190673828125
 20
39.7533203125
 10
143.8549560546875
 20
39.8600830078125
 10
143.79151611328126
 20
39.9668212890625
 10
143.72808837890625
 20
40.073583984375
 10
143.66463623046874
 20
40.1803466796875
 10
143.6001708984375
 20
40.287109375
 10
143.53465576171874
 20
40.393896484375
 10
143.46845703125
 20
40.5006591796875
 10
143.4015625
 20
40.6074462890625
 10
143.333984375
 20
40.7142578125
 10
143.26607666015624
 20
40.8210693359375
 10
143.1977783203125
 20
40.927880859375
 10
143.1305419921875
 20
41.0346923828125
 10
143.06434326171876
 20
41.141455078125
 10
142.99814453125
 20
41.2482421875
 10
142.9319580078125
 20
41.355029296875
 10
142.86575927734376
 20
41.4617919921875
 10
142.79957275390626
 20
41.5685791015625
 10
142.73372802734374
 20
41.675390625
 10
142.6671875
 20
41.7821533203125
 10
142.60028076171875
 20
41.8889404296875
 10
142.53443603515626
 20
41.995703125
 10
142.46998291015626
 20
42.1024658203125
 10
142.4075927734375
 20
42.2092041015625
 10
142.34761962890624
 20
42.315869140625
 10
142.28970947265626
 20
42.4222412109375
 10
142.23492431640625
 20
42.5276123046875
 10
142.18221435546874
 20
42.6329833984375
 10
142.1319091796875
 20
42.736181640625
 10
142.08470458984374
 20
42.8349853515625
 10
142.0330322265625
 20
42.9415771484375
 10
141.98858642578125
 20
43.032958984375
 10
141.9513916015625
 20
43.1093994140625
  0
LWPOLYLINE
  5
4E
330
17
100
AcDbEntity
  8
0
100
AcDbPolyline
 90
427
 70
1
 10
238.5311429988758
 20
40.36782217370501
 10
238.4607421875
 20
40.203125
 10
238.4288330078125
 20
40.1272705078125
 10
238.3906494140625
 20
40.036572265625
 10
238.345556640625
 20
39.9307861328125
 10
238.3035888671875
 20
39.8326904296875
 10
238.2584716796875
 20
39.7303466796875
 10
238.2102294921875
 20
39.625830078125
 10
238.159912109375
 20
39.521337890625
 10
238.1068115234375
 20
39.4159912109375
 10
238.0509033203125
 20
39.3103515625
 10
237.993212890625
 20
39.2046875
 10
237.9334716796875
 20
39.0990966796875
 10
237.872314453125
 20
38.993505859375
 10
237.8101318359375
 20
38.887939453125
 10
237.7462158203125
 20
38.7823974609375
 10
237.680517578125
 20
38.6768798828125
 10
237.6131103515625
 20
38.5713623046875
 10
237.5428955078125
 20
38.4658935546875
 10
237.4698974609375
 20
38.3604736328125
 10
237.3941162109375
 20
38.255078125
 10
237.3162353515625
 20
38.1497314453125
 10
237.2369384765625
 20
38.0443603515625
 10
237.1569580078125
 20
37.9390625
 10
237.0769775390625
 20
37.8337158203125
 10
236.998046875
 20
37.7283447265625
 10
236.9208740234375
 20
37.6229736328125
 10
236.8454345703125
 20
37.517578125
 10
236.7713623046875
 20
37.4121826171875
 10
236.699072265625
 20
37.306787109375
 10
236.628173828125
 20
37.201318359375
 10
236.5583251953125
 20
37.0958740234375
 10
236.488818359375
 20
36.9904052734375
 10
236.4193115234375
 20
36.8849609375
 10
236.3494384765625
 20
36.7794921875
 10
236.279248046875
 20
36.6740478515625
 10
236.2083251953125
 20
36.568603515625
 10
236.136376953125
 20
36.4631591796875
 10
236.0633544921875
 20
36.357763671875
 10
235.9900390625
 20
36.2523681640625
 10
235.916357421875
 20
36.1469482421875
 10
235.8429931640625
 20
36.041552734375
 10
235.7700439453125
 20
35.9361328125
 10
235.6973876953125
 20
35.830712890625
 10
235.6261474609375
 20
35.7253173828125
 10
235.556298828125
 20
35.619873046875
 10
235.4878173828125
 20
35.5143798828125
 10
235.420751953125
 20
35.4089111328125
 10
235.355078125
 20
35.303369140625
 10
235.2908447265625
 20
35.1978515625
 10
235.2283203125
 20
35.092333984375
 10
235.1664794921875
 20
34.986767578125
 10
235.1053466796875
 20
34.881201171875
 10
235.0442138671875
 20
34.775634765625
 10
234.9830810546875
 20
34.6701171875
 10
234.9209228515625
 20
34.5645751953125
 10
234.8577392578125
 20
34.459033203125
 10
234.7923828125
 20
34.3535400390625
 10
234.725
 20
34.2480712890625
 10
234.6551513671875
 20
34.14296875
 10
234.5824951171875
 20
34.0384521484375
 10
234.5064208984375
 20
33.935302734375
 10
234.4271728515625
 20
33.8343017578125
 10
234.3437255859375
 20
33.7364990234375
 10
234.256103515625
 20
33.6430908203125
 10
234.1639404296875
 20
33.555615234375
 10
234.066943359375
 20
33.475048828125
 10
233.965380859375
 20
33.402587890625
 10
233.8596923828125
 20
33.3388916015625
 10
233.7497802734375
 20
33.2842529296875
 10
233.6367919921875
 20
33.239306640625
 10
233.5213623046875
 20
33.203955078125
 10
233.40419921875
 20
33.177685546875
 10
233.2860107421875
 20
33.160400390625
 10
233.167138671875
 20
33.151513671875
 10
233.047900390625
 20
33.1507080078125
 10
232.9286865234375
 20
33.1572998046875
 10
232.8094970703125
 20
33.1701416015625
 10
232.6903076171875
 20
33.1882568359375
 10
232.571142578125
 20
33.210986328125
 10
232.451953125
 20
33.2371826171875
 10
232.332763671875
 20
33.2658203125
 10
232.2135986328125
 20
33.296044921875
 10
232.0944091796875
 20
33.3268798828125
 10
231.975244140625
 20
33.3580078125
 10
231.8560791015625
 20
33.3891357421875
 10
231.7369384765625
 20
33.4202880859375
 10
231.6177490234375
 20
33.451416015625
 10
231.4986083984375
 20
33.482568359375
 10
231.379443359375
 20
33.513720703125
 10
231.2602783203125
 20
33.545751953125
 10
231.1411376953125
 20
33.578759765625
 10
231.0219970703125
 20
33.6127197265625
 10
230.9028076171875
 20
33.6469482421875
 10
230.7836669921875
 20
33.681494140625
 10
230.664501953125
 20
33.7163818359375
 10
230.5453369140625
 20
33.7518310546875
 10
230.4261962890625
 20
33.7869873046875
 10
230.307080078125
 20
33.821875
 10
230.187939453125
 20
33.856396484375
 10
230.068798828125
 20
33.8906494140625
 10
229.9496337890625
 20
33.924267578125
 10
229.8304931640625
 20
33.957275390625
 10
229.7113525390625
 20
33.9886962890625
 10
229.5922119140625
 20
34.018603515625
 10
229.4730712890625
 20
34.046630859375
 10
229.3539306640625
 20
34.0727783203125
 10
229.2347900390625
 20
34.097705078125
 10
229.1156494140625
 20
34.122021484375
 10
228.9965087890625
 20
34.1456787109375
 10
228.877392578125
 20
34.169677734375
 10
228.758251953125
 20
34.1946044921875
 10
228.6391357421875
 20
34.22109375
 10
228.5199951171875
 20
34.2491455078125
 10
228.4008544921875
 20
34.2783935546875
 10
228.2817626953125
 20
34.30859375
 10
228.1626220703125
 20
34.339697265625
 10
228.043505859375
 20
34.3714599609375
 10
227.9243896484375
 20
34.403515625
 10
227.8052490234375
 20
34.435888671875
 10
227.6861572265625
 20
34.4685546875
 10
227.567041015625
 20
34.5015380859375
 10
227.4479248046875
 20
34.5348876953125
 10
227.3288330078125
 20
34.5681396484375
 10
227.209716796875
 20
34.6014404296875
 10
227.0906005859375
 20
34.634765625
 10
226.9715087890625
 20
34.667138671875
 10
226.8523681640625
 20
34.6982421875
 10
226.7332763671875
 20
34.728125
 10
226.6141845703125
 20
34.7567626953125
 10
226.495068359375
 20
34.7850830078125
 10
226.3759521484375
 20
34.8131103515625
 10
226.2568359375
 20
34.8408203125
 10
226.137744140625
 20
34.869482421875
 10
226.0186279296875
 20
34.8999755859375
 10
225.8995361328125
 20
34.9326171875
 10
225.7804443359375
 20
34.9677734375
 10
225.6613525390625
 20
35.0047607421875
 10
225.54228515625
 20
35.0439697265625
 10
225.423193359375
 20
35.0856689453125
 10
225.304150390625
 20
35.128857421875
 10
225.1850830078125
 20
35.172705078125
 10
225.066015625
 20
35.2165283203125
 10
224.9469482421875
 20
35.2597412109375
 10
224.827880859375
 20
35.301708984375
 10
224.7087890625
 20
35.3415283203125
 10
224.589697265625
 20
35.3785400390625
 10
224.4706298828125
 20
35.4130859375
 10
224.3515869140625
 20
35.4454345703125
 10
224.232470703125
 20
35.4756103515625
 10
224.113427734375
 20
35.5039306640625
 10
223.9943359375
 20
35.5313232421875
 10
223.8752685546875
 20
35.559033203125
 10
223.756201171875
 20
35.5876708984375
 10
223.637109375
 20
35.6175537109375
 10
223.5180419921875
 20
35.649267578125
 10
223.398974609375
 20
35.6841064453125
 10
223.279931640625
 20
35.72265625
 10
223.1608642578125
 20
35.7655517578125
 10
223.0421630859375
 20
35.8128173828125
 10
222.9241943359375
 20
35.8646728515625
 10
222.807275390625
 20
35.921826171875
 10
222.691748046875
 20
35.9842041015625
 10
222.5779541015625
 20
36.0518798828125
 10
222.466259765625
 20
36.125048828125
 10
222.3570068359375
 20
36.203515625
 10
222.2495361328125
 20
36.2872314453125
 10
222.1430908203125
 20
36.3761474609375
 10
222.0369873046875
 20
36.4697509765625
 10
221.93056640625
 20
36.5673828125
 10
221.823095703125
 20
36.667822265625
 10
221.7142578125
 20
36.7698486328125
 10
221.603662109375
 20
36.8724609375
 10
221.492041015625
 20
36.9748046875
 10
221.3800537109375
 20
37.0759521484375
 10
221.268408203125
 20
37.1751708984375
 10
221.1578369140625
 20
37.2728515625
 10
221.048974609375
 20
37.369580078125
 10
220.9415283203125
 20
37.465966796875
 10
220.8351318359375
 20
37.5626708984375
 10
220.7290771484375
 20
37.660302734375
 10
220.6226806640625
 20
37.7594482421875
 10
220.515234375
 20
37.8608154296875
 10
220.4060302734375
 20
37.9640625
 10
220.294775390625
 20
38.0688720703125
 10
220.1824462890625
 20
38.1746337890625
 10
220.0704833984375
 20
38.2803955078125
 10
219.9595703125
 20
38.3867431640625
 10
219.8524658203125
 20
38.4911865234375
 10
219.7519775390625
 20
38.5911865234375
 10
219.6501220703125
 20
38.698974609375
 10
219.564892578125
 20
38.7913330078125
 10
219.4956298828125
 20
38.8685791015625
 10
219.3557439816796
 20
39.03616222635073
 10
213.44711911537019
 20
44.35631195221449
 10
213.3106201171875
 20
44.5234619140625
 10
213.2447998046875
 20
44.6001953125
 10
213.16474609375
 20
44.6913818359375
 10
213.0704833984375
 20
44.7969482421875
 10
212.9803955078125
 20
44.8935302734375
 10
212.8857666015625
 20
44.992919921875
 10
212.7890625
 20
45.092626953125
 10
212.692724609375
 20
45.190234375
 10
212.5970458984375
 20
45.2871337890625
 10
212.503125
 20
45.3834228515625
 10
212.4109619140625
 20
45.4793701171875
 10
212.3205322265625
 20
45.5756103515625
 10
212.232861328125
 20
45.6727783203125
 10
212.148681640625
 20
45.7714111328125
 10
212.06904296875
 20
45.872119140625
 10
211.9956787109375
 20
45.974658203125
 10
211.931005859375
 20
46.0783447265625
 10
211.878173828125
 20
46.182177734375
 10
211.8399169921875
 20
46.284912109375
 10
211.818408203125
 20
46.3852783203125
 10
211.8153076171875
 20
46.481640625
 10
211.832080078125
 20
46.5722412109375
 10
211.8686767578125
 20
46.655126953125
 10
211.923681640625
 20
46.7291259765625
 10
211.99501953125
 20
46.793603515625
 10
212.0802978515625
 20
46.8486328125
 10
212.1766845703125
 20
46.8942138671875
 10
212.281787109375
 20
46.9310302734375
 10
212.3927490234375
 20
46.960302734375
 10
212.507568359375
 20
46.983935546875
 10
212.6248046875
 20
47.0035400390625
 10
212.7434326171875
 20
47.0203369140625
 10
212.8627685546875
 20
47.035546875
 10
212.9824462890625
 20
47.050146484375
 10
213.1021240234375
 20
47.0650634765625
 10
213.221826171875
 20
47.080908203125
 10
213.3414794921875
 20
47.098046875
 10
213.461181640625
 20
47.1169921875
 10
213.5808837890625
 20
47.1384033203125
 10
213.7005615234375
 20
47.1619873046875
 10
213.820263671875
 20
47.1884033203125
 10
213.939990234375
 20
47.2172607421875
 10
214.0596923828125
 20
47.2483154296875
 10
214.1793701171875
 20
47.2812255859375
 10
214.299072265625
 20
47.3150634765625
 10
214.418798828125
 20
47.3489013671875
 10
214.538525390625
 20
47.3827392578125
 10
214.6582275390625
 20
47.4153076171875
 10
214.7779541015625
 20
47.4463623046875
 10
214.8976806640625
 20
47.4758544921875
 10
215.0174072265625
 20
47.5037841796875
 10
215.1371337890625
 20
47.5302001953125
 10
215.2568603515625
 20
47.555322265625
 10
215.3765869140625
 20
47.579248046875
 10
215.4963134765625
 20
47.6028564453125
 10
215.616015625
 20
47.6267822265625
 10
215.7357421875
 20
47.6509765625
 10
215.85546875
 20
47.675537109375
 10
215.9751953125
 20
47.7009765625
 10
216.0948974609375
 20
47.7270751953125
 10
216.2146240234375
 20
47.7537841796875
 10
216.3343505859375
 20
47.780810546875
 10
216.4540771484375
 20
47.8081298828125
 10
216.5738037109375
 20
47.8357421875
 10
216.6935546875
 20
47.8636962890625
 10
216.81328125
 20
47.8919677734375
 10
216.9330322265625
 20
47.921484375
 10
217.0527587890625
 20
47.952197265625
 10
217.1725341796875
 20
47.9841796875
 10
217.2922607421875
 20
48.016796875
 10
217.4120361328125
 20
48.05
 10
217.531787109375
 20
48.0838623046875
 10
217.6515380859375
 20
48.1177001953125
 10
217.7713134765625
 20
48.1506103515625
 10
217.8910400390625
 20
48.1825927734375
 10
218.010791015625
 20
48.2136474609375
 10
218.1305908203125
 20
48.2437744140625
 10
218.250341796875
 20
48.27265625
 10
218.3700927734375
 20
48.3003173828125
 10
218.4898193359375
 20
48.326708984375
 10
218.6095947265625
 20
48.3518798828125
 10
218.7293212890625
 20
48.3754638671875
 10
218.849072265625
 20
48.3972412109375
 10
218.9688720703125
 20
48.417431640625
 10
219.0885986328125
 20
48.4363525390625
 10
219.208349609375
 20
48.4537841796875
 10
219.3281005859375
 20
48.469970703125
 10
219.4478515625
 20
48.485205078125
 10
219.5676025390625
 20
48.4998291015625
 10
219.6873291015625
 20
48.5141357421875
 10
219.807080078125
 20
48.5284423828125
 10
219.9268798828125
 20
48.5430419921875
 10
220.0466064453125
 20
48.5582763671875
 10
220.166357421875
 20
48.5741455078125
 10
220.2861328125
 20
48.590625
 10
220.405908203125
 20
48.608056640625
 10
220.5256591796875
 20
48.6267333984375
 10
220.6454345703125
 20
48.6460205078125
 10
220.7652099609375
 20
48.6656005859375
 10
220.8849853515625
 20
48.6857666015625
 10
221.0047607421875
 20
48.7069091796875
 10
221.124560546875
 20
48.7296142578125
 10
221.2443359375
 20
48.7535400390625
 10
221.3641357421875
 20
48.7783935546875
 10
221.483935546875
 20
48.804833984375
 10
221.6037109375
 20
48.8324462890625
 10
221.7235107421875
 20
48.8610595703125
 10
221.843310546875
 20
48.890234375
 10
221.9631103515625
 20
48.918798828125
 10
222.08291015625
 20
48.9468017578125
 10
222.2027099609375
 20
48.9741455078125
 10
222.322509765625
 20
49.000537109375
 10
222.4423095703125
 20
49.026953125
 10
222.562109375
 20
49.053369140625
 10
222.6819091796875
 20
49.0797607421875
 10
222.801708984375
 20
49.1071044921875
 10
222.921533203125
 20
49.1353759765625
 10
223.0413330078125
 20
49.1645751953125
 10
223.1611572265625
 20
49.1947265625
 10
223.2809814453125
 20
49.224853515625
 10
223.4008056640625
 20
49.2550048828125
 10
223.5206298828125
 20
49.2851318359375
 10
223.6404296875
 20
49.3149169921875
 10
223.76025390625
 20
49.344140625
 10
223.880078125
 20
49.372412109375
 10
223.99990234375
 20
49.399755859375
 10
224.1197265625
 20
49.426171875
 10
224.2395263671875
 20
49.4513671875
 10
224.3593505859375
 20
49.475
 10
224.479150390625
 20
49.4967529296875
 10
224.5989501953125
 20
49.5169677734375
 10
224.7187744140625
 20
49.5362548828125
 10
224.8385986328125
 20
49.554296875
 10
224.9584228515625
 20
49.5714111328125
 10
225.0782470703125
 20
49.5879150390625
 10
225.1980712890625
 20
49.6040771484375
 10
225.3178955078125
 20
49.6205810546875
 10
225.4377197265625
 20
49.6376953125
 10
225.5575439453125
 20
49.6548095703125
 10
225.6773681640625
 20
49.672216796875
 10
225.7971923828125
 20
49.6899658203125
 10
225.917041015625
 20
49.7080078125
 10
226.0368896484375
 20
49.7266845703125
 10
226.1563720703125
 20
49.7453369140625
 10
226.2748046875
 20
49.7634033203125
 10
226.3932373046875
 20
49.782080078125
 10
226.509228515625
 20
49.8010986328125
 10
226.6203125
 20
49.820166015625
 10
226.7401611328125
 20
49.843505859375
 10
226.8428955078125
 20
49.8639404296875
 10
226.928857421875
 20
49.881787109375
 10
227.1154564548605
 20
49.92599911563493
 10
229.2690160391529
 20
49.88840859326429
 10
229.456201171875
 20
49.82890625
 10
229.542431640625
 20
49.804541015625
 10
229.6454833984375
 20
49.7771240234375
 10
229.7657470703125
 20
49.7469482421875
 10
229.8772216796875
 20
49.7234130859375
 10
229.9936279296875
 20
49.701025390625
 10
230.1124755859375
 20
49.6802001953125
 10
230.2313232421875
 20
49.6608642578125
 10
230.3512451171875
 20
49.641845703125
 10
230.4715087890625
 20
49.6228271484375
 10
230.5917724609375
 20
49.603515625
 10
230.7120361328125
 20
49.5835693359375
 10
230.8322998046875
 20
49.5626708984375
 10
230.9525634765625
 20
49.5405517578125
 10
231.0728271484375
 20
49.5175048828125
 10
231.1930908203125
 20
49.4938232421875
 10
231.3133544921875
 20
49.4692138671875
 10
231.4336181640625
 20
49.4430419921875
 10
231.5538818359375
 20
49.4147216796875
 10
231.6741455078125
 20
49.3842041015625
 10
231.794384765625
 20
49.3515380859375
 10
231.9146484375
 20
49.3166748046875
 10
232.034912109375
 20
49.279345703125
 10
232.1551513671875
 20
49.2395263671875
 10
232.2754150390625
 20
49.1978759765625
 10
232.395654296875
 20
49.154931640625
 10
232.5158935546875
 20
49.1114013671875
 10
232.6361572265625
 20
49.0678955078125
 10
232.7564208984375
 20
49.0240234375
 10
232.8766845703125
 20
48.9804931640625
 10
232.9969482421875
 20
48.937890625
 10
233.1172119140625
 20
48.8965087890625
 10
233.2374755859375
 20
48.8566650390625
 10
233.3577392578125
 20
48.8177978515625
 10
233.4780029296875
 20
48.779248046875
 10
233.598291015625
 20
48.7416015625
 10
233.7185546875
 20
48.704248046875
 10
233.838818359375
 20
48.6666015625
 10
233.9591064453125
 20
48.6283447265625
 10
234.0793701171875
 20
48.589111328125
 10
234.199658203125
 20
48.5499267578125
 10
234.3199462890625
 20
48.511669921875
 10
234.440234375
 20
48.4739990234375
 10
234.5605224609375
 20
48.437890625
 10
234.6808349609375
 20
48.404296875
 10
234.801123046875
 20
48.3734619140625
 10
234.9214111328125
 20
48.345458984375
 10
235.0417236328125
 20
48.319287109375
 10
235.1620361328125
 20
48.2940185546875
 10
235.2823486328125
 20
48.2700439453125
 10
235.4026611328125
 20
48.246337890625
 10
235.5229736328125
 20
48.222021484375
 10
235.6432861328125
 20
48.1961669921875
 10
235.7635498046875
 20
48.16875
 10
235.8839111328125
 20
48.139794921875
 10
236.0042236328125
 20
48.1092529296875
 10
236.1245361328125
 20
48.0762939453125
 10
236.2447998046875
 20
48.0410888671875
 10
236.3651123046875
 20
48.0037353515625
 10
236.4854248046875
 20
47.965185546875
 10
236.6057373046875
 20
47.925341796875
 10
236.726025390625
 20
47.885205078125
 10
236.8463623046875
 20
47.8456787109375
 10
236.966650390625
 20
47.8080078125
 10
237.086962890625
 20
47.7725341796875
 10
237.2072998046875
 20
47.7404541015625
 10
237.3276123046875
 20
47.712109375
 10
237.4479736328125
 20
47.6878173828125
 10
237.56796875
 20
47.6666015625
 10
237.6872802734375
 20
47.647265625
 10
237.8052001953125
 20
47.628564453125
 10
237.920654296875
 20
47.6095947265625
 10
238.033642578125
 20
47.5865966796875
 10
238.141748046875
 20
47.559033203125
 10
238.2425048828125
 20
47.5269287109375
 10
238.3460693359375
 20
47.479833984375
 10
238.433154296875
 20
47.435498046875
 10
238.504443359375
 20
47.39453125
 10
238.65191364174922
 20
47.286767670044995
  0
LWPOLYLINE
  5
4F
330
17
100
AcDbEntity
  8
0
100
AcDbPolyline
 90
416
 70
1
 10
241.11181640625
 20
28.092626953125
 10
241.02109375
 20
28.0991943359375
 10
240.9343994140625
 20
28.1120361328125
 10
240.8519775390625
 20
28.1312744140625
 10
240.774072265625
 20
28.156982421875
 10
240.7008056640625
 20
28.1891357421875
 10
240.6322998046875
 20
28.227685546875
 10
240.56875
 20
28.27255859375
 10
240.510205078125
 20
28.323486328125
 10
240.456591796875
 20
28.38037109375
 10
240.40791015625
 20
28.44287109375
 10
240.364111328125
 20
28.5106201171875
 10
240.325
 20
28.583349609375
 10
240.290380859375
 20
28.6606689453125
 10
240.2600830078125
 20
28.7421875
 10
240.233837890625
 20
28.8274658203125
 10
240.211376953125
 20
28.9161376953125
 10
240.1923583984375
 20
29.007861328125
 10
240.1764892578125
 20
29.1022216796875
 10
240.1635009765625
 20
29.1988525390625
 10
240.15302734375
 20
29.2974853515625
 10
240.1447021484375
 20
29.3977294921875
 10
240.138330078125
 20
29.49931640625
 10
240.13359375
 20
29.6020751953125
 10
240.130126953125
 20
29.7057373046875
 10
240.1278076171875
 20
29.810107421875
 10
240.1263427734375
 20
29.9151123046875
 10
240.1256103515625
 20
30.0204833984375
 10
240.125341796875
 20
30.126220703125
 10
240.1254638671875
 20
30.232177734375
 10
240.1258544921875
 20
30.3383056640625
 10
240.1263916015625
 20
30.444580078125
 10
240.127001953125
 20
30.550927734375
 10
240.127685546875
 20
30.6573486328125
 10
240.1282958984375
 20
30.76376953125
 10
240.1289306640625
 20
30.8702392578125
 10
240.1295166015625
 20
30.976708984375
 10
240.12998046875
 20
31.0831787109375
 10
240.1304443359375
 20
31.189697265625
 10
240.1308349609375
 20
31.296142578125
 10
240.1311279296875
 20
31.40263671875
 10
240.1314697265625
 20
31.509130859375
 10
240.131689453125
 20
31.6156005859375
 10
240.1319091796875
 20
31.7220947265625
 10
240.132080078125
 20
31.828564453125
 10
240.1322509765625
 20
31.93505859375
 10
240.1323974609375
 20
32.041552734375
 10
240.1325439453125
 20
32.1480224609375
 10
240.1326904296875
 20
32.2545166015625
 10
240.132861328125
 20
32.360986328125
 10
240.1330322265625
 20
32.46748046875
 10
240.1331787109375
 20
32.573974609375
 10
240.1333740234375
 20
32.6804443359375
 10
240.13359375
 20
32.7869384765625
 10
240.1338623046875
 20
32.893408203125
 10
240.134130859375
 20
32.99990234375
 10
240.13447265625
 20
33.1063720703125
 10
240.13486328125
 20
33.212841796875
 10
240.135400390625
 20
33.3193603515625
 10
240.135986328125
 20
33.425830078125
 10
240.1367431640625
 20
33.53232421875
 10
240.137646484375
 20
33.63876953125
 10
240.138720703125
 20
33.7452392578125
 10
240.139990234375
 20
33.851708984375
 10
240.1414794921875
 20
33.9581787109375
 10
240.143212890625
 20
34.0646240234375
 10
240.1451904296875
 20
34.1711181640625
 10
240.1474365234375
 20
34.277587890625
 10
240.149951171875
 20
34.3840087890625
 10
240.1527587890625
 20
34.490478515625
 10
240.155908203125
 20
34.5968994140625
 10
240.159375
 20
34.7033447265625
 10
240.1631591796875
 20
34.8097900390625
 10
240.167236328125
 20
34.9162353515625
 10
240.171630859375
 20
35.0226806640625
 10
240.176318359375
 20
35.1290771484375
 10
240.181298828125
 20
35.235498046875
 10
240.1864990234375
 20
35.3419189453125
 10
240.1919677734375
 20
35.4483642578125
 10
240.1976806640625
 20
35.5547607421875
 10
240.20361328125
 20
35.661181640625
 10
240.2097412109375
 20
35.767578125
 10
240.2160888671875
 20
35.8739990234375
 10
240.2226318359375
 20
35.9803955078125
 10
240.229345703125
 20
36.0867919921875
 10
240.23623046875
 20
36.1931884765625
 10
240.243310546875
 20
36.2995849609375
 10
240.2505615234375
 20
36.4059814453125
 10
240.258056640625
 20
36.5123779296875
 10
240.265771484375
 20
36.61875
 10
240.273779296875
 20
36.725146484375
 10
240.2820556640625
 20
36.83154296875
 10
240.290673828125
 20
36.9379150390625
 10
240.2996826171875
 20
37.0442626953125
 10
240.309130859375
 20
37.150634765625
 10
240.319091796875
 20
37.2570068359375
 10
240.3296142578125
 20
37.3633544921875
 10
240.3406982421875
 20
37.4697021484375
 10
240.3525634765625
 20
37.57607421875
 10
240.36513671875
 20
37.6823974609375
 10
240.3786376953125
 20
37.788720703125
 10
240.3930908203125
 20
37.89501953125
 10
240.4086669921875
 20
38.0012939453125
 10
240.4254150390625
 20
38.107568359375
 10
240.443408203125
 20
38.2138427734375
 10
240.462841796875
 20
38.320068359375
 10
240.483740234375
 20
38.4262939453125
 10
240.5063232421875
 20
38.5324951171875
 10
240.53056640625
 20
38.638671875
 10
240.556689453125
 20
38.744873046875
 10
240.584814453125
 20
38.8510009765625
 10
240.61494140625
 20
38.957080078125
 10
240.6471923828125
 20
39.0631591796875
 10
240.681640625
 20
39.169189453125
 10
240.7183837890625
 20
39.2752685546875
 10
240.7573974609375
 20
39.38125
 10
240.7987548828125
 20
39.4872314453125
 10
240.8424560546875
 20
39.5931396484375
 10
240.888525390625
 20
39.699072265625
 10
240.9368408203125
 20
39.8049560546875
 10
240.9875244140625
 20
39.91083984375
 10
241.0404541015625
 20
40.016650390625
 10
241.0955322265625
 20
40.1224365234375
 10
241.1527099609375
 20
40.2281982421875
 10
241.2119384765625
 20
40.3339599609375
 10
241.2730224609375
 20
40.439697265625
 10
241.3359375
 20
40.5453857421875
 10
241.4005615234375
 20
40.6510986328125
 10
241.4667724609375
 20
40.75673828125
 10
241.5343994140625
 20
40.86240234375
 10
241.60341796875
 20
40.968017578125
 10
241.673583984375
 20
41.0736572265625
 10
241.74482421875
 20
41.1792724609375
 10
241.8170654296875
 20
41.2848388671875
 10
241.89013671875
 20
41.3904541015625
 10
241.963916015625
 20
41.49599609375
 10
242.03828125
 20
41.6015380859375
 10
242.113134765625
 20
41.70712890625
 10
242.188330078125
 20
41.8126708984375
 10
242.26376953125
 20
41.9182373046875
 10
242.339404296875
 20
42.023779296875
 10
242.4150634765625
 20
42.129345703125
 10
242.49072265625
 20
42.2348876953125
 10
242.5662841796875
 20
42.3404541015625
 10
242.6416748046875
 20
42.4460205078125
 10
242.716845703125
 20
42.5515869140625
 10
242.7917236328125
 20
42.65712890625
 10
242.8662841796875
 20
42.7626708984375
 10
242.94052734375
 20
42.868310546875
 10
243.0144287109375
 20
42.973876953125
 10
243.0879638671875
 20
43.079443359375
 10
243.1611572265625
 20
43.18505859375
 10
243.2340087890625
 20
43.2906494140625
 10
243.3066162109375
 20
43.3962646484375
 10
243.37890625
 20
43.5018798828125
 10
243.451025390625
 20
43.607470703125
 10
243.5229736328125
 20
43.7131103515625
 10
243.594775390625
 20
43.8187255859375
 10
243.66650390625
 20
43.92431640625
 10
243.73828125
 20
44.029931640625
 10
243.8100830078125
 20
44.135546875
 10
243.881982421875
 20
44.241162109375
 10
243.95400390625
 20
44.34677734375
 10
244.0262451171875
 20
44.4523681640625
 10
244.09873046875
 20
44.5580322265625
 10
244.17138671875
 20
44.663623046875
 10
244.2443603515625
 20
44.769189453125
 10
244.317626953125
 20
44.8747802734375
 10
244.3911865234375
 20
44.98037109375
 10
244.465087890625
 20
45.085888671875
 10
244.5393310546875
 20
45.191357421875
 10
244.6138427734375
 20
45.29677734375
 10
244.6886962890625
 20
45.40205078125
 10
244.763916015625
 20
45.5072021484375
 10
244.8394287109375
 20
45.612158203125
 10
244.915283203125
 20
45.7168212890625
 10
244.991455078125
 20
45.82109375
 10
245.06796875
 20
45.924853515625
 10
245.14482421875
 20
46.0279541015625
 10
245.221923828125
 20
46.1302001953125
 10
245.2994384765625
 20
46.231494140625
 10
245.37724609375
 20
46.3315185546875
 10
245.4553955078125
 20
46.4300048828125
 10
245.5337646484375
 20
46.526611328125
 10
245.6124755859375
 20
46.6211181640625
 10
245.69140625
 20
46.7130126953125
 10
245.7704833984375
 20
46.8020263671875
 10
245.849658203125
 20
46.887646484375
 10
245.9288818359375
 20
46.96943359375
 10
246.0079345703125
 20
47.0469482421875
 10
246.086767578125
 20
47.1196533203125
 10
246.16513671875
 20
47.1871826171875
 10
246.242919921875
 20
47.2489990234375
 10
246.319873046875
 20
47.304638671875
 10
246.3958251953125
 20
47.3537353515625
 10
246.470458984375
 20
47.395849609375
 10
246.5435791015625
 20
47.430712890625
 10
246.61484375
 20
47.4579345703125
 10
246.6840576171875
 20
47.47734375
 10
246.7509521484375
 20
47.4887451171875
 10
246.8152099609375
 20
47.492041015625
 10
246.876708984375
 20
47.4871826171875
 10
246.93515625
 20
47.4742431640625
 10
246.9904052734375
 20
47.4533447265625
 10
247.04228515625
 20
47.4245849609375
 10
247.09072265625
 20
47.38828125
 10
247.135595703125
 20
47.344677734375
 10
247.1768798828125
 20
47.2941650390625
 10
247.2145751953125
 20
47.237109375
 10
247.2487548828125
 20
47.17392578125
 10
247.279443359375
 20
47.105078125
 10
247.3068115234375
 20
47.0310302734375
 10
247.331005859375
 20
46.9522705078125
 10
247.352197265625
 20
46.86923828125
 10
247.370556640625
 20
46.782421875
 10
247.386328125
 20
46.69228515625
 10
247.39970703125
 20
46.59921875
 10
247.4109619140625
 20
46.50361328125
 10
247.4203125
 20
46.405908203125
 10
247.4280029296875
 20
46.3063720703125
 10
247.4341552734375
 20
46.205322265625
 10
247.439111328125
 20
46.1030517578125
 10
247.443017578125
 20
45.9997314453125
 10
247.4460205078125
 20
45.895654296875
 10
247.4483154296875
 20
45.79091796875
 10
247.4499755859375
 20
45.68564453125
 10
247.451171875
 20
45.580078125
 10
247.452001953125
 20
45.474169921875
 10
247.4525634765625
 20
45.3680419921875
 10
247.452880859375
 20
45.2618408203125
 10
247.453076171875
 20
45.1554931640625
 10
247.453125
 20
45.049072265625
 10
247.453125
 20
44.9426025390625
 10
247.453076171875
 20
44.8361083984375
 10
247.452978515625
 20
44.729638671875
 10
247.45283203125
 20
44.623095703125
 10
247.452734375
 20
44.5166259765625
 10
247.4526123046875
 20
44.410107421875
 10
247.4524658203125
 20
44.3035400390625
 10
247.452294921875
 20
44.1969970703125
 10
247.452197265625
 20
44.09052734375
 10
247.45205078125
 20
43.983984375
 10
247.451904296875
 20
43.87744140625
 10
247.4517822265625
 20
43.770947265625
 10
247.4516357421875
 20
43.6644287109375
 10
247.4514892578125
 20
43.5578857421875
 10
247.4513427734375
 20
43.4513916015625
 10
247.451220703125
 20
43.344873046875
 10
247.4510986328125
 20
43.238330078125
 10
247.450927734375
 20
43.1318115234375
 10
247.45078125
 20
43.0253173828125
 10
247.4506103515625
 20
42.9187744140625
 10
247.450390625
 20
42.8122314453125
 10
247.4502197265625
 20
42.70576171875
 10
247.449951171875
 20
42.5991943359375
 10
247.449658203125
 20
42.49267578125
 10
247.4492919921875
 20
42.3862060546875
 10
247.448876953125
 20
42.2796630859375
 10
247.44833984375
 20
42.17314453125
 10
247.4477294921875
 20
42.066650390625
 10
247.44697265625
 20
41.9601318359375
 10
247.4460205078125
 20
41.8535888671875
 10
247.444921875
 20
41.747119140625
 10
247.443603515625
 20
41.640576171875
 10
247.4420166015625
 20
41.5340576171875
 10
247.44013671875
 20
41.427587890625
 10
247.437939453125
 20
41.32109375
 10
247.4354248046875
 20
41.2145751953125
 10
247.43251953125
 20
41.1081298828125
 10
247.429248046875
 20
41.0016357421875
 10
247.425537109375
 20
40.895166015625
 10
247.4214111328125
 20
40.788671875
 10
247.4168212890625
 20
40.6822021484375
 10
247.4117431640625
 20
40.5757568359375
 10
247.4062255859375
 20
40.4692626953125
 10
247.4002685546875
 20
40.3628662109375
 10
247.3938232421875
 20
40.256396484375
 10
247.38701171875
 20
40.1499755859375
 10
247.37978515625
 20
40.0435302734375
 10
247.3722412109375
 20
39.937109375
 10
247.3643310546875
 20
39.8306884765625
 10
247.356201171875
 20
39.724267578125
 10
247.3478271484375
 20
39.6178466796875
 10
247.339306640625
 20
39.51142578125
 10
247.3306884765625
 20
39.4050048828125
 10
247.322021484375
 20
39.2986083984375
 10
247.313330078125
 20
39.1921875
 10
247.3048095703125
 20
39.085791015625
 10
247.29638671875
 20
38.979345703125
 10
247.28818359375
 20
38.87294921875
 10
247.28017578125
 20
38.7665283203125
 10
247.272412109375
 20
38.660107421875
 10
247.264990234375
 20
38.553662109375
 10
247.257861328125
 20
38.447216796875
 10
247.2510986328125
 20
38.340771484375
 10
247.2446044921875
 20
38.234326171875
 10
247.2385009765625
 20
38.127880859375
 10
247.2326904296875
 20
38.0214599609375
 10
247.2271728515625
 20
37.9150146484375
 10
247.221875
 20
37.8085693359375
 10
247.216845703125
 20
37.702099609375
 10
247.21201171875
 20
37.595654296875
 10
247.207275390625
 20
37.48916015625
 10
247.2026611328125
 20
37.38271484375
 10
247.198095703125
 20
37.276220703125
 10
247.1935302734375
 20
37.169775390625
 10
247.189013671875
 20
37.0633056640625
 10
247.184423828125
 20
36.9568603515625
 10
247.17978515625
 20
36.850390625
 10
247.1750732421875
 20
36.7439208984375
 10
247.170263671875
 20
36.6374755859375
 10
247.1653564453125
 20
36.531005859375
 10
247.1604248046875
 20
36.4245361328125
 10
247.1553955078125
 20
36.31806640625
 10
247.150341796875
 20
36.21162109375
 10
247.145263671875
 20
36.105126953125
 10
247.1402099609375
 20
35.998681640625
 10
247.135205078125
 20
35.8922119140625
 10
247.1303466796875
 20
35.7857666015625
 10
247.1255615234375
 20
35.6793212890625
 10
247.12099609375
 20
35.5728759765625
 10
247.116552734375
 20
35.46640625
 10
247.1123779296875
 20
35.359912109375
 10
247.1084716796875
 20
35.2534423828125
 10
247.1047607421875
 20
35.14697265625
 10
247.101416015625
 20
35.0405029296875
 10
247.098291015625
 20
34.933984375
 10
247.0954833984375
 20
34.8275146484375
 10
247.0929931640625
 20
34.7210205078125
 10
247.0907470703125
 20
34.6145263671875
 10
247.0887939453125
 20
34.508056640625
 10
247.0870849609375
 20
34.4015380859375
 10
247.0856201171875
 20
34.29501953125
 10
247.0843505859375
 20
34.1885498046875
 10
247.083251953125
 20
34.0820068359375
 10
247.0823486328125
 20
33.97548828125
 10
247.08154296875
 20
33.868994140625
 10
247.080810546875
 20
33.7624755859375
 10
247.0801513671875
 20
33.6559326171875
 10
247.0795166015625
 20
33.5494384765625
 10
247.07880859375
 20
33.442919921875
 10
247.077978515625
 20
33.33642578125
 10
247.076953125
 20
33.229931640625
 10
247.0757080078125
 20
33.1234375
 10
247.0739990234375
 20
33.0169677734375
 10
247.071875
 20
32.9105712890625
 10
247.069140625
 20
32.80419921875
 10
247.0656005859375
 20
32.6978759765625
 10
247.0611572265625
 20
32.591650390625
 10
247.055517578125
 20
32.485546875
 10
247.04853515625
 20
32.379638671875
 10
247.0399658203125
 20
32.2739013671875
 10
247.0295654296875
 20
32.16845703125
 10
247.0170166015625
 20
32.06337890625
 10
247.002099609375
 20
31.9586669921875
 10
246.9845458984375
 20
31.8544189453125
 10
246.964013671875
 20
31.7508056640625
 10
246.940234375
 20
31.6478759765625
 10
246.912939453125
 20
31.5457275390625
 10
246.88193359375
 20
31.4445068359375
 10
246.846875
 20
31.3443603515625
 10
246.8075439453125
 20
31.245361328125
 10
246.7638427734375
 20
31.147705078125
 10
246.7156005859375
 20
31.051513671875
 10
246.662744140625
 20
30.9569091796875
 10
246.605078125
 20
30.86396484375
 10
246.5427001953125
 20
30.7728271484375
 10
246.4756103515625
 20
30.683642578125
 10
246.403857421875
 20
30.5964599609375
 10
246.327587890625
 20
30.5113525390625
 10
246.2468505859375
 20
30.4283447265625
 10
246.1618896484375
 20
30.3474365234375
 10
246.07294921875
 20
30.2687255859375
 10
245.980224609375
 20
30.1921630859375
 10
245.884033203125
 20
30.1177001953125
 10
245.7845947265625
 20
30.0453369140625
 10
245.68212890625
 20
29.9749267578125
 10
245.5770263671875
 20
29.9063720703125
 10
245.4696044921875
 20
29.8396240234375
 10
245.3600341796875
 20
29.7745849609375
 10
245.2486083984375
 20
29.71103515625
 10
245.1356201171875
 20
29.648876953125
 10
245.0212646484375
 20
29.5879638671875
 10
244.9057861328125
 20
29.5281982421875
 10
244.7893310546875
 20
29.4694091796875
 10
244.6720458984375
 20
29.411474609375
 10
244.55419921875
 20
29.3542724609375
 10
244.43583984375
 20
29.2976806640625
 10
244.3170654296875
 20
29.2415771484375
 10
244.197998046875
 20
29.1859130859375
 10
244.0787353515625
 20
29.1305908203125
 10
243.959228515625
 20
29.0755615234375
 10
243.8397216796875
 20
29.02080078125
 10
243.7200439453125
 20
28.9662841796875
 10
243.600341796875
 20
28.9119384765625
 10
243.4806884765625
 20
28.857861328125
 10
243.3610107421875
 20
28.8040771484375
 10
243.24140625
 20
28.7507080078125
 10
243.1218505859375
 20
28.6977783203125
 10
243.00244140625
 20
28.64541015625
 10
242.8832275390625
 20
28.5937744140625
 10
242.7642333984375
 20
28.5430419921875
 10
242.64560546875
 20
28.493408203125
 10
242.5274169921875
 20
28.4451416015625
 10
242.4097412109375
 20
28.398486328125
 10
242.2927490234375
 20
28.3537841796875
 10
242.176611328125
 20
28.311328125
 10
242.061474609375
 20
28.271484375
 10
241.9475830078125
 20
28.234619140625
 10
241.83515625
 20
28.2010986328125
 10
241.7244384765625
 20
28.1713134765625
 10
241.615673828125
 20
28.1456787109375
 10
241.5092041015625
 20
28.1245849609375
 10
241.4052490234375
 20
28.1084228515625
 10
241.30419921875
 20
28.0974365234375
 10
241.2062744140625
 20
28.0921142578125
  0
LWPOLYLINE
  5
50
330
17
100
AcDbEntity
  8
0
100
AcDbPolyline
 90
247
 70
1
 10
173.55093994140626
 20
28.127197265625
 10
173.4372314453125
 20
28.298095703125
 10
173.39749755859376
 20
28.3766845703125
 10
173.35745849609376
 20
28.4704833984375
 10
173.31884765625
 20
28.579833984375
 10
173.3015380859375
 20
28.6809814453125
 10
173.29417724609374
 20
28.786376953125
 10
173.2975341796875
 20
28.8938720703125
 10
173.31060791015625
 20
29.0012451171875
 10
173.32952880859375
 20
29.109521484375
 10
173.35262451171874
 20
29.2180419921875
 10
173.37813720703124
 20
29.3265380859375
 10
173.4053955078125
 20
29.4349853515625
 10
173.43333740234374
 20
29.5434814453125
 10
173.46129150390624
 20
29.6519287109375
 10
173.48992919921875
 20
29.7603759765625
 10
173.5192626953125
 20
29.8688232421875
 10
173.5492919921875
 20
29.977294921875
 10
173.57999267578126
 20
30.0857177734375
 10
173.6110595703125
 20
30.194140625
 10
173.64248046875
 20
30.3025146484375
 10
173.6742431640625
 20
30.4109375
 10
173.70601806640624
 20
30.5193359375
 10
173.7377685546875
 20
30.627734375
 10
173.76953125
 20
30.7361328125
 10
173.80128173828126
 20
30.84453125
 10
173.83304443359376
 20
30.9529541015625
 10
173.86480712890625
 20
31.061376953125
 10
173.89656982421874
 20
31.169775390625
 10
173.92833251953124
 20
31.2781982421875
 10
173.95975341796876
 20
31.3866455078125
 10
173.9908203125
 20
31.495068359375
 10
174.02154541015625
 20
31.603466796875
 10
174.05191650390626
 20
31.7119140625
 10
174.08194580078126
 20
31.820361328125
 10
174.11162109375
 20
31.9287841796875
 10
174.14095458984374
 20
32.0372314453125
 10
174.17064208984374
 20
32.1456787109375
 10
174.20067138671874
 20
32.2541259765625
 10
174.2310302734375
 20
32.362548828125
 10
174.26175537109376
 20
32.4709716796875
 10
174.29248046875
 20
32.5794189453125
 10
174.32320556640624
 20
32.687841796875
 10
174.35391845703126
 20
32.7962890625
 10
174.3843017578125
 20
32.9047119140625
 10
174.4139892578125
 20
33.0131591796875
 10
174.44298095703124
 20
33.121630859375
 10
174.47127685546874
 20
33.230078125
 10
174.49957275390625
 20
33.338525390625
 10
174.52786865234376
 20
33.447021484375
 10
174.55616455078126
 20
33.55546875
 10
174.58446044921874
 20
33.663916015625
 10
174.6134521484375
 20
33.7723876953125
 10
174.64278564453124
 20
33.8808349609375
 10
174.6724609375
 20
33.9892822265625
 10
174.70213623046874
 20
34.0977294921875
 10
174.7314697265625
 20
34.206201171875
 10
174.76046142578124
 20
34.3146484375
 10
174.78909912109376
 20
34.423095703125
 10
174.8170654296875
 20
34.5315673828125
 10
174.84534912109376
 20
34.6400390625
 10
174.8739990234375
 20
34.7485107421875
 10
174.9030029296875
 20
34.8569580078125
 10
174.93302001953126
 20
34.9654296875
 10
174.96409912109374
 20
35.073828125
 10
174.99620361328124
 20
35.1822509765625
 10
175.02969970703126
 20
35.2906494140625
 10
175.0635498046875
 20
35.3990478515625
 10
175.0977294921875
 20
35.5074462890625
 10
175.13260498046876
 20
35.6158447265625
 10
175.1681884765625
 20
35.72421875
 10
175.20447998046876
 20
35.8325927734375
 10
175.24144287109374
 20
35.940966796875
 10
175.27806396484374
 20
36.0493408203125
 10
175.31434326171876
 20
36.1573974609375
 10
175.34996337890624
 20
36.264501953125
 10
175.38349609375
 20
36.3716552734375
 10
175.4135986328125
 20
36.4765869140625
 10
175.4396240234375
 20
36.5771484375
 10
175.46168212890626
 20
36.6857177734375
 10
175.47884521484374
 20
36.778759765625
 10
175.4914794921875
 20
36.8566650390625
 10
175.50987625189225
 20
37.02588400465756
 10
176.35691783513417
 20
37.76220601934865
 10
176.38785400390626
 20
37.929248046875
 10
176.40443115234376
 20
38.0061279296875
 10
176.42535400390625
 20
38.0980712890625
 10
176.4509765625
 20
38.2052978515625
 10
176.47772216796875
 20
38.3046630859375
 10
176.50684814453126
 20
38.4083740234375
 10
176.5376953125
 20
38.5142822265625
 10
176.569921875
 20
38.6201416015625
 10
176.60318603515626
 20
38.726953125
 10
176.63712158203126
 20
38.8341064453125
 10
176.67176513671876
 20
38.9411865234375
 10
176.7074462890625
 20
39.0482666015625
 10
176.74453125
 20
39.1553466796875
 10
176.78367919921874
 20
39.2623779296875
 10
176.82454833984374
 20
39.3694091796875
 10
176.86785888671875
 20
39.476416015625
 10
176.9146484375
 20
39.5833740234375
 10
176.9652587890625
 20
39.6902587890625
 10
177.02001953125
 20
39.797119140625
 10
177.07962646484376
 20
39.9036376953125
 10
177.14407958984376
 20
40.009423828125
 10
177.21480712890624
 20
40.113916015625
 10
177.29208984375
 20
40.216162109375
 10
177.37564697265626
 20
40.314892578125
 10
177.46541748046874
 20
40.408642578125
 10
177.56142578125
 20
40.495458984375
 10
177.66297607421876
 20
40.57421875
 10
177.7697265625
 20
40.643310546875
 10
177.8802734375
 20
40.7014892578125
 10
177.9935791015625
 20
40.748193359375
 10
178.1089599609375
 20
40.7830810546875
 10
178.22569580078124
 20
40.8065185546875
 10
178.34310302734374
 20
40.819140625
 10
178.4608642578125
 20
40.8212158203125
 10
178.57825927734376
 20
40.814013671875
 10
178.69462890625
 20
40.7996826171875
 10
178.80888671875
 20
40.78046875
 10
178.92001953125
 20
40.759375
 10
179.02701416015626
 20
40.7396240234375
 10
179.12879638671876
 20
40.7251953125
 10
179.22435302734374
 20
40.7200927734375
 10
179.31368408203124
 20
40.7271728515625
 10
179.3978271484375
 20
40.7476318359375
 10
179.47886962890624
 20
40.7817626953125
 10
179.55888671875
 20
40.8279296875
 10
179.63995361328125
 20
40.883740234375
 10
179.7241455078125
 20
40.9447265625
 10
179.81357421875
 20
41.006591796875
 10
179.9092041015625
 20
41.0658935546875
 10
180.0111083984375
 20
41.1195556640625
 10
180.1181884765625
 20
41.1654296875
 10
180.2294189453125
 20
41.2025634765625
 10
180.34375
 20
41.2310302734375
 10
180.46019287109374
 20
41.2519775390625
 10
180.57764892578126
 20
41.266748046875
 10
180.69544677734376
 20
41.2762939453125
 10
180.81324462890626
 20
41.2817626953125
 10
180.9310302734375
 20
41.2844482421875
 10
181.04881591796874
 20
41.285302734375
 10
181.1666015625
 20
41.284912109375
 10
181.28438720703124
 20
41.2835693359375
 10
181.4021728515625
 20
41.281298828125
 10
181.51995849609375
 20
41.2778076171875
 10
181.63739013671875
 20
41.2730712890625
 10
181.75413818359374
 20
41.265869140625
 10
181.8698486328125
 20
41.2546630859375
 10
181.9841552734375
 20
41.237646484375
 10
182.09637451171875
 20
41.2125244140625
 10
182.20577392578124
 20
41.177880859375
 10
182.31138916015624
 20
41.1327392578125
 10
182.4131591796875
 20
41.0759033203125
 10
182.5107421875
 20
41.0076171875
 10
182.60379638671876
 20
40.92890625
 10
182.69163818359374
 20
40.8412841796875
 10
182.77427978515624
 20
40.7468994140625
 10
182.85169677734376
 20
40.6476318359375
 10
182.924609375
 20
40.5449951171875
 10
182.99229736328124
 20
40.4406005859375
 10
183.0551513671875
 20
40.3353271484375
 10
183.11312255859374
 20
40.2298095703125
 10
183.16693115234375
 20
40.1242919921875
 10
183.21693115234376
 20
40.018896484375
 10
183.2634765625
 20
39.9135009765625
 10
183.30653076171876
 20
39.808154296875
 10
183.3471435546875
 20
39.7028076171875
 10
183.3853515625
 20
39.5975341796875
 10
183.42181396484375
 20
39.4923095703125
 10
183.45689697265624
 20
39.3870361328125
 10
183.49093017578124
 20
39.2818115234375
 10
183.52427978515624
 20
39.1765869140625
 10
183.55728759765626
 20
39.0713623046875
 10
183.59027099609375
 20
38.9661376953125
 10
183.62362060546874
 20
38.8609130859375
 10
183.6572998046875
 20
38.7556640625
 10
183.69136962890624
 20
38.650439453125
 10
183.7257568359375
 20
38.5451904296875
 10
183.76014404296876
 20
38.439990234375
 10
183.79417724609374
 20
38.3347412109375
 10
183.8268310546875
 20
38.2295166015625
 10
183.8577392578125
 20
38.1243408203125
 10
183.88658447265624
 20
38.0191650390625
 10
183.91297607421876
 20
37.914013671875
 10
183.9365966796875
 20
37.808935546875
 10
183.9574462890625
 20
37.703857421875
 10
183.9755126953125
 20
37.5988037109375
 10
183.9908203125
 20
37.493798828125
 10
184.00264892578124
 20
37.3888427734375
 10
184.00997314453124
 20
37.283935546875
 10
184.0114013671875
 20
37.1791259765625
 10
184.00517578125
 20
37.0743896484375
 10
183.98992919921875
 20
36.969775390625
 10
183.96392822265625
 20
36.865283203125
 10
183.92576904296874
 20
36.7609619140625
 10
183.8747802734375
 20
36.6568359375
 10
183.81094970703126
 20
36.5528076171875
 10
183.7349853515625
 20
36.4492919921875
 10
183.6482421875
 20
36.346533203125
 10
183.5517822265625
 20
36.2447998046875
 10
183.44735107421874
 20
36.1444580078125
 10
183.33702392578124
 20
36.0457275390625
 10
183.2225341796875
 20
35.948876953125
 10
183.1052734375
 20
35.854541015625
 10
182.98629150390624
 20
35.7624267578125
 10
182.86627197265625
 20
35.672119140625
 10
182.74588623046876
 20
35.5834228515625
 10
182.62552490234376
 20
35.495947265625
 10
182.50516357421876
 20
35.409423828125
 10
182.38480224609376
 20
35.3235107421875
 10
182.26444091796876
 20
35.2369873046875
 10
182.1440673828125
 20
35.1495361328125
 10
182.02371826171876
 20
35.0608154296875
 10
181.9036865234375
 20
34.970556640625
 10
181.784375
 20
34.8784423828125
 10
181.6660888671875
 20
34.7841552734375
 10
181.54920654296876
 20
34.6876708984375
 10
181.43438720703125
 20
34.590234375
 10
181.32271728515624
 20
34.493017578125
 10
181.2134765625
 20
34.3967529296875
 10
181.10841064453126
 20
34.3037841796875
 10
181.00931396484376
 20
34.2165771484375
 10
180.9038818359375
 20
34.1282958984375
 10
180.8142578125
 20
34.0544921875
 10
180.73975830078126
 20
33.99453125
 10
180.57807642988305
 20
33.87372264985197
 10
175.672578339342
 20
29.609438217361866
 10
175.48897705078124
 20
29.4848388671875
 10
175.40474853515624
 20
29.4231689453125
 10
175.30467529296874
 20
29.3472412109375
 10
175.1887939453125
 20
29.2565185546875
 10
175.08291015625
 20
29.1666748046875
 10
174.97393798828125
 20
29.070654296875
 10
174.8646484375
 20
28.9708740234375
 10
174.75777587890624
 20
28.8701416015625
 10
174.65159912109374
 20
28.7697021484375
 10
174.54613037109374
 20
28.6717041015625
 10
174.44136962890624
 20
28.578369140625
 10
174.3372802734375
 20
28.4918212890625
 10
174.23218994140626
 20
28.4133544921875
 10
174.1277587890625
 20
28.344482421875
 10
174.02574462890624
 20
28.2861572265625
 10
173.9130615234375
 20
28.2365478515625
 10
173.8155029296875
 20
28.198681640625
 10
173.73304443359376
 20
28.1710205078125
  0
LWPOLYLINE
  5
51
330
17
100
AcDbEntity
  8
0
100
AcDbPolyline
 90
290
 70
1
 10
205.9171630859375
 20
27.7024658203125
 10
205.854833984375
 20
27.68837890625
 10
205.7873291015625
 20
27.682373046875
 10
205.7148193359375
 20
27.6844482421875
 10
205.6376220703125
 20
27.6946044921875
 10
205.5560791015625
 20
27.7127197265625
 10
205.470458984375
 20
27.73857421875
 10
205.38115234375
 20
27.771923828125
 10
205.2885009765625
 20
27.8125
 10
205.1928955078125
 20
27.8599853515625
 10
205.0947265625
 20
27.913916015625
 10
204.9942626953125
 20
27.973876953125
 10
204.8919189453125
 20
28.039404296875
 10
204.78792724609374
 20
28.1100341796875
 10
204.6826416015625
 20
28.185205078125
 10
204.57628173828124
 20
28.264501953125
 10
204.46910400390624
 20
28.347509765625
 10
204.3613037109375
 20
28.433642578125
 10
204.253076171875
 20
28.5225341796875
 10
204.14456787109376
 20
28.6136962890625
 10
204.03592529296876
 20
28.7068115234375
 10
203.92720947265624
 20
28.8015625
 10
203.8185302734375
 20
28.89755859375
 10
203.70992431640624
 20
28.99453125
 10
203.6014404296875
 20
29.0922607421875
 10
203.493115234375
 20
29.1905517578125
 10
203.38492431640626
 20
29.2891845703125
 10
203.27689208984376
 20
29.3881103515625
 10
203.1690185546875
 20
29.4871337890625
 10
203.061279296875
 20
29.58623046875
 10
202.95364990234376
 20
29.6852783203125
 10
202.84610595703126
 20
29.784326171875
 10
202.73861083984374
 20
29.88330078125
 10
202.6311279296875
 20
29.98212890625
 10
202.52364501953124
 20
30.080908203125
 10
202.41610107421874
 20
30.179638671875
 10
202.3085205078125
 20
30.2782958984375
 10
202.20081787109376
 20
30.376904296875
 10
202.09302978515626
 20
30.4755126953125
 10
201.98509521484374
 20
30.57412109375
 10
201.87698974609376
 20
30.6727783203125
 10
201.76876220703124
 20
30.7715576171875
 10
201.6603759765625
 20
30.8704345703125
 10
201.551806640625
 20
30.96943359375
 10
201.4430908203125
 20
31.068603515625
 10
201.33419189453124
 20
31.1679443359375
 10
201.22515869140625
 20
31.267529296875
 10
201.11597900390626
 20
31.367333984375
 10
201.006640625
 20
31.4674072265625
 10
200.89720458984374
 20
31.5677001953125
 10
200.78763427734376
 20
31.6683349609375
 10
200.6779541015625
 20
31.76923828125
 10
200.5681884765625
 20
31.870458984375
 10
200.45836181640624
 20
31.9719970703125
 10
200.34844970703125
 20
32.073876953125
 10
200.23848876953124
 20
32.1760986328125
 10
200.12847900390625
 20
32.27861328125
 10
200.018408203125
 20
32.3814697265625
 10
199.9083251953125
 20
32.4845947265625
 10
199.79820556640624
 20
32.58798828125
 10
199.68807373046874
 20
32.69169921875
 10
199.57794189453125
 20
32.79560546875
 10
199.4677978515625
 20
32.89970703125
 10
199.35767822265626
 20
33.003955078125
 10
199.24759521484376
 20
33.108349609375
 10
199.13753662109374
 20
33.2128173828125
 10
199.02755126953124
 20
33.317236328125
 10
198.9176513671875
 20
33.4216552734375
 10
198.80789794921876
 20
33.5260498046875
 10
198.698291015625
 20
33.6302490234375
 10
198.58890380859376
 20
33.7343017578125
 10
198.47974853515626
 20
33.838134765625
 10
198.37093505859374
 20
33.9417236328125
 10
198.2625244140625
 20
34.044970703125
 10
198.1546142578125
 20
34.1479736328125
 10
198.0472900390625
 20
34.2505615234375
 10
197.94071044921876
 20
34.35283203125
 10
197.8350341796875
 20
34.4547607421875
 10
197.73043212890624
 20
34.5563232421875
 10
197.62708740234376
 20
34.6575927734375
 10
197.52520751953125
 20
34.758544921875
 10
197.42503662109374
 20
34.8592041015625
 10
197.326806640625
 20
34.9595947265625
 10
197.2308349609375
 20
35.059765625
 10
197.13736572265626
 20
35.159765625
 10
197.0467529296875
 20
35.25966796875
 10
196.95928955078125
 20
35.35947265625
 10
196.87528076171876
 20
35.4593017578125
 10
196.7950927734375
 20
35.5591552734375
 10
196.718994140625
 20
35.65908203125
 10
196.64730224609374
 20
35.759130859375
 10
196.5802978515625
 20
35.8593994140625
 10
196.518212890625
 20
35.95986328125
 10
196.46129150390624
 20
36.0605712890625
 10
196.409716796875
 20
36.161572265625
 10
196.363623046875
 20
36.262841796875
 10
196.32315673828126
 20
36.3644287109375
 10
196.288330078125
 20
36.4663818359375
 10
196.25919189453126
 20
36.5686279296875
 10
196.23570556640624
 20
36.671240234375
 10
196.2177734375
 20
36.774169921875
 10
196.2052978515625
 20
36.877392578125
 10
196.198095703125
 20
36.980908203125
 10
196.1960205078125
 20
37.0846923828125
 10
196.1988037109375
 20
37.188671875
 10
196.20623779296875
 20
37.29287109375
 10
196.2180908203125
 20
37.3971435546875
 10
196.2341064453125
 20
37.50146484375
 10
196.25401611328124
 20
37.6057861328125
 10
196.27762451171876
 20
37.7099853515625
 10
196.30469970703126
 20
37.8139404296875
 10
196.33507080078124
 20
37.9175537109375
 10
196.368505859375
 20
38.020703125
 10
196.40491943359376
 20
38.12314453125
 10
196.444189453125
 20
38.2248291015625
 10
196.486279296875
 20
38.325390625
 10
196.53109130859374
 20
38.4247314453125
 10
196.578662109375
 20
38.5225830078125
 10
196.62896728515625
 20
38.6186279296875
 10
196.68209228515624
 20
38.7125732421875
 10
196.7380615234375
 20
38.804248046875
 10
196.7969482421875
 20
38.893310546875
 10
196.85880126953126
 20
38.9794189453125
 10
196.9237060546875
 20
39.0622802734375
 10
196.99176025390625
 20
39.1416259765625
 10
197.06295166015624
 20
39.2171630859375
 10
197.137353515625
 20
39.288623046875
 10
197.214990234375
 20
39.3557373046875
 10
197.295849609375
 20
39.418359375
 10
197.37989501953126
 20
39.4762451171875
 10
197.46707763671876
 20
39.529248046875
 10
197.55733642578124
 20
39.57734375
 10
197.65052490234376
 20
39.6204345703125
 10
197.746533203125
 20
39.65849609375
 10
197.8452392578125
 20
39.691650390625
 10
197.946435546875
 20
39.7198486328125
 10
198.0499755859375
 20
39.743310546875
 10
198.15567626953126
 20
39.7621826171875
 10
198.26334228515626
 20
39.7766357421875
 10
198.37279052734374
 20
39.786962890625
 10
198.48380126953126
 20
39.793359375
 10
198.59622802734376
 20
39.7960693359375
 10
198.70985107421876
 20
39.79541015625
 10
198.82454833984374
 20
39.7916748046875
 10
198.9401123046875
 20
39.78515625
 10
199.0564453125
 20
39.776123046875
 10
199.1734130859375
 20
39.76484375
 10
199.29088134765624
 20
39.7515625
 10
199.40877685546874
 20
39.7365478515625
 10
199.527001953125
 20
39.719921875
 10
199.64549560546874
 20
39.701953125
 10
199.76419677734376
 20
39.682763671875
 10
199.88302001953124
 20
39.662451171875
 10
200.00194091796874
 20
39.6411376953125
 10
200.12093505859374
 20
39.6189208984375
 10
200.23995361328124
 20
39.59580078125
 10
200.35897216796874
 20
39.571826171875
 10
200.4779296875
 20
39.5469970703125
 10
200.59681396484376
 20
39.5213134765625
 10
200.715576171875
 20
39.49462890625
 10
200.83416748046875
 20
39.466943359375
 10
200.95250244140624
 20
39.43818359375
 10
201.0705322265625
 20
39.408203125
 10
201.18814697265626
 20
39.376953125
 10
201.3052734375
 20
39.34423828125
 10
201.42178955078126
 20
39.3100341796875
 10
201.537548828125
 20
39.2741455078125
 10
201.65240478515625
 20
39.23642578125
 10
201.7662109375
 20
39.1968017578125
 10
201.8787841796875
 20
39.155078125
 10
201.9899658203125
 20
39.1111083984375
 10
202.09947509765624
 20
39.0648193359375
 10
202.20718994140626
 20
39.016064453125
 10
202.3128173828125
 20
38.964697265625
 10
202.41619873046875
 20
38.91064453125
 10
202.51707763671874
 20
38.8538818359375
 10
202.6153076171875
 20
38.7942626953125
 10
202.71065673828124
 20
38.731787109375
 10
202.8029296875
 20
38.66640625
 10
202.89200439453126
 20
38.5980712890625
 10
202.97772216796875
 20
38.52685546875
 10
203.0599853515625
 20
38.452734375
 10
203.138720703125
 20
38.3758056640625
 10
203.2138671875
 20
38.29609375
 10
203.28543701171876
 20
38.2137451171875
 10
203.35345458984375
 20
38.128857421875
 10
203.41796875
 20
38.0415283203125
 10
203.4790771484375
 20
37.9519287109375
 10
203.5368896484375
 20
37.8601806640625
 10
203.5915771484375
 20
37.7664794921875
 10
203.64329833984374
 20
37.6709716796875
 10
203.69224853515624
 20
37.573828125
 10
203.73865966796876
 20
37.4752197265625
 10
203.78275146484376
 20
37.37529296875
 10
203.8247314453125
 20
37.274169921875
 10
203.86485595703124
 20
37.1720458984375
 10
203.90335693359376
 20
37.0690673828125
 10
203.94046630859376
 20
36.965283203125
 10
203.9763671875
 20
36.8609375
 10
204.01129150390625
 20
36.7560302734375
 10
204.04542236328126
 20
36.6507568359375
 10
204.07890625
 20
36.5450927734375
 10
204.1119140625
 20
36.4391845703125
 10
204.1445556640625
 20
36.333056640625
 10
204.17698974609374
 20
36.226708984375
 10
204.20926513671876
 20
36.1203125
 10
204.2414794921875
 20
36.013818359375
 10
204.2736572265625
 20
35.9072509765625
 10
204.305859375
 20
35.8006103515625
 10
204.3380859375
 20
35.6939208984375
 10
204.37037353515626
 20
35.5872314453125
 10
204.402734375
 20
35.480517578125
 10
204.435107421875
 20
35.373828125
 10
204.467529296875
 20
35.2671142578125
 10
204.499951171875
 20
35.160400390625
 10
204.532373046875
 20
35.053662109375
 10
204.56473388671876
 20
34.9469482421875
 10
204.5970458984375
 20
34.840234375
 10
204.629248046875
 20
34.733544921875
 10
204.66129150390626
 20
34.6268310546875
 10
204.69320068359374
 20
34.5200927734375
 10
204.7249267578125
 20
34.41337890625
 10
204.75640869140625
 20
34.3066650390625
 10
204.7877197265625
 20
34.1999755859375
 10
204.8187744140625
 20
34.09326171875
 10
204.849560546875
 20
33.9865966796875
 10
204.880078125
 20
33.8799072265625
 10
204.9103515625
 20
33.773193359375
 10
204.940380859375
 20
33.666455078125
 10
204.9701416015625
 20
33.559765625
 10
204.999658203125
 20
33.4531005859375
 10
205.0289306640625
 20
33.3464111328125
 10
205.057958984375
 20
33.23974609375
 10
205.08681640625
 20
33.133056640625
 10
205.1155029296875
 20
33.0263916015625
 10
205.1440185546875
 20
32.919677734375
 10
205.1723876953125
 20
32.8130126953125
 10
205.2006591796875
 20
32.70634765625
 10
205.2288330078125
 20
32.5996826171875
 10
205.2569580078125
 20
32.493017578125
 10
205.285009765625
 20
32.386376953125
 10
205.3130859375
 20
32.2797119140625
 10
205.34111328125
 20
32.173046875
 10
205.369140625
 20
32.0663818359375
 10
205.39716796875
 20
31.95966796875
 10
205.425244140625
 20
31.8530029296875
 10
205.4532958984375
 20
31.746337890625
 10
205.481396484375
 20
31.639697265625
 10
205.509521484375
 20
31.533056640625
 10
205.5376708984375
 20
31.4263916015625
 10
205.5657958984375
 20
31.319677734375
 10
205.593994140625
 20
31.2130126953125
 10
205.6221923828125
 20
31.10634765625
 10
205.6503662109375
 20
30.9996826171875
 10
205.6785888671875
 20
30.8929931640625
 10
205.7067626953125
 20
30.7863037109375
 10
205.7349853515625
 20
30.679638671875
 10
205.7632080078125
 20
30.57294921875
 10
205.79140625
 20
30.4662841796875
 10
205.81962890625
 20
30.359619140625
 10
205.847802734375
 20
30.252978515625
 10
205.875927734375
 20
30.1463623046875
 10
205.9039794921875
 20
30.03974609375
 10
205.9319091796875
 20
29.933203125
 10
205.9596435546875
 20
29.8267333984375
 10
205.9871337890625
 20
29.7204345703125
 10
206.014208984375
 20
29.6143310546875
 10
206.0408203125
 20
29.5084716796875
 10
206.0667724609375
 20
29.4029052734375
 10
206.0918701171875
 20
29.297900390625
 10
206.11591796875
 20
29.193408203125
 10
206.1386962890625
 20
29.0897216796875
 10
206.159912109375
 20
28.9869873046875
 10
206.179248046875
 20
28.88544921875
 10
206.1964599609375
 20
28.785302734375
 10
206.2111572265625
 20
28.6869873046875
 10
206.222998046875
 20
28.5907470703125
 10
206.2316650390625
 20
28.4969482421875
 10
206.2367431640625
 20
28.4060791015625
 10
206.237890625
 20
28.3184814453125
 10
206.234814453125
 20
28.234619140625
 10
206.2271240234375
 20
28.15498046875
 10
206.21455078125
 20
28.080029296875
 10
206.196826171875
 20
28.010205078125
 10
206.173779296875
 20
27.946044921875
 10
206.1451904296875
 20
27.8879638671875
 10
206.1109619140625
 20
27.8364013671875
 10
206.0710205078125
 20
27.791748046875
 10
206.0253662109375
 20
27.754345703125
 10
205.9740478515625
 20
27.7245361328125
  0
LWPOLYLINE
  5
52
330
17
100
AcDbEntity
  8
0
100
AcDbPolyline
 90
258
 70
1
 10
149.67218017578125
 20
26.0035400390625
 10
149.48760986328125
 20
26.015576171875
 10
149.40260009765626
 20
26.0253662109375
 10
149.3009765625
 20
26.0400146484375
 10
149.18243408203125
 20
26.0607421875
 10
149.07255859375
 20
26.087548828125
 10
148.95784912109374
 20
26.1202880859375
 10
148.84071044921876
 20
26.158935546875
 10
148.72359619140624
 20
26.2025390625
 10
148.60545654296874
 20
26.250439453125
 10
148.48695068359376
 20
26.3014892578125
 10
148.36846923828125
 20
26.3546875
 10
148.24998779296874
 20
26.4103515625
 10
148.1315185546875
 20
26.468798828125
 10
148.0130615234375
 20
26.5296875
 10
147.8946044921875
 20
26.5940185546875
 10
147.77613525390626
 20
26.6617431640625
 10
147.65767822265624
 20
26.733154296875
 10
147.5392333984375
 20
26.8076416015625
 10
147.42080078125
 20
26.8837158203125
 10
147.30235595703124
 20
26.960693359375
 10
147.1839111328125
 20
27.0380126953125
 10
147.06549072265625
 20
27.113720703125
 10
146.9470458984375
 20
27.1873046875
 10
146.82860107421874
 20
27.2580810546875
 10
146.71015625
 20
27.326416015625
 10
146.59169921875
 20
27.3928955078125
 10
146.47325439453124
 20
27.456884765625
 10
146.35482177734374
 20
27.518701171875
 10
146.23636474609376
 20
27.579931640625
 10
146.11793212890626
 20
27.6408203125
 10
145.9994873046875
 20
27.701708984375
 10
145.88104248046875
 20
27.7626220703125
 10
145.76258544921876
 20
27.8235107421875
 10
145.64415283203124
 20
27.8856689453125
 10
145.5257080078125
 20
27.9490234375
 10
145.40728759765625
 20
28.0126953125
 10
145.28885498046876
 20
28.076708984375
 10
145.17042236328126
 20
28.141015625
 10
145.0519775390625
 20
28.205615234375
 10
144.9335693359375
 20
28.2705078125
 10
144.81513671875
 20
28.3344970703125
 10
144.6967041015625
 20
28.3975341796875
 10
144.5782958984375
 20
28.4599853515625
 10
144.45986328125
 20
28.5218017578125
 10
144.34141845703124
 20
28.5829833984375
 10
144.2230224609375
 20
28.643896484375
 10
144.10458984375
 20
28.7044677734375
 10
143.9861572265625
 20
28.765966796875
 10
143.8677490234375
 20
28.8287109375
 10
143.74932861328125
 20
28.8927001953125
 10
143.63092041015625
 20
28.958203125
 10
143.51251220703125
 20
29.0252685546875
 10
143.39410400390625
 20
29.0932861328125
 10
143.27569580078125
 20
29.1625
 10
143.15731201171874
 20
29.232373046875
 10
143.03890380859374
 20
29.3025146484375
 10
142.9205078125
 20
29.3736083984375
 10
142.8024658203125
 20
29.4452880859375
 10
142.68546142578126
 20
29.5178955078125
 10
142.56845703125
 20
29.5935791015625
 10
142.4538818359375
 20
29.6704833984375
 10
142.3441162109375
 20
29.747021484375
 10
142.2257568359375
 20
29.8357177734375
 10
142.12431640625
 20
29.9136474609375
 10
142.0394287109375
 20
29.9808837890625
 10
141.85517578125
 20
30.1346923828125
 10
141.85517578125
 20
37.5528564453125
 10
141.9677978515625
 20
37.700927734375
 10
142.0246337890625
 20
37.762255859375
 10
142.09530029296874
 20
37.8296142578125
 10
142.18048095703125
 20
37.9004638671875
 10
142.26563720703126
 20
37.949755859375
 10
142.3573486328125
 20
37.9862548828125
 10
142.4528564453125
 20
38.0053955078125
 10
142.5483154296875
 20
38.0038330078125
 10
142.6413330078125
 20
37.9825439453125
 10
142.72984619140624
 20
37.942138671875
 10
142.81175537109374
 20
37.8839111328125
 10
142.8864013671875
 20
37.810595703125
 10
142.95408935546874
 20
37.725341796875
 10
143.01553955078126
 20
37.6315673828125
 10
143.07286376953124
 20
37.5319091796875
 10
143.12913818359374
 20
37.4285888671875
 10
143.1861083984375
 20
37.3230712890625
 10
143.24652099609375
 20
37.2166015625
 10
143.31212158203124
 20
37.1097412109375
 10
143.38360595703125
 20
37.0028076171875
 10
143.4616455078125
 20
36.8957763671875
 10
143.54591064453126
 20
36.7886962890625
 10
143.63468017578126
 20
36.6815673828125
 10
143.72760009765625
 20
36.5743408203125
 10
143.82293701171875
 20
36.4671142578125
 10
143.9193115234375
 20
36.3598388671875
 10
144.01568603515625
 20
36.252587890625
 10
144.11102294921875
 20
36.145361328125
 10
144.20428466796875
 20
36.0381591796875
 10
144.29581298828126
 20
35.9309326171875
 10
144.38494873046875
 20
35.824072265625
 10
144.4723388671875
 20
35.7178955078125
 10
144.55869140625
 20
35.612939453125
 10
144.64468994140626
 20
35.5101318359375
 10
144.73106689453124
 20
35.4107421875
 10
144.81951904296875
 20
35.3162353515625
 10
144.9107421875
 20
35.228515625
 10
145.00577392578126
 20
35.148779296875
 10
145.10465087890626
 20
35.0785400390625
 10
145.20732421875
 20
35.018798828125
 10
145.3137939453125
 20
34.9697998046875
 10
145.42412109375
 20
34.9312744140625
 10
145.53721923828124
 20
34.902294921875
 10
145.65240478515625
 20
34.881298828125
 10
145.76895751953126
 20
34.8671142578125
 10
145.88656005859374
 20
34.8578369140625
 10
146.00489501953126
 20
34.8522705078125
 10
146.1235595703125
 20
34.849462890625
 10
146.2422119140625
 20
34.8488525390625
 10
146.36090087890625
 20
34.850048828125
 10
146.47957763671874
 20
34.853125
 10
146.59825439453124
 20
34.8583740234375
 10
146.71695556640626
 20
34.86640625
 10
146.83564453125
 20
34.876904296875
 10
146.95433349609374
 20
34.88984375
 10
147.07303466796876
 20
34.9052734375
 10
147.19173583984374
 20
34.923193359375
 10
147.31044921875
 20
34.9435546875
 10
147.4291748046875
 20
34.9654541015625
 10
147.54788818359376
 20
34.988037109375
 10
147.66661376953124
 20
35.010888671875
 10
147.78533935546875
 20
35.0328125
 10
147.90404052734374
 20
35.052587890625
 10
148.02276611328125
 20
35.0689697265625
 10
148.1414794921875
 20
35.080712890625
 10
148.2601806640625
 20
35.0874755859375
 10
148.3788818359375
 20
35.089013671875
 10
148.49755859375
 20
35.085302734375
 10
148.61624755859376
 20
35.0772216796875
 10
148.73494873046874
 20
35.0657958984375
 10
148.85362548828124
 20
35.0518798828125
 10
148.97230224609376
 20
35.0364013671875
 10
149.0909912109375
 20
35.0200439453125
 10
149.20966796875
 20
35.0033203125
 10
149.3283447265625
 20
34.9869384765625
 10
149.4470458984375
 20
34.971142578125
 10
149.56572265625
 20
34.956298828125
 10
149.68443603515624
 20
34.9427001953125
 10
149.80311279296876
 20
34.930615234375
 10
149.92147216796874
 20
34.9207275390625
 10
150.0387939453125
 20
34.913916015625
 10
150.15406494140626
 20
34.9108642578125
 10
150.2662109375
 20
34.9125
 10
150.37386474609374
 20
34.9199951171875
 10
150.4756591796875
 20
34.9350830078125
 10
150.5701904296875
 20
34.9594970703125
 10
150.65712890625
 20
34.9941650390625
 10
150.73717041015624
 20
35.039501953125
 10
150.8120361328125
 20
35.0950439453125
 10
150.8834716796875
 20
35.1596435546875
 10
150.95419921875
 20
35.2310302734375
 10
151.02701416015626
 20
35.306103515625
 10
151.10467529296875
 20
35.380810546875
 10
151.18890380859375
 20
35.452001953125
 10
151.2803955078125
 20
35.5166259765625
 10
151.37879638671876
 20
35.572509765625
 10
151.48372802734374
 20
35.6184326171875
 10
151.59385986328124
 20
35.653759765625
 10
151.70780029296876
 20
35.6785400390625
 10
151.82376708984376
 20
35.6934326171875
 10
151.9401123046875
 20
35.698388671875
 10
152.0550537109375
 20
35.6937744140625
 10
152.16683349609374
 20
35.6793212890625
 10
152.2734375
 20
35.6541259765625
 10
152.37275390625
 20
35.6176025390625
 10
152.46236572265624
 20
35.5694091796875
 10
152.54053955078126
 20
35.5096435546875
 10
152.60589599609375
 20
35.438916015625
 10
152.657421875
 20
35.3581787109375
 10
152.69439697265625
 20
35.2692626953125
 10
152.7168212890625
 20
35.1746337890625
 10
152.72506103515624
 20
35.076513671875
 10
152.71981201171874
 20
34.976708984375
 10
152.70137939453124
 20
34.8767578125
 10
152.67052001953124
 20
34.777880859375
 10
152.6282470703125
 20
34.6810302734375
 10
152.5759521484375
 20
34.5858154296875
 10
152.51429443359376
 20
34.4916748046875
 10
152.44434814453126
 20
34.398291015625
 10
152.36748046875
 20
34.3052490234375
 10
152.28507080078126
 20
34.2123291015625
 10
152.1981689453125
 20
34.1191162109375
 10
152.10745849609376
 20
34.0253662109375
 10
152.01329345703124
 20
33.931640625
 10
151.91669921875
 20
33.8385986328125
 10
151.81837158203126
 20
33.746142578125
 10
151.71903076171876
 20
33.6546630859375
 10
151.61932373046875
 20
33.5647216796875
 10
151.51824951171875
 20
33.4763671875
 10
151.41820068359374
 20
33.39140625
 10
151.32164306640624
 20
33.311328125
 10
151.2150390625
 20
33.228271484375
 10
151.1229736328125
 20
33.1580322265625
 10
151.04510498046875
 20
33.1002685546875
 10
150.87207096808288
 20
32.98068628330998
 10
149.31996625476611
 20
31.63146224032166
 10
149.18016357421874
 20
31.491015625
 10
149.11126708984375
 20
31.4262939453125
 10
149.02720947265624
 20
31.3485107421875
 10
148.92752685546876
 20
31.25703125
 10
148.8302734375
 20
31.1710693359375
 10
148.7281982421875
 20
31.0799072265625
 10
148.6250732421875
 20
30.9850341796875
 10
148.525390625
 20
30.8880126953125
 10
148.43089599609374
 20
30.7880859375
 10
148.34437255859376
 20
30.6862060546875
 10
148.26890869140624
 20
30.582958984375
 10
148.2076171875
 20
30.478564453125
 10
148.16153564453126
 20
30.3734130859375
 10
148.1313720703125
 20
30.2677001953125
 10
148.1160888671875
 20
30.1617919921875
 10
148.11531982421874
 20
30.0557373046875
 10
148.1280517578125
 20
29.9494873046875
 10
148.1514892578125
 20
29.8430908203125
 10
148.1825439453125
 20
29.7365966796875
 10
148.21947021484374
 20
29.630029296875
 10
148.25987548828124
 20
29.5234130859375
 10
148.30269775390624
 20
29.416748046875
 10
148.34583740234376
 20
29.3100830078125
 10
148.3879638671875
 20
29.2034423828125
 10
148.42904052734374
 20
29.096826171875
 10
148.46839599609376
 20
28.9902099609375
 10
148.50499267578124
 20
28.8836181640625
 10
148.53916015625
 20
28.777099609375
 10
148.57091064453124
 20
28.6705810546875
 10
148.60162353515625
 20
28.564404296875
 10
148.63199462890626
 20
28.4588134765625
 10
148.6626953125
 20
28.3541748046875
 10
148.6958251953125
 20
28.2507568359375
 10
148.73380126953126
 20
28.1488037109375
 10
148.77801513671875
 20
28.0486083984375
 10
148.82984619140626
 20
27.9504638671875
 10
148.88927001953124
 20
27.8537841796875
 10
148.9566650390625
 20
27.757958984375
 10
149.0313232421875
 20
27.6623046875
 10
149.1114990234375
 20
27.566259765625
 10
149.19444580078124
 20
27.469287109375
 10
149.2774169921875
 20
27.3707275390625
 10
149.3575927734375
 20
27.270068359375
 10
149.43326416015626
 20
27.1676025390625
 10
149.5023681640625
 20
27.063671875
 10
149.56353759765625
 20
26.9586181640625
 10
149.61534423828124
 20
26.8531005859375
 10
149.65748291015626
 20
26.7479736328125
 10
149.68922119140626
 20
26.6427001953125
 10
149.71129150390624
 20
26.539697265625
 10
149.7240234375
 20
26.4411865234375
 10
149.72325439453124
 20
26.3350830078125
 10
149.71766357421876
 20
26.244189453125
 10
149.7089599609375
 20
26.168212890625
  0
LWPOLYLINE
  5
53
330
17
100
AcDbEntity
  8
0
100
AcDbPolyline
 90
318
 70
1
 10
189.92996826171876
 20
24.306103515625
 10
189.8700927734375
 20
24.30263671875
 10
189.8104736328125
 20
24.3074462890625
 10
189.75133056640624
 20
24.3204833984375
 10
189.69290771484376
 20
24.3416259765625
 10
189.63538818359376
 20
24.3706787109375
 10
189.5789794921875
 20
24.407470703125
 10
189.52384033203126
 20
24.4516357421875
 10
189.4701416015625
 20
24.5028076171875
 10
189.41796875
 20
24.560595703125
 10
189.36741943359374
 20
24.6245849609375
 10
189.31854248046875
 20
24.69423828125
 10
189.2713623046875
 20
24.7691650390625
 10
189.22591552734374
 20
24.8488037109375
 10
189.1821533203125
 20
24.9326416015625
 10
189.14000244140624
 20
25.020263671875
 10
189.0994384765625
 20
25.1112548828125
 10
189.06038818359374
 20
25.205078125
 10
189.02274169921876
 20
25.3013916015625
 10
188.98646240234376
 20
25.3997802734375
 10
188.95137939453124
 20
25.499951171875
 10
188.91749267578126
 20
25.6015625
 10
188.884619140625
 20
25.7043212890625
 10
188.852734375
 20
25.8080322265625
 10
188.82171630859375
 20
25.9125
 10
188.79151611328126
 20
26.017578125
 10
188.76202392578125
 20
26.1230712890625
 10
188.73321533203125
 20
26.2288818359375
 10
188.70499267578126
 20
26.3349365234375
 10
188.67730712890625
 20
26.4411865234375
 10
188.6501220703125
 20
26.5475830078125
 10
188.6233154296875
 20
26.6540283203125
 10
188.59693603515626
 20
26.7605224609375
 10
188.570849609375
 20
26.867041015625
 10
188.54500732421874
 20
26.973583984375
 10
188.51939697265624
 20
27.0801513671875
 10
188.4939208984375
 20
27.18671875
 10
188.4685546875
 20
27.29326171875
 10
188.4431884765625
 20
27.3998291015625
 10
188.417822265625
 20
27.5063720703125
 10
188.3923828125
 20
27.612939453125
 10
188.36680908203124
 20
27.7195068359375
 10
188.34105224609374
 20
27.82607421875
 10
188.3150634765625
 20
27.9325927734375
 10
188.28883056640626
 20
28.03916015625
 10
188.26229248046874
 20
28.145751953125
 10
188.23541259765625
 20
28.2523193359375
 10
188.208203125
 20
28.3589111328125
 10
188.18062744140624
 20
28.4655029296875
 10
188.152685546875
 20
28.5720947265625
 10
188.124365234375
 20
28.678662109375
 10
188.0956787109375
 20
28.78525390625
 10
188.06666259765626
 20
28.891845703125
 10
188.03731689453124
 20
28.9984130859375
 10
188.00767822265624
 20
29.1050048828125
 10
187.97777099609374
 20
29.21162109375
 10
187.94764404296876
 20
29.3182373046875
 10
187.91729736328125
 20
29.424853515625
 10
187.88677978515625
 20
29.5314697265625
 10
187.8561279296875
 20
29.6380615234375
 10
187.825390625
 20
29.744677734375
 10
187.794580078125
 20
29.8512939453125
 10
187.76378173828124
 20
29.9579345703125
 10
187.73297119140625
 20
30.0645263671875
 10
187.70220947265625
 20
30.1711669921875
 10
187.67152099609376
 20
30.277783203125
 10
187.64090576171876
 20
30.384423828125
 10
187.610400390625
 20
30.491015625
 10
187.5800048828125
 20
30.597607421875
 10
187.54971923828126
 20
30.7042236328125
 10
187.51953125
 20
30.81083984375
 10
187.4894775390625
 20
30.9174560546875
 10
187.459521484375
 20
31.0240478515625
 10
187.4296630859375
 20
31.1306396484375
 10
187.39989013671874
 20
31.237255859375
 10
187.37020263671874
 20
31.3438720703125
 10
187.340576171875
 20
31.4504638671875
 10
187.31097412109375
 20
31.55703125
 10
187.28140869140626
 20
31.6636474609375
 10
187.25181884765624
 20
31.770263671875
 10
187.2222412109375
 20
31.87685546875
 10
187.19261474609374
 20
31.9834716796875
 10
187.16292724609374
 20
32.0900634765625
 10
187.1331787109375
 20
32.196630859375
 10
187.10335693359374
 20
32.3032470703125
 10
187.0734619140625
 20
32.409814453125
 10
187.04349365234376
 20
32.51640625
 10
187.013427734375
 20
32.6230224609375
 10
186.983251953125
 20
32.7296142578125
 10
186.952978515625
 20
32.83623046875
 10
186.92265625
 20
32.9428466796875
 10
186.892236328125
 20
33.049462890625
 10
186.86175537109375
 20
33.1560302734375
 10
186.83125
 20
33.262646484375
 10
186.80074462890624
 20
33.3692626953125
 10
186.7702880859375
 20
33.47587890625
 10
186.73990478515626
 20
33.582470703125
 10
186.70970458984374
 20
33.6890625
 10
186.6797119140625
 20
33.7956787109375
 10
186.6500244140625
 20
33.9022705078125
 10
186.620751953125
 20
34.008837890625
 10
186.5919921875
 20
34.1154052734375
 10
186.5638916015625
 20
34.22197265625
 10
186.53663330078126
 20
34.3285400390625
 10
186.51033935546874
 20
34.4350830078125
 10
186.4852294921875
 20
34.541552734375
 10
186.46153564453124
 20
34.6480224609375
 10
186.43946533203126
 20
34.7544677734375
 10
186.41927490234374
 20
34.86083984375
 10
186.40120849609374
 20
34.9671142578125
 10
186.385546875
 20
35.07333984375
 10
186.37257080078126
 20
35.1794189453125
 10
186.3625244140625
 20
35.28544921875
 10
186.35572509765626
 20
35.3912353515625
 10
186.35245361328126
 20
35.4968505859375
 10
186.35294189453126
 20
35.6022705078125
 10
186.35745849609376
 20
35.707421875
 10
186.3662353515625
 20
35.8122802734375
 10
186.3794677734375
 20
35.916796875
 10
186.39730224609374
 20
36.020947265625
 10
186.4198974609375
 20
36.124658203125
 10
186.4473388671875
 20
36.2278564453125
 10
186.4797119140625
 20
36.3305908203125
 10
186.51702880859375
 20
36.432763671875
 10
186.5593017578125
 20
36.53427734375
 10
186.60643310546874
 20
36.63515625
 10
186.6583984375
 20
36.7353271484375
 10
186.71505126953124
 20
36.8347900390625
 10
186.77625732421876
 20
36.9335205078125
 10
186.841845703125
 20
37.0314208984375
 10
186.9115966796875
 20
37.128564453125
 10
186.98531494140624
 20
37.2248779296875
 10
187.06275634765626
 20
37.3203125
 10
187.143701171875
 20
37.4148681640625
 10
187.2279052734375
 20
37.5085693359375
 10
187.31512451171875
 20
37.6013427734375
 10
187.40513916015624
 20
37.6931884765625
 10
187.4977294921875
 20
37.783935546875
 10
187.59266357421876
 20
37.873681640625
 10
187.68975830078125
 20
37.9622314453125
 10
187.7887451171875
 20
38.04951171875
 10
187.889501953125
 20
38.1353271484375
 10
187.9918701171875
 20
38.21962890625
 10
188.095654296875
 20
38.3022216796875
 10
188.2007568359375
 20
38.3828125
 10
188.3070068359375
 20
38.461181640625
 10
188.41431884765626
 20
38.537060546875
 10
188.52259521484376
 20
38.610107421875
 10
188.63167724609374
 20
38.680029296875
 10
188.74154052734374
 20
38.7465087890625
 10
188.85201416015624
 20
38.809130859375
 10
188.96304931640626
 20
38.8676025390625
 10
189.07457275390624
 20
38.921533203125
 10
189.186474609375
 20
38.9705322265625
 10
189.298681640625
 20
39.014208984375
 10
189.4111083984375
 20
39.0523193359375
 10
189.5236572265625
 20
39.0845458984375
 10
189.636279296875
 20
39.1105224609375
 10
189.7488525390625
 20
39.1301025390625
 10
189.861328125
 20
39.1430908203125
 10
189.97359619140624
 20
39.14931640625
 10
190.08560791015626
 20
39.14873046875
 10
190.19732666015625
 20
39.141162109375
 10
190.308642578125
 20
39.1267822265625
 10
190.41956787109376
 20
39.1055419921875
 10
190.53004150390626
 20
39.07763671875
 10
190.6400634765625
 20
39.0431884765625
 10
190.7495849609375
 20
39.00234375
 10
190.85859375
 20
38.9553955078125
 10
190.9671142578125
 20
38.90263671875
 10
191.07513427734375
 20
38.844384765625
 10
191.18270263671874
 20
38.7809326171875
 10
191.2898193359375
 20
38.71259765625
 10
191.3964599609375
 20
38.639794921875
 10
191.50269775390626
 20
38.5629150390625
 10
191.60848388671874
 20
38.48232421875
 10
191.7138427734375
 20
38.39833984375
 10
191.81871337890624
 20
38.311328125
 10
191.9230712890625
 20
38.2217041015625
 10
192.02684326171874
 20
38.1297119140625
 10
192.12994384765625
 20
38.035693359375
 10
192.2322265625
 20
37.9399658203125
 10
192.33355712890625
 20
37.842822265625
 10
192.43372802734376
 20
37.74443359375
 10
192.5325439453125
 20
37.64501953125
 10
192.629736328125
 20
37.544873046875
 10
192.72506103515624
 20
37.44404296875
 10
192.8182373046875
 20
37.3427490234375
 10
192.908935546875
 20
37.2410888671875
 10
192.99683837890626
 20
37.13916015625
 10
193.0816162109375
 20
37.0370849609375
 10
193.1629150390625
 20
36.9348388671875
 10
193.24044189453124
 20
36.83251953125
 10
193.3138671875
 20
36.7301513671875
 10
193.38287353515625
 20
36.627734375
 10
193.44722900390624
 20
36.5252685546875
 10
193.50667724609374
 20
36.4227294921875
 10
193.5610107421875
 20
36.3201416015625
 10
193.6100830078125
 20
36.2174560546875
 10
193.65374755859375
 20
36.1146240234375
 10
193.69197998046874
 20
36.0117431640625
 10
193.72469482421874
 20
35.90869140625
 10
193.7519775390625
 20
35.8054931640625
 10
193.77386474609375
 20
35.702099609375
 10
193.790478515625
 20
35.59853515625
 10
193.802001953125
 20
35.494775390625
 10
193.80860595703126
 20
35.3907958984375
 10
193.810546875
 20
35.286669921875
 10
193.80806884765624
 20
35.18232421875
 10
193.8014892578125
 20
35.0778076171875
 10
193.791064453125
 20
34.973095703125
 10
193.77716064453125
 20
34.8682373046875
 10
193.76007080078125
 20
34.7632080078125
 10
193.74012451171876
 20
34.6579833984375
 10
193.7176513671875
 20
34.552734375
 10
193.69295654296874
 20
34.4473388671875
 10
193.66634521484374
 20
34.3418701171875
 10
193.6380859375
 20
34.236328125
 10
193.6084716796875
 20
34.1307373046875
 10
193.57774658203124
 20
34.0250732421875
 10
193.5461181640625
 20
33.919384765625
 10
193.51380615234376
 20
33.8136474609375
 10
193.4809814453125
 20
33.7078857421875
 10
193.44776611328126
 20
33.602099609375
 10
193.41429443359374
 20
33.496337890625
 10
193.3806884765625
 20
33.390576171875
 10
193.34700927734374
 20
33.284765625
 10
193.31331787109374
 20
33.1789306640625
 10
193.2796630859375
 20
33.0731201171875
 10
193.24609375
 20
32.9673095703125
 10
193.2126220703125
 20
32.8614990234375
 10
193.1792236328125
 20
32.7556884765625
 10
193.1458984375
 20
32.6498779296875
 10
193.11265869140624
 20
32.5440673828125
 10
193.0794677734375
 20
32.43828125
 10
193.0462890625
 20
32.3324462890625
 10
193.0131103515625
 20
32.226611328125
 10
192.979931640625
 20
32.12080078125
 10
192.94671630859375
 20
32.014990234375
 10
192.91346435546876
 20
31.9091552734375
 10
192.88013916015626
 20
31.803369140625
 10
192.8467529296875
 20
31.6975830078125
 10
192.81329345703125
 20
31.5917724609375
 10
192.7797607421875
 20
31.4859619140625
 10
192.746142578125
 20
31.380126953125
 10
192.7124755859375
 20
31.27431640625
 10
192.6787109375
 20
31.1685302734375
 10
192.64490966796876
 20
31.0627685546875
 10
192.6110595703125
 20
30.9569580078125
 10
192.57716064453126
 20
30.8511474609375
 10
192.5432373046875
 20
30.7453369140625
 10
192.50931396484376
 20
30.6395263671875
 10
192.47537841796876
 20
30.533740234375
 10
192.44144287109376
 20
30.427978515625
 10
192.4074951171875
 20
30.3221923828125
 10
192.37357177734376
 20
30.2163818359375
 10
192.33966064453125
 20
30.110546875
 10
192.3057373046875
 20
30.0047607421875
 10
192.27183837890624
 20
29.898974609375
 10
192.23792724609376
 20
29.793212890625
 10
192.204052734375
 20
29.6874267578125
 10
192.170166015625
 20
29.5816162109375
 10
192.1363037109375
 20
29.47578125
 10
192.10242919921876
 20
29.3699951171875
 10
192.06859130859374
 20
29.264208984375
 10
192.034765625
 20
29.158447265625
 10
192.0009521484375
 20
29.05263671875
 10
191.96715087890624
 20
28.9468505859375
 10
191.93338623046876
 20
28.841015625
 10
191.8996337890625
 20
28.7352294921875
 10
191.865966796875
 20
28.629443359375
 10
191.83236083984374
 20
28.523681640625
 10
191.798828125
 20
28.4178955078125
 10
191.76539306640626
 20
28.3120849609375
 10
191.73206787109376
 20
28.2062744140625
 10
191.6988525390625
 20
28.1004638671875
 10
191.66575927734374
 20
27.9946533203125
 10
191.63277587890624
 20
27.8888427734375
 10
191.59991455078125
 20
27.783056640625
 10
191.5671630859375
 20
27.677294921875
 10
191.534521484375
 20
27.5714599609375
 10
191.50196533203126
 20
27.4656494140625
 10
191.46953125
 20
27.3598388671875
 10
191.43714599609376
 20
27.2540283203125
 10
191.4048095703125
 20
27.1482666015625
 10
191.3724853515625
 20
27.04248046875
 10
191.34014892578125
 20
26.936669921875
 10
191.30772705078124
 20
26.830859375
 10
191.2751953125
 20
26.7251220703125
 10
191.24251708984374
 20
26.61943359375
 10
191.209619140625
 20
26.5137939453125
 10
191.17647705078124
 20
26.4082763671875
 10
191.14300537109375
 20
26.3028564453125
 10
191.109130859375
 20
26.1976806640625
 10
191.07479248046874
 20
26.092724609375
 10
191.03990478515624
 20
25.988134765625
 10
191.0043701171875
 20
25.8840087890625
 10
190.9681396484375
 20
25.7804931640625
 10
190.9310791015625
 20
25.6778076171875
 10
190.893115234375
 20
25.57607421875
 10
190.8541259765625
 20
25.475537109375
 10
190.8140380859375
 20
25.376513671875
 10
190.77276611328125
 20
25.279248046875
 10
190.73021240234374
 20
25.18408203125
 10
190.686279296875
 20
25.0914794921875
 10
190.64093017578125
 20
25.0017333984375
 10
190.594091796875
 20
24.91533203125
 10
190.545751953125
 20
24.832763671875
 10
190.49588623046876
 20
24.75439453125
 10
190.44451904296875
 20
24.680810546875
 10
190.39168701171874
 20
24.612451171875
 10
190.33746337890625
 20
24.549853515625
 10
190.2819091796875
 20
24.4933837890625
 10
190.22518310546874
 20
24.443603515625
 10
190.16744384765624
 20
24.4007568359375
 10
190.108837890625
 20
24.36533203125
 10
190.0495849609375
 20
24.33759765625
 10
189.9898681640625
 20
24.3177978515625
  0
LWPOLYLINE
  5
54
330
17
100
AcDbEntity
  8
0
100
AcDbPolyline
 90
247
 70
1
 10
229.7114990234375
 20
22.597412109375
 10
229.61240234375
 20
22.764501953125
 10
229.576611328125
 20
22.841357421875
 10
229.5405029296875
 20
22.9330810546875
 10
229.5065185546875
 20
23.0400390625
 10
229.4930908203125
 20
23.138916015625
 10
229.491845703125
 20
23.2419677734375
 10
229.50458984375
 20
23.3470703125
 10
229.53193359375
 20
23.4519287109375
 10
229.5715087890625
 20
23.557568359375
 10
229.621875
 20
23.6633544921875
 10
229.680615234375
 20
23.7690673828125
 10
229.7456298828125
 20
23.874658203125
 10
229.815185546875
 20
23.980224609375
 10
229.887158203125
 20
24.0857177734375
 10
229.960546875
 20
24.1912109375
 10
230.0346435546875
 20
24.2966796875
 10
230.1083740234375
 20
24.402197265625
 10
230.181787109375
 20
24.507666015625
 10
230.2537841796875
 20
24.6132080078125
 10
230.324365234375
 20
24.71875
 10
230.3939208984375
 20
24.824267578125
 10
230.4624267578125
 20
24.9298583984375
 10
230.5299072265625
 20
25.0354248046875
 10
230.5963134765625
 20
25.1410400390625
 10
230.661669921875
 20
25.2466552734375
 10
230.727392578125
 20
25.3522705078125
 10
230.793798828125
 20
25.4578125
 10
230.8612548828125
 20
25.563427734375
 10
230.93046875
 20
25.6689697265625
 10
231.0017578125
 20
25.7745361328125
 10
231.0761962890625
 20
25.880029296875
 10
231.1541259765625
 20
25.9854736328125
 10
231.234521484375
 20
26.0908935546875
 10
231.316259765625
 20
26.1962890625
 10
231.3976806640625
 20
26.3016845703125
 10
231.4759765625
 20
26.4071044921875
 10
231.5490234375
 20
26.5123046875
 10
231.614404296875
 20
26.6166748046875
 10
231.6689697265625
 20
26.7212158203125
 10
231.711669921875
 20
26.8237060546875
 10
231.742138671875
 20
26.9220458984375
 10
231.758349609375
 20
27.0283203125
 10
231.7665283203125
 20
27.119482421875
 10
231.7683837890625
 20
27.1958251953125
 10
231.75227725797168
 20
27.36182583667819
 10
230.07676575446513
 20
28.87046317070308
 10
229.9433837890625
 20
29.018701171875
 10
229.8800048828125
 20
29.0841064453125
 10
229.8037109375
 20
29.1611328125
 10
229.71455078125
 20
29.2501220703125
 10
229.629931640625
 20
29.329736328125
 10
229.5410888671875
 20
29.4122314453125
 10
229.4502197265625
 20
29.496240234375
 10
229.358251953125
 20
29.5806396484375
 10
229.2645751953125
 20
29.6672119140625
 10
229.1691162109375
 20
29.7553466796875
 10
229.0719482421875
 20
29.8447509765625
 10
228.97373046875
 20
29.9354248046875
 10
228.8748291015625
 20
30.0273193359375
 10
228.775927734375
 20
30.1204833984375
 10
228.6791259765625
 20
30.21484375
 10
228.585791015625
 20
30.3103759765625
 10
228.497705078125
 20
30.4074462890625
 10
228.415869140625
 20
30.50625
 10
228.341748046875
 20
30.6071533203125
 10
228.2773681640625
 20
30.709765625
 10
228.224462890625
 20
30.8134765625
 10
228.1841552734375
 20
30.917333984375
 10
228.15810546875
 20
31.0200927734375
 10
228.1477783203125
 20
31.1201416015625
 10
228.15517578125
 20
31.215625
 10
228.1810791015625
 20
31.304052734375
 10
228.2247314453125
 20
31.3829345703125
 10
228.2850830078125
 20
31.4501220703125
 10
228.3607666015625
 20
31.5040771484375
 10
228.4496826171875
 20
31.5435791015625
 10
228.5493896484375
 20
31.5677490234375
 10
228.6567138671875
 20
31.5762939453125
 10
228.7693115234375
 20
31.5701904296875
 10
228.8853271484375
 20
31.5510009765625
 10
229.003466796875
 20
31.5209228515625
 10
229.122607421875
 20
31.4818359375
 10
229.2421142578125
 20
31.4362060546875
 10
229.3615966796875
 20
31.3872314453125
 10
229.481103515625
 20
31.3375732421875
 10
229.6005859375
 20
31.289501953125
 10
229.720068359375
 20
31.2448486328125
 10
229.839599609375
 20
31.2045166015625
 10
229.9591064453125
 20
31.1694580078125
 10
230.0786376953125
 20
31.1396728515625
 10
230.19814453125
 20
31.1142333984375
 10
230.31767578125
 20
31.0919189453125
 10
230.4371826171875
 20
31.071728515625
 10
230.5567626953125
 20
31.0528564453125
 10
230.6762939453125
 20
31.034228515625
 10
230.795849609375
 20
31.0153076171875
 10
230.915380859375
 20
30.9957763671875
 10
231.0349365234375
 20
30.9756103515625
 10
231.1544677734375
 20
30.9557861328125
 10
231.2739990234375
 20
30.9365478515625
 10
231.3935791015625
 20
30.9182373046875
 10
231.5131103515625
 20
30.9017822265625
 10
231.632666015625
 20
30.8872314453125
 10
231.7522216796875
 20
30.8744873046875
 10
231.8718017578125
 20
30.863671875
 10
231.991357421875
 20
30.854052734375
 10
232.1109375
 20
30.8453857421875
 10
232.230517578125
 20
30.8373291015625
 10
232.3500732421875
 20
30.8295654296875
 10
232.4696533203125
 20
30.8227294921875
 10
232.5892333984375
 20
30.8177978515625
 10
232.7088134765625
 20
30.8156494140625
 10
232.82841796875
 20
30.8165771484375
 10
232.947998046875
 20
30.8209228515625
 10
233.067626953125
 20
30.8293212890625
 10
233.1872314453125
 20
30.841748046875
 10
233.3068603515625
 20
30.8578857421875
 10
233.4264892578125
 20
30.8768310546875
 10
233.5461181640625
 20
30.8979248046875
 10
233.6657470703125
 20
30.9218505859375
 10
233.7853759765625
 20
30.949462890625
 10
233.9050537109375
 20
30.9811279296875
 10
234.02470703125
 20
31.0177734375
 10
234.143994140625
 20
31.060595703125
 10
234.262646484375
 20
31.1112548828125
 10
234.380224609375
 20
31.1705322265625
 10
234.496435546875
 20
31.2385498046875
 10
234.610546875
 20
31.3146728515625
 10
234.721875
 20
31.398583984375
 10
234.8297607421875
 20
31.489404296875
 10
234.9341552734375
 20
31.5855224609375
 10
235.0350830078125
 20
31.685400390625
 10
235.1321533203125
 20
31.787841796875
 10
235.2250244140625
 20
31.891845703125
 10
235.3140869140625
 20
31.996875
 10
235.399658203125
 20
32.1022705078125
 10
235.4821044921875
 20
32.207666015625
 10
235.561376953125
 20
32.3131103515625
 10
235.637548828125
 20
32.4185791015625
 10
235.711279296875
 20
32.5240966796875
 10
235.7832275390625
 20
32.6296630859375
 10
235.854150390625
 20
32.7352294921875
 10
235.924755859375
 20
32.8407958984375
 10
235.9956787109375
 20
32.9463623046875
 10
236.0676513671875
 20
33.0519287109375
 10
236.141357421875
 20
33.1574462890625
 10
236.217529296875
 20
33.262939453125
 10
236.296826171875
 20
33.3683837890625
 10
236.3792724609375
 20
33.4738037109375
 10
236.46484375
 20
33.5788818359375
 10
236.553564453125
 20
33.6832763671875
 10
236.645458984375
 20
33.78671875
 10
236.7404541015625
 20
33.8888916015625
 10
236.837890625
 20
33.9891357421875
 10
236.937060546875
 20
34.0865966796875
 10
237.0376220703125
 20
34.1800048828125
 10
237.1392333984375
 20
34.268408203125
 10
237.2411865234375
 20
34.3503173828125
 10
237.3427978515625
 20
34.4235107421875
 10
237.44296875
 20
34.485302734375
 10
237.5406982421875
 20
34.5330810546875
 10
237.6345703125
 20
34.564794921875
 10
237.7228515625
 20
34.578564453125
 10
237.8033935546875
 20
34.5728759765625
 10
237.8752197265625
 20
34.5474609375
 10
237.9372314453125
 20
34.503515625
 10
237.989111328125
 20
34.443896484375
 10
238.0322509765625
 20
34.3700927734375
 10
238.0673828125
 20
34.2870849609375
 10
238.095849609375
 20
34.2001220703125
 10
238.125
 20
34.0998046875
 10
238.148583984375
 20
34.0113525390625
 10
238.168017578125
 20
33.9359619140625
 10
238.2148681640625
 20
33.7699462890625
 10
238.2148681640625
 20
26.4231201171875
 10
238.068115234375
 20
26.3164306640625
 10
237.9971923828125
 20
26.273583984375
 10
237.9105224609375
 20
26.2253662109375
 10
237.807470703125
 20
26.1717529296875
 10
237.7072021484375
 20
26.1290283203125
 10
237.599609375
 20
26.0866943359375
 10
237.487158203125
 20
26.0447021484375
 10
237.372265625
 20
26.003076171875
 10
237.2549072265625
 20
25.9590087890625
 10
237.136181640625
 20
25.9121337890625
 10
237.0167236328125
 20
25.8622314453125
 10
236.896923828125
 20
25.8094482421875
 10
236.7771240234375
 20
25.7545654296875
 10
236.6572998046875
 20
25.698095703125
 10
236.5375
 20
25.6407470703125
 10
236.417724609375
 20
25.5826904296875
 10
236.297900390625
 20
25.5243896484375
 10
236.178125
 20
25.465771484375
 10
236.058349609375
 20
25.4068115234375
 10
235.938525390625
 20
25.346923828125
 10
235.81875
 20
25.2861328125
 10
235.698974609375
 20
25.2247314453125
 10
235.579150390625
 20
25.163623046875
 10
235.4593505859375
 20
25.103125
 10
235.3395751953125
 20
25.0441650390625
 10
235.2197509765625
 20
24.9867919921875
 10
235.1
 20
24.931298828125
 10
234.980224609375
 20
24.8776611328125
 10
234.8604248046875
 20
24.8252197265625
 10
234.740673828125
 20
24.7731201171875
 10
234.6208984375
 20
24.720703125
 10
234.501123046875
 20
24.667041015625
 10
234.3813720703125
 20
24.6124755859375
 10
234.2615966796875
 20
24.556982421875
 10
234.1418212890625
 20
24.5005126953125
 10
234.0220703125
 20
24.4434326171875
 10
233.902294921875
 20
24.386083984375
 10
233.7824951171875
 20
24.3286865234375
 10
233.662744140625
 20
24.271630859375
 10
233.5429931640625
 20
24.2139404296875
 10
233.4232177734375
 20
24.1556640625
 10
233.303466796875
 20
24.0967041015625
 10
233.1836669921875
 20
24.037158203125
 10
233.063916015625
 20
23.977001953125
 10
232.9441650390625
 20
23.9162109375
 10
232.8243896484375
 20
23.855126953125
 10
232.704638671875
 20
23.794970703125
 10
232.5848876953125
 20
23.7360595703125
 10
232.4651123046875
 20
23.678662109375
 10
232.345361328125
 20
23.6231689453125
 10
232.225634765625
 20
23.5698486328125
 10
232.1058837890625
 20
23.5186767578125
 10
231.9861572265625
 20
23.4687744140625
 10
231.8664306640625
 20
23.4191650390625
 10
231.7467041015625
 20
23.3689453125
 10
231.6269775390625
 20
23.3171630859375
 10
231.5072265625
 20
23.2629150390625
 10
231.3874755859375
 20
23.2055419921875
 10
231.2677490234375
 20
23.1453857421875
 10
231.147998046875
 20
23.0837158203125
 10
231.0282470703125
 20
23.0210693359375
 10
230.90849609375
 20
22.9590087890625
 10
230.7887939453125
 20
22.8994873046875
 10
230.669384765625
 20
22.8443115234375
 10
230.5510498046875
 20
22.7947265625
 10
230.4327392578125
 20
22.7510009765625
 10
230.3168701171875
 20
22.7134765625
 10
230.205908203125
 20
22.682666015625
 10
230.0862060546875
 20
22.656640625
 10
229.983642578125
 20
22.6369384765625
 10
229.8978271484375
 20
22.622265625
  0
LWPOLYLINE
  5
55
330
17
100
AcDbEntity
  8
0
100
AcDbPolyline
 90
538
 70
1
 10
162.80638427734374
 20
19.3075439453125
 10
162.692822265625
 20
19.2765869140625
 10
162.5787353515625
 20
19.2512451171875
 10
162.464111328125
 20
19.2316162109375
 10
162.34901123046876
 20
19.217822265625
 10
162.2333984375
 20
19.2098388671875
 10
162.11734619140626
 20
19.2076904296875
 10
162.0008544921875
 20
19.2112548828125
 10
161.8840087890625
 20
19.2204345703125
 10
161.766845703125
 20
19.2350830078125
 10
161.64937744140624
 20
19.254931640625
 10
161.53167724609375
 20
19.27978515625
 10
161.4137451171875
 20
19.309423828125
 10
161.295654296875
 20
19.3434814453125
 10
161.17740478515626
 20
19.381689453125
 10
161.059033203125
 20
19.4237548828125
 10
160.94058837890626
 20
19.469287109375
 10
160.8220703125
 20
19.518017578125
 10
160.7034912109375
 20
19.56953125
 10
160.58487548828126
 20
19.6235107421875
 10
160.4662353515625
 20
19.6796875
 10
160.3475830078125
 20
19.7377197265625
 10
160.22890625
 20
19.797314453125
 10
160.1102294921875
 20
19.85830078125
 10
159.991552734375
 20
19.92041015625
 10
159.8728759765625
 20
19.983349609375
 10
159.75418701171876
 20
20.0469970703125
 10
159.63551025390626
 20
20.1111572265625
 10
159.516845703125
 20
20.1757080078125
 10
159.39818115234374
 20
20.2405029296875
 10
159.27950439453124
 20
20.30546875
 10
159.16082763671875
 20
20.370458984375
 10
159.0421630859375
 20
20.435498046875
 10
158.92347412109376
 20
20.5004638671875
 10
158.8048095703125
 20
20.565380859375
 10
158.68614501953124
 20
20.63017578125
 10
158.56749267578124
 20
20.6948974609375
 10
158.448828125
 20
20.759521484375
 10
158.33016357421874
 20
20.824072265625
 10
158.21151123046874
 20
20.8885498046875
 10
158.0928466796875
 20
20.9529541015625
 10
157.97420654296874
 20
21.01728515625
 10
157.8555419921875
 20
21.081689453125
 10
157.7369140625
 20
21.14619140625
 10
157.61829833984376
 20
21.2107666015625
 10
157.49971923828124
 20
21.27548828125
 10
157.3811767578125
 20
21.3404541015625
 10
157.2626708984375
 20
21.4056884765625
 10
157.1442626953125
 20
21.4712158203125
 10
157.02593994140625
 20
21.5371826171875
 10
156.907763671875
 20
21.6036376953125
 10
156.7897705078125
 20
21.670703125
 10
156.67196044921874
 20
21.73837890625
 10
156.5544677734375
 20
21.8068603515625
 10
156.4372802734375
 20
21.8761474609375
 10
156.32052001953124
 20
21.9464111328125
 10
156.20426025390626
 20
22.0177001953125
 10
156.08858642578124
 20
22.0901611328125
 10
155.9736083984375
 20
22.163818359375
 10
155.85943603515625
 20
22.2387939453125
 10
155.7461669921875
 20
22.31513671875
 10
155.633935546875
 20
22.3929443359375
 10
155.5228515625
 20
22.472314453125
 10
155.41304931640624
 20
22.5532958984375
 10
155.30467529296874
 20
22.635888671875
 10
155.1978271484375
 20
22.7200927734375
 10
155.092626953125
 20
22.80595703125
 10
154.9891845703125
 20
22.8935791015625
 10
154.8875732421875
 20
22.982763671875
 10
154.7879150390625
 20
23.07353515625
 10
154.6902587890625
 20
23.16591796875
 10
154.594677734375
 20
23.2597900390625
 10
154.501171875
 20
23.3551025390625
 10
154.409765625
 20
23.4517822265625
 10
154.320458984375
 20
23.54970703125
 10
154.233203125
 20
23.648828125
 10
154.14798583984376
 20
23.7490478515625
 10
154.06470947265626
 20
23.8502197265625
 10
153.98328857421876
 20
23.9522705078125
 10
153.9036376953125
 20
24.055126953125
 10
153.825634765625
 20
24.15869140625
 10
153.74915771484376
 20
24.262841796875
 10
153.6740478515625
 20
24.3675537109375
 10
153.6001953125
 20
24.4726806640625
 10
153.52740478515625
 20
24.5781982421875
 10
153.45555419921874
 20
24.684033203125
 10
153.38450927734374
 20
24.7901123046875
 10
153.314111328125
 20
24.89638671875
 10
153.24425048828124
 20
25.00283203125
 10
153.1748291015625
 20
25.1094482421875
 10
153.105712890625
 20
25.21611328125
 10
153.03682861328124
 20
25.322900390625
 10
152.9680908203125
 20
25.4297119140625
 10
152.8994140625
 20
25.5365966796875
 10
152.8307861328125
 20
25.6434814453125
 10
152.76214599609375
 20
25.750390625
 10
152.693505859375
 20
25.85732421875
 10
152.6248291015625
 20
25.9642333984375
 10
152.55611572265624
 20
26.07119140625
 10
152.48739013671874
 20
26.1781494140625
 10
152.4186767578125
 20
26.285107421875
 10
152.349951171875
 20
26.392041015625
 10
152.2812744140625
 20
26.498974609375
 10
152.2126708984375
 20
26.605908203125
 10
152.14417724609376
 20
26.7128662109375
 10
152.0758056640625
 20
26.8197998046875
 10
152.00762939453125
 20
26.9267333984375
 10
151.9396484375
 20
27.033642578125
 10
151.87191162109374
 20
27.1406005859375
 10
151.80447998046876
 20
27.247509765625
 10
151.73741455078124
 20
27.35439453125
 10
151.670751953125
 20
27.4613037109375
 10
151.6046142578125
 20
27.5681884765625
 10
151.5390869140625
 20
27.675048828125
 10
151.47427978515626
 20
27.781884765625
 10
151.41036376953124
 20
27.8886962890625
 10
151.34747314453125
 20
27.9954345703125
 10
151.2858154296875
 20
28.1021728515625
 10
151.2256103515625
 20
28.2087646484375
 10
151.16710205078124
 20
28.3153076171875
 10
151.11055908203124
 20
28.42177734375
 10
151.0562744140625
 20
28.528076171875
 10
151.00460205078124
 20
28.63427734375
 10
150.9558837890625
 20
28.740234375
 10
150.9104736328125
 20
28.846044921875
 10
150.86873779296874
 20
28.951611328125
 10
150.8310302734375
 20
29.0569580078125
 10
150.79774169921876
 20
29.16201171875
 10
150.7692138671875
 20
29.266796875
 10
150.74581298828124
 20
29.3712646484375
 10
150.7278076171875
 20
29.4754150390625
 10
150.71556396484374
 20
29.579248046875
 10
150.70926513671876
 20
29.682763671875
 10
150.7091552734375
 20
29.7859130859375
 10
150.71539306640625
 20
29.888720703125
 10
150.72808837890625
 20
29.9912353515625
 10
150.74730224609374
 20
30.093408203125
 10
150.773046875
 20
30.1953369140625
 10
150.8052734375
 20
30.2969970703125
 10
150.84388427734376
 20
30.3984619140625
 10
150.88873291015625
 20
30.4997314453125
 10
150.93963623046875
 20
30.60087890625
 10
150.99639892578125
 20
30.7019287109375
 10
151.05872802734376
 20
30.802880859375
 10
151.1263427734375
 20
30.9038330078125
 10
151.198974609375
 20
31.0048095703125
 10
151.27623291015624
 20
31.105859375
 10
151.35782470703126
 20
31.2069580078125
 10
151.44342041015625
 20
31.3081298828125
 10
151.53265380859375
 20
31.4094482421875
 10
151.6252197265625
 20
31.5109130859375
 10
151.72078857421874
 20
31.6124755859375
 10
151.81905517578124
 20
31.7141357421875
 10
151.91971435546876
 20
31.8158935546875
 10
152.02249755859376
 20
31.91767578125
 10
152.12716064453124
 20
32.019482421875
 10
152.233447265625
 20
32.121240234375
 10
152.3411376953125
 20
32.2229736328125
 10
152.4500244140625
 20
32.32451171875
 10
152.5599365234375
 20
32.425830078125
 10
152.67069091796876
 20
32.5269287109375
 10
152.78216552734375
 20
32.627734375
 10
152.894189453125
 20
32.728173828125
 10
153.00667724609374
 20
32.8281982421875
 10
153.11951904296876
 20
32.9277587890625
 10
153.23262939453124
 20
33.02685546875
 10
153.345947265625
 20
33.125390625
 10
153.4593994140625
 20
33.2234130859375
 10
153.5729248046875
 20
33.3208740234375
 10
153.6865234375
 20
33.4177978515625
 10
153.800146484375
 20
33.5140625
 10
153.91380615234374
 20
33.609814453125
 10
154.02747802734376
 20
33.7050537109375
 10
154.1411865234375
 20
33.799755859375
 10
154.25494384765625
 20
33.89404296875
 10
154.3687744140625
 20
33.987841796875
 10
154.48272705078125
 20
34.08125
 10
154.59676513671874
 20
34.17421875
 10
154.7109619140625
 20
34.266845703125
 10
154.82532958984376
 20
34.3591064453125
 10
154.939892578125
 20
34.4510498046875
 10
155.05469970703126
 20
34.542529296875
 10
155.1697509765625
 20
34.6336669921875
 10
155.2850830078125
 20
34.7243408203125
 10
155.40069580078125
 20
34.8145263671875
 10
155.5166015625
 20
34.9041748046875
 10
155.63280029296874
 20
34.9931396484375
 10
155.7492919921875
 20
35.0813720703125
 10
155.8660400390625
 20
35.1687255859375
 10
155.98304443359376
 20
35.255029296875
 10
156.10032958984374
 20
35.34013671875
 10
156.217822265625
 20
35.4239013671875
 10
156.335546875
 20
35.50615234375
 10
156.453466796875
 20
35.5866455078125
 10
156.57154541015626
 20
35.665234375
 10
156.68978271484374
 20
35.741796875
 10
156.8081298828125
 20
35.816015625
 10
156.9265869140625
 20
35.8878173828125
 10
157.0451171875
 20
35.9569580078125
 10
157.163720703125
 20
36.023291015625
 10
157.282373046875
 20
36.0866455078125
 10
157.40108642578124
 20
36.146923828125
 10
157.51983642578125
 20
36.20400390625
 10
157.6385986328125
 20
36.2578125
 10
157.75736083984376
 20
36.3083251953125
 10
157.87613525390626
 20
36.35546875
 10
157.99490966796876
 20
36.3992431640625
 10
158.11370849609375
 20
36.4397216796875
 10
158.23250732421874
 20
36.476904296875
 10
158.35130615234374
 20
36.5108642578125
 10
158.47010498046876
 20
36.5417724609375
 10
158.58887939453126
 20
36.569677734375
 10
158.70765380859376
 20
36.59482421875
 10
158.82642822265626
 20
36.61728515625
 10
158.94520263671876
 20
36.6373291015625
 10
159.06397705078126
 20
36.6551025390625
 10
159.182763671875
 20
36.670849609375
 10
159.3015380859375
 20
36.68486328125
 10
159.42032470703126
 20
36.697216796875
 10
159.53909912109376
 20
36.708203125
 10
159.65787353515626
 20
36.71806640625
 10
159.7766357421875
 20
36.7269775390625
 10
159.89542236328126
 20
36.735205078125
 10
160.01419677734376
 20
36.742919921875
 10
160.1329833984375
 20
36.7503173828125
 10
160.2517578125
 20
36.757568359375
 10
160.3705322265625
 20
36.76484375
 10
160.48929443359376
 20
36.7722900390625
 10
160.6080810546875
 20
36.780029296875
 10
160.7268798828125
 20
36.78818359375
 10
160.845654296875
 20
36.7968017578125
 10
160.964453125
 20
36.8060302734375
 10
161.08323974609374
 20
36.8159423828125
 10
161.2020263671875
 20
36.826513671875
 10
161.3208251953125
 20
36.83779296875
 10
161.4396240234375
 20
36.8498779296875
 10
161.5583984375
 20
36.8626708984375
 10
161.67720947265624
 20
36.876220703125
 10
161.7960205078125
 20
36.89052734375
 10
161.91483154296876
 20
36.9054931640625
 10
162.033642578125
 20
36.9211669921875
 10
162.1524658203125
 20
36.9375
 10
162.2712646484375
 20
36.9544189453125
 10
162.390087890625
 20
36.971923828125
 10
162.5089111328125
 20
36.9899658203125
 10
162.627734375
 20
37.00849609375
 10
162.74654541015624
 20
37.02744140625
 10
162.865380859375
 20
37.0468017578125
 10
162.9842041015625
 20
37.066455078125
 10
163.10303955078126
 20
37.08642578125
 10
163.22186279296875
 20
37.1066650390625
 10
163.340673828125
 20
37.1271240234375
 10
163.45950927734376
 20
37.1478271484375
 10
163.5783447265625
 20
37.1686767578125
 10
163.6971923828125
 20
37.1896728515625
 10
163.81602783203124
 20
37.2107666015625
 10
163.93487548828125
 20
37.2319580078125
 10
164.05369873046874
 20
37.2531982421875
 10
164.17254638671875
 20
37.27451171875
 10
164.2913818359375
 20
37.295849609375
 10
164.4102294921875
 20
37.317236328125
 10
164.52908935546876
 20
37.3386474609375
 10
164.64793701171874
 20
37.3600830078125
 10
164.766796875
 20
37.3815185546875
 10
164.88565673828126
 20
37.4029541015625
 10
165.00450439453124
 20
37.424365234375
 10
165.12335205078125
 20
37.4457763671875
 10
165.24219970703126
 20
37.4672119140625
 10
165.36104736328124
 20
37.488671875
 10
165.47989501953126
 20
37.510107421875
 10
165.59876708984376
 20
37.531591796875
 10
165.71761474609374
 20
37.553076171875
 10
165.836474609375
 20
37.5745849609375
 10
165.95533447265626
 20
37.59609375
 10
166.07421875
 20
37.617626953125
 10
166.19307861328124
 20
37.63916015625
 10
166.31195068359375
 20
37.6607177734375
 10
166.43082275390626
 20
37.68232421875
 10
166.5496826171875
 20
37.7039306640625
 10
166.66856689453124
 20
37.7256591796875
 10
166.78743896484374
 20
37.74736328125
 10
166.90631103515625
 20
37.769140625
 10
167.0251953125
 20
37.7909423828125
 10
167.14407958984376
 20
37.8127685546875
 10
167.26295166015626
 20
37.83466796875
 10
167.3818359375
 20
37.8566162109375
 10
167.50072021484374
 20
37.87861328125
 10
167.61959228515624
 20
37.900732421875
 10
167.7384765625
 20
37.922900390625
 10
167.85738525390624
 20
37.945166015625
 10
167.97625732421875
 20
37.967529296875
 10
168.09515380859375
 20
37.9900146484375
 10
168.21405029296875
 20
38.01259765625
 10
168.33294677734375
 20
38.0353271484375
 10
168.4518310546875
 20
38.0581787109375
 10
168.5707275390625
 20
38.0811279296875
 10
168.6896240234375
 20
38.104248046875
 10
168.8085205078125
 20
38.127490234375
 10
168.9274169921875
 20
38.15087890625
 10
169.0463134765625
 20
38.1743896484375
 10
169.16522216796875
 20
38.1980712890625
 10
169.28414306640624
 20
38.2218994140625
 10
169.40303955078124
 20
38.24580078125
 10
169.52193603515624
 20
38.269873046875
 10
169.6408447265625
 20
38.293994140625
 10
169.75975341796874
 20
38.3182373046875
 10
169.87867431640626
 20
38.3426025390625
 10
169.99759521484376
 20
38.367041015625
 10
170.11649169921876
 20
38.391552734375
 10
170.235400390625
 20
38.4161376953125
 10
170.3543212890625
 20
38.4408447265625
 10
170.4732421875
 20
38.4656005859375
 10
170.592138671875
 20
38.4904541015625
 10
170.71102294921874
 20
38.51533203125
 10
170.8299072265625
 20
38.540234375
 10
170.9487548828125
 20
38.565185546875
 10
171.067529296875
 20
38.5900634765625
 10
171.18621826171875
 20
38.61484375
 10
171.30479736328124
 20
38.6394775390625
 10
171.423193359375
 20
38.6638916015625
 10
171.54136962890624
 20
38.6879150390625
 10
171.659228515625
 20
38.7114501953125
 10
171.776708984375
 20
38.734375
 10
171.89368896484376
 20
38.7564208984375
 10
172.01002197265626
 20
38.7774658203125
 10
172.12557373046874
 20
38.797216796875
 10
172.2401611328125
 20
38.815380859375
 10
172.35355224609376
 20
38.8317138671875
 10
172.46556396484374
 20
38.845849609375
 10
172.57591552734374
 20
38.8574951171875
 10
172.6843505859375
 20
38.8663330078125
 10
172.790576171875
 20
38.8719970703125
 10
172.89429931640626
 20
38.8741455078125
 10
172.9951904296875
 20
38.8724365234375
 10
173.09293212890626
 20
38.8666259765625
 10
173.1871826171875
 20
38.8563232421875
 10
173.2776123046875
 20
38.8413330078125
 10
173.3638916015625
 20
38.82138671875
 10
173.44571533203126
 20
38.7963623046875
 10
173.522802734375
 20
38.7660400390625
 10
173.59488525390626
 20
38.730419921875
 10
173.66173095703124
 20
38.6894287109375
 10
173.72318115234376
 20
38.643115234375
 10
173.779052734375
 20
38.5915283203125
 10
173.829248046875
 20
38.534814453125
 10
173.873681640625
 20
38.4730712890625
 10
173.91236572265626
 20
38.406591796875
 10
173.94532470703126
 20
38.3355224609375
 10
173.97264404296874
 20
38.2602294921875
 10
173.99442138671876
 20
38.1809814453125
 10
174.010888671875
 20
38.0980712890625
 10
174.0222412109375
 20
38.01181640625
 10
174.02869873046876
 20
37.92255859375
 10
174.03052978515626
 20
37.8306396484375
 10
174.028076171875
 20
37.736328125
 10
174.02161865234376
 20
37.6399169921875
 10
174.01148681640626
 20
37.541796875
 10
173.99803466796874
 20
37.4421630859375
 10
173.9815673828125
 20
37.3412353515625
 10
173.96241455078126
 20
37.239208984375
 10
173.94090576171874
 20
37.1363525390625
 10
173.91734619140624
 20
37.0328125
 10
173.8920166015625
 20
36.9286865234375
 10
173.86519775390624
 20
36.82412109375
 10
173.83712158203124
 20
36.7192138671875
 10
173.8080078125
 20
36.6140869140625
 10
173.778076171875
 20
36.5087158203125
 10
173.7474609375
 20
36.403271484375
 10
173.7163330078125
 20
36.297705078125
 10
173.684814453125
 20
36.19208984375
 10
173.65299072265626
 20
36.0864013671875
 10
173.62095947265624
 20
35.980712890625
 10
173.58878173828126
 20
35.8749755859375
 10
173.55650634765624
 20
35.7692626953125
 10
173.52418212890626
 20
35.6635498046875
 10
173.49183349609376
 20
35.5578369140625
 10
173.45948486328126
 20
35.452099609375
 10
173.42716064453126
 20
35.34638671875
 10
173.394873046875
 20
35.2406494140625
 10
173.3625732421875
 20
35.1349365234375
 10
173.33031005859374
 20
35.02919921875
 10
173.2980712890625
 20
34.923486328125
 10
173.265869140625
 20
34.8177978515625
 10
173.23370361328125
 20
34.7120361328125
 10
173.20155029296876
 20
34.6062744140625
 10
173.16947021484376
 20
34.5005615234375
 10
173.1374267578125
 20
34.3948486328125
 10
173.1054443359375
 20
34.2891357421875
 10
173.07352294921876
 20
34.1834228515625
 10
173.04168701171875
 20
34.077685546875
 10
173.00992431640626
 20
33.9719482421875
 10
172.97825927734374
 20
33.8662353515625
 10
172.9466796875
 20
33.760498046875
 10
172.91519775390626
 20
33.654736328125
 10
172.8838134765625
 20
33.5489990234375
 10
172.8525390625
 20
33.4432861328125
 10
172.821337890625
 20
33.337548828125
 10
172.7902587890625
 20
33.2318115234375
 10
172.75926513671874
 20
33.1260986328125
 10
172.728369140625
 20
33.020361328125
 10
172.69757080078125
 20
32.914599609375
 10
172.66683349609374
 20
32.8089111328125
 10
172.63616943359375
 20
32.703125
 10
172.6055908203125
 20
32.59736328125
 10
172.575048828125
 20
32.491650390625
 10
172.544580078125
 20
32.3859130859375
 10
172.51414794921874
 20
32.2801513671875
 10
172.4837646484375
 20
32.1744384765625
 10
172.45343017578125
 20
32.068701171875
 10
172.42313232421876
 20
31.962939453125
 10
172.39288330078125
 20
31.857177734375
 10
172.36265869140624
 20
31.7514892578125
 10
172.33245849609375
 20
31.645703125
 10
172.30230712890625
 20
31.53994140625
 10
172.27218017578124
 20
31.434228515625
 10
172.24210205078126
 20
31.3284912109375
 10
172.21202392578124
 20
31.2227294921875
 10
172.1819580078125
 20
31.117041015625
 10
172.151904296875
 20
31.011279296875
 10
172.12183837890626
 20
30.9055419921875
 10
172.09178466796874
 20
30.7997802734375
 10
172.0616943359375
 20
30.6940673828125
 10
172.0315673828125
 20
30.5883056640625
 10
172.0013916015625
 20
30.4825439453125
 10
171.97113037109375
 20
30.37685546875
 10
171.940771484375
 20
30.2710693359375
 10
171.910302734375
 20
30.16533203125
 10
171.8796875
 20
30.0596435546875
 10
171.8489013671875
 20
29.95390625
 10
171.8179443359375
 20
29.8481689453125
 10
171.7867919921875
 20
29.7424560546875
 10
171.75540771484376
 20
29.6367431640625
 10
171.72379150390626
 20
29.5310302734375
 10
171.691943359375
 20
29.4253173828125
 10
171.65982666015626
 20
29.3196044921875
 10
171.62747802734376
 20
29.2138916015625
 10
171.59483642578124
 20
29.1081787109375
 10
171.56192626953126
 20
29.0024658203125
 10
171.52877197265624
 20
28.89677734375
 10
171.49534912109374
 20
28.791064453125
 10
171.46168212890626
 20
28.685400390625
 10
171.4277587890625
 20
28.5797119140625
 10
171.39364013671874
 20
28.4740478515625
 10
171.35928955078126
 20
28.3683837890625
 10
171.32474365234376
 20
28.262744140625
 10
171.29000244140624
 20
28.1570556640625
 10
171.25504150390626
 20
28.0513916015625
 10
171.219873046875
 20
27.9457275390625
 10
171.1844970703125
 20
27.840087890625
 10
171.1488525390625
 20
27.7344970703125
 10
171.112939453125
 20
27.62890625
 10
171.0766845703125
 20
27.5233642578125
 10
171.0400390625
 20
27.4178466796875
 10
171.00291748046874
 20
27.31240234375
 10
170.9652587890625
 20
27.2070556640625
 10
170.92691650390626
 20
27.101806640625
 10
170.88780517578124
 20
26.9966552734375
 10
170.8477783203125
 20
26.891650390625
 10
170.806689453125
 20
26.786865234375
 10
170.7643798828125
 20
26.6822509765625
 10
170.72069091796874
 20
26.577880859375
 10
170.67545166015626
 20
26.473828125
 10
170.62850341796874
 20
26.3700439453125
 10
170.57965087890625
 20
26.266650390625
 10
170.5287353515625
 20
26.1635986328125
 10
170.4755859375
 20
26.0609619140625
 10
170.42005615234376
 20
25.958740234375
 10
170.361962890625
 20
25.8570068359375
 10
170.301220703125
 20
25.75576171875
 10
170.2376953125
 20
25.6550048828125
 10
170.17130126953126
 20
25.554736328125
 10
170.101953125
 20
25.4549560546875
 10
170.02962646484374
 20
25.3556884765625
 10
169.954296875
 20
25.2568603515625
 10
169.8759521484375
 20
25.1584716796875
 10
169.7946044921875
 20
25.0604736328125
 10
169.7103271484375
 20
24.9628173828125
 10
169.6231689453125
 20
24.865478515625
 10
169.53321533203126
 20
24.7683349609375
 10
169.440576171875
 20
24.6714111328125
 10
169.3453857421875
 20
24.5745849609375
 10
169.24776611328124
 20
24.477783203125
 10
169.1478515625
 20
24.3809326171875
 10
169.04581298828126
 20
24.283984375
 10
168.941796875
 20
24.1868408203125
 10
168.83594970703126
 20
24.0895263671875
 10
168.72845458984375
 20
23.99189453125
 10
168.61944580078125
 20
23.8939208984375
 10
168.509033203125
 20
23.79560546875
 10
168.39742431640624
 20
23.6968505859375
 10
168.284716796875
 20
23.5976806640625
 10
168.1710205078125
 20
23.4980712890625
 10
168.056494140625
 20
23.3980224609375
 10
167.941259765625
 20
23.2975341796875
 10
167.82537841796875
 20
23.1966064453125
 10
167.7089599609375
 20
23.0952880859375
 10
167.59210205078125
 20
22.9935791015625
 10
167.47484130859374
 20
22.8914794921875
 10
167.357275390625
 20
22.7890625
 10
167.2394775390625
 20
22.686376953125
 10
167.12147216796876
 20
22.5835205078125
 10
167.0033447265625
 20
22.4804443359375
 10
166.88514404296876
 20
22.37724609375
 10
166.76690673828125
 20
22.273974609375
 10
166.648681640625
 20
22.170703125
 10
166.5305419921875
 20
22.06748046875
 10
166.412548828125
 20
21.96435546875
 10
166.29471435546876
 20
21.861376953125
 10
166.177099609375
 20
21.7586669921875
 10
166.05977783203124
 20
21.6562744140625
 10
165.94276123046876
 20
21.5542724609375
 10
165.826123046875
 20
21.452685546875
 10
165.70989990234375
 20
21.3516357421875
 10
165.594140625
 20
21.251123046875
 10
165.478857421875
 20
21.15126953125
 10
165.364111328125
 20
21.052197265625
 10
165.2499267578125
 20
20.9539306640625
 10
165.13626708984376
 20
20.856591796875
 10
165.0231689453125
 20
20.76025390625
 10
164.91063232421874
 20
20.6650146484375
 10
164.79862060546876
 20
20.5710693359375
 10
164.687109375
 20
20.478466796875
 10
164.57606201171876
 20
20.3873779296875
 10
164.4654541015625
 20
20.29794921875
 10
164.35518798828124
 20
20.2103271484375
 10
164.24520263671874
 20
20.1247314453125
 10
164.13546142578124
 20
20.041357421875
 10
164.02581787109375
 20
19.96044921875
 10
163.91622314453124
 20
19.8822509765625
 10
163.80660400390624
 20
19.8069580078125
 10
163.69686279296874
 20
19.734912109375
 10
163.5869140625
 20
19.6663818359375
 10
163.476708984375
 20
19.6015869140625
 10
163.36614990234375
 20
19.5408935546875
 10
163.25516357421876
 20
19.484521484375
 10
163.14373779296875
 20
19.4327392578125
 10
163.03182373046874
 20
19.38583984375
 10
162.91937255859375
 20
19.3440185546875
  0
LWPOLYLINE
  5
56
330
17
100
AcDbEntity
  8
0
100
AcDbPolyline
 90
551
 70
1
 10
217.77685546875
 20
17.0686279296875
 10
217.662255859375
 20
17.0563232421875
 10
217.5483154296875
 20
17.049267578125
 10
217.4350830078125
 20
17.0477783203125
 10
217.322607421875
 20
17.0519287109375
 10
217.21083984375
 20
17.061962890625
 10
217.099853515625
 20
17.077880859375
 10
216.98955078125
 20
17.0998779296875
 10
216.87998046875
 20
17.1278564453125
 10
216.7710693359375
 20
17.16181640625
 10
216.66279296875
 20
17.20166015625
 10
216.5551025390625
 20
17.2472412109375
 10
216.4479248046875
 20
17.2984130859375
 10
216.341162109375
 20
17.3549072265625
 10
216.2348388671875
 20
17.4165283203125
 10
216.1287353515625
 20
17.4829833984375
 10
216.022900390625
 20
17.5539794921875
 10
215.9172119140625
 20
17.6291259765625
 10
215.811572265625
 20
17.708154296875
 10
215.70595703125
 20
17.7906494140625
 10
215.6002685546875
 20
17.876318359375
 10
215.494482421875
 20
17.9647705078125
 10
215.3885498046875
 20
18.0557373046875
 10
215.2823974609375
 20
18.1488037109375
 10
215.1760498046875
 20
18.2437744140625
 10
215.069482421875
 20
18.340283203125
 10
214.9626708984375
 20
18.4381103515625
 10
214.8556396484375
 20
18.5369384765625
 10
214.7484375
 20
18.636669921875
 10
214.6410400390625
 20
18.737060546875
 10
214.533447265625
 20
18.8379638671875
 10
214.4257080078125
 20
18.9392822265625
 10
214.31787109375
 20
19.0408447265625
 10
214.209912109375
 20
19.1425537109375
 10
214.1018798828125
 20
19.24443359375
 10
213.9938232421875
 20
19.346337890625
 10
213.885693359375
 20
19.4482177734375
 10
213.777587890625
 20
19.550146484375
 10
213.66943359375
 20
19.6520263671875
 10
213.561279296875
 20
19.753857421875
 10
213.453125
 20
19.8556396484375
 10
213.344970703125
 20
19.957373046875
 10
213.236767578125
 20
20.059033203125
 10
213.128564453125
 20
20.16064453125
 10
213.0202880859375
 20
20.26220703125
 10
212.9119873046875
 20
20.3636962890625
 10
212.80361328125
 20
20.46513671875
 10
212.6951904296875
 20
20.5664794921875
 10
212.5866943359375
 20
20.6677490234375
 10
212.4781494140625
 20
20.7689208984375
 10
212.36953125
 20
20.8699951171875
 10
212.2608642578125
 20
20.97099609375
 10
212.1521240234375
 20
21.0718017578125
 10
212.0434326171875
 20
21.1724853515625
 10
211.9347412109375
 20
21.2729736328125
 10
211.8260986328125
 20
21.373291015625
 10
211.7176025390625
 20
21.4734130859375
 10
211.609228515625
 20
21.57333984375
 10
211.5010986328125
 20
21.6730224609375
 10
211.3932861328125
 20
21.7725341796875
 10
211.28583984375
 20
21.8718017578125
 10
211.1788818359375
 20
21.970849609375
 10
211.0725341796875
 20
22.0697021484375
 10
210.96689453125
 20
22.168408203125
 10
210.8620849609375
 20
22.2669189453125
 10
210.7582763671875
 20
22.36533203125
 10
210.65556640625
 20
22.463671875
 10
210.554150390625
 20
22.561962890625
 10
210.454150390625
 20
22.6602294921875
 10
210.35576171875
 20
22.7585693359375
 10
210.2591552734375
 20
22.8570068359375
 10
210.164501953125
 20
22.955615234375
 10
210.0719482421875
 20
23.0544677734375
 10
209.9816650390625
 20
23.1535400390625
 10
209.893798828125
 20
23.2529541015625
 10
209.80849609375
 20
23.352734375
 10
209.7258056640625
 20
23.452880859375
 10
209.645947265625
 20
23.553515625
 10
209.5689208984375
 20
23.6545654296875
 10
209.4947998046875
 20
23.7560791015625
 10
209.4236572265625
 20
23.8580810546875
 10
209.35546875
 20
23.9605224609375
 10
209.2902099609375
 20
24.0634521484375
 10
209.2278564453125
 20
24.1668212890625
 10
209.1683837890625
 20
24.270654296875
 10
209.1116455078125
 20
24.37490234375
 10
209.0574951171875
 20
24.4794677734375
 10
209.005908203125
 20
24.5843994140625
 10
208.9566650390625
 20
24.6896240234375
 10
208.909619140625
 20
24.7951904296875
 10
208.8646240234375
 20
24.9009521484375
 10
208.821533203125
 20
25.00693359375
 10
208.780126953125
 20
25.113037109375
 10
208.7402099609375
 20
25.219384765625
 10
208.701708984375
 20
25.32578125
 10
208.6644287109375
 20
25.432275390625
 10
208.6281982421875
 20
25.538818359375
 10
208.5928955078125
 20
25.645458984375
 10
208.5583984375
 20
25.7521240234375
 10
208.5246337890625
 20
25.858837890625
 10
208.491455078125
 20
25.96552734375
 10
208.4588134765625
 20
26.072265625
 10
208.426611328125
 20
26.1789794921875
 10
208.394873046875
 20
26.285693359375
 10
208.3634521484375
 20
26.3924560546875
 10
208.3323974609375
 20
26.499169921875
 10
208.30166015625
 20
26.6058837890625
 10
208.27119140625
 20
26.7126220703125
 10
208.2409912109375
 20
26.819384765625
 10
208.2110595703125
 20
26.9260986328125
 10
208.1813720703125
 20
27.0327880859375
 10
208.1519287109375
 20
27.139501953125
 10
208.1226806640625
 20
27.24619140625
 10
208.093603515625
 20
27.352880859375
 10
208.0647216796875
 20
27.459619140625
 10
208.035986328125
 20
27.5663330078125
 10
208.0073974609375
 20
27.6730224609375
 10
207.9788818359375
 20
27.7797119140625
 10
207.9504638671875
 20
27.8864013671875
 10
207.9220458984375
 20
27.9930908203125
 10
207.893603515625
 20
28.0997802734375
 10
207.8651611328125
 20
28.206494140625
 10
207.8365966796875
 20
28.3132080078125
 10
207.807958984375
 20
28.4198974609375
 10
207.779150390625
 20
28.5265625
 10
207.7501708984375
 20
28.633251953125
 10
207.7210205078125
 20
28.739990234375
 10
207.691650390625
 20
28.8467041015625
 10
207.66201171875
 20
28.9533935546875
 10
207.63212890625
 20
29.060107421875
 10
207.6019775390625
 20
29.166796875
 10
207.57158203125
 20
29.2735107421875
 10
207.5409423828125
 20
29.3802490234375
 10
207.5100341796875
 20
29.4869873046875
 10
207.47890625
 20
29.5937255859375
 10
207.44755859375
 20
29.700439453125
 10
207.4159912109375
 20
29.807177734375
 10
207.38427734375
 20
29.9138916015625
 10
207.3524169921875
 20
30.020654296875
 10
207.320458984375
 20
30.127392578125
 10
207.288427734375
 20
30.234130859375
 10
207.2563720703125
 20
30.3408447265625
 10
207.2242919921875
 20
30.44755859375
 10
207.19228515625
 20
30.554296875
 10
207.1603271484375
 20
30.66103515625
 10
207.128466796875
 20
30.7677490234375
 10
207.0967529296875
 20
30.87451171875
 10
207.0652099609375
 20
30.981201171875
 10
207.0338623046875
 20
31.0879150390625
 10
207.002734375
 20
31.1946533203125
 10
206.971826171875
 20
31.301416015625
 10
206.9411865234375
 20
31.4081298828125
 10
206.910791015625
 20
31.5148193359375
 10
206.8806884765625
 20
31.6215087890625
 10
206.8508056640625
 20
31.7281982421875
 10
206.82119140625
 20
31.8348876953125
 10
206.7918212890625
 20
31.9415771484375
 10
206.7627197265625
 20
32.048291015625
 10
206.7337890625
 20
32.1550048828125
 10
206.7051025390625
 20
32.2616943359375
 10
206.6765869140625
 20
32.3683837890625
 10
206.6482177734375
 20
32.4750732421875
 10
206.6200439453125
 20
32.58173828125
 10
206.5919677734375
 20
32.6884033203125
 10
206.5639892578125
 20
32.795068359375
 10
206.5360595703125
 20
32.9017333984375
 10
206.5082275390625
 20
33.0084228515625
 10
206.4803955078125
 20
33.115087890625
 10
206.4525634765625
 20
33.2217529296875
 10
206.4247314453125
 20
33.3284423828125
 10
206.3968505859375
 20
33.4350830078125
 10
206.3689208984375
 20
33.541748046875
 10
206.340966796875
 20
33.6484375
 10
206.3129150390625
 20
33.755126953125
 10
206.2847900390625
 20
33.8617919921875
 10
206.25654296875
 20
33.96845703125
 10
206.22822265625
 20
34.0751220703125
 10
206.1997802734375
 20
34.1818115234375
 10
206.1712646484375
 20
34.2884521484375
 10
206.142626953125
 20
34.3951416015625
 10
206.1138671875
 20
34.501806640625
 10
206.0849853515625
 20
34.6084716796875
 10
206.0560302734375
 20
34.7151611328125
 10
206.0269287109375
 20
34.821875
 10
205.9977783203125
 20
34.928564453125
 10
205.968603515625
 20
35.0352294921875
 10
205.93935546875
 20
35.1418701171875
 10
205.91015625
 20
35.24853515625
 10
205.8809814453125
 20
35.355126953125
 10
205.851904296875
 20
35.461669921875
 10
205.8231201171875
 20
35.5681396484375
 10
205.794580078125
 20
35.6744873046875
 10
205.766455078125
 20
35.7806396484375
 10
205.7389404296875
 20
35.8865478515625
 10
205.712158203125
 20
35.992138671875
 10
205.686279296875
 20
36.097314453125
 10
205.6615966796875
 20
36.2019287109375
 10
205.638330078125
 20
36.305859375
 10
205.616748046875
 20
36.40888671875
 10
205.5971435546875
 20
36.5108642578125
 10
205.5798583984375
 20
36.6115478515625
 10
205.565185546875
 20
36.71064453125
 10
205.5535400390625
 20
36.8079345703125
 10
205.54521484375
 20
36.9031494140625
 10
205.5406005859375
 20
36.9959228515625
 10
205.5400634765625
 20
37.0859130859375
 10
205.543896484375
 20
37.172802734375
 10
205.5524658203125
 20
37.2562744140625
 10
205.566064453125
 20
37.3359130859375
 10
205.584912109375
 20
37.4114013671875
 10
205.6092529296875
 20
37.4823974609375
 10
205.639306640625
 20
37.5486083984375
 10
205.675146484375
 20
37.609765625
 10
205.71689453125
 20
37.6656005859375
 10
205.76455078125
 20
37.7159423828125
 10
205.8180419921875
 20
37.7606201171875
 10
205.8773681640625
 20
37.79951171875
 10
205.9423095703125
 20
37.83251953125
 10
206.012744140625
 20
37.8596923828125
 10
206.088427734375
 20
37.8810302734375
 10
206.1690673828125
 20
37.896630859375
 10
206.25439453125
 20
37.9066650390625
 10
206.3441162109375
 20
37.911279296875
 10
206.437841796875
 20
37.9107177734375
 10
206.5352294921875
 20
37.9052978515625
 10
206.6359375
 20
37.8951904296875
 10
206.7396240234375
 20
37.8807861328125
 10
206.845947265625
 20
37.862451171875
 10
206.9545654296875
 20
37.840478515625
 10
207.065185546875
 20
37.815185546875
 10
207.1775146484375
 20
37.78701171875
 10
207.2912841796875
 20
37.7562255859375
 10
207.4062255859375
 20
37.72314453125
 10
207.5221923828125
 20
37.68818359375
 10
207.6389404296875
 20
37.651513671875
 10
207.7563232421875
 20
37.6134521484375
 10
207.87421875
 20
37.57431640625
 10
207.99248046875
 20
37.53427734375
 10
208.1110595703125
 20
37.4935302734375
 10
208.2298583984375
 20
37.4523681640625
 10
208.3488037109375
 20
37.410888671875
 10
208.4678955078125
 20
37.369189453125
 10
208.5870361328125
 20
37.327490234375
 10
208.7062255859375
 20
37.285888671875
 10
208.82548828125
 20
37.244482421875
 10
208.9447509765625
 20
37.2033447265625
 10
209.064013671875
 20
37.162548828125
 10
209.18330078125
 20
37.1222412109375
 10
209.3026123046875
 20
37.082421875
 10
209.4218505859375
 20
37.0430908203125
 10
209.541162109375
 20
37.0043701171875
 10
209.66044921875
 20
36.966259765625
 10
209.779736328125
 20
36.928759765625
 10
209.8990478515625
 20
36.8918701171875
 10
210.0183349609375
 20
36.8556396484375
 10
210.1376220703125
 20
36.820068359375
 10
210.25693359375
 20
36.785107421875
 10
210.3762451171875
 20
36.7507568359375
 10
210.495556640625
 20
36.7170654296875
 10
210.61484375
 20
36.6839111328125
 10
210.7341552734375
 20
36.65126953125
 10
210.8534423828125
 20
36.6191162109375
 10
210.97275390625
 20
36.587451171875
 10
211.09208984375
 20
36.55615234375
 10
211.2114013671875
 20
36.5251708984375
 10
211.3307373046875
 20
36.4945068359375
 10
211.4500732421875
 20
36.4640625
 10
211.569384765625
 20
36.4337646484375
 10
211.688720703125
 20
36.40361328125
 10
211.808056640625
 20
36.373486328125
 10
211.927392578125
 20
36.343359375
 10
212.0467529296875
 20
36.3131591796875
 10
212.1660888671875
 20
36.2828369140625
 10
212.2854248046875
 20
36.252392578125
 10
212.4048095703125
 20
36.22177734375
 10
212.5241455078125
 20
36.1909423828125
 10
212.6434814453125
 20
36.1598876953125
 10
212.7628173828125
 20
36.128564453125
 10
212.882177734375
 20
36.0969970703125
 10
213.001513671875
 20
36.065185546875
 10
213.120849609375
 20
36.0331298828125
 10
213.240185546875
 20
36.0007568359375
 10
213.3595458984375
 20
35.968212890625
 10
213.4788818359375
 20
35.93544921875
 10
213.5982177734375
 20
35.9025634765625
 10
213.7175537109375
 20
35.8695068359375
 10
213.8368896484375
 20
35.836376953125
 10
213.95625
 20
35.803173828125
 10
214.0756103515625
 20
35.7698974609375
 10
214.194970703125
 20
35.7366943359375
 10
214.3143310546875
 20
35.7035400390625
 10
214.4336669921875
 20
35.6704345703125
 10
214.55302734375
 20
35.6374755859375
 10
214.6723876953125
 20
35.604638671875
 10
214.791748046875
 20
35.5719970703125
 10
214.9111083984375
 20
35.5395263671875
 10
215.03046875
 20
35.507275390625
 10
215.149853515625
 20
35.4751708984375
 10
215.2692138671875
 20
35.443359375
 10
215.38857421875
 20
35.4117431640625
 10
215.5079345703125
 20
35.3803955078125
 10
215.6273193359375
 20
35.3492431640625
 10
215.7467041015625
 20
35.3183349609375
 10
215.8660888671875
 20
35.2876708984375
 10
215.98544921875
 20
35.257275390625
 10
216.1048095703125
 20
35.2271240234375
 10
216.2241943359375
 20
35.1972412109375
 10
216.343603515625
 20
35.167626953125
 10
216.46298828125
 20
35.1383544921875
 10
216.582373046875
 20
35.1094482421875
 10
216.7017578125
 20
35.0809326171875
 10
216.821142578125
 20
35.0528076171875
 10
216.94052734375
 20
35.02509765625
 10
217.0599365234375
 20
34.997900390625
 10
217.179345703125
 20
34.97119140625
 10
217.2987548828125
 20
34.94501953125
 10
217.4181396484375
 20
34.91943359375
 10
217.5375732421875
 20
34.89443359375
 10
217.6569580078125
 20
34.8700439453125
 10
217.7763671875
 20
34.8462158203125
 10
217.89580078125
 20
34.822998046875
 10
218.0152099609375
 20
34.800341796875
 10
218.134619140625
 20
34.7781982421875
 10
218.254052734375
 20
34.756591796875
 10
218.3734619140625
 20
34.735400390625
 10
218.49287109375
 20
34.7145751953125
 10
218.6122802734375
 20
34.6940185546875
 10
218.7317138671875
 20
34.673681640625
 10
218.8511474609375
 20
34.653466796875
 10
218.9705810546875
 20
34.6332763671875
 10
219.0900146484375
 20
34.61298828125
 10
219.209423828125
 20
34.592578125
 10
219.3288818359375
 20
34.571875
 10
219.448291015625
 20
34.550830078125
 10
219.567724609375
 20
34.529296875
 10
219.687158203125
 20
34.5072021484375
 10
219.806591796875
 20
34.48447265625
 10
219.926025390625
 20
34.46103515625
 10
220.0454345703125
 20
34.4367431640625
 10
220.1648681640625
 20
34.4115966796875
 10
220.2842529296875
 20
34.3854248046875
 10
220.40361328125
 20
34.358203125
 10
220.522998046875
 20
34.329833984375
 10
220.6423095703125
 20
34.3003173828125
 10
220.7615966796875
 20
34.26953125
 10
220.880810546875
 20
34.2374267578125
 10
220.999951171875
 20
34.2038818359375
 10
221.1190185546875
 20
34.168798828125
 10
221.237939453125
 20
34.1321533203125
 10
221.35673828125
 20
34.093896484375
 10
221.475390625
 20
34.05390625
 10
221.5938232421875
 20
34.012109375
 10
221.7120849609375
 20
33.9684326171875
 10
221.8300537109375
 20
33.92275390625
 10
221.9477294921875
 20
33.875048828125
 10
222.0651123046875
 20
33.8252197265625
 10
222.18212890625
 20
33.7731689453125
 10
222.2988037109375
 20
33.718896484375
 10
222.4150634765625
 20
33.6623779296875
 10
222.530859375
 20
33.6034912109375
 10
222.6462158203125
 20
33.5422607421875
 10
222.7610595703125
 20
33.4786376953125
 10
222.8754150390625
 20
33.412646484375
 10
222.9892333984375
 20
33.3443115234375
 10
223.1025146484375
 20
33.2736083984375
 10
223.2153076171875
 20
33.200634765625
 10
223.3275634765625
 20
33.1253662109375
 10
223.4392822265625
 20
33.0479736328125
 10
223.5504638671875
 20
32.96845703125
 10
223.6612060546875
 20
32.8869384765625
 10
223.7714599609375
 20
32.8034912109375
 10
223.88125
 20
32.7182861328125
 10
223.990625
 20
32.6313232421875
 10
224.0996337890625
 20
32.54287109375
 10
224.2082763671875
 20
32.4529052734375
 10
224.3166259765625
 20
32.3615966796875
 10
224.4246826171875
 20
32.2690673828125
 10
224.53251953125
 20
32.175439453125
 10
224.6402099609375
 20
32.080810546875
 10
224.7477294921875
 20
31.98525390625
 10
224.8551513671875
 20
31.888916015625
 10
224.9625244140625
 20
31.7918212890625
 10
225.0698486328125
 20
31.694091796875
 10
225.1771240234375
 20
31.595751953125
 10
225.28447265625
 20
31.496875
 10
225.3918701171875
 20
31.397509765625
 10
225.4993408203125
 20
31.297705078125
 10
225.60693359375
 20
31.1975341796875
 10
225.7146240234375
 20
31.096923828125
 10
225.8224853515625
 20
30.99599609375
 10
225.930419921875
 20
30.8947021484375
 10
226.038525390625
 20
30.7931884765625
 10
226.1467041015625
 20
30.6913330078125
 10
226.2550537109375
 20
30.5892822265625
 10
226.363525390625
 20
30.486962890625
 10
226.4720947265625
 20
30.384423828125
 10
226.58076171875
 20
30.2817138671875
 10
226.6894287109375
 20
30.178857421875
 10
226.7981689453125
 20
30.0759033203125
 10
226.906884765625
 20
29.9728271484375
 10
227.015478515625
 20
29.8696533203125
 10
227.123876953125
 20
29.7664306640625
 10
227.23203125
 20
29.66318359375
 10
227.339794921875
 20
29.559912109375
 10
227.4469970703125
 20
29.456689453125
 10
227.553515625
 20
29.3534912109375
 10
227.6591552734375
 20
29.2502685546875
 10
227.763671875
 20
29.147119140625
 10
227.866845703125
 20
29.043994140625
 10
227.9683349609375
 20
28.940869140625
 10
228.06787109375
 20
28.8377685546875
 10
228.165087890625
 20
28.734619140625
 10
228.259619140625
 20
28.631494140625
 10
228.3510009765625
 20
28.528271484375
 10
228.43896484375
 20
28.4250244140625
 10
228.5229736328125
 20
28.3217041015625
 10
228.60263671875
 20
28.21826171875
 10
228.6775634765625
 20
28.1146728515625
 10
228.747265625
 20
28.0109375
 10
228.81142578125
 20
27.9070556640625
 10
228.86962890625
 20
27.8030029296875
 10
228.92158203125
 20
27.698779296875
 10
228.9670166015625
 20
27.5944091796875
 10
229.0056396484375
 20
27.4898193359375
 10
229.0373291015625
 20
27.3850830078125
 10
229.0619384765625
 20
27.2802001953125
 10
229.07939453125
 20
27.175146484375
 10
229.089794921875
 20
27.069970703125
 10
229.0931396484375
 20
26.96474609375
 10
229.0896240234375
 20
26.8593505859375
 10
229.079443359375
 20
26.7538818359375
 10
229.0628662109375
 20
26.6483642578125
 10
229.040185546875
 20
26.5427490234375
 10
229.0116943359375
 20
26.4371337890625
 10
228.977880859375
 20
26.331494140625
 10
228.9390869140625
 20
26.225830078125
 10
228.8957763671875
 20
26.120166015625
 10
228.8483642578125
 20
26.014501953125
 10
228.797265625
 20
25.908837890625
 10
228.742919921875
 20
25.8031982421875
 10
228.6857177734375
 20
25.6975830078125
 10
228.6260986328125
 20
25.5919677734375
 10
228.5644287109375
 20
25.486376953125
 10
228.5010009765625
 20
25.3808349609375
 10
228.436083984375
 20
25.27529296875
 10
228.370068359375
 20
25.1697509765625
 10
228.303125
 20
25.0641845703125
 10
228.23544921875
 20
24.958642578125
 10
228.1672119140625
 20
24.853125
 10
228.098583984375
 20
24.747607421875
 10
228.0296875
 20
24.64208984375
 10
227.960595703125
 20
24.5365966796875
 10
227.89140625
 20
24.431103515625
 10
227.8221435546875
 20
24.3256103515625
 10
227.75283203125
 20
24.2200927734375
 10
227.683544921875
 20
24.114599609375
 10
227.614208984375
 20
24.0091064453125
 10
227.5448974609375
 20
23.90361328125
 10
227.4755615234375
 20
23.798095703125
 10
227.4062255859375
 20
23.6926025390625
 10
227.3367919921875
 20
23.5871337890625
 10
227.267333984375
 20
23.4816162109375
 10
227.1977294921875
 20
23.3761474609375
 10
227.1280029296875
 20
23.2706298828125
 10
227.05810546875
 20
23.165185546875
 10
226.9879638671875
 20
23.059765625
 10
226.917578125
 20
22.9543701171875
 10
226.846875
 20
22.8490478515625
 10
226.7757568359375
 20
22.7437744140625
 10
226.7041748046875
 20
22.638623046875
 10
226.6320556640625
 20
22.533642578125
 10
226.5593017578125
 20
22.42880859375
 10
226.48583984375
 20
22.3241455078125
 10
226.411572265625
 20
22.219775390625
 10
226.3363525390625
 20
22.11572265625
 10
226.2601318359375
 20
22.012109375
 10
226.1828125
 20
21.908935546875
 10
226.104248046875
 20
21.8063720703125
 10
226.024365234375
 20
21.7044677734375
 10
225.943017578125
 20
21.6033447265625
 10
225.86015625
 20
21.503076171875
 10
225.7756591796875
 20
21.40380859375
 10
225.6894287109375
 20
21.3056396484375
 10
225.6013916015625
 20
21.2087158203125
 10
225.5114990234375
 20
21.113134765625
 10
225.4197509765625
 20
21.0189697265625
 10
225.326025390625
 20
20.9263427734375
 10
225.2303955078125
 20
20.8353759765625
 10
225.1328369140625
 20
20.74609375
 10
225.033349609375
 20
20.6586181640625
 10
224.93203125
 20
20.5729248046875
 10
224.828857421875
 20
20.4890869140625
 10
224.7239501953125
 20
20.4071044921875
 10
224.6174072265625
 20
20.3269775390625
 10
224.50927734375
 20
20.248681640625
 10
224.39970703125
 20
20.17216796875
 10
224.2887451171875
 20
20.097412109375
 10
224.176611328125
 20
20.0242919921875
 10
224.063330078125
 20
19.952783203125
 10
223.9489990234375
 20
19.882763671875
 10
223.833837890625
 20
19.8141357421875
 10
223.71787109375
 20
19.746826171875
 10
223.601220703125
 20
19.680712890625
 10
223.483984375
 20
19.615673828125
 10
223.3662841796875
 20
19.5515869140625
 10
223.2481689453125
 20
19.48837890625
 10
223.129736328125
 20
19.4260009765625
 10
223.010986328125
 20
19.364306640625
 10
222.892041015625
 20
19.30322265625
 10
222.7729248046875
 20
19.2427001953125
 10
222.653662109375
 20
19.18271484375
 10
222.534326171875
 20
19.123095703125
 10
222.414892578125
 20
19.0638916015625
 10
222.29541015625
 20
19.0050048828125
 10
222.175927734375
 20
18.9464111328125
 10
222.056396484375
 20
18.888037109375
 10
221.9368408203125
 20
18.8299072265625
 10
221.8173095703125
 20
18.77197265625
 10
221.69775390625
 20
18.7141845703125
 10
221.578173828125
 20
18.65654296875
 10
221.4586181640625
 20
18.5989501953125
 10
221.3390380859375
 20
18.5414794921875
 10
221.219482421875
 20
18.4840576171875
 10
221.0999267578125
 20
18.4266357421875
 10
220.98037109375
 20
18.369189453125
 10
220.8608154296875
 20
18.311767578125
 10
220.7412841796875
 20
18.2542724609375
 10
220.621728515625
 20
18.19677734375
 10
220.5021728515625
 20
18.1392333984375
 10
220.3825927734375
 20
18.081689453125
 10
220.263037109375
 20
18.0241455078125
 10
220.1434814453125
 20
17.9666259765625
 10
220.0239501953125
 20
17.9092529296875
 10
219.9044189453125
 20
17.8520751953125
 10
219.7849365234375
 20
17.795166015625
 10
219.665478515625
 20
17.738623046875
 10
219.5460205078125
 20
17.6826904296875
 10
219.4266357421875
 20
17.627392578125
 10
219.30732421875
 20
17.573046875
 10
219.1881103515625
 20
17.519775390625
 10
219.0689697265625
 20
17.467822265625
 10
218.95
 20
17.41748046875
 10
218.831201171875
 20
17.3690185546875
 10
218.71259765625
 20
17.322705078125
 10
218.59423828125
 20
17.2788330078125
 10
218.4761962890625
 20
17.2377685546875
 10
218.35849609375
 20
17.1998291015625
 10
218.241162109375
 20
17.16533203125
 10
218.1242919921875
 20
17.1346435546875
 10
218.00791015625
 20
17.1080810546875
 10
217.89208984375
 20
17.0859619140625
  0
LWPOLYLINE
  5
57
330
17
100
AcDbEntity
  8
0
100
AcDbPolyline
 90
178
 70
1
 10
246.3369384765625
 20
14.91787109375
 10
246.1504150390625
 20
14.9353271484375
 10
246.064501953125
 20
14.9483642578125
 10
245.9618408203125
 20
14.9671630859375
 10
245.842041015625
 20
14.9927490234375
 10
245.731005859375
 20
15.024658203125
 10
245.615087890625
 20
15.063525390625
 10
245.496728515625
 20
15.1086181640625
 10
245.3783935546875
 20
15.159326171875
 10
245.2590087890625
 20
15.214404296875
 10
245.1392822265625
 20
15.2725341796875
 10
245.0195556640625
 20
15.332861328125
 10
244.8998291015625
 20
15.3947509765625
 10
244.7801025390625
 20
15.457568359375
 10
244.660400390625
 20
15.5210205078125
 10
244.5406982421875
 20
15.584765625
 10
244.4209716796875
 20
15.648828125
 10
244.3012939453125
 20
15.7135009765625
 10
244.181591796875
 20
15.7791259765625
 10
244.0618896484375
 20
15.845361328125
 10
243.9421630859375
 20
15.912548828125
 10
243.8224609375
 20
15.9809326171875
 10
243.7027587890625
 20
16.0509033203125
 10
243.583056640625
 20
16.122412109375
 10
243.4633544921875
 20
16.194873046875
 10
243.343701171875
 20
16.2676025390625
 10
243.2239990234375
 20
16.3400390625
 10
243.104296875
 20
16.4115478515625
 10
242.984619140625
 20
16.481201171875
 10
242.8649658203125
 20
16.5483642578125
 10
242.745263671875
 20
16.613037109375
 10
242.6255615234375
 20
16.675537109375
 10
242.505859375
 20
16.7361572265625
 10
242.3861572265625
 20
16.7958740234375
 10
242.266455078125
 20
16.854931640625
 10
242.1467529296875
 20
16.9143310546875
 10
242.027099609375
 20
16.974365234375
 10
241.907373046875
 20
17.035302734375
 10
241.7876953125
 20
17.0974609375
 10
241.668017578125
 20
17.161181640625
 10
241.5483154296875
 20
17.2264892578125
 10
241.428662109375
 20
17.293603515625
 10
241.308984375
 20
17.3626220703125
 10
241.189306640625
 20
17.4338134765625
 10
241.069677734375
 20
17.5068359375
 10
240.9500244140625
 20
17.5814453125
 10
240.8303466796875
 20
17.657275390625
 10
240.711083984375
 20
17.7343505859375
 10
240.5927978515625
 20
17.8126708984375
 10
240.4766357421875
 20
17.8924560546875
 10
240.3639892578125
 20
17.9741455078125
 10
240.2565673828125
 20
18.0581787109375
 10
240.1564697265625
 20
18.1452392578125
 10
240.066162109375
 20
18.235888671875
 10
239.9873779296875
 20
18.3301025390625
 10
239.921142578125
 20
18.4278564453125
 10
239.867822265625
 20
18.5285400390625
 10
239.827099609375
 20
18.6315673828125
 10
239.7978515625
 20
18.736279296875
 10
239.7784423828125
 20
18.8421142578125
 10
239.7663330078125
 20
18.9484130859375
 10
239.759423828125
 20
19.0550048828125
 10
239.7560302734375
 20
19.1615478515625
 10
239.754736328125
 20
19.2680419921875
 10
239.7544921875
 20
19.3745361328125
 10
239.754931640625
 20
19.481005859375
 10
239.7560791015625
 20
19.5874755859375
 10
239.758251953125
 20
19.6939453125
 10
239.7618408203125
 20
19.8003662109375
 10
239.7671630859375
 20
19.9068115234375
 10
239.774609375
 20
20.0132080078125
 10
239.7844970703125
 20
20.1195556640625
 10
239.79609375
 20
20.2258544921875
 10
239.808740234375
 20
20.332177734375
 10
239.821728515625
 20
20.4384765625
 10
239.834375
 20
20.5447998046875
 10
239.8460205078125
 20
20.6511474609375
 10
239.856201171875
 20
20.757470703125
 10
239.8646728515625
 20
20.8638427734375
 10
239.8720947265625
 20
20.9702392578125
 10
239.8791748046875
 20
21.0766357421875
 10
239.8865966796875
 20
21.1830322265625
 10
239.8954345703125
 20
21.2893798828125
 10
239.906689453125
 20
21.3957275390625
 10
239.9203857421875
 20
21.5020263671875
 10
239.936572265625
 20
21.6082763671875
 10
239.9548095703125
 20
21.7145751953125
 10
239.9747802734375
 20
21.820751953125
 10
239.9961669921875
 20
21.926953125
 10
240.0175537109375
 20
22.0331787109375
 10
240.0375244140625
 20
22.139404296875
 10
240.056103515625
 20
22.2456298828125
 10
240.0733154296875
 20
22.3518310546875
 10
240.089111328125
 20
22.458154296875
 10
240.1035400390625
 20
22.564453125
 10
240.1165283203125
 20
22.670751953125
 10
240.1291748046875
 20
22.777099609375
 10
240.1428955078125
 20
22.8833984375
 10
240.1576416015625
 20
22.989697265625
 10
240.1734375
 20
23.0959716796875
 10
240.1906494140625
 20
23.2022216796875
 10
240.2095703125
 20
23.3084716796875
 10
240.2309814453125
 20
23.4146728515625
 10
240.2554931640625
 20
23.5208251953125
 10
240.2828125
 20
23.6269287109375
 10
240.3139892578125
 20
23.7330078125
 10
240.3503662109375
 20
23.839013671875
 10
240.3926513671875
 20
23.944921875
 10
240.4419921875
 20
24.050439453125
 10
240.4986083984375
 20
24.1552490234375
 10
240.5622314453125
 20
24.259033203125
 10
240.6338623046875
 20
24.3611572265625
 10
240.713525390625
 20
24.460693359375
 10
240.800537109375
 20
24.5567138671875
 10
240.894482421875
 20
24.647998046875
 10
240.9943603515625
 20
24.734228515625
 10
241.0991455078125
 20
24.8151123046875
 10
241.208056640625
 20
24.8903564453125
 10
241.319482421875
 20
24.9605712890625
 10
241.431884765625
 20
25.027392578125
 10
241.5443359375
 20
25.092333984375
 10
241.6556884765625
 20
25.1579345703125
 10
241.7653564453125
 20
25.225390625
 10
241.8736328125
 20
25.2956787109375
 10
241.9808349609375
 20
25.369384765625
 10
242.0876953125
 20
25.4462158203125
 10
242.194921875
 20
25.5248779296875
 10
242.303173828125
 20
25.6038818359375
 10
242.4132080078125
 20
25.6806640625
 10
242.5256591796875
 20
25.7536865234375
 10
242.6402099609375
 20
25.822314453125
 10
242.7564697265625
 20
25.8865966796875
 10
242.874169921875
 20
25.946533203125
 10
242.9928466796875
 20
26.0021240234375
 10
243.1122802734375
 20
26.0539306640625
 10
243.2320556640625
 20
26.1026611328125
 10
243.351806640625
 20
26.148876953125
 10
243.4715576171875
 20
26.1920166015625
 10
243.5913330078125
 20
26.2314208984375
 10
243.711083984375
 20
26.2670654296875
 10
243.830810546875
 20
26.2999755859375
 10
243.9505615234375
 20
26.331005859375
 10
244.0703125
 20
26.36171875
 10
244.1900390625
 20
26.393017578125
 10
244.3097900390625
 20
26.4271484375
 10
244.429541015625
 20
26.4653076171875
 10
244.5492919921875
 20
26.5087646484375
 10
244.669091796875
 20
26.557470703125
 10
244.7888671875
 20
26.6105712890625
 10
244.908642578125
 20
26.667041015625
 10
245.028466796875
 20
26.7263427734375
 10
245.1482666015625
 20
26.7865478515625
 10
245.2680419921875
 20
26.8467529296875
 10
245.3878662109375
 20
26.9048095703125
 10
245.5072998046875
 20
26.959130859375
 10
245.626025390625
 20
27.0088134765625
 10
245.743359375
 20
27.0516845703125
 10
245.858251953125
 20
27.084912109375
 10
245.9696044921875
 20
27.1064208984375
 10
246.0760986328125
 20
27.113720703125
 10
246.175927734375
 20
27.106201171875
 10
246.269091796875
 20
27.081982421875
 10
246.3538330078125
 20
27.0427001953125
 10
246.429150390625
 20
26.991357421875
 10
246.5023681640625
 20
26.918017578125
 10
246.561962890625
 20
26.8483154296875
 10
246.6093505859375
 20
26.7849365234375
 10
246.7044189453125
 20
26.6302734375
 10
246.7044189453125
 20
15.9781494140625
 10
246.6539306640625
 20
15.8130126953125
 10
246.6327392578125
 20
15.737158203125
 10
246.6079345703125
 20
15.6474365234375
 10
246.5778076171875
 20
15.5425537109375
 10
246.5505615234375
 20
15.4475830078125
 10
246.5215087890625
 20
15.3526611328125
 10
246.4830078125
 20
15.2478759765625
 10
246.4484375
 20
15.1583251953125
 10
246.417138671875
 20
15.0826416015625
  0
LWPOLYLINE
  5
58
330
17
100
AcDbEntity
  8
0
100
AcDbPolyline
 90
326
 70
1
 10
170.318701171875
 20
11.310107421875
 10
170.25740966796874
 20
11.27138671875
 10
170.18887939453126
 20
11.2357177734375
 10
170.113671875
 20
11.2031494140625
 10
170.0322998046875
 20
11.173681640625
 10
169.94537353515625
 20
11.147216796875
 10
169.85343017578126
 20
11.123681640625
 10
169.75701904296875
 20
11.102978515625
 10
169.65667724609375
 20
11.0849365234375
 10
169.5529296875
 20
11.06943359375
 10
169.44627685546874
 20
11.056298828125
 10
169.337109375
 20
11.0453369140625
 10
169.22586669921876
 20
11.036328125
 10
169.11292724609376
 20
11.0291259765625
 10
168.99857177734376
 20
11.0235107421875
 10
168.88306884765626
 20
11.019287109375
 10
168.76671142578124
 20
11.016357421875
 10
168.64964599609374
 20
11.0144775390625
 10
168.5320556640625
 20
11.01357421875
 10
168.41407470703126
 20
11.0134521484375
 10
168.29581298828126
 20
11.014111328125
 10
168.17733154296874
 20
11.0153564453125
 10
168.05870361328124
 20
11.0171875
 10
167.939990234375
 20
11.01953125
 10
167.8212158203125
 20
11.022265625
 10
167.702392578125
 20
11.0254150390625
 10
167.5835693359375
 20
11.028955078125
 10
167.46470947265624
 20
11.0327880859375
 10
167.34588623046875
 20
11.03701171875
 10
167.2270263671875
 20
11.0414794921875
 10
167.10819091796876
 20
11.046240234375
 10
166.9893310546875
 20
11.05126953125
 10
166.87049560546876
 20
11.05654296875
 10
166.75164794921875
 20
11.06201171875
 10
166.6328125
 20
11.06767578125
 10
166.5139892578125
 20
11.0735107421875
 10
166.3951416015625
 20
11.0795166015625
 10
166.27630615234375
 20
11.085595703125
 10
166.157470703125
 20
11.0917724609375
 10
166.0386474609375
 20
11.097998046875
 10
165.91981201171876
 20
11.104248046875
 10
165.8009765625
 20
11.110546875
 10
165.68216552734376
 20
11.116845703125
 10
165.563330078125
 20
11.12314453125
 10
165.44451904296875
 20
11.1294677734375
 10
165.32567138671874
 20
11.1358154296875
 10
165.2068603515625
 20
11.1422119140625
 10
165.0880615234375
 20
11.1487060546875
 10
164.9692626953125
 20
11.1552978515625
 10
164.85047607421876
 20
11.162109375
 10
164.7317626953125
 20
11.1691650390625
 10
164.613037109375
 20
11.1765869140625
 10
164.494384765625
 20
11.18447265625
 10
164.37581787109374
 20
11.19296875
 10
164.25736083984376
 20
11.2021728515625
 10
164.13902587890624
 20
11.2122314453125
 10
164.0208740234375
 20
11.2233642578125
 10
163.90296630859376
 20
11.2356689453125
 10
163.78533935546875
 20
11.2493896484375
 10
163.6680908203125
 20
11.2647705078125
 10
163.5512451171875
 20
11.28193359375
 10
163.43494873046876
 20
11.301123046875
 10
163.31929931640624
 20
11.322607421875
 10
163.20435791015626
 20
11.34658203125
 10
163.0903076171875
 20
11.3733154296875
 10
162.97723388671875
 20
11.4029541015625
 10
162.86524658203126
 20
11.4357177734375
 10
162.754541015625
 20
11.4718505859375
 10
162.6451904296875
 20
11.5114501953125
 10
162.537353515625
 20
11.5546875
 10
162.43114013671874
 20
11.6016845703125
 10
162.3266845703125
 20
11.652490234375
 10
162.22408447265624
 20
11.7072509765625
 10
162.12344970703126
 20
11.7658935546875
 10
162.024853515625
 20
11.8284423828125
 10
161.9283447265625
 20
11.894873046875
 10
161.833984375
 20
11.965087890625
 10
161.741796875
 20
12.03896484375
 10
161.65177001953126
 20
12.1163330078125
 10
161.56390380859375
 20
12.1970947265625
 10
161.478125
 20
12.2809814453125
 10
161.394384765625
 20
12.3678466796875
 10
161.3126220703125
 20
12.457421875
 10
161.2326904296875
 20
12.5495361328125
 10
161.154541015625
 20
12.64384765625
 10
161.07803955078126
 20
12.7402099609375
 10
161.00301513671874
 20
12.8383544921875
 10
160.92940673828124
 20
12.938134765625
 10
160.85703125
 20
13.039208984375
 10
160.7857666015625
 20
13.14150390625
 10
160.71551513671875
 20
13.244775390625
 10
160.64615478515626
 20
13.3488525390625
 10
160.577587890625
 20
13.4535888671875
 10
160.509716796875
 20
13.5588623046875
 10
160.4424560546875
 20
13.6645751953125
 10
160.3757568359375
 20
13.770654296875
 10
160.3095703125
 20
13.8769775390625
 10
160.24388427734374
 20
13.98349609375
 10
160.1786865234375
 20
14.0901611328125
 10
160.1139892578125
 20
14.196923828125
 10
160.0498046875
 20
14.303759765625
 10
159.986181640625
 20
14.410595703125
 10
159.9231689453125
 20
14.5175048828125
 10
159.8608154296875
 20
14.6244384765625
 10
159.79921875
 20
14.7313232421875
 10
159.73846435546875
 20
14.83818359375
 10
159.67864990234375
 20
14.9449951171875
 10
159.61988525390626
 20
15.0517822265625
 10
159.5622802734375
 20
15.158447265625
 10
159.5059814453125
 20
15.2650146484375
 10
159.45113525390624
 20
15.3714111328125
 10
159.39788818359375
 20
15.4775634765625
 10
159.346435546875
 20
15.5834228515625
 10
159.29696044921874
 20
15.6888916015625
 10
159.24964599609376
 20
15.7938232421875
 10
159.20474853515626
 20
15.8981201171875
 10
159.16248779296876
 20
16.0015869140625
 10
159.12310791015625
 20
16.1040283203125
 10
159.08690185546874
 20
16.2052978515625
 10
159.05413818359375
 20
16.3050048828125
 10
159.02510986328124
 20
16.4030029296875
 10
159.00008544921874
 20
16.4989013671875
 10
158.97943115234375
 20
16.592431640625
 10
158.9634033203125
 20
16.6832275390625
 10
158.952294921875
 20
16.77099609375
 10
158.94642333984376
 20
16.8552490234375
 10
158.94600830078124
 20
16.935693359375
 10
158.951318359375
 20
17.0119384765625
 10
158.96256103515626
 20
17.0836181640625
 10
158.979931640625
 20
17.1504150390625
 10
159.0035400390625
 20
17.212060546875
 10
159.033447265625
 20
17.2682373046875
 10
159.0697509765625
 20
17.3187255859375
 10
159.11239013671874
 20
17.36337890625
 10
159.161328125
 20
17.402099609375
 10
159.21644287109376
 20
17.4347900390625
 10
159.27755126953124
 20
17.4614501953125
 10
159.344482421875
 20
17.4822021484375
 10
159.41697998046874
 20
17.4972412109375
 10
159.49476318359376
 20
17.5066650390625
 10
159.5775146484375
 20
17.5108154296875
 10
159.6648681640625
 20
17.5099853515625
 10
159.75648193359376
 20
17.50458984375
 10
159.85198974609375
 20
17.495068359375
 10
159.951025390625
 20
17.4819580078125
 10
160.05321044921874
 20
17.4656982421875
 10
160.15819091796874
 20
17.446875
 10
160.2656005859375
 20
17.4260498046875
 10
160.37510986328124
 20
17.403759765625
 10
160.48643798828124
 20
17.3805908203125
 10
160.59930419921875
 20
17.3572021484375
 10
160.7134765625
 20
17.33408203125
 10
160.82869873046874
 20
17.311865234375
 10
160.94476318359375
 20
17.2910400390625
 10
161.0615234375
 20
17.27216796875
 10
161.17879638671874
 20
17.255712890625
 10
161.29652099609376
 20
17.242138671875
 10
161.41456298828126
 20
17.2318115234375
 10
161.53282470703124
 20
17.2252197265625
 10
161.65125732421876
 20
17.22265625
 10
161.76981201171876
 20
17.2244873046875
 10
161.8884521484375
 20
17.2308349609375
 10
162.00714111328125
 20
17.242041015625
 10
162.125830078125
 20
17.258154296875
 10
162.24451904296876
 20
17.2793701171875
 10
162.36319580078126
 20
17.305712890625
 10
162.4818115234375
 20
17.337158203125
 10
162.6003662109375
 20
17.37373046875
 10
162.71885986328124
 20
17.4153076171875
 10
162.8372314453125
 20
17.4617431640625
 10
162.95548095703126
 20
17.5128662109375
 10
163.0736328125
 20
17.568505859375
 10
163.19158935546875
 20
17.6283935546875
 10
163.309375
 20
17.6922607421875
 10
163.4269287109375
 20
17.759814453125
 10
163.54427490234374
 20
17.83076171875
 10
163.6613525390625
 20
17.90478515625
 10
163.778173828125
 20
17.9815673828125
 10
163.89473876953124
 20
18.060791015625
 10
164.01102294921876
 20
18.1421142578125
 10
164.12701416015625
 20
18.2252685546875
 10
164.242724609375
 20
18.3098876953125
 10
164.3581787109375
 20
18.3957763671875
 10
164.47335205078124
 20
18.4826416015625
 10
164.5882568359375
 20
18.57021484375
 10
164.70296630859374
 20
18.65830078125
 10
164.81749267578124
 20
18.7466552734375
 10
164.9318603515625
 20
18.83515625
 10
165.04610595703124
 20
18.92353515625
 10
165.16026611328124
 20
19.011669921875
 10
165.27432861328126
 20
19.09931640625
 10
165.38834228515626
 20
19.186376953125
 10
165.50230712890624
 20
19.2725830078125
 10
165.61622314453126
 20
19.3578125
 10
165.73006591796874
 20
19.441845703125
 10
165.84381103515625
 20
19.5244873046875
 10
165.95740966796876
 20
19.60546875
 10
166.07073974609375
 20
19.6845458984375
 10
166.183740234375
 20
19.76142578125
 10
166.2962646484375
 20
19.83583984375
 10
166.40811767578126
 20
19.907421875
 10
166.51910400390625
 20
19.9757568359375
 10
166.62899169921874
 20
20.0406005859375
 10
166.737548828125
 20
20.10146484375
 10
166.8445068359375
 20
20.157958984375
 10
166.94954833984374
 20
20.2097412109375
 10
167.0523681640625
 20
20.25634765625
 10
167.15262451171876
 20
20.297509765625
 10
167.24998779296874
 20
20.3327392578125
 10
167.34410400390624
 20
20.3617431640625
 10
167.43465576171874
 20
20.3842041015625
 10
167.5213134765625
 20
20.3998779296875
 10
167.60377197265626
 20
20.4085205078125
 10
167.6817626953125
 20
20.4100341796875
 10
167.755029296875
 20
20.4042236328125
 10
167.823388671875
 20
20.391064453125
 10
167.8866455078125
 20
20.370654296875
 10
167.94468994140624
 20
20.343017578125
 10
167.9974365234375
 20
20.308251953125
 10
168.044873046875
 20
20.266650390625
 10
168.0869873046875
 20
20.218408203125
 10
168.12388916015624
 20
20.1638427734375
 10
168.15565185546876
 20
20.1032958984375
 10
168.1824462890625
 20
20.0371826171875
 10
168.20445556640624
 20
19.9658447265625
 10
168.22188720703124
 20
19.8897216796875
 10
168.23499755859376
 20
19.8092529296875
 10
168.24407958984375
 20
19.724853515625
 10
168.24937744140624
 20
19.6369873046875
 10
168.2511962890625
 20
19.5460205078125
 10
168.2498291015625
 20
19.452392578125
 10
168.245556640625
 20
19.3564208984375
 10
168.23868408203126
 20
19.2585205078125
 10
168.2294677734375
 20
19.15888671875
 10
168.21815185546876
 20
19.05791015625
 10
168.2050048828125
 20
18.955810546875
 10
168.190234375
 20
18.8527587890625
 10
168.1740478515625
 20
18.7490478515625
 10
168.156640625
 20
18.6447021484375
 10
168.138134765625
 20
18.5399658203125
 10
168.118701171875
 20
18.434912109375
 10
168.09842529296876
 20
18.3296142578125
 10
168.07742919921876
 20
18.224169921875
 10
168.05579833984376
 20
18.1185791015625
 10
168.03358154296876
 20
18.012841796875
 10
168.01082763671874
 20
17.90712890625
 10
167.9876220703125
 20
17.8013916015625
 10
167.96392822265625
 20
17.69560546875
 10
167.93983154296876
 20
17.5898193359375
 10
167.91531982421876
 20
17.4840576171875
 10
167.89041748046876
 20
17.3782958984375
 10
167.86512451171876
 20
17.27255859375
 10
167.8394775390625
 20
17.1668212890625
 10
167.81348876953126
 20
17.061083984375
 10
167.78717041015625
 20
16.955419921875
 10
167.7605712890625
 20
16.8498291015625
 10
167.73372802734374
 20
16.7442138671875
 10
167.7067138671875
 20
16.6386962890625
 10
167.67960205078126
 20
16.5332275390625
 10
167.65247802734376
 20
16.427880859375
 10
167.62547607421874
 20
16.32265625
 10
167.5987548828125
 20
16.2175537109375
 10
167.5724609375
 20
16.112646484375
 10
167.54678955078126
 20
16.007958984375
 10
167.52198486328126
 20
15.9035400390625
 10
167.49827880859374
 20
15.7993896484375
 10
167.47596435546876
 20
15.69560546875
 10
167.455322265625
 20
15.5921630859375
 10
167.43668212890626
 20
15.4891845703125
 10
167.42037353515624
 20
15.3867431640625
 10
167.40677490234376
 20
15.28486328125
 10
167.3962158203125
 20
15.1836181640625
 10
167.38905029296876
 20
15.08310546875
 10
167.38568115234375
 20
14.9833251953125
 10
167.3864501953125
 20
14.8844482421875
 10
167.391650390625
 20
14.786474609375
 10
167.40164794921876
 20
14.68955078125
 10
167.4166748046875
 20
14.593701171875
 10
167.43699951171874
 20
14.4989990234375
 10
167.46280517578126
 20
14.405517578125
 10
167.49422607421874
 20
14.3134033203125
 10
167.531396484375
 20
14.2226806640625
 10
167.574365234375
 20
14.1334716796875
 10
167.62313232421874
 20
14.04580078125
 10
167.6776611328125
 20
13.959716796875
 10
167.737841796875
 20
13.875341796875
 10
167.80355224609374
 20
13.7927001953125
 10
167.87457275390625
 20
13.71181640625
 10
167.9506591796875
 20
13.63271484375
 10
168.03155517578125
 20
13.5553955078125
 10
168.116943359375
 20
13.4799072265625
 10
168.2064697265625
 20
13.406201171875
 10
168.29979248046874
 20
13.334228515625
 10
168.39652099609376
 20
13.263916015625
 10
168.4962646484375
 20
13.195263671875
 10
168.59859619140624
 20
13.1281005859375
 10
168.703076171875
 20
13.0623291015625
 10
168.80926513671875
 20
12.9977783203125
 10
168.916748046875
 20
12.934375
 10
169.02498779296874
 20
12.8718994140625
 10
169.1335205078125
 20
12.8102294921875
 10
169.241845703125
 20
12.7491455078125
 10
169.34942626953125
 20
12.688525390625
 10
169.45574951171875
 20
12.6281494140625
 10
169.5602294921875
 20
12.567919921875
 10
169.6623046875
 20
12.507666015625
 10
169.761376953125
 20
12.447265625
 10
169.8568603515625
 20
12.3866455078125
 10
169.94810791015624
 20
12.3257568359375
 10
170.034521484375
 20
12.2645263671875
 10
170.11549072265626
 20
12.20302734375
 10
170.19039306640624
 20
12.14130859375
 10
170.25865478515624
 20
12.07939453125
 10
170.3197509765625
 20
12.0174560546875
 10
170.37313232421874
 20
11.9556396484375
 10
170.418359375
 20
11.8941650390625
 10
170.455029296875
 20
11.833251953125
 10
170.48280029296876
 20
11.773095703125
 10
170.50142822265624
 20
11.7139892578125
 10
170.5107666015625
 20
11.6562255859375
 10
170.51070556640624
 20
11.600048828125
 10
170.50123291015626
 20
11.5457275390625
 10
170.4824462890625
 20
11.4935302734375
 10
170.4545166015625
 20
11.4436767578125
 10
170.41768798828124
 20
11.39638671875
 10
170.37227783203124
 20
11.351806640625
  0
LWPOLYLINE
  5
59
330
17
100
AcDbEntity
  8
0
100
AcDbPolyline
 90
496
 70
1
 10
176.5013671875
 20
10.78447265625
 10
176.3165283203125
 20
10.8864990234375
 10
176.2313720703125
 20
10.9333740234375
 10
176.1296142578125
 20
10.9894287109375
 10
176.01090087890626
 20
11.0546875
 10
175.90081787109375
 20
11.1148681640625
 10
175.78590087890626
 20
11.177587890625
 10
175.66856689453124
 20
11.2416015625
 10
175.55123291015624
 20
11.305615234375
 10
175.43284912109374
 20
11.3693115234375
 10
175.3141357421875
 20
11.432373046875
 10
175.19542236328124
 20
11.494873046875
 10
175.07669677734376
 20
11.556689453125
 10
174.9580078125
 20
11.617919921875
 10
174.83927001953126
 20
11.6785400390625
 10
174.72056884765624
 20
11.738525390625
 10
174.60185546875
 20
11.7991455078125
 10
174.4831298828125
 20
11.8603515625
 10
174.3644287109375
 20
11.922216796875
 10
174.24571533203124
 20
11.9846923828125
 10
174.1270263671875
 20
12.047705078125
 10
174.00831298828126
 20
12.111767578125
 10
173.88961181640624
 20
12.1766845703125
 10
173.77091064453126
 20
12.2416015625
 10
173.6522216796875
 20
12.3065185546875
 10
173.53350830078125
 20
12.371484375
 10
173.41483154296876
 20
12.43671875
 10
173.29613037109374
 20
12.5022705078125
 10
173.17744140625
 20
12.5674560546875
 10
173.0587646484375
 20
12.6323974609375
 10
172.9400634765625
 20
12.697314453125
 10
172.82138671875
 20
12.7626220703125
 10
172.70269775390625
 20
12.8281494140625
 10
172.5840087890625
 20
12.893359375
 10
172.46531982421874
 20
12.9583251953125
 10
172.34664306640624
 20
13.0232421875
 10
172.22796630859375
 20
13.0884765625
 10
172.10928955078126
 20
13.1539794921875
 10
171.9906005859375
 20
13.2192138671875
 10
171.87191162109374
 20
13.2844482421875
 10
171.7532470703125
 20
13.35
 10
171.6345703125
 20
13.416162109375
 10
171.51590576171876
 20
13.4829345703125
 10
171.39722900390626
 20
13.5496826171875
 10
171.27855224609374
 20
13.6168212890625
 10
171.15989990234374
 20
13.684814453125
 10
171.0412353515625
 20
13.753125
 10
170.92257080078124
 20
13.8220703125
 10
170.80391845703124
 20
13.8909912109375
 10
170.68526611328124
 20
13.9602783203125
 10
170.5666015625
 20
14.0301025390625
 10
170.44794921875
 20
14.0996337890625
 10
170.329296875
 20
14.16796875
 10
170.21099853515625
 20
14.2353515625
 10
170.0933837890625
 20
14.301171875
 10
169.97716064453124
 20
14.3660400390625
 10
169.86336669921874
 20
14.429638671875
 10
169.75338134765624
 20
14.4926025390625
 10
169.64893798828126
 20
14.556689453125
 10
169.55213623046876
 20
14.6237548828125
 10
169.46434326171874
 20
14.6947265625
 10
169.38729248046874
 20
14.7708251953125
 10
169.3220458984375
 20
14.8523193359375
 10
169.26927490234374
 20
14.9398193359375
 10
169.22900390625
 20
15.0330322265625
 10
169.2005126953125
 20
15.130712890625
 10
169.18275146484376
 20
15.2316650390625
 10
169.17508544921876
 20
15.3349609375
 10
169.1760498046875
 20
15.4396728515625
 10
169.1849853515625
 20
15.545166015625
 10
169.20052490234374
 20
15.650927734375
 10
169.2216064453125
 20
15.756591796875
 10
169.2478759765625
 20
15.8621826171875
 10
169.2783203125
 20
15.967724609375
 10
169.3118896484375
 20
16.0732177734375
 10
169.3482177734375
 20
16.1786865234375
 10
169.38592529296875
 20
16.284130859375
 10
169.4246826171875
 20
16.3895263671875
 10
169.4641357421875
 20
16.4949462890625
 10
169.5029052734375
 20
16.600390625
 10
169.54095458984375
 20
16.7058349609375
 10
169.5783203125
 20
16.811279296875
 10
169.61396484375
 20
16.916748046875
 10
169.6482177734375
 20
17.0222412109375
 10
169.6810791015625
 20
17.1277587890625
 10
169.71256103515626
 20
17.2332275390625
 10
169.74404296875
 20
17.3387451171875
 10
169.7755126953125
 20
17.4443115234375
 10
169.80699462890624
 20
17.549853515625
 10
169.83951416015626
 20
17.6553466796875
 10
169.87274169921875
 20
17.7608642578125
 10
169.9062744140625
 20
17.866357421875
 10
169.94017333984374
 20
17.9718505859375
 10
169.973046875
 20
18.07734375
 10
170.00452880859376
 20
18.1828857421875
 10
170.03463134765624
 20
18.2884521484375
 10
170.06297607421874
 20
18.393994140625
 10
170.0903076171875
 20
18.4995849609375
 10
170.11763916015624
 20
18.6052001953125
 10
170.1449462890625
 20
18.710791015625
 10
170.1733154296875
 20
18.816357421875
 10
170.20340576171876
 20
18.9218994140625
 10
170.23487548828126
 20
19.0274658203125
 10
170.26776123046875
 20
19.132958984375
 10
170.30166015625
 20
19.2384521484375
 10
170.33521728515626
 20
19.3439697265625
 10
170.36807861328126
 20
19.449462890625
 10
170.39991455078126
 20
19.5550048828125
 10
170.43035888671875
 20
19.660546875
 10
170.4600830078125
 20
19.7660888671875
 10
170.48914794921876
 20
19.8716796875
 10
170.5175048828125
 20
19.9772216796875
 10
170.5462158203125
 20
20.0828369140625
 10
170.57596435546876
 20
20.1884033203125
 10
170.6067626953125
 20
20.2939208984375
 10
170.6385986328125
 20
20.399462890625
 10
170.6711181640625
 20
20.5050048828125
 10
170.7043212890625
 20
20.6105224609375
 10
170.73824462890624
 20
20.716015625
 10
170.77249755859376
 20
20.8215087890625
 10
170.80675048828124
 20
20.927001953125
 10
170.84100341796875
 20
21.0324951171875
 10
170.87525634765626
 20
21.1380126953125
 10
170.90950927734374
 20
21.243505859375
 10
170.9434326171875
 20
21.3490234375
 10
170.97698974609375
 20
21.454541015625
 10
171.01019287109375
 20
21.5600341796875
 10
171.04305419921874
 20
21.665576171875
 10
171.07557373046876
 20
21.77109375
 10
171.10775146484374
 20
21.8766357421875
 10
171.1395751953125
 20
21.982177734375
 10
171.17210693359374
 20
22.0877197265625
 10
171.20531005859374
 20
22.193212890625
 10
171.2392333984375
 20
22.2987548828125
 10
171.27384033203126
 20
22.404248046875
 10
171.30880126953124
 20
22.5097412109375
 10
171.34407958984374
 20
22.6152099609375
 10
171.37972412109374
 20
22.720703125
 10
171.4146728515625
 20
22.826220703125
 10
171.44893798828124
 20
22.931689453125
 10
171.48284912109375
 20
23.0372314453125
 10
171.51676025390626
 20
23.142724609375
 10
171.55169677734375
 20
23.2482421875
 10
171.58804931640626
 20
23.3537353515625
 10
171.62611083984376
 20
23.4591796875
 10
171.66661376953124
 20
23.564599609375
 10
171.7102294921875
 20
23.669970703125
 10
171.7566162109375
 20
23.775341796875
 10
171.8057861328125
 20
23.8806640625
 10
171.8577392578125
 20
23.9859130859375
 10
171.91279296875
 20
24.091162109375
 10
171.97166748046874
 20
24.196337890625
 10
172.03504638671876
 20
24.3014892578125
 10
172.1029296875
 20
24.4065185546875
 10
172.17672119140624
 20
24.5115234375
 10
172.25672607421876
 20
24.61640625
 10
172.34263916015624
 20
24.7212646484375
 10
172.43409423828126
 20
24.8256591796875
 10
172.5297119140625
 20
24.929443359375
 10
172.62811279296875
 20
25.0322265625
 10
172.7282470703125
 20
25.1337646484375
 10
172.82802734375
 20
25.2334716796875
 10
172.92640380859376
 20
25.3306884765625
 10
173.02271728515626
 20
25.4248779296875
 10
173.11624755859376
 20
25.5163330078125
 10
173.2076904296875
 20
25.6049560546875
 10
173.29775390625
 20
25.690869140625
 10
173.387109375
 20
25.7739990234375
 10
173.47681884765626
 20
25.8552734375
 10
173.5678955078125
 20
25.935595703125
 10
173.66141357421876
 20
26.0158935546875
 10
173.75841064453124
 20
26.096142578125
 10
173.8585205078125
 20
26.177294921875
 10
173.96141357421874
 20
26.260205078125
 10
174.0667236328125
 20
26.3455810546875
 10
174.17412109375
 20
26.433154296875
 10
174.28258056640624
 20
26.5225341796875
 10
174.391015625
 20
26.6134521484375
 10
174.49842529296876
 20
26.7059326171875
 10
174.60516357421875
 20
26.799072265625
 10
174.71153564453124
 20
26.8919189453125
 10
174.8178955078125
 20
26.9843994140625
 10
174.92462158203125
 20
27.0765869140625
 10
175.03238525390626
 20
27.1684326171875
 10
175.14188232421876
 20
27.2599853515625
 10
175.25380859375
 20
27.351171875
 10
175.36783447265626
 20
27.4423828125
 10
175.48358154296875
 20
27.5338134765625
 10
175.60072021484376
 20
27.6249755859375
 10
175.71888427734376
 20
27.716064453125
 10
175.83775634765624
 20
27.8074951171875
 10
175.95662841796874
 20
27.899560546875
 10
176.0748046875
 20
27.9925537109375
 10
176.1919677734375
 20
28.086474609375
 10
176.30736083984374
 20
28.1810302734375
 10
176.42000732421874
 20
28.275927734375
 10
176.53021240234375
 20
28.3705810546875
 10
176.6355712890625
 20
28.4625
 10
176.73431396484375
 20
28.5492431640625
 10
176.83758544921875
 20
28.6378173828125
 10
176.92486572265625
 20
28.7123291015625
 10
176.9968505859375
 20
28.7731689453125
 10
177.1494747513581
 20
28.895952197061614
 10
183.5061502400893
 20
34.42172589601714
 10
183.69185791015624
 20
34.473193359375
 10
183.77703857421875
 20
34.4866455078125
 10
183.8778564453125
 20
34.4955322265625
 10
183.9939697265625
 20
34.497119140625
 10
184.0986083984375
 20
34.4796630859375
 10
184.20391845703125
 20
34.447314453125
 10
184.3060791015625
 20
34.399267578125
 10
184.40093994140625
 20
34.3358154296875
 10
184.48848876953124
 20
34.259423828125
 10
184.5680419921875
 20
34.1723388671875
 10
184.63892822265626
 20
34.077294921875
 10
184.70145263671876
 20
33.9767822265625
 10
184.75704345703124
 20
33.8729736328125
 10
184.80673828125
 20
33.767333984375
 10
184.8526123046875
 20
33.6608154296875
 10
184.89639892578126
 20
33.554052734375
 10
184.9384521484375
 20
33.447314453125
 10
184.97979736328125
 20
33.340576171875
 10
185.0211669921875
 20
33.2338134765625
 10
185.0621826171875
 20
33.1270751953125
 10
185.1031982421875
 20
33.0203369140625
 10
185.14315185546874
 20
32.913623046875
 10
185.1813720703125
 20
32.806884765625
 10
185.21822509765624
 20
32.7001953125
 10
185.25367431640626
 20
32.5935546875
 10
185.2880859375
 20
32.4868896484375
 10
185.3218017578125
 20
32.3802490234375
 10
185.35484619140624
 20
32.2736083984375
 10
185.38856201171876
 20
32.166943359375
 10
185.4233154296875
 20
32.0602783203125
 10
185.45911865234376
 20
31.9535888671875
 10
185.49632568359374
 20
31.8468994140625
 10
185.5342041015625
 20
31.7402099609375
 10
185.5727783203125
 20
31.6334716796875
 10
185.61204833984374
 20
31.5267578125
 10
185.65098876953124
 20
31.4200439453125
 10
185.68958740234376
 20
31.313330078125
 10
185.7278076171875
 20
31.206591796875
 10
185.7646484375
 20
31.0998779296875
 10
185.80009765625
 20
30.993212890625
 10
185.83416748046875
 20
30.886572265625
 10
185.8668701171875
 20
30.779931640625
 10
185.89815673828124
 20
30.673291015625
 10
185.9280517578125
 20
30.5667236328125
 10
185.95655517578126
 20
30.4601318359375
 10
185.9847412109375
 20
30.3535400390625
 10
186.0132568359375
 20
30.2469482421875
 10
186.04178466796876
 20
30.1403564453125
 10
186.0703125
 20
30.033740234375
 10
186.09951171875
 20
29.9271484375
 10
186.1290771484375
 20
29.820556640625
 10
186.158984375
 20
29.7139404296875
 10
186.18887939453126
 20
29.6073486328125
 10
186.21844482421875
 20
29.500732421875
 10
186.24833984375
 20
29.394140625
 10
186.2785888671875
 20
29.2875
 10
186.30882568359374
 20
29.180908203125
 10
186.33978271484375
 20
29.074267578125
 10
186.37142333984374
 20
28.967626953125
 10
186.40377197265624
 20
28.860986328125
 10
186.43680419921876
 20
28.7543212890625
 10
186.4701904296875
 20
28.6476806640625
 10
186.50391845703126
 20
28.541015625
 10
186.53797607421876
 20
28.4343505859375
 10
186.5720458984375
 20
28.327685546875
 10
186.60611572265626
 20
28.2210205078125
 10
186.64019775390625
 20
28.1143310546875
 10
186.67425537109375
 20
28.007666015625
 10
186.70867919921875
 20
27.9010009765625
 10
186.74344482421876
 20
27.7943115234375
 10
186.77857666015626
 20
27.687646484375
 10
186.8140380859375
 20
27.5809814453125
 10
186.8498291015625
 20
27.474267578125
 10
186.88599853515626
 20
27.3675537109375
 10
186.92252197265626
 20
27.260888671875
 10
186.9586669921875
 20
27.154150390625
 10
186.99447021484374
 20
27.0474609375
 10
187.0299560546875
 20
26.940771484375
 10
187.06505126953124
 20
26.8341064453125
 10
187.09981689453124
 20
26.727392578125
 10
187.13424072265624
 20
26.6207275390625
 10
187.16832275390624
 20
26.5140380859375
 10
187.20203857421876
 20
26.407373046875
 10
187.23541259765625
 20
26.300732421875
 10
187.2684326171875
 20
26.1940673828125
 10
187.30113525390624
 20
26.0874267578125
 10
187.33314208984376
 20
25.9807861328125
 10
187.36444091796875
 20
25.8740966796875
 10
187.39503173828126
 20
25.7674560546875
 10
187.42564697265624
 20
25.6608642578125
 10
187.45589599609374
 20
25.554248046875
 10
187.4858154296875
 20
25.447607421875
 10
187.51536865234374
 20
25.3409912109375
 10
187.5452880859375
 20
25.234375
 10
187.5751953125
 20
25.127734375
 10
187.60509033203124
 20
25.02109375
 10
187.63465576171876
 20
24.9144775390625
 10
187.66456298828126
 20
24.8078369140625
 10
187.69482421875
 20
24.701220703125
 10
187.7254150390625
 20
24.594580078125
 10
187.7560302734375
 20
24.4879638671875
 10
187.78731689453124
 20
24.3813232421875
 10
187.81895751953124
 20
24.274658203125
 10
187.8509521484375
 20
24.1679931640625
 10
187.88294677734376
 20
24.0613525390625
 10
187.91461181640625
 20
23.9546875
 10
187.94556884765626
 20
23.848046875
 10
187.97581787109374
 20
23.7414306640625
 10
188.00501708984376
 20
23.634814453125
 10
188.0339111328125
 20
23.528173828125
 10
188.0624267578125
 20
23.4215576171875
 10
188.09061279296876
 20
23.314990234375
 10
188.11912841796874
 20
23.2083740234375
 10
188.14869384765626
 20
23.1017578125
 10
188.179296875
 20
22.9951171875
 10
188.21094970703126
 20
22.8884765625
 10
188.2432861328125
 20
22.7818115234375
 10
188.2759765625
 20
22.675146484375
 10
188.3090087890625
 20
22.5684814453125
 10
188.34205322265626
 20
22.461767578125
 10
188.3747314453125
 20
22.355126953125
 10
188.40672607421874
 20
22.2484619140625
 10
188.43768310546875
 20
22.141796875
 10
188.4676025390625
 20
22.03515625
 10
188.49716796875
 20
21.928515625
 10
188.5260498046875
 20
21.821923828125
 10
188.55386962890626
 20
21.7153076171875
 10
188.5802978515625
 20
21.608740234375
 10
188.6056884765625
 20
21.5021484375
 10
188.63040771484376
 20
21.395556640625
 10
188.65408935546876
 20
21.2890380859375
 10
188.6760009765625
 20
21.1824951171875
 10
188.69654541015626
 20
21.0759765625
 10
188.7160400390625
 20
20.969482421875
 10
188.73485107421874
 20
20.8630126953125
 10
188.75294189453126
 20
20.7565185546875
 10
188.77034912109374
 20
20.650048828125
 10
188.78673095703124
 20
20.5435791015625
 10
188.80172119140624
 20
20.437158203125
 10
188.81461181640626
 20
20.3307861328125
 10
188.82471923828126
 20
20.2243896484375
 10
188.8313720703125
 20
20.1180908203125
 10
188.83387451171876
 20
20.0118408203125
 10
188.83114013671874
 20
19.905615234375
 10
188.8239013671875
 20
19.799462890625
 10
188.81282958984374
 20
19.6933837890625
 10
188.79864501953125
 20
19.587353515625
 10
188.78167724609375
 20
19.4813720703125
 10
188.76229248046874
 20
19.375390625
 10
188.7408203125
 20
19.269482421875
 10
188.71864013671876
 20
19.1635009765625
 10
188.6957763671875
 20
19.0575927734375
 10
188.67188720703126
 20
18.9516845703125
 10
188.64658203125
 20
18.845751953125
 10
188.62059326171874
 20
18.739892578125
 10
188.5946044921875
 20
18.634033203125
 10
188.56895751953124
 20
18.5281494140625
 10
188.54296875
 20
18.4222900390625
 10
188.51593017578125
 20
18.3164306640625
 10
188.48819580078126
 20
18.2105712890625
 10
188.4601318359375
 20
18.1047119140625
 10
188.43101806640624
 20
17.998876953125
 10
188.40015869140626
 20
17.8930908203125
 10
188.36756591796876
 20
17.7872802734375
 10
188.33359375
 20
17.681494140625
 10
188.29962158203125
 20
17.5757568359375
 10
188.2659912109375
 20
17.4699951171875
 10
188.23271484375
 20
17.3642333984375
 10
188.20010986328126
 20
17.2584228515625
 10
188.16822509765626
 20
17.1526123046875
 10
188.13702392578125
 20
17.0468505859375
 10
188.1065185546875
 20
16.9410400390625
 10
188.0753173828125
 20
16.8352294921875
 10
188.04239501953126
 20
16.7294677734375
 10
188.00772705078126
 20
16.6237060546875
 10
187.97132568359376
 20
16.5179931640625
 10
187.93388671875
 20
16.412255859375
 10
187.8953857421875
 20
16.3065185546875
 10
187.855859375
 20
16.2008544921875
 10
187.8163330078125
 20
16.0951904296875
 10
187.77784423828126
 20
15.9894775390625
 10
187.74039306640626
 20
15.8837646484375
 10
187.7036376953125
 20
15.778076171875
 10
187.66722412109374
 20
15.6723388671875
 10
187.63116455078125
 20
15.5666015625
 10
187.59544677734374
 20
15.460888671875
 10
187.5597412109375
 20
15.355126953125
 10
187.52366943359374
 20
15.2494140625
 10
187.48729248046874
 20
15.143701171875
 10
187.45157470703126
 20
15.0379150390625
 10
187.41656494140625
 20
14.932177734375
 10
187.3822265625
 20
14.8264404296875
 10
187.34862060546874
 20
14.7206787109375
 10
187.3156982421875
 20
14.6149169921875
 10
187.2834716796875
 20
14.5091552734375
 10
187.2519287109375
 20
14.4033447265625
 10
187.22003173828125
 20
14.2975830078125
 10
187.18779296875
 20
14.191796875
 10
187.1552001953125
 20
14.0860107421875
 10
187.122265625
 20
13.9802490234375
 10
187.0889892578125
 20
13.874462890625
 10
187.05535888671875
 20
13.7687255859375
 10
187.02139892578126
 20
13.6629638671875
 10
186.9874267578125
 20
13.5572265625
 10
186.95345458984374
 20
13.4514404296875
 10
186.91947021484376
 20
13.3457275390625
 10
186.88551025390626
 20
13.2399658203125
 10
186.8518798828125
 20
13.1342041015625
 10
186.81861572265626
 20
13.028466796875
 10
186.7856689453125
 20
12.9226806640625
 10
186.752734375
 20
12.8169189453125
 10
186.71981201171874
 20
12.7111328125
 10
186.68687744140624
 20
12.6053466796875
 10
186.65360107421876
 20
12.499609375
 10
186.61893310546876
 20
12.3938720703125
 10
186.58289794921876
 20
12.288134765625
 10
186.54544677734376
 20
12.1824462890625
 10
186.50731201171874
 20
12.0767578125
 10
186.46846923828124
 20
11.97109375
 10
186.42894287109374
 20
11.8654052734375
 10
186.3894287109375
 20
11.759765625
 10
186.3509521484375
 20
11.6540771484375
 10
186.31317138671875
 20
11.548388671875
 10
186.27572021484374
 20
11.4427001953125
 10
186.23792724609376
 20
11.3369873046875
 10
186.19910888671876
 20
11.231640625
 10
186.158203125
 20
11.1269287109375
 10
186.11380615234376
 20
11.023486328125
 10
186.06422119140626
 20
10.9222900390625
 10
186.00872802734375
 20
10.8245849609375
 10
185.9463134765625
 20
10.7319091796875
 10
185.87591552734375
 20
10.6462158203125
 10
185.79722900390624
 20
10.5686279296875
 10
185.710546875
 20
10.50078125
 10
185.61624755859376
 20
10.4435791015625
 10
185.5153564453125
 20
10.3972900390625
 10
185.40858154296876
 20
10.3616455078125
 10
185.29730224609375
 20
10.3356201171875
 10
185.18292236328125
 20
10.317724609375
 10
185.06646728515625
 20
10.3066650390625
 10
184.9486328125
 20
10.3005615234375
 10
184.8301025390625
 20
10.2978759765625
 10
184.71124267578125
 20
10.2973876953125
 10
184.5923828125
 20
10.2984130859375
 10
184.47388916015626
 20
10.3007080078125
 10
184.3564208984375
 20
10.3041748046875
 10
184.23895263671875
 20
10.3098388671875
 10
184.1239013671875
 20
10.317626953125
 10
184.01370849609376
 20
10.3275390625
 10
183.8948974609375
 20
10.3443603515625
 10
183.7930419921875
 20
10.3606689453125
 10
183.70782470703125
 20
10.376123046875
 10
183.52282359384236
 20
10.418954769985566
 10
181.1407171442899
 20
10.460534592728436
 10
180.95552978515624
 20
10.505224609375
 10
180.87020263671874
 20
10.5215087890625
 10
180.7682373046875
 20
10.5388427734375
 10
180.64925537109374
 20
10.5568603515625
 10
180.53896484375
 20
10.5678955078125
 10
180.42381591796874
 20
10.5771484375
 10
180.30623779296874
 20
10.5849365234375
 10
180.18863525390626
 20
10.591455078125
 10
180.07000732421875
 20
10.598046875
 10
179.95103759765624
 20
10.604931640625
 10
179.83206787109376
 20
10.612451171875
 10
179.71309814453124
 20
10.6208740234375
 10
179.59412841796876
 20
10.629296875
 10
179.47515869140625
 20
10.636767578125
 10
179.35618896484374
 20
10.6427490234375
 10
179.2372314453125
 20
10.6474609375
 10
179.11826171875
 20
10.6512451171875
 10
178.9992919921875
 20
10.654443359375
 10
178.88033447265624
 20
10.6572998046875
 10
178.7613525390625
 20
10.6611083984375
 10
178.6424072265625
 20
10.667041015625
 10
178.52344970703126
 20
10.6754638671875
 10
178.4044921875
 20
10.6857666015625
 10
178.285546875
 20
10.6972900390625
 10
178.1666015625
 20
10.709423828125
 10
178.04765625
 20
10.7216064453125
 10
177.9287109375
 20
10.7328125
 10
177.809765625
 20
10.7421630859375
 10
177.6908203125
 20
10.749658203125
 10
177.571875
 20
10.7556396484375
 10
177.45328369140626
 20
10.7603515625
 10
177.3357177734375
 20
10.764111328125
 10
177.21815185546876
 20
10.767236328125
 10
177.10301513671874
 20
10.7699951171875
 10
176.9927490234375
 20
10.77265625
 10
176.8738037109375
 20
10.7755126953125
 10
176.7718505859375
 20
10.7779541015625
 10
176.6865478515625
 20
10.780029296875
  0
LWPOLYLINE
  5
5A
330
17
100
AcDbEntity
  8
0
100
AcDbPolyline
 90
447
 70
1
 10
209.8677490234375
 20
12.9747314453125
 10
209.68125
 20
12.9086669921875
 10
209.5953369140625
 20
12.8779541015625
 10
209.4926513671875
 20
12.8407958984375
 10
209.3728759765625
 20
12.7968505859375
 10
209.2618408203125
 20
12.754931640625
 10
209.1458740234375
 20
12.7096435546875
 10
209.0274658203125
 20
12.6613525390625
 10
208.9093994140625
 20
12.6102783203125
 10
208.7913818359375
 20
12.5557861328125
 10
208.6729736328125
 20
12.497265625
 10
208.5570068359375
 20
12.4362060546875
 10
208.445947265625
 20
12.3740966796875
 10
208.326123046875
 20
12.3019775390625
 10
208.2234375
 20
12.2381591796875
 10
208.1375
 20
12.183251953125
 10
207.9509271235433
 20
12.058913320097554
 10
205.21763021670432
 20
10.898697617920789
 10
205.031298828125
 20
10.7893310546875
 10
204.945458984375
 20
10.7421630859375
 10
204.8428955078125
 20
10.6871826171875
 10
204.7232177734375
 20
10.624462890625
 10
204.61226806640624
 20
10.569921875
 10
204.49644775390624
 20
10.5148681640625
 10
204.3781982421875
 20
10.4598876953125
 10
204.25992431640626
 20
10.4064208984375
 10
204.14061279296874
 20
10.3526611328125
 10
204.02095947265624
 20
10.29921875
 10
203.90130615234375
 20
10.2467041015625
 10
203.7816650390625
 20
10.195458984375
 10
203.6623779296875
 20
10.1451171875
 10
203.54412841796875
 20
10.096630859375
 10
203.42589111328124
 20
10.0490478515625
 10
203.31009521484376
 20
10.0039306640625
 10
203.1991943359375
 20
9.9618408203125
 10
203.07955322265624
 20
9.916162109375
 10
202.97701416015624
 20
9.8769775390625
 10
202.8912109375
 20
9.8443603515625
 10
202.70494561809306
 20
9.772209587236784
 10
198.65099912804567
 20
9.84297148643609
 10
198.46492919921874
 20
9.883984375
 10
198.37918701171876
 20
9.8972900390625
 10
198.2767333984375
 20
9.9101806640625
 10
198.1572021484375
 20
9.9219970703125
 10
198.0463623046875
 20
9.9250244140625
 10
197.9306396484375
 20
9.923779296875
 10
197.8124755859375
 20
9.9188232421875
 10
197.6943115234375
 20
9.910791015625
 10
197.57509765625
 20
9.9015380859375
 10
197.4555419921875
 20
9.8919677734375
 10
197.3359619140625
 20
9.8830078125
 10
197.21640625
 20
9.8756103515625
 10
197.0968505859375
 20
9.870361328125
 10
196.97730712890626
 20
9.8673095703125
 10
196.85775146484374
 20
9.86640625
 10
196.7382080078125
 20
9.8676513671875
 10
196.6186767578125
 20
9.87109375
 10
196.49915771484376
 20
9.876708984375
 10
196.37965087890626
 20
9.8844970703125
 10
196.26011962890624
 20
9.8944580078125
 10
196.14058837890624
 20
9.9059326171875
 10
196.02109375
 20
9.918359375
 10
195.90157470703124
 20
9.931103515625
 10
195.78206787109374
 20
9.9435302734375
 10
195.66256103515624
 20
9.955029296875
 10
195.5430419921875
 20
9.964990234375
 10
195.42352294921875
 20
9.9727783203125
 10
195.30401611328125
 20
9.9786865234375
 10
195.1844970703125
 20
9.983056640625
 10
195.06497802734376
 20
9.9861572265625
 10
194.94547119140626
 20
9.9886962890625
 10
194.82593994140626
 20
9.9911865234375
 10
194.70643310546876
 20
9.9943115234375
 10
194.58692626953126
 20
9.998974609375
 10
194.46741943359376
 20
10.006103515625
 10
194.3479248046875
 20
10.0166748046875
 10
194.22843017578126
 20
10.0319091796875
 10
194.10928955078126
 20
10.0523681640625
 10
193.99085693359376
 20
10.079052734375
 10
193.873828125
 20
10.1131103515625
 10
193.75926513671874
 20
10.155224609375
 10
193.6485107421875
 20
10.2052978515625
 10
193.5433349609375
 20
10.263671875
 10
193.44544677734376
 20
10.3300048828125
 10
193.3559326171875
 20
10.4042724609375
 10
193.27613525390626
 20
10.4858154296875
 10
193.2067626953125
 20
10.5734375
 10
193.14749755859376
 20
10.666162109375
 10
193.09727783203124
 20
10.7634033203125
 10
193.05433349609376
 20
10.8639404296875
 10
193.01695556640624
 20
10.9669189453125
 10
192.98375244140624
 20
11.071337890625
 10
192.95262451171874
 20
11.1766845703125
 10
192.92186279296874
 20
11.282666015625
 10
192.8910888671875
 20
11.388916015625
 10
192.8599609375
 20
11.4951904296875
 10
192.82847900390624
 20
11.6014892578125
 10
192.79703369140626
 20
11.707763671875
 10
192.76591796875
 20
11.8140380859375
 10
192.73551025390626
 20
11.9202880859375
 10
192.7061279296875
 20
12.026513671875
 10
192.6770751953125
 20
12.132763671875
 10
192.64874267578125
 20
12.239013671875
 10
192.6214599609375
 20
12.3452392578125
 10
192.5945068359375
 20
12.4514404296875
 10
192.56719970703125
 20
12.557666015625
 10
192.53990478515624
 20
12.6638427734375
 10
192.5129638671875
 20
12.770068359375
 10
192.48704833984374
 20
12.8762451171875
 10
192.4618408203125
 20
12.9824462890625
 10
192.43663330078124
 20
13.0886474609375
 10
192.412109375
 20
13.1947998046875
 10
192.38896484375
 20
13.3009765625
 10
192.3665283203125
 20
13.4071533203125
 10
192.34410400390624
 20
13.5132568359375
 10
192.3209716796875
 20
13.6194091796875
 10
192.2964599609375
 20
13.7256103515625
 10
192.27088623046876
 20
13.831787109375
 10
192.24359130859375
 20
13.9380126953125
 10
192.2138671875
 20
14.0442138671875
 10
192.18240966796876
 20
14.1504638671875
 10
192.14954833984376
 20
14.256787109375
 10
192.1156494140625
 20
14.3630859375
 10
192.0817626953125
 20
14.4693603515625
 10
192.0478759765625
 20
14.5756591796875
 10
192.0143310546875
 20
14.681982421875
 10
191.9811279296875
 20
14.7882568359375
 10
191.94722900390624
 20
14.8945556640625
 10
191.91263427734376
 20
15.0009033203125
 10
191.87735595703126
 20
15.107177734375
 10
191.8413818359375
 20
15.213525390625
 10
191.8050537109375
 20
15.3198486328125
 10
191.76837158203125
 20
15.426171875
 10
191.7323974609375
 20
15.5324951171875
 10
191.6985107421875
 20
15.638818359375
 10
191.66668701171875
 20
15.745068359375
 10
191.63697509765626
 20
15.851318359375
 10
191.60865478515626
 20
15.9575439453125
 10
191.58101806640624
 20
16.0637939453125
 10
191.55406494140624
 20
16.1699462890625
 10
191.5267578125
 20
16.2761474609375
 10
191.4980712890625
 20
16.382373046875
 10
191.468359375
 20
16.488623046875
 10
191.43792724609375
 20
16.594873046875
 10
191.40750732421876
 20
16.701123046875
 10
191.37777099609374
 20
16.8073486328125
 10
191.34910888671874
 20
16.9135986328125
 10
191.32216796875
 20
17.019775390625
 10
191.29764404296876
 20
17.1259521484375
 10
191.27486572265624
 20
17.232080078125
 10
191.253125
 20
17.3382080078125
 10
191.23173828125
 20
17.4443359375
 10
191.20965576171875
 20
17.5504638671875
 10
191.18619384765626
 20
17.6566162109375
 10
191.16064453125
 20
17.7627685546875
 10
191.1322998046875
 20
17.8689697265625
 10
191.10152587890624
 20
17.9752197265625
 10
191.0686767578125
 20
18.081494140625
 10
191.03409423828126
 20
18.187841796875
 10
190.99881591796876
 20
18.2941162109375
 10
190.96318359375
 20
18.4004150390625
 10
190.9275634765625
 20
18.5067138671875
 10
190.89227294921875
 20
18.6130615234375
 10
190.8576904296875
 20
18.7193603515625
 10
190.8241455078125
 20
18.8256103515625
 10
190.7919921875
 20
18.9318603515625
 10
190.76158447265624
 20
19.0381103515625
 10
190.73359375
 20
19.1443115234375
 10
190.70872802734374
 20
19.2504638671875
 10
190.6876953125
 20
19.356591796875
 10
190.67080078125
 20
19.462646484375
 10
190.65845947265626
 20
19.5686279296875
 10
190.65096435546874
 20
19.674560546875
 10
190.6479736328125
 20
19.7804443359375
 10
190.64951171875
 20
19.8862060546875
 10
190.65557861328125
 20
19.9919677734375
 10
190.6661376953125
 20
20.09765625
 10
190.68050537109374
 20
20.203271484375
 10
190.6980224609375
 20
20.3088623046875
 10
190.71829833984376
 20
20.414404296875
 10
190.74139404296875
 20
20.519921875
 10
190.7661865234375
 20
20.6254150390625
 10
190.7916748046875
 20
20.7308837890625
 10
190.8171630859375
 20
20.836376953125
 10
190.84302978515626
 20
20.9418212890625
 10
190.8695556640625
 20
21.0472900390625
 10
190.89610595703124
 20
21.1527587890625
 10
190.92230224609375
 20
21.2582275390625
 10
190.94884033203124
 20
21.3636962890625
 10
190.9764404296875
 20
21.4691650390625
 10
191.0047119140625
 20
21.574609375
 10
191.03333740234376
 20
21.680029296875
 10
191.06195068359375
 20
21.785498046875
 10
191.09127197265624
 20
21.8909423828125
 10
191.12093505859374
 20
21.996337890625
 10
191.1506103515625
 20
22.1017822265625
 10
191.17991943359374
 20
22.2072021484375
 10
191.2095947265625
 20
22.312646484375
 10
191.23961181640624
 20
22.4180908203125
 10
191.26998291015624
 20
22.5234619140625
 10
191.30032958984376
 20
22.62890625
 10
191.33138427734374
 20
22.7343505859375
 10
191.36312255859374
 20
22.8397216796875
 10
191.3955810546875
 20
22.9451171875
 10
191.42838134765626
 20
23.0505126953125
 10
191.46151123046874
 20
23.1558837890625
 10
191.49500732421876
 20
23.2612548828125
 10
191.52919921875
 20
23.3666015625
 10
191.56407470703124
 20
23.4719970703125
 10
191.5996337890625
 20
23.57734375
 10
191.63592529296875
 20
23.682666015625
 10
191.67322998046876
 20
23.7880126953125
 10
191.71158447265626
 20
23.893310546875
 10
191.75096435546874
 20
23.9986083984375
 10
191.79071044921875
 20
24.10390625
 10
191.8301025390625
 20
24.2092041015625
 10
191.8695068359375
 20
24.3145263671875
 10
191.90924072265625
 20
24.4198486328125
 10
191.94864501953126
 20
24.525146484375
 10
191.9876953125
 20
24.6304443359375
 10
192.0263916015625
 20
24.7357421875
 10
192.06510009765626
 20
24.841064453125
 10
192.10413818359376
 20
24.9463623046875
 10
192.14249267578126
 20
25.051708984375
 10
192.1791015625
 20
25.15703125
 10
192.21434326171874
 20
25.2623779296875
 10
192.2481689453125
 20
25.3677978515625
 10
192.28062744140624
 20
25.473193359375
 10
192.311328125
 20
25.5785888671875
 10
192.34031982421874
 20
25.684033203125
 10
192.3685791015625
 20
25.7894775390625
 10
192.39720458984374
 20
25.8949462890625
 10
192.42584228515625
 20
26.0004150390625
 10
192.4541259765625
 20
26.105859375
 10
192.4820556640625
 20
26.211328125
 10
192.51033935546874
 20
26.316796875
 10
192.53861083984376
 20
26.4222412109375
 10
192.56656494140626
 20
26.527734375
 10
192.59381103515625
 20
26.633203125
 10
192.62103271484375
 20
26.738671875
 10
192.64931640625
 20
26.844140625
 10
192.67864990234375
 20
26.949560546875
 10
192.70867919921875
 20
27.0550048828125
 10
192.74007568359374
 20
27.160400390625
 10
192.7728759765625
 20
27.2658203125
 10
192.8070556640625
 20
27.3712158203125
 10
192.84263916015624
 20
27.4765625
 10
192.87855224609376
 20
27.5819091796875
 10
192.91483154296876
 20
27.6872802734375
 10
192.95145263671876
 20
27.792626953125
 10
192.98841552734376
 20
27.897998046875
 10
193.02572021484374
 20
28.0033203125
 10
193.06337890625
 20
28.108642578125
 10
193.10035400390626
 20
28.214013671875
 10
193.13697509765626
 20
28.3193359375
 10
193.1732421875
 20
28.4247314453125
 10
193.20916748046875
 20
28.530078125
 10
193.24405517578126
 20
28.6354248046875
 10
193.2779052734375
 20
28.7408447265625
 10
193.31070556640626
 20
28.8462646484375
 10
193.34384765625
 20
28.9516357421875
 10
193.37734375
 20
29.05703125
 10
193.41119384765625
 20
29.162451171875
 10
193.4453857421875
 20
29.267822265625
 10
193.48026123046876
 20
29.3732177734375
 10
193.5158447265625
 20
29.4785888671875
 10
193.5521240234375
 20
29.583935546875
 10
193.58770751953125
 20
29.689306640625
 10
193.62259521484376
 20
29.7947021484375
 10
193.65679931640625
 20
29.9001220703125
 10
193.69063720703124
 20
30.0054931640625
 10
193.72413330078126
 20
30.110888671875
 10
193.75726318359375
 20
30.2162841796875
 10
193.79041748046876
 20
30.3216796875
 10
193.82493896484374
 20
30.427099609375
 10
193.86087646484376
 20
30.5324462890625
 10
193.89820556640626
 20
30.6378173828125
 10
193.9362060546875
 20
30.7431396484375
 10
193.97491455078125
 20
30.848486328125
 10
194.01431884765626
 20
30.9537841796875
 10
194.05338134765626
 20
31.0591552734375
 10
194.0910400390625
 20
31.1644775390625
 10
194.1273193359375
 20
31.269873046875
 10
194.16220703125
 20
31.375244140625
 10
194.19605712890626
 20
31.4806640625
 10
194.22884521484374
 20
31.5860595703125
 10
194.2606201171875
 20
31.6914794921875
 10
194.29273681640626
 20
31.7968994140625
 10
194.32552490234374
 20
31.9023193359375
 10
194.35902099609376
 20
32.0077392578125
 10
194.3935546875
 20
32.1131103515625
 10
194.4291259765625
 20
32.218505859375
 10
194.46575927734375
 20
32.3238525390625
 10
194.50343017578126
 20
32.4292236328125
 10
194.5407470703125
 20
32.5345947265625
 10
194.57772216796874
 20
32.6399658203125
 10
194.61434326171874
 20
32.7453369140625
 10
194.64957275390626
 20
32.850732421875
 10
194.6830810546875
 20
32.9561279296875
 10
194.71484375
 20
33.061572265625
 10
194.74488525390626
 20
33.1670166015625
 10
194.7745361328125
 20
33.2724609375
 10
194.80421142578126
 20
33.3779296875
 10
194.8342529296875
 20
33.4833740234375
 10
194.8663818359375
 20
33.588818359375
 10
194.90230712890624
 20
33.693896484375
 10
194.94307861328124
 20
33.7979736328125
 10
194.99012451171876
 20
33.9000732421875
 10
195.04376220703125
 20
33.9987548828125
 10
195.1047119140625
 20
34.0917236328125
 10
195.17362060546876
 20
34.176220703125
 10
195.25015869140626
 20
34.248876953125
 10
195.3332763671875
 20
34.3065673828125
 10
195.42227783203126
 20
34.3465087890625
 10
195.51544189453125
 20
34.3662841796875
 10
195.6113525390625
 20
34.3646728515625
 10
195.7082763671875
 20
34.3416259765625
 10
195.80447998046876
 20
34.2988037109375
 10
195.89822998046876
 20
34.2392578125
 10
195.9884765625
 20
34.164892578125
 10
196.07283935546874
 20
34.081005859375
 10
196.14989013671874
 20
33.9931884765625
 10
196.22586669921876
 20
33.892041015625
 10
196.2886962890625
 20
33.8029296875
 10
196.3390869140625
 20
33.727001953125
 10
196.43874782152906
 20
33.5599503074759
 10
205.20779837232413
 20
25.664261726887844
 10
205.3449462890625
 20
25.5325927734375
 10
205.411083984375
 20
25.4689453125
 10
205.4914794921875
 20
25.3911865234375
 10
205.5864990234375
 20
25.2987060546875
 10
205.6780517578125
 20
25.2087646484375
 10
205.7751220703125
 20
25.1121826171875
 10
205.8757080078125
 20
25.011279296875
 10
205.977685546875
 20
24.908154296875
 10
206.0810302734375
 20
24.8028076171875
 10
206.1850830078125
 20
24.6966064453125
 10
206.289501953125
 20
24.5903564453125
 10
206.3942626953125
 20
24.484716796875
 10
206.4983154296875
 20
24.380322265625
 10
206.6016845703125
 20
24.277490234375
 10
206.704345703125
 20
24.1765380859375
 10
206.8063232421875
 20
24.0777587890625
 10
206.907275390625
 20
23.980517578125
 10
207.0068115234375
 20
23.8842529296875
 10
207.1042724609375
 20
23.7883056640625
 10
207.2
 20
23.6920654296875
 10
207.2932861328125
 20
23.5949462890625
 10
207.3830810546875
 20
23.496337890625
 10
207.4680419921875
 20
23.3955810546875
 10
207.547412109375
 20
23.2930908203125
 10
207.620166015625
 20
23.1890869140625
 10
207.6863037109375
 20
23.0839599609375
 10
207.7455322265625
 20
22.977978515625
 10
207.797412109375
 20
22.8715087890625
 10
207.8423583984375
 20
22.7648193359375
 10
207.8817138671875
 20
22.658154296875
 10
207.916552734375
 20
22.5515625
 10
207.9486083984375
 20
22.445068359375
 10
207.978564453125
 20
22.3385498046875
 10
208.0071533203125
 20
22.2320556640625
 10
208.0357177734375
 20
22.1255615234375
 10
208.0653564453125
 20
22.0190673828125
 10
208.095654296875
 20
21.912548828125
 10
208.1266845703125
 20
21.806005859375
 10
208.1580322265625
 20
21.699462890625
 10
208.189404296875
 20
21.59296875
 10
208.2204345703125
 20
21.4864501953125
 10
208.250732421875
 20
21.3798828125
 10
208.2800048828125
 20
21.273388671875
 10
208.308935546875
 20
21.1669189453125
 10
208.337158203125
 20
21.0604248046875
 10
208.3647216796875
 20
20.953955078125
 10
208.392236328125
 20
20.8474609375
 10
208.4204833984375
 20
20.740966796875
 10
208.4490478515625
 20
20.6344970703125
 10
208.477978515625
 20
20.527978515625
 10
208.5069091796875
 20
20.421484375
 10
208.5365478515625
 20
20.3149169921875
 10
208.566845703125
 20
20.2084228515625
 10
208.597509765625
 20
20.101904296875
 10
208.628173828125
 20
19.995361328125
 10
208.659912109375
 20
19.8888427734375
 10
208.6926513671875
 20
19.7822509765625
 10
208.7264404296875
 20
19.6757080078125
 10
208.7609130859375
 20
19.5691162109375
 10
208.7957763671875
 20
19.462548828125
 10
208.830615234375
 20
19.3559326171875
 10
208.8654541015625
 20
19.249365234375
 10
208.8989013671875
 20
19.1427978515625
 10
208.930615234375
 20
19.036279296875
 10
208.9605712890625
 20
18.9297607421875
 10
208.988818359375
 20
18.8232421875
 10
209.0159912109375
 20
18.716748046875
 10
209.043212890625
 20
18.6102294921875
 10
209.0703857421875
 20
18.503759765625
 10
209.0986328125
 20
18.397265625
 10
209.1285888671875
 20
18.290771484375
 10
209.1599609375
 20
18.1842041015625
 10
209.1923583984375
 20
18.0776611328125
 10
209.2254638671875
 20
17.97109375
 10
209.2578857421875
 20
17.864501953125
 10
209.2892822265625
 20
17.7579833984375
 10
209.3188720703125
 20
17.6514404296875
 10
209.3464111328125
 20
17.544970703125
 10
209.3725341796875
 20
17.4385009765625
 10
209.397998046875
 20
17.33203125
 10
209.4224365234375
 20
17.2255859375
 10
209.4464599609375
 20
17.119140625
 10
209.4708740234375
 20
17.0126953125
 10
209.496337890625
 20
16.9062255859375
 10
209.5224853515625
 20
16.799755859375
 10
209.5486328125
 20
16.6932373046875
 10
209.5740966796875
 20
16.5867919921875
 10
209.5991943359375
 20
16.480322265625
 10
209.6242919921875
 20
16.3738525390625
 10
209.6487060546875
 20
16.2673828125
 10
209.671728515625
 20
16.1609619140625
 10
209.693701171875
 20
16.054541015625
 10
209.7153076171875
 20
15.9481689453125
 10
209.7372802734375
 20
15.841748046875
 10
209.7599609375
 20
15.735302734375
 10
209.782958984375
 20
15.6288818359375
 10
209.8070068359375
 20
15.522412109375
 10
209.8327880859375
 20
15.415966796875
 10
209.8607177734375
 20
15.309423828125
 10
209.889990234375
 20
15.2029052734375
 10
209.9203125
 20
15.0963623046875
 10
209.951318359375
 20
14.98984375
 10
209.9830322265625
 20
14.8832763671875
 10
210.015087890625
 20
14.7767333984375
 10
210.0471923828125
 20
14.6701416015625
 10
210.07890625
 20
14.5635986328125
 10
210.1109619140625
 20
14.45703125
 10
210.14267578125
 20
14.3505126953125
 10
210.1733642578125
 20
14.2439208984375
 10
210.2015869140625
 20
14.1373779296875
 10
210.2256591796875
 20
14.0309814453125
 10
210.24345703125
 20
13.9245849609375
 10
210.252880859375
 20
13.8186279296875
 10
210.2515380859375
 20
13.7137451171875
 10
210.2369873046875
 20
13.6091064453125
 10
210.2098876953125
 20
13.506787109375
 10
210.1723876953125
 20
13.4089111328125
 10
210.113623046875
 20
13.3036376953125
 10
210.056591796875
 20
13.2134521484375
 10
210.0033935546875
 20
13.1380615234375
  0
LWPOLYLINE
  5
5B
330
17
100
AcDbEntity
  8
0
100
AcDbPolyline
 90
244
 70
1
 10
217.3845947265625
 20
9.1471923828125
 10
217.26549159007405
 20
9.167808836959603
 10
217.1463884535856
 20
9.18842529110666
 10
217.02713883272213
 20
9.102669674941263
 10
210.57851845942577
 20
9.215230762254578
 10
210.436376953125
 20
9.3535400390625
 10
210.3825439453125
 20
9.4185546875
 10
210.32626953125
 20
9.496923828125
 10
210.270361328125
 20
9.5889404296875
 10
210.2398681640625
 20
9.6757080078125
 10
210.223974609375
 20
9.766845703125
 10
210.225146484375
 20
9.8605712890625
 10
210.245458984375
 20
9.954345703125
 10
210.2817626953125
 20
10.048193359375
 10
210.3323486328125
 20
10.141845703125
 10
210.3944091796875
 20
10.2353515625
 10
210.4655029296875
 20
10.3290283203125
 10
210.5425537109375
 20
10.4232421875
 10
210.623046875
 20
10.5183349609375
 10
210.7042724609375
 20
10.6149658203125
 10
210.784765625
 20
10.7137451171875
 10
210.8635498046875
 20
10.8144775390625
 10
210.9409423828125
 20
10.916748046875
 10
211.016259765625
 20
11.0202880859375
 10
211.0901611328125
 20
11.1247802734375
 10
211.1634033203125
 20
11.2299072265625
 10
211.236962890625
 20
11.3353271484375
 10
211.3115478515625
 20
11.4406982421875
 10
211.3875732421875
 20
11.546142578125
 10
211.463916015625
 20
11.6515380859375
 10
211.5406005859375
 20
11.7569091796875
 10
211.6159423828125
 20
11.8623291015625
 10
211.6877685546875
 20
11.9677734375
 10
211.7536865234375
 20
12.0733154296875
 10
211.8112548828125
 20
12.1789794921875
 10
211.858740234375
 20
12.284765625
 10
211.8953857421875
 20
12.3907470703125
 10
211.9202392578125
 20
12.4968505859375
 10
211.9343017578125
 20
12.6031005859375
 10
211.9393310546875
 20
12.7094970703125
 10
211.9373779296875
 20
12.815966796875
 10
211.9305908203125
 20
12.922509765625
 10
211.9206298828125
 20
13.0291259765625
 10
211.908935546875
 20
13.1357421875
 10
211.896533203125
 20
13.2423828125
 10
211.88310546875
 20
13.3490234375
 10
211.8679443359375
 20
13.4556884765625
 10
211.851025390625
 20
13.5624267578125
 10
211.8320068359375
 20
13.6691162109375
 10
211.8105712890625
 20
13.7758544921875
 10
211.7863525390625
 20
13.8826416015625
 10
211.7600341796875
 20
13.9894775390625
 10
211.732666015625
 20
14.0962890625
 10
211.7050048828125
 20
14.2031494140625
 10
211.6765869140625
 20
14.3099853515625
 10
211.648193359375
 20
14.4168212890625
 10
211.620166015625
 20
14.523681640625
 10
211.592822265625
 20
14.630517578125
 10
211.565478515625
 20
14.737353515625
 10
211.5374267578125
 20
14.844189453125
 10
211.5086669921875
 20
14.9510498046875
 10
211.4795654296875
 20
15.0579345703125
 10
211.4494140625
 20
15.1648193359375
 10
211.418603515625
 20
15.2716796875
 10
211.3874267578125
 20
15.378564453125
 10
211.35625
 20
15.4854736328125
 10
211.3254150390625
 20
15.592333984375
 10
211.2952880859375
 20
15.6991943359375
 10
211.2658447265625
 20
15.8060546875
 10
211.2374267578125
 20
15.912890625
 10
211.2093994140625
 20
16.0197509765625
 10
211.1806396484375
 20
16.126611328125
 10
211.1511962890625
 20
16.2334716796875
 10
211.1210693359375
 20
16.3403564453125
 10
211.08955078125
 20
16.447216796875
 10
211.056982421875
 20
16.5541015625
 10
211.023388671875
 20
16.6610595703125
 10
210.9890625
 20
16.76796875
 10
210.9554443359375
 20
16.874853515625
 10
210.9228759765625
 20
16.981787109375
 10
210.8913330078125
 20
17.088671875
 10
210.8612060546875
 20
17.1955322265625
 10
210.8317626953125
 20
17.3023681640625
 10
210.803369140625
 20
17.4092041015625
 10
210.7763427734375
 20
17.5160400390625
 10
210.750048828125
 20
17.6228759765625
 10
210.7240966796875
 20
17.7296875
 10
210.6991943359375
 20
17.836474609375
 10
210.6760009765625
 20
17.9432373046875
 10
210.6556396484375
 20
18.05
 10
210.638037109375
 20
18.156689453125
 10
210.6235595703125
 20
18.263330078125
 10
210.6132568359375
 20
18.369921875
 10
210.6081787109375
 20
18.476416015625
 10
210.6086669921875
 20
18.5828857421875
 10
210.6154296875
 20
18.6889404296875
 10
210.6294921875
 20
18.7939453125
 10
210.6525634765625
 20
18.8969970703125
 10
210.6857666015625
 20
18.9965087890625
 10
210.72939453125
 20
19.090576171875
 10
210.784130859375
 20
19.1770751953125
 10
210.8503662109375
 20
19.2531494140625
 10
210.9277099609375
 20
19.3163818359375
 10
211.0151123046875
 20
19.3649169921875
 10
211.1108642578125
 20
19.3971923828125
 10
211.213525390625
 20
19.412939453125
 10
211.322119140625
 20
19.4122314453125
 10
211.4348388671875
 20
19.3952880859375
 10
211.550341796875
 20
19.3640625
 10
211.667578125
 20
19.3207275390625
 10
211.7858642578125
 20
19.2669189453125
 10
211.9047607421875
 20
19.204638671875
 10
212.024072265625
 20
19.1355224609375
 10
212.1433349609375
 20
19.061474609375
 10
212.2626220703125
 20
18.984619140625
 10
212.3815673828125
 20
18.905615234375
 10
212.4997802734375
 20
18.824755859375
 10
212.6169677734375
 20
18.7429443359375
 10
212.7327880859375
 20
18.6599609375
 10
212.846826171875
 20
18.5754150390625
 10
212.9587890625
 20
18.4887939453125
 10
213.068310546875
 20
18.3990234375
 10
213.1757568359375
 20
18.306201171875
 10
213.2814453125
 20
18.210595703125
 10
213.3857421875
 20
18.112255859375
 10
213.4889892578125
 20
18.012060546875
 10
213.5911865234375
 20
17.9109375
 10
213.692333984375
 20
17.809814453125
 10
213.7924560546875
 20
17.7096435546875
 10
213.891552734375
 20
17.6110595703125
 10
213.989599609375
 20
17.5136962890625
 10
214.0865966796875
 20
17.4173095703125
 10
214.1822265625
 20
17.3212158203125
 10
214.2771240234375
 20
17.225146484375
 10
214.3720458984375
 20
17.1287841796875
 10
214.467626953125
 20
17.031787109375
 10
214.56357421875
 20
16.933837890625
 10
214.6595458984375
 20
16.8355712890625
 10
214.7551513671875
 20
16.737646484375
 10
214.8507568359375
 20
16.6406494140625
 10
214.9456787109375
 20
16.544287109375
 10
215.039208984375
 20
16.448193359375
 10
215.1306396484375
 20
16.352197265625
 10
215.2206787109375
 20
16.256201171875
 10
215.310009765625
 20
16.1598876953125
 10
215.399365234375
 20
16.062939453125
 10
215.4890625
 20
15.9650634765625
 10
215.57978515625
 20
15.8671875
 10
215.6722900390625
 20
15.7702392578125
 10
215.7672119140625
 20
15.6750732421875
 10
215.8642333984375
 20
15.582080078125
 10
215.9630126953125
 20
15.4915283203125
 10
216.06318359375
 20
15.404052734375
 10
216.1647216796875
 20
15.3205810546875
 10
216.26767578125
 20
15.2408203125
 10
216.3720458984375
 20
15.1647705078125
 10
216.477783203125
 20
15.0927001953125
 10
216.585302734375
 20
15.0252685546875
 10
216.6948974609375
 20
14.9634521484375
 10
216.80693359375
 20
14.9071533203125
 10
216.9210693359375
 20
14.855419921875
 10
217.036962890625
 20
14.8083251953125
 10
217.154248046875
 20
14.765283203125
 10
217.272607421875
 20
14.7250244140625
 10
217.3916259765625
 20
14.6862548828125
 10
217.51103515625
 20
14.6468994140625
 10
217.630419921875
 20
14.6059814453125
 10
217.7498291015625
 20
14.5638427734375
 10
217.8692138671875
 20
14.5207275390625
 10
217.9885986328125
 20
14.4776123046875
 10
218.1079833984375
 20
14.4361083984375
 10
218.227392578125
 20
14.39765625
 10
218.3468017578125
 20
14.3654052734375
 10
218.4662353515625
 20
14.341845703125
 10
218.5856689453125
 20
14.328857421875
 10
218.705126953125
 20
14.3279296875
 10
218.8245849609375
 20
14.3397216796875
 10
218.9440673828125
 20
14.363916015625
 10
219.0635986328125
 20
14.4002197265625
 10
219.1831298828125
 20
14.446484375
 10
219.30263671875
 20
14.4998046875
 10
219.4221435546875
 20
14.556884765625
 10
219.54169921875
 20
14.6134033203125
 10
219.660888671875
 20
14.665478515625
 10
219.7790283203125
 20
14.7101806640625
 10
219.895068359375
 20
14.7440673828125
 10
220.007568359375
 20
14.7646484375
 10
220.1148681640625
 20
14.7700927734375
 10
220.2148193359375
 20
14.759228515625
 10
220.30498046875
 20
14.732373046875
 10
220.3832763671875
 20
14.6901611328125
 10
220.4483642578125
 20
14.6335693359375
 10
220.4991455078125
 20
14.564111328125
 10
220.53525390625
 20
14.4837158203125
 10
220.557080078125
 20
14.3945068359375
 10
220.5653076171875
 20
14.298974609375
 10
220.5613525390625
 20
14.1989501953125
 10
220.546923828125
 20
14.0959716796875
 10
220.523095703125
 20
13.991259765625
 10
220.4912841796875
 20
13.8857421875
 10
220.452490234375
 20
13.7800048828125
 10
220.407080078125
 20
13.6743896484375
 10
220.3560791015625
 20
13.568798828125
 10
220.2998779296875
 20
13.4633056640625
 10
220.238427734375
 20
13.357861328125
 10
220.1728271484375
 20
13.2525146484375
 10
220.1037353515625
 20
13.147216796875
 10
220.031494140625
 20
13.041943359375
 10
219.9575439453125
 20
12.93671875
 10
219.8818115234375
 20
12.8314453125
 10
219.8053955078125
 20
12.7262939453125
 10
219.7293212890625
 20
12.62109375
 10
219.65361328125
 20
12.5158447265625
 10
219.5782470703125
 20
12.4106201171875
 10
219.5039306640625
 20
12.3053955078125
 10
219.4302978515625
 20
12.2001708984375
 10
219.3580810546875
 20
12.0948974609375
 10
219.2868896484375
 20
11.9896240234375
 10
219.21640625
 20
11.8843505859375
 10
219.146630859375
 20
11.779052734375
 10
219.0775146484375
 20
11.673779296875
 10
219.009130859375
 20
11.5684326171875
 10
218.9414306640625
 20
11.4631103515625
 10
218.874072265625
 20
11.3577880859375
 10
218.807080078125
 20
11.252490234375
 10
218.7404296875
 20
11.147119140625
 10
218.67412109375
 20
11.041796875
 10
218.608544921875
 20
10.9364501953125
 10
218.542919921875
 20
10.8310791015625
 10
218.4776611328125
 20
10.72578125
 10
218.4131103515625
 20
10.6203857421875
 10
218.3492431640625
 20
10.5150146484375
 10
218.2864013671875
 20
10.409619140625
 10
218.2246337890625
 20
10.304248046875
 10
218.162841796875
 20
10.1988525390625
 10
218.10107421875
 20
10.0934814453125
 10
218.0382568359375
 20
9.9884033203125
 10
217.973681640625
 20
9.8843017578125
 10
217.9056396484375
 20
9.7802490234375
 10
217.8348388671875
 20
9.678369140625
 10
217.7626220703125
 20
9.580859375
 10
217.6775146484375
 20
9.4758056640625
 10
217.6018310546875
 20
9.385791015625
 10
217.536279296875
 20
9.3105224609375
  0
LWPOLYLINE
  5
5C
330
17
100
AcDbEntity
  8
0
100
AcDbPolyline
 90
453
 70
1
 10
159.03026123046874
 20
11.6659912109375
 10
158.9115186243441
 20
11.570412358745898
 10
158.79292250259445
 20
11.580888194054342
 10
158.6741798964698
 20
11.48530934186274
 10
152.38099670992042
 20
11.595157262989142
 10
152.22984619140624
 20
11.4619140625
 10
152.16363525390625
 20
11.3990234375
 10
152.08631591796876
 20
11.322705078125
 10
151.99822998046875
 20
11.2323486328125
 10
151.92158203125
 20
11.145849609375
 10
151.84459228515624
 20
11.053466796875
 10
151.76826171875
 20
10.956787109375
 10
151.6940185546875
 20
10.8578857421875
 10
151.62080078125
 20
10.7565185546875
 10
151.54862060546876
 20
10.653564453125
 10
151.47713623046874
 20
10.5496826171875
 10
151.40599365234374
 20
10.4452392578125
 10
151.33485107421876
 20
10.3404296875
 10
151.26441650390626
 20
10.2355712890625
 10
151.1946533203125
 20
10.1307861328125
 10
151.12525634765626
 20
10.025927734375
 10
151.05618896484376
 20
9.92109375
 10
150.98748779296875
 20
9.816259765625
 10
150.9191162109375
 20
9.7114013671875
 10
150.85107421875
 20
9.606591796875
 10
150.78306884765624
 20
9.5017333984375
 10
150.7150390625
 20
9.3968994140625
 10
150.64700927734376
 20
9.292041015625
 10
150.57900390625
 20
9.1872314453125
 10
150.51097412109374
 20
9.0823974609375
 10
150.44295654296874
 20
8.9775634765625
 10
150.37493896484375
 20
8.872705078125
 10
150.30726318359376
 20
8.7678955078125
 10
150.23995361328124
 20
8.663037109375
 10
150.17332763671874
 20
8.5581787109375
 10
150.10736083984375
 20
8.4533203125
 10
150.04212646484376
 20
8.3484375
 10
149.9775634765625
 20
8.2435791015625
 10
149.91370849609376
 20
8.138671875
 10
149.8494873046875
 20
8.0337890625
 10
149.7849365234375
 20
7.92890625
 10
149.71898193359374
 20
7.8240478515625
 10
149.65167236328125
 20
7.7192138671875
 10
149.58297119140624
 20
7.614404296875
 10
149.51287841796875
 20
7.5095947265625
 10
149.44139404296874
 20
7.404833984375
 10
149.36959228515624
 20
7.300048828125
 10
149.29708251953124
 20
7.1952880859375
 10
149.2245849609375
 20
7.0908203125
 10
149.15137939453126
 20
6.9873046875
 10
149.07679443359376
 20
6.885693359375
 10
148.9998046875
 20
6.787158203125
 10
148.91934814453126
 20
6.6936767578125
 10
148.83408203125
 20
6.6076171875
 10
148.7436279296875
 20
6.532177734375
 10
148.64765625
 20
6.4700927734375
 10
148.546875
 20
6.423828125
 10
148.4423095703125
 20
6.395556640625
 10
148.33570556640626
 20
6.387109375
 10
148.2291259765625
 20
6.399072265625
 10
148.1246337890625
 20
6.4307373046875
 10
148.02432861328126
 20
6.480322265625
 10
147.9292236328125
 20
6.545556640625
 10
147.84036865234376
 20
6.6240234375
 10
147.75775146484375
 20
6.7129150390625
 10
147.68104248046876
 20
6.8091064453125
 10
147.6091796875
 20
6.9101806640625
 10
147.54110107421874
 20
7.014306640625
 10
147.47513427734376
 20
7.120263671875
 10
147.41053466796876
 20
7.2270751953125
 10
147.34559326171876
 20
7.3342041015625
 10
147.2799560546875
 20
7.44140625
 10
147.21326904296876
 20
7.5485595703125
 10
147.14556884765625
 20
7.6557373046875
 10
147.07679443359376
 20
7.7629638671875
 10
147.00736083984376
 20
7.8701904296875
 10
146.9372314453125
 20
7.9774658203125
 10
146.86778564453124
 20
8.0846435546875
 10
146.7990478515625
 20
8.191845703125
 10
146.73134765625
 20
8.2990478515625
 10
146.6646728515625
 20
8.4062255859375
 10
146.59940185546876
 20
8.5134033203125
 10
146.53551025390624
 20
8.6205322265625
 10
146.4733154296875
 20
8.7276611328125
 10
146.4118408203125
 20
8.834765625
 10
146.35106201171874
 20
8.9418212890625
 10
146.2902587890625
 20
9.0489013671875
 10
146.2294677734375
 20
9.1560302734375
 10
146.1679931640625
 20
9.2631103515625
 10
146.1058349609375
 20
9.3702392578125
 10
146.0419189453125
 20
9.47734375
 10
145.97664794921874
 20
9.5844970703125
 10
145.90997314453125
 20
9.691650390625
 10
145.84227294921874
 20
9.7988525390625
 10
145.77353515625
 20
9.9060546875
 10
145.7041015625
 20
10.01328125
 10
145.633984375
 20
10.1204833984375
 10
145.56456298828124
 20
10.2276611328125
 10
145.4958251953125
 20
10.3348876953125
 10
145.42779541015625
 20
10.4420166015625
 10
145.3604248046875
 20
10.54921875
 10
145.29376220703125
 20
10.6563720703125
 10
145.22745361328126
 20
10.763525390625
 10
145.1614990234375
 20
10.8706787109375
 10
145.09449462890626
 20
10.9778564453125
 10
145.02645263671874
 20
11.085009765625
 10
144.9573486328125
 20
11.1922119140625
 10
144.88724365234376
 20
11.2994140625
 10
144.81610107421875
 20
11.406640625
 10
144.7446044921875
 20
11.5138671875
 10
144.67276611328126
 20
11.62109375
 10
144.601953125
 20
11.7282958984375
 10
144.53218994140624
 20
11.835498046875
 10
144.46346435546874
 20
11.9426513671875
 10
144.39542236328126
 20
12.0498291015625
 10
144.32806396484375
 20
12.15703125
 10
144.2610595703125
 20
12.2641357421875
 10
144.1940673828125
 20
12.3712890625
 10
144.12569580078124
 20
12.478515625
 10
144.0555908203125
 20
12.5857177734375
 10
143.9834228515625
 20
12.6929443359375
 10
143.9094970703125
 20
12.8001708984375
 10
143.83316650390626
 20
12.9071533203125
 10
143.75372314453125
 20
13.0135498046875
 10
143.6711669921875
 20
13.1187744140625
 10
143.58551025390625
 20
13.2221435546875
 10
143.49637451171876
 20
13.323095703125
 10
143.40343017578124
 20
13.420703125
 10
143.30599365234374
 20
13.5140625
 10
143.20440673828125
 20
13.603173828125
 10
143.0990234375
 20
13.687646484375
 10
142.9898193359375
 20
13.7681884765625
 10
142.8775146484375
 20
13.845068359375
 10
142.76278076171874
 20
13.9182861328125
 10
142.64630126953125
 20
13.988720703125
 10
142.52879638671874
 20
14.0570068359375
 10
142.41060791015624
 20
14.1228271484375
 10
142.2920654296875
 20
14.1867919921875
 10
142.1735107421875
 20
14.2483154296875
 10
142.0549560546875
 20
14.307666015625
 10
141.9364013671875
 20
14.366064453125
 10
141.81785888671874
 20
14.4235595703125
 10
141.6992919921875
 20
14.4810546875
 10
141.5807373046875
 20
14.539453125
 10
141.46219482421876
 20
14.5988037109375
 10
141.34365234375
 20
14.660302734375
 10
141.22510986328126
 20
14.724267578125
 10
141.10657958984376
 20
14.7901123046875
 10
140.9880615234375
 20
14.8584228515625
 10
140.86953125
 20
14.928564453125
 10
140.75101318359376
 20
15.0008544921875
 10
140.6324951171875
 20
15.0759521484375
 10
140.51397705078125
 20
15.153515625
 10
140.39547119140624
 20
15.2332275390625
 10
140.2769775390625
 20
15.3151123046875
 10
140.15848388671876
 20
15.3979248046875
 10
140.03997802734375
 20
15.4816650390625
 10
139.921484375
 20
15.565380859375
 10
139.80299072265626
 20
15.648193359375
 10
139.68448486328126
 20
15.729150390625
 10
139.566015625
 20
15.807958984375
 10
139.44749755859374
 20
15.8842529296875
 10
139.32900390625
 20
15.958740234375
 10
139.21051025390625
 20
16.0310302734375
 10
139.09200439453124
 20
16.1008544921875
 10
138.9735107421875
 20
16.167919921875
 10
138.8550048828125
 20
16.2327880859375
 10
138.73648681640626
 20
16.2958251953125
 10
138.61796875
 20
16.357275390625
 10
138.49947509765624
 20
16.4172119140625
 10
138.38094482421874
 20
16.475927734375
 10
138.26243896484374
 20
16.5343017578125
 10
138.14393310546876
 20
16.5933349609375
 10
138.02542724609376
 20
16.6529541015625
 10
137.90694580078124
 20
16.7132080078125
 10
137.78843994140624
 20
16.7740478515625
 10
137.66993408203126
 20
16.8358154296875
 10
137.5514404296875
 20
16.898876953125
 10
137.4329345703125
 20
16.9631103515625
 10
137.314453125
 20
17.0285888671875
 10
137.19598388671875
 20
17.095654296875
 10
137.07750244140624
 20
17.16484375
 10
136.95936279296876
 20
17.2368408203125
 10
136.84227294921874
 20
17.3115478515625
 10
136.7276123046875
 20
17.389013671875
 10
136.6174560546875
 20
17.4695556640625
 10
136.51453857421876
 20
17.553369140625
 10
136.4223388671875
 20
17.6406982421875
 10
136.34500732421876
 20
17.730908203125
 10
136.28631591796875
 20
17.8234130859375
 10
136.24976806640626
 20
17.917431640625
 10
136.23739013671874
 20
18.012353515625
 10
136.2498779296875
 20
18.1069091796875
 10
136.28653564453126
 20
18.1996337890625
 10
136.34532470703124
 20
18.2889404296875
 10
136.42275390625
 20
18.3742919921875
 10
136.5150390625
 20
18.4548095703125
 10
136.61802978515624
 20
18.530517578125
 10
136.7282470703125
 20
18.601220703125
 10
136.84296875
 20
18.6669189453125
 10
136.9600830078125
 20
18.7282470703125
 10
137.0782470703125
 20
18.7858642578125
 10
137.1967529296875
 20
18.840380859375
 10
137.31524658203125
 20
18.8933349609375
 10
137.43375244140626
 20
18.9450927734375
 10
137.5519287109375
 20
18.996875
 10
137.66937255859375
 20
19.0498291015625
 10
137.7858154296875
 20
19.1050048828125
 10
137.90086669921874
 20
19.1632568359375
 10
138.01422119140625
 20
19.225
 10
138.12548828125
 20
19.289501953125
 10
138.23433837890624
 20
19.3574462890625
 10
138.34149169921875
 20
19.428173828125
 10
138.44759521484374
 20
19.5010986328125
 10
138.5533447265625
 20
19.5759033203125
 10
138.65946044921876
 20
19.651904296875
 10
138.76661376953126
 20
19.7287841796875
 10
138.87550048828126
 20
19.8066162109375
 10
138.98680419921874
 20
19.8844482421875
 10
139.1001708984375
 20
19.9622314453125
 10
139.2152587890625
 20
20.0399658203125
 10
139.33175048828124
 20
20.116748046875
 10
139.44927978515625
 20
20.192626953125
 10
139.56748046875
 20
20.2672607421875
 10
139.68603515625
 20
20.3403076171875
 10
139.80458984375
 20
20.4118408203125
 10
139.92314453125
 20
20.481494140625
 10
140.04169921875
 20
20.5489990234375
 10
140.16025390625
 20
20.615283203125
 10
140.27880859375
 20
20.680029296875
 10
140.39736328125
 20
20.7438232421875
 10
140.51591796875
 20
20.80703125
 10
140.63411865234374
 20
20.869921875
 10
140.7512939453125
 20
20.933154296875
 10
140.86639404296875
 20
20.9972900390625
 10
140.9783935546875
 20
21.062109375
 10
141.08590087890624
 20
21.128515625
 10
141.1871826171875
 20
21.1966064453125
 10
141.28017578125
 20
21.267236328125
 10
141.3635009765625
 20
21.3414306640625
 10
141.43646240234375
 20
21.4194580078125
 10
141.49906005859376
 20
21.5016357421875
 10
141.55096435546875
 20
21.588623046875
 10
141.59249267578124
 20
21.680029296875
 10
141.62469482421875
 20
21.7759033203125
 10
141.64930419921876
 20
21.8752685546875
 10
141.66768798828124
 20
21.9772216796875
 10
141.68087158203124
 20
22.081103515625
 10
141.68958740234376
 20
22.1862548828125
 10
141.69520263671876
 20
22.292041015625
 10
141.69871826171874
 20
22.3982421875
 10
141.70120849609376
 20
22.5044189453125
 10
141.7033447265625
 20
22.6102783203125
 10
141.70584716796876
 20
22.715185546875
 10
141.71038818359375
 20
22.8200927734375
 10
141.71737060546874
 20
22.922802734375
 10
141.7267822265625
 20
23.021142578125
 10
141.74381103515626
 20
23.1271240234375
 10
141.76046142578124
 20
23.217919921875
 10
141.7763916015625
 20
23.2938720703125
 10
141.82143366088673
 20
23.458618597791563
 10
141.8639671557575
 20
25.895360886959725
 10
142.0091064453125
 20
25.994775390625
 10
142.07890625
 20
26.029052734375
 10
142.16356201171874
 20
26.062841796875
 10
142.26339111328124
 20
26.0939453125
 10
142.3590576171875
 20
26.1037841796875
 10
142.46024169921876
 20
26.1018310546875
 10
142.56416015625
 20
26.087158203125
 10
142.66806640625
 20
26.0604736328125
 10
142.77265625
 20
26.026025390625
 10
142.87760009765626
 20
25.986279296875
 10
142.98287353515624
 20
25.9447509765625
 10
143.0888427734375
 20
25.9046875
 10
143.19583740234376
 20
25.868359375
 10
143.30457763671876
 20
25.837548828125
 10
143.4157470703125
 20
25.812890625
 10
143.5290283203125
 20
25.7937744140625
 10
143.64403076171874
 20
25.7795654296875
 10
143.7604248046875
 20
25.76875
 10
143.87784423828126
 20
25.759765625
 10
143.9959716796875
 20
25.7513916015625
 10
144.11444091796875
 20
25.7423828125
 10
144.23289794921874
 20
25.7315673828125
 10
144.35135498046876
 20
25.7188720703125
 10
144.46981201171874
 20
25.704296875
 10
144.58828125
 20
25.6882080078125
 10
144.70673828125
 20
25.6708984375
 10
144.8251953125
 20
25.652587890625
 10
144.94365234375
 20
25.633740234375
 10
145.06212158203124
 20
25.615185546875
 10
145.1805908203125
 20
25.596875
 10
145.29906005859374
 20
25.5786376953125
 10
145.41754150390625
 20
25.5600830078125
 10
145.5360107421875
 20
25.540576171875
 10
145.65447998046875
 20
25.51953125
 10
145.77294921875
 20
25.4959716796875
 10
145.89140625
 20
25.4687744140625
 10
146.00986328125
 20
25.4369140625
 10
146.1283203125
 20
25.4000732421875
 10
146.24676513671875
 20
25.3580078125
 10
146.3652099609375
 20
25.311328125
 10
146.48365478515626
 20
25.260302734375
 10
146.6020751953125
 20
25.206201171875
 10
146.7205078125
 20
25.1501953125
 10
146.83895263671874
 20
25.093603515625
 10
146.95738525390624
 20
25.0373046875
 10
147.0758056640625
 20
24.982275390625
 10
147.19425048828126
 20
24.9281494140625
 10
147.31270751953124
 20
24.8755859375
 10
147.43116455078126
 20
24.8239501953125
 10
147.549609375
 20
24.772607421875
 10
147.66806640625
 20
24.720947265625
 10
147.78651123046876
 20
24.668359375
 10
147.9049560546875
 20
24.6142578125
 10
148.02340087890624
 20
24.5589111328125
 10
148.14185791015626
 20
24.5016845703125
 10
148.26029052734376
 20
24.442919921875
 10
148.3787353515625
 20
24.3832275390625
 10
148.49718017578124
 20
24.3229248046875
 10
148.61563720703126
 20
24.2623046875
 10
148.73409423828124
 20
24.201708984375
 10
148.85255126953126
 20
24.141064453125
 10
148.97099609375
 20
24.0804443359375
 10
149.089453125
 20
24.0197998046875
 10
149.20791015625
 20
23.958251953125
 10
149.3263671875
 20
23.8957763671875
 10
149.44482421875
 20
23.8323974609375
 10
149.56328125
 20
23.768017578125
 10
149.68173828125
 20
23.702783203125
 10
149.8001953125
 20
23.637548828125
 10
149.91865234375
 20
23.572265625
 10
150.037109375
 20
23.5079345703125
 10
150.15556640625
 20
23.44453125
 10
150.27403564453124
 20
23.3820556640625
 10
150.3925048828125
 20
23.320166015625
 10
150.51097412109374
 20
23.2586181640625
 10
150.62945556640625
 20
23.196142578125
 10
150.7479248046875
 20
23.1324462890625
 10
150.86639404296875
 20
23.066845703125
 10
150.98485107421874
 20
22.9990966796875
 10
151.1033203125
 20
22.92890625
 10
151.22177734375
 20
22.8568115234375
 10
151.340234375
 20
22.7834716796875
 10
151.45870361328124
 20
22.7098876953125
 10
151.5771728515625
 20
22.6365478515625
 10
151.69564208984374
 20
22.5644775390625
 10
151.81412353515626
 20
22.4942626953125
 10
151.93260498046874
 20
22.426806640625
 10
152.05108642578125
 20
22.3618896484375
 10
152.16959228515626
 20
22.299072265625
 10
152.2880859375
 20
22.2378173828125
 10
152.40623779296874
 20
22.177490234375
 10
152.52366943359374
 20
22.116552734375
 10
152.63974609375
 20
22.0541015625
 10
152.75374755859374
 20
21.98828125
 10
152.86463623046876
 20
21.9181640625
 10
152.97135009765626
 20
21.8427978515625
 10
153.07249755859374
 20
21.7619873046875
 10
153.16778564453125
 20
21.6753662109375
 10
153.25650634765626
 20
21.58359375
 10
153.33861083984374
 20
21.486962890625
 10
153.41416015625
 20
21.3866943359375
 10
153.48416748046876
 20
21.283740234375
 10
153.54931640625
 20
21.1789794921875
 10
153.6113525390625
 20
21.073046875
 10
153.67061767578124
 20
20.9665283203125
 10
153.728515625
 20
20.8596923828125
 10
153.78641357421876
 20
20.7528564453125
 10
153.8453369140625
 20
20.6460205078125
 10
153.9052978515625
 20
20.5391357421875
 10
153.9673583984375
 20
20.4322509765625
 10
154.03114013671876
 20
20.325341796875
 10
154.09766845703126
 20
20.218408203125
 10
154.1666259765625
 20
20.1114501953125
 10
154.2369873046875
 20
20.004443359375
 10
154.3083740234375
 20
19.8974365234375
 10
154.3807861328125
 20
19.7904296875
 10
154.45286865234374
 20
19.6833740234375
 10
154.52427978515624
 20
19.5763671875
 10
154.59359130859374
 20
19.4693603515625
 10
154.6604736328125
 20
19.3623779296875
 10
154.72496337890624
 20
19.2554931640625
 10
154.78665771484376
 20
19.1486083984375
 10
154.8452392578125
 20
19.041748046875
 10
154.90140380859376
 20
18.9349365234375
 10
154.95584716796876
 20
18.8281494140625
 10
155.00924072265624
 20
18.7214111328125
 10
155.0623046875
 20
18.6146240234375
 10
155.11534423828124
 20
18.5078125
 10
155.16907958984376
 20
18.4010498046875
 10
155.22421875
 20
18.2942626953125
 10
155.28106689453125
 20
18.187451171875
 10
155.3393310546875
 20
18.0805908203125
 10
155.3996337890625
 20
17.9737548828125
 10
155.4616943359375
 20
17.8668212890625
 10
155.526171875
 20
17.7598388671875
 10
155.59273681640624
 20
17.6529052734375
 10
155.66103515625
 20
17.5459228515625
 10
155.73104248046874
 20
17.438916015625
 10
155.80279541015625
 20
17.331884765625
 10
155.87520751953124
 20
17.2248291015625
 10
155.94869384765624
 20
17.1177978515625
 10
156.02218017578124
 20
17.0107177734375
 10
156.09600830078125
 20
16.903662109375
 10
156.17017822265626
 20
16.7966064453125
 10
156.24400634765624
 20
16.689501953125
 10
156.31781005859375
 20
16.5824462890625
 10
156.39234619140626
 20
16.4753662109375
 10
156.4668701171875
 20
16.3682861328125
 10
156.54207763671874
 20
16.261181640625
 10
156.61728515625
 20
16.1541015625
 10
156.69283447265624
 20
16.047021484375
 10
156.76910400390625
 20
15.939892578125
 10
156.84534912109376
 20
15.8327880859375
 10
156.92056884765626
 20
15.7257080078125
 10
156.99510498046874
 20
15.6186279296875
 10
157.0678955078125
 20
15.5115478515625
 10
157.13895263671876
 20
15.4045166015625
 10
157.20723876953124
 20
15.2975341796875
 10
157.27276611328125
 20
15.190576171875
 10
157.33553466796874
 20
15.083642578125
 10
157.3965576171875
 20
14.9767333984375
 10
157.4554931640625
 20
14.8698486328125
 10
157.5134033203125
 20
14.7629638671875
 10
157.57132568359376
 20
14.6561279296875
 10
157.6302734375
 20
14.5492431640625
 10
157.6902587890625
 20
14.4423583984375
 10
157.75234375
 20
14.335400390625
 10
157.81612548828124
 20
14.228466796875
 10
157.8823486328125
 20
14.121484375
 10
157.9506591796875
 20
14.0144775390625
 10
158.0199951171875
 20
13.907470703125
 10
158.09002685546875
 20
13.8004150390625
 10
158.1607421875
 20
13.6933837890625
 10
158.2311279296875
 20
13.586328125
 10
158.30115966796876
 20
13.479296875
 10
158.37083740234374
 20
13.372265625
 10
158.44017333984374
 20
13.265234375
 10
158.50919189453126
 20
13.158203125
 10
158.57747802734374
 20
13.051171875
 10
158.6444091796875
 20
12.9441650390625
 10
158.7092529296875
 20
12.8372314453125
 10
158.7709716796875
 20
12.7302978515625
 10
158.8275146484375
 20
12.6234130859375
 10
158.8774658203125
 20
12.5169677734375
 10
158.92015380859374
 20
12.4115478515625
 10
158.9548828125
 20
12.30625
 10
158.98165283203124
 20
12.2031982421875
 10
159.00115966796875
 20
12.1046142578125
 10
159.0140625
 20
11.9983642578125
 10
159.02216796875
 20
11.9072998046875
 10
159.02684326171874
 20
11.8311767578125
  0
LWPOLYLINE
  5
5D
330
17
100
AcDbEntity
  8
0
100
AcDbPolyline
 90
298
 70
1
 10
189.82418212890624
 20
3.5864013671875
 10
189.63876953125
 20
3.5968505859375
 10
189.5533447265625
 20
3.605810546875
 10
189.45126953125
 20
3.6197021484375
 10
189.33218994140626
 20
3.6400146484375
 10
189.22178955078124
 20
3.6670166015625
 10
189.10654296875
 20
3.701806640625
 10
188.9888671875
 20
3.7447265625
 10
188.87120361328124
 20
3.795068359375
 10
188.7525390625
 20
3.851611328125
 10
188.63350830078124
 20
3.9131103515625
 10
188.51448974609374
 20
3.977734375
 10
188.39549560546874
 20
4.0447998046875
 10
188.27647705078124
 20
4.1128173828125
 10
188.15748291015626
 20
4.1804931640625
 10
188.0384765625
 20
4.2478759765625
 10
187.9194580078125
 20
4.315234375
 10
187.8004638671875
 20
4.383251953125
 10
187.6814453125
 20
4.452490234375
 10
187.56243896484375
 20
4.5223388671875
 10
187.44345703125
 20
4.593408203125
 10
187.32447509765626
 20
4.6663818359375
 10
187.20548095703126
 20
4.740576171875
 10
187.0864990234375
 20
4.815380859375
 10
186.9675048828125
 20
4.8892822265625
 10
186.84853515625
 20
4.9615966796875
 10
186.72955322265625
 20
5.0330078125
 10
186.61055908203124
 20
5.102880859375
 10
186.49156494140624
 20
5.170556640625
 10
186.3725830078125
 20
5.2366943359375
 10
186.2535888671875
 20
5.3015869140625
 10
186.1345947265625
 20
5.3664794921875
 10
186.01561279296874
 20
5.4316650390625
 10
185.89664306640626
 20
5.4965576171875
 10
185.77799072265626
 20
5.561767578125
 10
185.66038818359374
 20
5.627880859375
 10
185.54453125
 20
5.694580078125
 10
185.43145751953125
 20
5.7624755859375
 10
185.32220458984375
 20
5.832177734375
 10
185.2181640625
 20
5.9046142578125
 10
185.12108154296874
 20
5.9809326171875
 10
185.03197021484374
 20
6.0614990234375
 10
184.9515625
 20
6.1465576171875
 10
184.88121337890624
 20
6.236767578125
 10
184.82197265625
 20
6.3314453125
 10
184.7755859375
 20
6.429052734375
 10
184.7434326171875
 20
6.527685546875
 10
184.7265625
 20
6.6251708984375
 10
184.7266845703125
 20
6.7193115234375
 10
184.74520263671874
 20
6.807958984375
 10
184.78211669921876
 20
6.8885986328125
 10
184.83704833984376
 20
6.9599853515625
 10
184.90830078125
 20
7.0221435546875
 10
184.99376220703124
 20
7.0760498046875
 10
185.09066162109374
 20
7.1236328125
 10
185.19521484375
 20
7.1677001953125
 10
185.30391845703124
 20
7.211083984375
 10
185.41402587890624
 20
7.2574951171875
 10
185.52275390625
 20
7.3098388671875
 10
185.62801513671874
 20
7.3699951171875
 10
185.72772216796875
 20
7.438916015625
 10
185.82120361328126
 20
7.5165771484375
 10
185.90914306640624
 20
7.6020263671875
 10
185.99224853515625
 20
7.694384765625
 10
186.07081298828126
 20
7.7917724609375
 10
186.1462890625
 20
7.892626953125
 10
186.21966552734375
 20
7.9956298828125
 10
186.29271240234374
 20
8.0999267578125
 10
186.36610107421876
 20
8.204833984375
 10
186.43914794921875
 20
8.3100341796875
 10
186.51080322265625
 20
8.415234375
 10
186.58106689453126
 20
8.5204833984375
 10
186.6485595703125
 20
8.62578125
 10
186.71258544921875
 20
8.731103515625
 10
186.77208251953124
 20
8.8364990234375
 10
186.82603759765624
 20
8.9419677734375
 10
186.8747802734375
 20
9.047509765625
 10
186.91937255859375
 20
9.153125
 10
186.95943603515624
 20
9.2587890625
 10
186.9956787109375
 20
9.364501953125
 10
187.02879638671874
 20
9.4702880859375
 10
187.0594970703125
 20
9.5760498046875
 10
187.08916015625
 20
9.6819091796875
 10
187.11812744140624
 20
9.787744140625
 10
187.14637451171876
 20
9.893603515625
 10
187.17532958984376
 20
9.9994140625
 10
187.2060302734375
 20
10.1052490234375
 10
187.2384521484375
 20
10.2110595703125
 10
187.27296142578126
 20
10.316796875
 10
187.30955810546874
 20
10.422509765625
 10
187.34822998046874
 20
10.5281982421875
 10
187.3893310546875
 20
10.6339111328125
 10
187.43182373046875
 20
10.7395263671875
 10
187.4746826171875
 20
10.845166015625
 10
187.51787109375
 20
10.95078125
 10
187.5607177734375
 20
11.0564453125
 10
187.6025146484375
 20
11.1620849609375
 10
187.64327392578124
 20
11.2677734375
 10
187.68232421875
 20
11.3734619140625
 10
187.71995849609374
 20
11.4792236328125
 10
187.75654296875
 20
11.584912109375
 10
187.79244384765624
 20
11.690625
 10
187.8280029296875
 20
11.7964111328125
 10
187.86356201171876
 20
11.9021484375
 10
187.89947509765625
 20
12.007861328125
 10
187.9360595703125
 20
12.1135986328125
 10
187.97335205078124
 20
12.2193115234375
 10
188.0116943359375
 20
12.3250244140625
 10
188.0503662109375
 20
12.430712890625
 10
188.08941650390625
 20
12.5364013671875
 10
188.1291259765625
 20
12.6421142578125
 10
188.16884765625
 20
12.7478271484375
 10
188.20858154296874
 20
12.8534912109375
 10
188.24830322265626
 20
12.9592041015625
 10
188.2873291015625
 20
13.064892578125
 10
188.32601318359374
 20
13.1705810546875
 10
188.36434326171874
 20
13.276318359375
 10
188.40128173828126
 20
13.38203125
 10
188.43719482421875
 20
13.4877685546875
 10
188.4720703125
 20
13.5935791015625
 10
188.5058837890625
 20
13.6993408203125
 10
188.538671875
 20
13.805126953125
 10
188.57005615234374
 20
13.9109375
 10
188.59970703125
 20
14.0167724609375
 10
188.62867431640626
 20
14.122607421875
 10
188.65657958984374
 20
14.228466796875
 10
188.68311767578126
 20
14.334375
 10
188.70826416015626
 20
14.4402587890625
 10
188.73304443359376
 20
14.546142578125
 10
188.75853271484374
 20
14.6520263671875
 10
188.78612060546874
 20
14.7578857421875
 10
188.81578369140624
 20
14.8637451171875
 10
188.8489013671875
 20
14.9695556640625
 10
188.8872314453125
 20
15.075244140625
 10
188.93182373046875
 20
15.1805908203125
 10
188.98265380859374
 20
15.284912109375
 10
189.04010009765625
 20
15.3869384765625
 10
189.10341796875
 20
15.4848876953125
 10
189.17333984375
 20
15.576220703125
 10
189.24915771484376
 20
15.6578857421875
 10
189.32911376953126
 20
15.7261962890625
 10
189.41148681640624
 20
15.777734375
 10
189.49451904296876
 20
15.809423828125
 10
189.57578125
 20
15.819482421875
 10
189.65390625
 20
15.8072509765625
 10
189.7260986328125
 20
15.7734619140625
 10
189.79061279296874
 20
15.719970703125
 10
189.84713134765624
 20
15.6498291015625
 10
189.89599609375
 20
15.5664794921875
 10
189.93824462890626
 20
15.4736572265625
 10
189.97491455078125
 20
15.374365234375
 10
190.00673828125
 20
15.2711181640625
 10
190.0354248046875
 20
15.165771484375
 10
190.0627197265625
 20
15.059521484375
 10
190.08896484375
 20
14.9529296875
 10
190.11416015625
 20
14.8463623046875
 10
190.1383544921875
 20
14.7398193359375
 10
190.1621826171875
 20
14.6332763671875
 10
190.186328125
 20
14.5267333984375
 10
190.21119384765626
 20
14.4201904296875
 10
190.2364013671875
 20
14.3136474609375
 10
190.26265869140624
 20
14.207080078125
 10
190.2906494140625
 20
14.1005126953125
 10
190.32003173828124
 20
13.993896484375
 10
190.3504638671875
 20
13.887255859375
 10
190.3815673828125
 20
13.780615234375
 10
190.41302490234375
 20
13.6739501953125
 10
190.44483642578126
 20
13.5672607421875
 10
190.47666015625
 20
13.4606201171875
 10
190.50848388671875
 20
13.3539794921875
 10
190.5413330078125
 20
13.2473388671875
 10
190.5752197265625
 20
13.1406494140625
 10
190.61051025390626
 20
13.033935546875
 10
190.6475341796875
 20
12.927197265625
 10
190.68629150390626
 20
12.820458984375
 10
190.72677001953124
 20
12.7136962890625
 10
190.76829833984374
 20
12.6069091796875
 10
190.80985107421876
 20
12.5000732421875
 10
190.85137939453125
 20
12.393310546875
 10
190.89188232421876
 20
12.2865234375
 10
190.9306396484375
 20
12.1797607421875
 10
190.96766357421876
 20
12.0730712890625
 10
191.00294189453126
 20
11.966357421875
 10
191.0364990234375
 20
11.8596923828125
 10
191.06829833984375
 20
11.7530517578125
 10
191.09837646484374
 20
11.6463623046875
 10
191.12777099609374
 20
11.539794921875
 10
191.1564453125
 20
11.433154296875
 10
191.18409423828126
 20
11.3265625
 10
191.21070556640626
 20
11.219970703125
 10
191.23695068359376
 20
11.113427734375
 10
191.26356201171876
 20
11.0068359375
 10
191.29017333984376
 20
10.9002197265625
 10
191.3160888671875
 20
10.7936279296875
 10
191.3419921875
 20
10.6870849609375
 10
191.36859130859375
 20
10.5804931640625
 10
191.3955322265625
 20
10.4739013671875
 10
191.42215576171876
 20
10.3673095703125
 10
191.44805908203125
 20
10.2607177734375
 10
191.47398681640624
 20
10.1541259765625
 10
191.50057373046874
 20
10.0475341796875
 10
191.52752685546875
 20
9.9409423828125
 10
191.55447998046876
 20
9.8343505859375
 10
191.58212890625
 20
9.727734375
 10
191.61151123046875
 20
9.6211181640625
 10
191.64261474609376
 20
9.5144775390625
 10
191.67548828125
 20
9.4081298828125
 10
191.7104248046875
 20
9.3023193359375
 10
191.74814453125
 20
9.1974609375
 10
191.78968505859376
 20
9.0940673828125
 10
191.8361083984375
 20
8.9927490234375
 10
191.88739013671875
 20
8.894482421875
 10
191.94456787109374
 20
8.8004638671875
 10
192.00975341796874
 20
8.7100341796875
 10
192.08084716796876
 20
8.6248046875
 10
192.15577392578126
 20
8.5463134765625
 10
192.24736328125
 20
8.465771484375
 10
192.32958984375
 20
8.3983642578125
 10
192.4017578125
 20
8.343115234375
 10
192.5704510116273
 20
8.226817651906595
 10
195.66855083090041
 20
8.172740118407091
 10
195.8541748046875
 20
8.209228515625
 10
195.93966064453124
 20
8.220166015625
 10
196.0414794921875
 20
8.2293212890625
 10
196.15927734375
 20
8.23515625
 10
196.26630859375
 20
8.2293701171875
 10
196.37470703125
 20
8.2145751953125
 10
196.48033447265624
 20
8.189599609375
 10
196.57862548828126
 20
8.1529296875
 10
196.66822509765626
 20
8.104931640625
 10
196.74632568359374
 20
8.045703125
 10
196.8108642578125
 20
7.9757568359375
 10
196.86046142578124
 20
7.8964111328125
 10
196.89405517578126
 20
7.8095458984375
 10
196.9109619140625
 20
7.7167724609375
 10
196.91083984375
 20
7.6205078125
 10
196.8936767578125
 20
7.5228759765625
 10
196.85985107421874
 20
7.425830078125
 10
196.81002197265624
 20
7.3312255859375
 10
196.74527587890626
 20
7.240478515625
 10
196.6669677734375
 20
7.1539794921875
 10
196.57685546875
 20
7.0722900390625
 10
196.4770263671875
 20
6.994775390625
 10
196.3698974609375
 20
6.9210693359375
 10
196.25755615234374
 20
6.8508544921875
 10
196.1417724609375
 20
6.7831787109375
 10
196.02386474609375
 20
6.7170654296875
 10
195.9049560546875
 20
6.6528564453125
 10
195.78570556640625
 20
6.5898681640625
 10
195.66641845703126
 20
6.5287353515625
 10
195.54715576171876
 20
6.4691650390625
 10
195.42789306640626
 20
6.410791015625
 10
195.30863037109376
 20
6.3533935546875
 10
195.18939208984375
 20
6.296630859375
 10
195.0701416015625
 20
6.2392333984375
 10
194.95089111328124
 20
6.180859375
 10
194.83162841796874
 20
6.120361328125
 10
194.7123779296875
 20
6.0573974609375
 10
194.59312744140624
 20
5.991943359375
 10
194.47386474609374
 20
5.9249267578125
 10
194.3546142578125
 20
5.8572998046875
 10
194.23536376953126
 20
5.790283203125
 10
194.11611328125
 20
5.724853515625
 10
193.99686279296876
 20
5.6621826171875
 10
193.8776123046875
 20
5.6032470703125
 10
193.7583740234375
 20
5.5480224609375
 10
193.63914794921874
 20
5.4955322265625
 10
193.51990966796876
 20
5.444970703125
 10
193.40069580078125
 20
5.3949951171875
 10
193.2814697265625
 20
5.3447509765625
 10
193.16224365234376
 20
5.2929443359375
 10
193.04302978515625
 20
5.238623046875
 10
192.9238037109375
 20
5.1818603515625
 10
192.80457763671876
 20
5.122900390625
 10
192.68533935546876
 20
5.062109375
 10
192.56610107421875
 20
5.000390625
 10
192.44686279296874
 20
4.938037109375
 10
192.32763671875
 20
4.8759765625
 10
192.20841064453126
 20
4.8145751953125
 10
192.0891845703125
 20
4.753759765625
 10
191.96995849609374
 20
4.6936279296875
 10
191.85074462890626
 20
4.634033203125
 10
191.73153076171874
 20
4.5751220703125
 10
191.61231689453126
 20
4.516796875
 10
191.49310302734375
 20
4.4588134765625
 10
191.3739013671875
 20
4.401123046875
 10
191.2546875
 20
4.343701171875
 10
191.1354736328125
 20
4.286328125
 10
191.01627197265626
 20
4.228955078125
 10
190.8970703125
 20
4.1706298828125
 10
190.77821044921876
 20
4.1114013671875
 10
190.66038818359374
 20
4.0514892578125
 10
190.542578125
 20
3.9900634765625
 10
190.42718505859375
 20
3.9282958984375
 10
190.3166748046875
 20
3.868017578125
 10
190.1974609375
 20
3.801025390625
 10
190.0952880859375
 20
3.7430908203125
 10
190.0097900390625
 20
3.6941650390625
  0
LWPOLYLINE
  5
5E
330
17
100
AcDbEntity
  8
0
100
AcDbPolyline
 90
469
 70
1
 10
220.13212890625
 20
9.214892578125
 10
220.1016845703125
 20
9.3809814453125
 10
220.0952880859375
 20
9.4573486328125
 10
220.0927978515625
 20
9.548583984375
 10
220.0959228515625
 20
9.6549072265625
 10
220.1119384765625
 20
9.7533447265625
 10
220.1384033203125
 20
9.8559326171875
 10
220.1753173828125
 20
9.9605712890625
 10
220.22197265625
 20
10.0650634765625
 10
220.2766357421875
 20
10.1703369140625
 10
220.3376220703125
 20
10.2759033203125
 10
220.4034423828125
 20
10.381396484375
 10
220.473095703125
 20
10.486767578125
 10
220.5445068359375
 20
10.5921630859375
 10
220.6173095703125
 20
10.697509765625
 10
220.691455078125
 20
10.802880859375
 10
220.7670654296875
 20
10.9082275390625
 10
220.844384765625
 20
11.0135009765625
 10
220.9231201171875
 20
11.118798828125
 10
221.0025146484375
 20
11.2240478515625
 10
221.083349609375
 20
11.3293212890625
 10
221.165185546875
 20
11.4345703125
 10
221.247412109375
 20
11.53984375
 10
221.3296142578125
 20
11.645068359375
 10
221.411474609375
 20
11.7503173828125
 10
221.492626953125
 20
11.8555908203125
 10
221.5738037109375
 20
11.9608642578125
 10
221.6546142578125
 20
12.0661376953125
 10
221.7347412109375
 20
12.1714111328125
 10
221.814501953125
 20
12.2766845703125
 10
221.8935791015625
 20
12.381982421875
 10
221.9716064453125
 20
12.4873046875
 10
222.0489501953125
 20
12.5926025390625
 10
222.1248779296875
 20
12.6979248046875
 10
222.1987548828125
 20
12.8032958984375
 10
222.270849609375
 20
12.9087158203125
 10
222.3412353515625
 20
13.014111328125
 10
222.4101806640625
 20
13.1195556640625
 10
222.4781005859375
 20
13.2250244140625
 10
222.5449951171875
 20
13.33046875
 10
222.611181640625
 20
13.4359619140625
 10
222.6777099609375
 20
13.5414306640625
 10
222.7446044921875
 20
13.646923828125
 10
222.811865234375
 20
13.7523681640625
 10
222.8794189453125
 20
13.8578369140625
 10
222.94736328125
 20
13.9633056640625
 10
223.015673828125
 20
14.06875
 10
223.0843017578125
 20
14.17421875
 10
223.1529296875
 20
14.2796875
 10
223.2215576171875
 20
14.3851318359375
 10
223.290185546875
 20
14.490576171875
 10
223.358837890625
 20
14.5960205078125
 10
223.427099609375
 20
14.701513671875
 10
223.495068359375
 20
14.806982421875
 10
223.562646484375
 20
14.9124267578125
 10
223.6298828125
 20
15.0178955078125
 10
223.6967529296875
 20
15.123388671875
 10
223.7633056640625
 20
15.228857421875
 10
223.8295166015625
 20
15.3343505859375
 10
223.8960693359375
 20
15.43984375
 10
223.962939453125
 20
15.5453125
 10
224.03017578125
 20
15.65078125
 10
224.0977783203125
 20
15.75625
 10
224.16572265625
 20
15.8617431640625
 10
224.2340087890625
 20
15.9672119140625
 10
224.3026611328125
 20
16.0726806640625
 10
224.3716552734375
 20
16.178125
 10
224.4409912109375
 20
16.28359375
 10
224.5106689453125
 20
16.3890625
 10
224.5810302734375
 20
16.4945068359375
 10
224.6521240234375
 20
16.599951171875
 10
224.724267578125
 20
16.7053955078125
 10
224.7977783203125
 20
16.810791015625
 10
224.8719970703125
 20
16.916162109375
 10
224.947265625
 20
17.0215576171875
 10
225.023583984375
 20
17.1269287109375
 10
225.100244140625
 20
17.2322509765625
 10
225.1772216796875
 20
17.337646484375
 10
225.253564453125
 20
17.4429931640625
 10
225.328125
 20
17.548388671875
 10
225.4009521484375
 20
17.6537841796875
 10
225.47099609375
 20
17.759228515625
 10
225.5379150390625
 20
17.8647705078125
 10
225.6016845703125
 20
17.9703125
 10
225.6623046875
 20
18.0759033203125
 10
225.7211669921875
 20
18.181201171875
 10
225.779736328125
 20
18.2858642578125
 10
225.8393310546875
 20
18.3896240234375
 10
225.9016845703125
 20
18.4917724609375
 10
225.9685791015625
 20
18.5913818359375
 10
226.0417724609375
 20
18.6875
 10
226.1222412109375
 20
18.7788818359375
 10
226.2100341796875
 20
18.8648681640625
 10
226.305126953125
 20
18.9448486328125
 10
226.4068603515625
 20
19.017919921875
 10
226.514501953125
 20
19.0837890625
 10
226.62666015625
 20
19.1430419921875
 10
226.741943359375
 20
19.19609375
 10
226.859326171875
 20
19.2438232421875
 10
226.9781005859375
 20
19.2871826171875
 10
227.0975830078125
 20
19.3271484375
 10
227.2173828125
 20
19.365234375
 10
227.3371826171875
 20
19.4030517578125
 10
227.456982421875
 20
19.4410888671875
 10
227.576806640625
 20
19.480712890625
 10
227.6966064453125
 20
19.5231689453125
 10
227.8164306640625
 20
19.5690185546875
 10
227.9362548828125
 20
19.6185791015625
 10
228.056103515625
 20
19.6721923828125
 10
228.1759521484375
 20
19.7292236328125
 10
228.29580078125
 20
19.7893798828125
 10
228.4156494140625
 20
19.851953125
 10
228.5355224609375
 20
19.9157958984375
 10
228.65537109375
 20
19.979638671875
 10
228.775244140625
 20
20.0431884765625
 10
228.8950927734375
 20
20.1051513671875
 10
229.01494140625
 20
20.1656005859375
 10
229.134814453125
 20
20.224169921875
 10
229.2546630859375
 20
20.2808837890625
 10
229.37451171875
 20
20.3357421875
 10
229.4943603515625
 20
20.3893310546875
 10
229.614208984375
 20
20.4413818359375
 10
229.7340576171875
 20
20.492529296875
 10
229.85390625
 20
20.542431640625
 10
229.9737548828125
 20
20.59140625
 10
230.093603515625
 20
20.638818359375
 10
230.2134765625
 20
20.6849365234375
 10
230.3333251953125
 20
20.7298828125
 10
230.453173828125
 20
20.773876953125
 10
230.573046875
 20
20.816943359375
 10
230.6928955078125
 20
20.8593994140625
 10
230.812744140625
 20
20.901220703125
 10
230.9325927734375
 20
20.9436767578125
 10
231.052490234375
 20
20.98671875
 10
231.1723388671875
 20
21.030712890625
 10
231.2922119140625
 20
21.0757080078125
 10
231.4120849609375
 20
21.1218505859375
 10
231.5319580078125
 20
21.1692626953125
 10
231.651806640625
 20
21.218212890625
 10
231.7716796875
 20
21.2677978515625
 10
231.891552734375
 20
21.3183349609375
 10
232.0114501953125
 20
21.3691650390625
 10
232.131298828125
 20
21.4202880859375
 10
232.251171875
 20
21.4711181640625
 10
232.3710693359375
 20
21.5216796875
 10
232.4909423828125
 20
21.5712646484375
 10
232.6108154296875
 20
21.6205322265625
 10
232.730712890625
 20
21.668896484375
 10
232.8506103515625
 20
21.716943359375
 10
232.9704833984375
 20
21.7653076171875
 10
233.090380859375
 20
21.814892578125
 10
233.2102783203125
 20
21.866357421875
 10
233.3301513671875
 20
21.9205810546875
 10
233.450048828125
 20
21.9776123046875
 10
233.5699951171875
 20
22.038720703125
 10
233.689892578125
 20
22.1038330078125
 10
233.8098388671875
 20
22.172021484375
 10
233.9297607421875
 20
22.242431640625
 10
234.0497314453125
 20
22.3140625
 10
234.1696533203125
 20
22.3860107421875
 10
234.289599609375
 20
22.457373046875
 10
234.409521484375
 20
22.5261962890625
 10
234.5294677734375
 20
22.5916259765625
 10
234.649365234375
 20
22.653662109375
 10
234.769287109375
 20
22.711962890625
 10
234.8891845703125
 20
22.7662109375
 10
235.0091064453125
 20
22.8158203125
 10
235.1289794921875
 20
22.8611083984375
 10
235.2489013671875
 20
22.9023193359375
 10
235.368798828125
 20
22.9394775390625
 10
235.4886962890625
 20
22.972314453125
 10
235.6086181640625
 20
23.0011474609375
 10
235.7284912109375
 20
23.026220703125
 10
235.848388671875
 20
23.0485595703125
 10
235.9682861328125
 20
23.067724609375
 10
236.088134765625
 20
23.0841064453125
 10
236.208056640625
 20
23.0980224609375
 10
236.3279296875
 20
23.109765625
 10
236.4477783203125
 20
23.1193359375
 10
236.5676513671875
 20
23.126416015625
 10
236.6875244140625
 20
23.1301025390625
 10
236.8070556640625
 20
23.1300537109375
 10
236.9259033203125
 20
23.1253662109375
 10
237.0432861328125
 20
23.115087890625
 10
237.158251953125
 20
23.0983642578125
 10
237.270751953125
 20
23.0722900390625
 10
237.378369140625
 20
23.037939453125
 10
237.478662109375
 20
22.9968994140625
 10
237.581689453125
 20
22.9377685546875
 10
237.6683349609375
 20
22.881982421875
 10
237.7392333984375
 20
22.8307373046875
 10
237.88594698850767
 20
22.70055416396126
 10
237.80047836672307
 20
17.80406010128745
 10
237.9470947265625
 20
17.689306640625
 10
238.0179931640625
 20
17.639306640625
 10
238.1045654296875
 20
17.580322265625
 10
238.2075927734375
 20
17.5124755859375
 10
238.3077880859375
 20
17.4521240234375
 10
238.4153076171875
 20
17.3894775390625
 10
238.527734375
 20
17.324609375
 10
238.6426025390625
 20
17.2584228515625
 10
238.759912109375
 20
17.189453125
 10
238.8786376953125
 20
17.1182861328125
 10
238.997998046875
 20
17.044287109375
 10
239.1177490234375
 20
16.967822265625
 10
239.2375
 20
16.8891845703125
 10
239.3572021484375
 20
16.8095703125
 10
239.476953125
 20
16.729052734375
 10
239.5966796875
 20
16.647607421875
 10
239.71640625
 20
16.564892578125
 10
239.8361328125
 20
16.481591796875
 10
239.955859375
 20
16.3973388671875
 10
240.0755859375
 20
16.311865234375
 10
240.1953369140625
 20
16.2248291015625
 10
240.315087890625
 20
16.1367919921875
 10
240.4348388671875
 20
16.048583984375
 10
240.5545654296875
 20
15.9605712890625
 10
240.6743408203125
 20
15.8732177734375
 10
240.794091796875
 20
15.787109375
 10
240.913818359375
 20
15.7028564453125
 10
241.0335693359375
 20
15.620458984375
 10
241.1533447265625
 20
15.5396240234375
 10
241.2730712890625
 20
15.4603271484375
 10
241.3928466796875
 20
15.3828857421875
 10
241.5126220703125
 20
15.307958984375
 10
241.6323974609375
 20
15.2361083984375
 10
241.752197265625
 20
15.168310546875
 10
241.8719970703125
 20
15.1057861328125
 10
241.991796875
 20
15.0500732421875
 10
242.1115966796875
 20
15.0021484375
 10
242.2314453125
 20
14.9623046875
 10
242.3512451171875
 20
14.9298828125
 10
242.47109375
 20
14.904296875
 10
242.590966796875
 20
14.8840087890625
 10
242.710498046875
 20
14.8671142578125
 10
242.8289306640625
 20
14.850830078125
 10
242.945654296875
 20
14.832421875
 10
243.0595703125
 20
14.809130859375
 10
243.169287109375
 20
14.779052734375
 10
243.2730712890625
 20
14.7400146484375
 10
243.368798828125
 20
14.6908203125
 10
243.4551025390625
 20
14.6309326171875
 10
243.5312744140625
 20
14.560595703125
 10
243.5958740234375
 20
14.4808349609375
 10
243.6479248046875
 20
14.3934814453125
 10
243.68671875
 20
14.3003662109375
 10
243.7118896484375
 20
14.204052734375
 10
243.7234130859375
 20
14.1066650390625
 10
243.720654296875
 20
14.0104248046875
 10
243.7021728515625
 20
13.9172119140625
 10
243.66796875
 20
13.828857421875
 10
243.6184814453125
 20
13.7459716796875
 10
243.5542724609375
 20
13.6683349609375
 10
243.4764892578125
 20
13.595458984375
 10
243.386474609375
 20
13.527099609375
 10
243.2863525390625
 20
13.4623291015625
 10
243.1788818359375
 20
13.400439453125
 10
243.0662109375
 20
13.3402099609375
 10
242.9500244140625
 20
13.28125
 10
242.831787109375
 20
13.224462890625
 10
242.712451171875
 20
13.169921875
 10
242.5927978515625
 20
13.117822265625
 10
242.4731689453125
 20
13.0688720703125
 10
242.353515625
 20
13.0226806640625
 10
242.2338623046875
 20
12.979296875
 10
242.1142578125
 20
12.9384033203125
 10
241.9946533203125
 20
12.8984375
 10
241.875
 20
12.8590576171875
 10
241.7553466796875
 20
12.8194091796875
 10
241.6357421875
 20
12.7781982421875
 10
241.5161376953125
 20
12.7354248046875
 10
241.396484375
 20
12.691162109375
 10
241.2768310546875
 20
12.645263671875
 10
241.1572265625
 20
12.5990966796875
 10
241.0376220703125
 20
12.5526123046875
 10
240.91796875
 20
12.506103515625
 10
240.7983154296875
 20
12.460546875
 10
240.6787109375
 20
12.4156494140625
 10
240.5590576171875
 20
12.371044921875
 10
240.439453125
 20
12.3263916015625
 10
240.3198486328125
 20
12.280517578125
 10
240.2002197265625
 20
12.233154296875
 10
240.0805908203125
 20
12.183544921875
 10
239.960986328125
 20
12.1311767578125
 10
239.8413818359375
 20
12.076318359375
 10
239.7217529296875
 20
12.0189453125
 10
239.6021240234375
 20
11.9594482421875
 10
239.482470703125
 20
11.898095703125
 10
239.362841796875
 20
11.83515625
 10
239.243212890625
 20
11.7716064453125
 10
239.123583984375
 20
11.707421875
 10
239.003955078125
 20
11.642626953125
 10
238.884326171875
 20
11.5778564453125
 10
238.7647216796875
 20
11.5130615234375
 10
238.6450927734375
 20
11.448876953125
 10
238.5254638671875
 20
11.3850341796875
 10
238.405859375
 20
11.3211669921875
 10
238.2862060546875
 20
11.257958984375
 10
238.1666015625
 20
11.1953369140625
 10
238.0469970703125
 20
11.133349609375
 10
237.927392578125
 20
11.0719970703125
 10
237.8077880859375
 20
11.011279296875
 10
237.6881591796875
 20
10.9520751953125
 10
237.5685791015625
 20
10.8944091796875
 10
237.448974609375
 20
10.8383056640625
 10
237.3293701171875
 20
10.7837646484375
 10
237.2097900390625
 20
10.7298583984375
 10
237.090185546875
 20
10.676220703125
 10
236.9706298828125
 20
10.6216796875
 10
236.8510009765625
 20
10.5646728515625
 10
236.7314208984375
 20
10.5045654296875
 10
236.612158203125
 20
10.439794921875
 10
236.4935791015625
 20
10.3694091796875
 10
236.3760498046875
 20
10.293408203125
 10
236.260302734375
 20
10.2115478515625
 10
236.146923828125
 20
10.1242919921875
 10
236.0370849609375
 20
10.0323974609375
 10
235.931787109375
 20
9.936083984375
 10
235.8309814453125
 20
9.836572265625
 10
235.7350341796875
 20
9.7348388671875
 10
235.6443603515625
 20
9.631494140625
 10
235.5585693359375
 20
9.5271484375
 10
235.4776123046875
 20
9.422119140625
 10
235.4005615234375
 20
9.316748046875
 10
235.3262451171875
 20
9.211279296875
 10
235.2551025390625
 20
9.105810546875
 10
235.1864013671875
 20
9.0002685546875
 10
235.1194580078125
 20
8.8947509765625
 10
235.0535400390625
 20
8.789208984375
 10
234.9872802734375
 20
8.683642578125
 10
234.9203125
 20
8.5781005859375
 10
234.852294921875
 20
8.4725830078125
 10
234.7818603515625
 20
8.3670654296875
 10
234.70859375
 20
8.2616455078125
 10
234.632568359375
 20
8.1562255859375
 10
234.5544677734375
 20
8.050830078125
 10
234.4753173828125
 20
7.9454833984375
 10
234.3957763671875
 20
7.840087890625
 10
234.3166015625
 20
7.7347412109375
 10
234.2388427734375
 20
7.629345703125
 10
234.1631591796875
 20
7.5239501953125
 10
234.089599609375
 20
7.4184814453125
 10
234.0177490234375
 20
7.3130126953125
 10
233.947314453125
 20
7.207568359375
 10
233.8779296875
 20
7.1020751953125
 10
233.809228515625
 20
6.996533203125
 10
233.7408935546875
 20
6.891015625
 10
233.6725341796875
 20
6.785498046875
 10
233.6041748046875
 20
6.6800048828125
 10
233.5358154296875
 20
6.5744873046875
 10
233.4674560546875
 20
6.468994140625
 10
233.3991455078125
 20
6.3635009765625
 10
233.33115234375
 20
6.2579833984375
 10
233.2635009765625
 20
6.1524658203125
 10
233.1962158203125
 20
6.046923828125
 10
233.129248046875
 20
5.94140625
 10
233.062646484375
 20
5.835888671875
 10
232.9963623046875
 20
5.730322265625
 10
232.93046875
 20
5.6248046875
 10
232.8638916015625
 20
5.519287109375
 10
232.79658203125
 20
5.4137451171875
 10
232.7285888671875
 20
5.308251953125
 10
232.6595458984375
 20
5.2027587890625
 10
232.589111328125
 20
5.097314453125
 10
232.516943359375
 20
4.991845703125
 10
232.4426513671875
 20
4.8864501953125
 10
232.367333984375
 20
4.7810546875
 10
232.2906494140625
 20
4.6756591796875
 10
232.2125244140625
 20
4.5703125
 10
232.133740234375
 20
4.464990234375
 10
232.0552978515625
 20
4.359619140625
 10
231.977880859375
 20
4.2542724609375
 10
231.902197265625
 20
4.148876953125
 10
231.827587890625
 20
4.0434814453125
 10
231.75439453125
 20
3.9383544921875
 10
231.681884765625
 20
3.8338623046875
 10
231.6090087890625
 20
3.730615234375
 10
231.5337158203125
 20
3.629541015625
 10
231.45458984375
 20
3.532275390625
 10
231.3702392578125
 20
3.440673828125
 10
231.2802978515625
 20
3.3572265625
 10
231.184130859375
 20
3.284130859375
 10
231.082373046875
 20
3.2240966796875
 10
230.9757568359375
 20
3.1796875
 10
230.8660400390625
 20
3.152978515625
 10
230.7549560546875
 20
3.1449462890625
 10
230.64423828125
 20
3.1561279296875
 10
230.5356201171875
 20
3.1859375
 10
230.430908203125
 20
3.233349609375
 10
230.330712890625
 20
3.2962158203125
 10
230.2357666015625
 20
3.372021484375
 10
230.1467529296875
 20
3.4579833984375
 10
230.063330078125
 20
3.5519287109375
 10
229.9851806640625
 20
3.6513916015625
 10
229.9112060546875
 20
3.7545166015625
 10
229.8403564453125
 20
3.8597900390625
 10
229.77197265625
 20
3.966259765625
 10
229.705322265625
 20
4.0733154296875
 10
229.639013671875
 20
4.1806884765625
 10
229.5726806640625
 20
4.2880615234375
 10
229.506396484375
 20
4.3954345703125
 10
229.440087890625
 20
4.502783203125
 10
229.3741455078125
 20
4.6101318359375
 10
229.308544921875
 20
4.7174560546875
 10
229.243603515625
 20
4.8248291015625
 10
229.1797607421875
 20
4.932177734375
 10
229.116943359375
 20
5.039453125
 10
229.0544677734375
 20
5.1468017578125
 10
228.9927001953125
 20
5.2541015625
 10
228.9309326171875
 20
5.3613525390625
 10
228.8695068359375
 20
5.468701171875
 10
228.807763671875
 20
5.5759765625
 10
228.7459716796875
 20
5.683251953125
 10
228.6845947265625
 20
5.7905517578125
 10
228.6241943359375
 20
5.897802734375
 10
228.5645263671875
 20
6.0050537109375
 10
228.5062255859375
 20
6.1123046875
 10
228.4486572265625
 20
6.21953125
 10
228.3921142578125
 20
6.3267333984375
 10
228.3359619140625
 20
6.433935546875
 10
228.27939453125
 20
6.541162109375
 10
228.221826171875
 20
6.648388671875
 10
228.1625244140625
 20
6.7556396484375
 10
228.100390625
 20
6.8629150390625
 10
228.035498046875
 20
6.9702392578125
 10
227.967822265625
 20
7.077587890625
 10
227.8973388671875
 20
7.1849853515625
 10
227.8244384765625
 20
7.292431640625
 10
227.749072265625
 20
7.3999267578125
 10
227.672314453125
 20
7.507421875
 10
227.5952392578125
 20
7.6149169921875
 10
227.518505859375
 20
7.7224365234375
 10
227.441748046875
 20
7.8296142578125
 10
227.3653564453125
 20
7.9358154296875
 10
227.2885986328125
 20
8.040234375
 10
227.2114990234375
 20
8.1415283203125
 10
227.1326416015625
 20
8.2381591796875
 10
227.0506591796875
 20
8.3283447265625
 10
226.964111328125
 20
8.409912109375
 10
226.872705078125
 20
8.481298828125
 10
226.7756591796875
 20
8.5416015625
 10
226.6734130859375
 20
8.590478515625
 10
226.56591796875
 20
8.6282958984375
 10
226.4542236328125
 20
8.655908203125
 10
226.3393798828125
 20
8.6748779296875
 10
226.2224609375
 20
8.687353515625
 10
226.1041015625
 20
8.6951904296875
 10
225.9850830078125
 20
8.6999755859375
 10
225.8656982421875
 20
8.7025634765625
 10
225.7463134765625
 20
8.7035888671875
 10
225.626904296875
 20
8.7033935546875
 10
225.5074951171875
 20
8.701953125
 10
225.3881103515625
 20
8.699267578125
 10
225.2690673828125
 20
8.6953369140625
 10
225.1510986328125
 20
8.690185546875
 10
225.0330810546875
 20
8.685595703125
 10
224.917529296875
 20
8.682275390625
 10
224.8068359375
 20
8.6806884765625
 10
224.6874755859375
 20
8.6854736328125
 10
224.5851318359375
 20
8.6912353515625
 10
224.4995361328125
 20
8.697998046875
 10
224.31372030649146
 20
8.724778061875849
 10
220.9679935086427
 20
8.783177940364386
 10
220.7851806640625
 20
8.8595947265625
 10
220.703369140625
 20
8.8970947265625
 10
220.609716796875
 20
8.9415283203125
 10
220.4903076171875
 20
9.003173828125
 10
220.3966552734375
 20
9.054736328125
 10
220.3148681640625
 20
9.101220703125
  0
LWPOLYLINE
  5
5F
330
17
100
AcDbEntity
  8
0
100
AcDbPolyline
 90
295
 70
1
 10
163.6148193359375
 20
4.00673828125
 10
163.5650390625
 20
3.9523193359375
 10
163.5085693359375
 20
3.9022216796875
 10
163.44566650390624
 20
3.8564697265625
 10
163.3765869140625
 20
3.8149658203125
 10
163.30172119140624
 20
3.777685546875
 10
163.2214111328125
 20
3.7444091796875
 10
163.13604736328125
 20
3.714990234375
 10
163.0460693359375
 20
3.6893310546875
 10
162.9518798828125
 20
3.667138671875
 10
162.85389404296876
 20
3.64814453125
 10
162.75255126953124
 20
3.6322509765625
 10
162.6482177734375
 20
3.6191162109375
 10
162.54129638671876
 20
3.6085205078125
 10
162.43214111328126
 20
3.600244140625
 10
162.32105712890626
 20
3.5940185546875
 10
162.2083740234375
 20
3.5896728515625
 10
162.0943359375
 20
3.58701171875
 10
161.97921142578124
 20
3.5858154296875
 10
161.86319580078126
 20
3.5859375
 10
161.746484375
 20
3.58720703125
 10
161.6292236328125
 20
3.5895263671875
 10
161.5115234375
 20
3.5927490234375
 10
161.39351806640624
 20
3.5968017578125
 10
161.27525634765624
 20
3.6015625
 10
161.15684814453124
 20
3.60703125
 10
161.03828125
 20
3.6131103515625
 10
160.91966552734374
 20
3.6197021484375
 10
160.80096435546875
 20
3.626806640625
 10
160.68223876953124
 20
3.634326171875
 10
160.5635009765625
 20
3.6422119140625
 10
160.4447509765625
 20
3.6504638671875
 10
160.3260009765625
 20
3.6590087890625
 10
160.20723876953124
 20
3.667822265625
 10
160.08848876953124
 20
3.6768310546875
 10
159.96973876953126
 20
3.6859619140625
 10
159.85098876953126
 20
3.6951904296875
 10
159.7322265625
 20
3.7044189453125
 10
159.6134765625
 20
3.7136474609375
 10
159.4947265625
 20
3.72275390625
 10
159.3759765625
 20
3.7317626953125
 10
159.2572265625
 20
3.740576171875
 10
159.1384765625
 20
3.749169921875
 10
159.0197265625
 20
3.7574462890625
 10
158.9009765625
 20
3.7654052734375
 10
158.7822265625
 20
3.773046875
 10
158.6634765625
 20
3.780322265625
 10
158.54471435546876
 20
3.7871826171875
 10
158.42596435546875
 20
3.793701171875
 10
158.30721435546874
 20
3.7997314453125
 10
158.1884765625
 20
3.805419921875
 10
158.0697265625
 20
3.8106689453125
 10
157.9509765625
 20
3.8155517578125
 10
157.83223876953124
 20
3.8200439453125
 10
157.71351318359376
 20
3.8241943359375
 10
157.594775390625
 20
3.82802734375
 10
157.4760498046875
 20
3.8315673828125
 10
157.35731201171876
 20
3.8347900390625
 10
157.23856201171876
 20
3.8377685546875
 10
157.11983642578124
 20
3.84052734375
 10
157.0010986328125
 20
3.8430908203125
 10
156.882373046875
 20
3.8455322265625
 10
156.7636474609375
 20
3.8477783203125
 10
156.644921875
 20
3.8499755859375
 10
156.52618408203125
 20
3.852001953125
 10
156.40745849609374
 20
3.8539794921875
 10
156.288720703125
 20
3.855859375
 10
156.1699951171875
 20
3.85771484375
 10
156.05130615234376
 20
3.859521484375
 10
155.932568359375
 20
3.8613037109375
 10
155.81385498046876
 20
3.863037109375
 10
155.69512939453125
 20
3.864794921875
 10
155.576416015625
 20
3.86650390625
 10
155.4576904296875
 20
3.86826171875
 10
155.3389892578125
 20
3.8699462890625
 10
155.22027587890625
 20
3.871630859375
 10
155.1015625
 20
3.8733642578125
 10
154.982861328125
 20
3.8750732421875
 10
154.86414794921876
 20
3.876806640625
 10
154.74544677734374
 20
3.878515625
 10
154.62674560546876
 20
3.8802490234375
 10
154.5080322265625
 20
3.8820068359375
 10
154.3893310546875
 20
3.8837646484375
 10
154.27064208984376
 20
3.8855712890625
 10
154.15194091796874
 20
3.8874267578125
 10
154.03323974609376
 20
3.88935546875
 10
153.91456298828126
 20
3.89130859375
 10
153.79586181640624
 20
3.8933349609375
 10
153.6771484375
 20
3.895458984375
 10
153.55845947265624
 20
3.8976806640625
 10
153.43978271484374
 20
3.90009765625
 10
153.32108154296876
 20
3.9026611328125
 10
153.20240478515626
 20
3.9053955078125
 10
153.08372802734374
 20
3.9083251953125
 10
152.96505126953124
 20
3.9115478515625
 10
152.84642333984374
 20
3.915087890625
 10
152.7278076171875
 20
3.9189208984375
 10
152.6092529296875
 20
3.9231689453125
 10
152.49078369140625
 20
3.92783203125
 10
152.3724365234375
 20
3.9329833984375
 10
152.25426025390624
 20
3.93876953125
 10
152.136328125
 20
3.94521484375
 10
152.01871337890626
 20
3.9524169921875
 10
151.90150146484376
 20
3.960498046875
 10
151.7848388671875
 20
3.96962890625
 10
151.668896484375
 20
3.9799072265625
 10
151.55382080078124
 20
3.991455078125
 10
151.43985595703126
 20
4.0045166015625
 10
151.3272216796875
 20
4.0192138671875
 10
151.2162353515625
 20
4.035791015625
 10
151.1072021484375
 20
4.0543701171875
 10
151.000439453125
 20
4.075244140625
 10
150.89635009765624
 20
4.098583984375
 10
150.79532470703126
 20
4.1246826171875
 10
150.69779052734376
 20
4.1536376953125
 10
150.6041748046875
 20
4.1857177734375
 10
150.51495361328125
 20
4.221142578125
 10
150.43057861328126
 20
4.2599853515625
 10
150.35150146484375
 20
4.3024169921875
 10
150.27816162109374
 20
4.348583984375
 10
150.21097412109376
 20
4.3985595703125
 10
150.150341796875
 20
4.4524169921875
 10
150.09659423828126
 20
4.5101806640625
 10
150.05001220703124
 20
4.5718505859375
 10
150.01087646484376
 20
4.6373291015625
 10
149.9793212890625
 20
4.7065673828125
 10
149.9554931640625
 20
4.77939453125
 10
149.93941650390624
 20
4.85576171875
 10
149.93106689453126
 20
4.9354248046875
 10
149.93035888671875
 20
5.018212890625
 10
149.9371337890625
 20
5.1038818359375
 10
149.951171875
 20
5.192236328125
 10
149.9721435546875
 20
5.2829833984375
 10
149.999755859375
 20
5.3760009765625
 10
150.03358154296876
 20
5.4709716796875
 10
150.0732421875
 20
5.56767578125
 10
150.11824951171874
 20
5.6658935546875
 10
150.1681640625
 20
5.765380859375
 10
150.2224853515625
 20
5.866015625
 10
150.2807373046875
 20
5.9675537109375
 10
150.34249267578124
 20
6.0698974609375
 10
150.40723876953126
 20
6.172802734375
 10
150.47459716796874
 20
6.27626953125
 10
150.54415283203124
 20
6.3801025390625
 10
150.61553955078125
 20
6.4842529296875
 10
150.68841552734375
 20
6.5885986328125
 10
150.76246337890626
 20
6.69306640625
 10
150.83746337890625
 20
6.7976806640625
 10
150.91319580078124
 20
6.902294921875
 10
150.98946533203124
 20
7.0069091796875
 10
151.0661376953125
 20
7.1114501953125
 10
151.14312744140625
 20
7.21591796875
 10
151.22034912109376
 20
7.3201904296875
 10
151.297802734375
 20
7.4241455078125
 10
151.375439453125
 20
7.527783203125
 10
151.45330810546875
 20
7.6309814453125
 10
151.53145751953124
 20
7.73359375
 10
151.60992431640625
 20
7.8355224609375
 10
151.68880615234374
 20
7.93662109375
 10
151.76820068359376
 20
8.036669921875
 10
151.8482177734375
 20
8.135498046875
 10
151.92896728515626
 20
8.23291015625
 10
152.0105712890625
 20
8.3286865234375
 10
152.0931640625
 20
8.422607421875
 10
152.17686767578124
 20
8.5143798828125
 10
152.2617919921875
 20
8.603759765625
 10
152.3480712890625
 20
8.690478515625
 10
152.43580322265626
 20
8.7742919921875
 10
152.5250732421875
 20
8.8549560546875
 10
152.61597900390626
 20
8.9322021484375
 10
152.7085693359375
 20
9.005859375
 10
152.8029052734375
 20
9.0757080078125
 10
152.89901123046874
 20
9.1415283203125
 10
152.9968994140625
 20
9.2032470703125
 10
153.09659423828126
 20
9.260693359375
 10
153.19801025390626
 20
9.3138916015625
 10
153.3011474609375
 20
9.362646484375
 10
153.40592041015626
 20
9.40712890625
 10
153.51229248046874
 20
9.4472412109375
 10
153.62015380859376
 20
9.48310546875
 10
153.7294189453125
 20
9.5148193359375
 10
153.839990234375
 20
9.5425537109375
 10
153.95174560546874
 20
9.566455078125
 10
154.06456298828124
 20
9.58681640625
 10
154.17833251953124
 20
9.6037841796875
 10
154.29296875
 20
9.6176025390625
 10
154.408349609375
 20
9.628564453125
 10
154.524365234375
 20
9.6368896484375
 10
154.6409423828125
 20
9.64287109375
 10
154.75797119140626
 20
9.6467529296875
 10
154.87537841796876
 20
9.6487548828125
 10
154.99310302734375
 20
9.64921875
 10
155.11107177734374
 20
9.64833984375
 10
155.22923583984374
 20
9.646337890625
 10
155.3475341796875
 20
9.6434326171875
 10
155.46597900390626
 20
9.639794921875
 10
155.58450927734376
 20
9.63564453125
 10
155.7031005859375
 20
9.63115234375
 10
155.82174072265624
 20
9.6263427734375
 10
155.9404052734375
 20
9.621435546875
 10
156.05909423828126
 20
9.6164306640625
 10
156.177783203125
 20
9.6114990234375
 10
156.29649658203124
 20
9.6066650390625
 10
156.41522216796875
 20
9.602001953125
 10
156.53394775390626
 20
9.59755859375
 10
156.652685546875
 20
9.593310546875
 10
156.7714111328125
 20
9.5892822265625
 10
156.89012451171874
 20
9.585498046875
 10
157.00885009765625
 20
9.58193359375
 10
157.127587890625
 20
9.57861328125
 10
157.24632568359374
 20
9.57548828125
 10
157.3650634765625
 20
9.57255859375
 10
157.48380126953126
 20
9.5697509765625
 10
157.6025390625
 20
9.567041015625
 10
157.7212646484375
 20
9.56435546875
 10
157.839990234375
 20
9.5616455078125
 10
157.9587158203125
 20
9.5589111328125
 10
158.07740478515626
 20
9.556005859375
 10
158.19609375
 20
9.5528564453125
 10
158.31473388671876
 20
9.5493408203125
 10
158.4333251953125
 20
9.5453857421875
 10
158.55181884765625
 20
9.5407958984375
 10
158.67022705078125
 20
9.535498046875
 10
158.78846435546876
 20
9.529296875
 10
158.90653076171876
 20
9.522021484375
 10
159.0243896484375
 20
9.513525390625
 10
159.14195556640624
 20
9.5035400390625
 10
159.2591552734375
 20
9.491845703125
 10
159.3759033203125
 20
9.4782470703125
 10
159.4921142578125
 20
9.4625244140625
 10
159.60765380859374
 20
9.44443359375
 10
159.72244873046876
 20
9.42373046875
 10
159.8363525390625
 20
9.4002197265625
 10
159.949267578125
 20
9.3736083984375
 10
160.06104736328126
 20
9.34375
 10
160.171533203125
 20
9.31044921875
 10
160.280615234375
 20
9.273486328125
 10
160.38814697265624
 20
9.2328125
 10
160.49400634765624
 20
9.188232421875
 10
160.59805908203126
 20
9.139697265625
 10
160.70018310546874
 20
9.087109375
 10
160.80030517578126
 20
9.03056640625
 10
160.8983154296875
 20
8.97001953125
 10
160.99417724609376
 20
8.905517578125
 10
161.087841796875
 20
8.837158203125
 10
161.1792724609375
 20
8.7650634765625
 10
161.268505859375
 20
8.68935546875
 10
161.35552978515625
 20
8.6102783203125
 10
161.4404296875
 20
8.5279541015625
 10
161.5232421875
 20
8.4425537109375
 10
161.6040771484375
 20
8.3543701171875
 10
161.68302001953126
 20
8.2636474609375
 10
161.760205078125
 20
8.170556640625
 10
161.83575439453125
 20
8.075390625
 10
161.9098388671875
 20
7.9782958984375
 10
161.9825927734375
 20
7.87958984375
 10
162.05413818359375
 20
7.7793701171875
 10
162.12464599609376
 20
7.6779052734375
 10
162.1942626953125
 20
7.5754150390625
 10
162.2630859375
 20
7.47197265625
 10
162.33126220703124
 20
7.3678466796875
 10
162.3989013671875
 20
7.2630126953125
 10
162.4660888671875
 20
7.1576904296875
 10
162.53289794921875
 20
7.051904296875
 10
162.59940185546876
 20
6.9458251953125
 10
162.6656005859375
 20
6.8395263671875
 10
162.731494140625
 20
6.7330322265625
 10
162.7970947265625
 20
6.626416015625
 10
162.862353515625
 20
6.5197021484375
 10
162.9271728515625
 20
6.412939453125
 10
162.99146728515626
 20
6.306201171875
 10
163.05511474609375
 20
6.1995849609375
 10
163.11793212890626
 20
6.09306640625
 10
163.1797119140625
 20
5.9867431640625
 10
163.24024658203126
 20
5.8806396484375
 10
163.29927978515624
 20
5.7749267578125
 10
163.35650634765625
 20
5.66962890625
 10
163.4115966796875
 20
5.5649169921875
 10
163.46419677734374
 20
5.4609375
 10
163.51392822265626
 20
5.3577880859375
 10
163.5604248046875
 20
5.255712890625
 10
163.60325927734374
 20
5.154833984375
 10
163.6419921875
 20
5.055419921875
 10
163.6762451171875
 20
4.957763671875
 10
163.70562744140625
 20
4.8619873046875
 10
163.72967529296875
 20
4.768408203125
 10
163.748046875
 20
4.67724609375
 10
163.7603759765625
 20
4.58876953125
 10
163.76636962890626
 20
4.5032470703125
 10
163.76575927734376
 20
4.42099609375
 10
163.75831298828126
 20
4.3421875
 10
163.7438232421875
 20
4.267041015625
 10
163.72225341796874
 20
4.1957763671875
 10
163.6935302734375
 20
4.128564453125
 10
163.6576904296875
 20
4.06552734375
  0
LWPOLYLINE
  5
60
330
17
100
AcDbEntity
  8
0
100
AcDbPolyline
 90
410
 70
1
 10
185.2570556640625
 20
3.003857421875
 10
185.19844970703124
 20
2.9709228515625
 10
185.1327880859375
 20
2.9415771484375
 10
185.06053466796874
 20
2.915771484375
 10
184.98216552734374
 20
2.893408203125
 10
184.898193359375
 20
2.87431640625
 10
184.809130859375
 20
2.858349609375
 10
184.715478515625
 20
2.8452880859375
 10
184.61776123046874
 20
2.83486328125
 10
184.516455078125
 20
2.8268798828125
 10
184.41199951171876
 20
2.8210205078125
 10
184.30484619140626
 20
2.8170166015625
 10
184.19537353515625
 20
2.814599609375
 10
184.08394775390624
 20
2.81357421875
 10
183.97088623046875
 20
2.8135986328125
 10
183.85648193359376
 20
2.814501953125
 10
183.74097900390626
 20
2.816064453125
 10
183.6245849609375
 20
2.818115234375
 10
183.50750732421875
 20
2.8205322265625
 10
183.3899169921875
 20
2.8231201171875
 10
183.2718994140625
 20
2.82578125
 10
183.15357666015626
 20
2.828515625
 10
183.03502197265624
 20
2.8311767578125
 10
182.91632080078125
 20
2.8337158203125
 10
182.7974853515625
 20
2.8362060546875
 10
182.678564453125
 20
2.8385498046875
 10
182.559619140625
 20
2.84072265625
 10
182.440625
 20
2.8428466796875
 10
182.32161865234374
 20
2.8448486328125
 10
182.202587890625
 20
2.84677734375
 10
182.0835693359375
 20
2.8485595703125
 10
181.96456298828124
 20
2.850341796875
 10
181.8455322265625
 20
2.85205078125
 10
181.726513671875
 20
2.8537841796875
 10
181.60748291015625
 20
2.85546875
 10
181.48848876953124
 20
2.857177734375
 10
181.3694580078125
 20
2.8589111328125
 10
181.250439453125
 20
2.86064453125
 10
181.1314453125
 20
2.8624267578125
 10
181.0124267578125
 20
2.8642822265625
 10
180.893408203125
 20
2.8662353515625
 10
180.77440185546874
 20
2.8682861328125
 10
180.65538330078124
 20
2.8703857421875
 10
180.53636474609374
 20
2.8726318359375
 10
180.41737060546876
 20
2.875
 10
180.298388671875
 20
2.8775634765625
 10
180.1793701171875
 20
2.880224609375
 10
180.0603759765625
 20
2.8831787109375
 10
179.94139404296874
 20
2.886279296875
 10
179.82239990234376
 20
2.8895751953125
 10
179.70338134765626
 20
2.8931884765625
 10
179.5843994140625
 20
2.8969970703125
 10
179.4654052734375
 20
2.90107421875
 10
179.3464111328125
 20
2.9053955078125
 10
179.2274169921875
 20
2.910009765625
 10
179.10843505859376
 20
2.9148193359375
 10
178.989453125
 20
2.9198974609375
 10
178.8704833984375
 20
2.9251708984375
 10
178.751513671875
 20
2.9306884765625
 10
178.63253173828124
 20
2.936328125
 10
178.513525390625
 20
2.942138671875
 10
178.3945556640625
 20
2.9480224609375
 10
178.2755859375
 20
2.9539794921875
 10
178.15660400390624
 20
2.959912109375
 10
178.03763427734376
 20
2.9658935546875
 10
177.9186767578125
 20
2.9717529296875
 10
177.7996826171875
 20
2.9775634765625
 10
177.680712890625
 20
2.983203125
 10
177.56173095703124
 20
2.9886962890625
 10
177.44276123046876
 20
2.993994140625
 10
177.32379150390625
 20
2.9990966796875
 10
177.20482177734374
 20
3.0039306640625
 10
177.0858642578125
 20
3.0085205078125
 10
176.96690673828124
 20
3.0128662109375
 10
176.84793701171876
 20
3.0169677734375
 10
176.72899169921874
 20
3.020849609375
 10
176.61002197265626
 20
3.0245849609375
 10
176.491064453125
 20
3.02802734375
 10
176.37210693359376
 20
3.0313232421875
 10
176.25316162109374
 20
3.03447265625
 10
176.1342041015625
 20
3.037548828125
 10
176.0152587890625
 20
3.04052734375
 10
175.8963134765625
 20
3.0434326171875
 10
175.77735595703126
 20
3.04638671875
 10
175.65841064453124
 20
3.0493408203125
 10
175.53946533203126
 20
3.052392578125
 10
175.42052001953124
 20
3.05556640625
 10
175.30157470703125
 20
3.0589111328125
 10
175.18262939453126
 20
3.0623779296875
 10
175.06368408203124
 20
3.066064453125
 10
174.9447509765625
 20
3.069970703125
 10
174.82581787109376
 20
3.0741455078125
 10
174.706884765625
 20
3.0785888671875
 10
174.58795166015625
 20
3.08330078125
 10
174.46903076171876
 20
3.0883056640625
 10
174.35010986328126
 20
3.093603515625
 10
174.23116455078124
 20
3.0991455078125
 10
174.11224365234375
 20
3.10498046875
 10
173.993310546875
 20
3.110986328125
 10
173.87440185546876
 20
3.1172607421875
 10
173.75548095703124
 20
3.12373046875
 10
173.63656005859374
 20
3.1303955078125
 10
173.517626953125
 20
3.1371826171875
 10
173.3987060546875
 20
3.144140625
 10
173.2798095703125
 20
3.1511474609375
 10
173.160888671875
 20
3.1582275390625
 10
173.04197998046874
 20
3.16533203125
 10
172.92305908203124
 20
3.1724853515625
 10
172.804150390625
 20
3.17958984375
 10
172.6852294921875
 20
3.1866943359375
 10
172.5663330078125
 20
3.19375
 10
172.44742431640626
 20
3.200732421875
 10
172.328515625
 20
3.2076416015625
 10
172.209619140625
 20
3.214453125
 10
172.09071044921876
 20
3.22119140625
 10
171.97181396484376
 20
3.22783203125
 10
171.85291748046876
 20
3.2343505859375
 10
171.73402099609376
 20
3.2407958984375
 10
171.6151123046875
 20
3.24716796875
 10
171.49622802734376
 20
3.253369140625
 10
171.37734375
 20
3.2594970703125
 10
171.25843505859376
 20
3.26552734375
 10
171.13953857421876
 20
3.2714111328125
 10
171.020654296875
 20
3.2771728515625
 10
170.90177001953126
 20
3.2827880859375
 10
170.78284912109376
 20
3.28828125
 10
170.6639892578125
 20
3.2936279296875
 10
170.5450927734375
 20
3.298828125
 10
170.42620849609375
 20
3.303857421875
 10
170.30733642578124
 20
3.3087646484375
 10
170.18846435546874
 20
3.3135498046875
 10
170.06959228515626
 20
3.3182373046875
 10
169.9507568359375
 20
3.3227783203125
 10
169.8319091796875
 20
3.327294921875
 10
169.71312255859374
 20
3.33173828125
 10
169.5943603515625
 20
3.33623046875
 10
169.47567138671874
 20
3.3407958984375
 10
169.357080078125
 20
3.345556640625
 10
169.238623046875
 20
3.3505615234375
 10
169.1203125
 20
3.356005859375
 10
169.002197265625
 20
3.36201171875
 10
168.8843505859375
 20
3.3687255859375
 10
168.76683349609374
 20
3.376318359375
 10
168.64971923828125
 20
3.3849853515625
 10
168.53306884765624
 20
3.3949462890625
 10
168.4170166015625
 20
3.4064697265625
 10
168.30164794921876
 20
3.419775390625
 10
168.1870849609375
 20
3.4350830078125
 10
168.07340087890626
 20
3.4527099609375
 10
167.96075439453125
 20
3.4728271484375
 10
167.849267578125
 20
3.495751953125
 10
167.73907470703125
 20
3.521728515625
 10
167.63028564453126
 20
3.5509521484375
 10
167.523046875
 20
3.58369140625
 10
167.4174560546875
 20
3.6200927734375
 10
167.31363525390626
 20
3.660302734375
 10
167.21168212890626
 20
3.7044677734375
 10
167.11168212890624
 20
3.7527099609375
 10
167.0136962890625
 20
3.8050537109375
 10
166.9177734375
 20
3.8615478515625
 10
166.823974609375
 20
3.9221435546875
 10
166.732275390625
 20
3.986767578125
 10
166.64271240234376
 20
4.0553955078125
 10
166.555224609375
 20
4.12783203125
 10
166.46978759765625
 20
4.20400390625
 10
166.3863525390625
 20
4.28369140625
 10
166.304833984375
 20
4.3666748046875
 10
166.2251708984375
 20
4.452734375
 10
166.147265625
 20
4.541650390625
 10
166.07100830078124
 20
4.6331298828125
 10
165.9962646484375
 20
4.7269775390625
 10
165.92298583984376
 20
4.82294921875
 10
165.8510009765625
 20
4.9207275390625
 10
165.78023681640624
 20
5.020166015625
 10
165.710595703125
 20
5.1210205078125
 10
165.6419921875
 20
5.2230712890625
 10
165.57435302734376
 20
5.3261474609375
 10
165.5075927734375
 20
5.4301025390625
 10
165.4416748046875
 20
5.534716796875
 10
165.37655029296874
 20
5.6399169921875
 10
165.31217041015626
 20
5.7455810546875
 10
165.24852294921874
 20
5.8515869140625
 10
165.185595703125
 20
5.957861328125
 10
165.12340087890624
 20
6.06435546875
 10
165.0619384765625
 20
6.170947265625
 10
165.00128173828125
 20
6.2776611328125
 10
164.9414306640625
 20
6.3843994140625
 10
164.88248291015626
 20
6.491162109375
 10
164.82452392578125
 20
6.5979248046875
 10
164.7676025390625
 20
6.7045654296875
 10
164.71187744140624
 20
6.8111083984375
 10
164.6574462890625
 20
6.9175048828125
 10
164.6045166015625
 20
7.023681640625
 10
164.5531982421875
 20
7.12958984375
 10
164.503759765625
 20
7.235107421875
 10
164.456396484375
 20
7.34013671875
 10
164.41136474609374
 20
7.4445556640625
 10
164.3689697265625
 20
7.548291015625
 10
164.32950439453126
 20
7.6510986328125
 10
164.29329833984374
 20
7.7528564453125
 10
164.26068115234375
 20
7.853369140625
 10
164.23203125
 20
7.952392578125
 10
164.207666015625
 20
8.04970703125
 10
164.18800048828126
 20
8.145068359375
 10
164.17335205078126
 20
8.2382568359375
 10
164.1640625
 20
8.328955078125
 10
164.1604736328125
 20
8.416943359375
 10
164.1628662109375
 20
8.5019287109375
 10
164.17147216796874
 20
8.5836669921875
 10
164.18651123046874
 20
8.6618896484375
 10
164.20816650390626
 20
8.73642578125
 10
164.23651123046875
 20
8.806982421875
 10
164.27159423828124
 20
8.8734619140625
 10
164.31339111328126
 20
8.93564453125
 10
164.3618408203125
 20
8.9934814453125
 10
164.41678466796876
 20
9.046875
 10
164.4780517578125
 20
9.095751953125
 10
164.5453857421875
 20
9.1401611328125
 10
164.61851806640624
 20
9.1801025390625
 10
164.69713134765624
 20
9.2156982421875
 10
164.7808349609375
 20
9.2470458984375
 10
164.86927490234376
 20
9.2743408203125
 10
164.96204833984376
 20
9.297705078125
 10
165.058740234375
 20
9.3173583984375
 10
165.15894775390626
 20
9.33359375
 10
165.26226806640625
 20
9.3465576171875
 10
165.3683349609375
 20
9.3566162109375
 10
165.47677001953124
 20
9.36396484375
 10
165.587255859375
 20
9.368896484375
 10
165.699462890625
 20
9.3717041015625
 10
165.8131103515625
 20
9.37255859375
 10
165.9279541015625
 20
9.37177734375
 10
166.04376220703125
 20
9.36953125
 10
166.16033935546875
 20
9.3660888671875
 10
166.2775390625
 20
9.36162109375
 10
166.395166015625
 20
9.3562744140625
 10
166.51317138671874
 20
9.350146484375
 10
166.63143310546874
 20
9.343505859375
 10
166.74989013671876
 20
9.3364013671875
 10
166.8684814453125
 20
9.32890625
 10
166.98717041015624
 20
9.3211181640625
 10
167.10592041015624
 20
9.3131103515625
 10
167.22474365234376
 20
9.3048583984375
 10
167.3435546875
 20
9.2965087890625
 10
167.46239013671874
 20
9.2880126953125
 10
167.58123779296875
 20
9.2794189453125
 10
167.70008544921876
 20
9.270703125
 10
167.8189453125
 20
9.2619384765625
 10
167.93780517578125
 20
9.2530517578125
 10
168.05665283203126
 20
9.2441162109375
 10
168.17550048828124
 20
9.2350830078125
 10
168.29434814453126
 20
9.2259521484375
 10
168.41319580078124
 20
9.2167724609375
 10
168.53204345703125
 20
9.207470703125
 10
168.65089111328126
 20
9.1980712890625
 10
168.7697509765625
 20
9.1885986328125
 10
168.88861083984375
 20
9.17900390625
 10
169.00745849609376
 20
9.1693603515625
 10
169.126318359375
 20
9.1596435546875
 10
169.2451904296875
 20
9.149853515625
 10
169.3640625
 20
9.139990234375
 10
169.48292236328126
 20
9.1301025390625
 10
169.60179443359374
 20
9.1201904296875
 10
169.72066650390624
 20
9.1102294921875
 10
169.8395263671875
 20
9.10029296875
 10
169.95841064453126
 20
9.090380859375
 10
170.07728271484376
 20
9.0805419921875
 10
170.19615478515624
 20
9.0707763671875
 10
170.3150390625
 20
9.0611083984375
 10
170.4339111328125
 20
9.0515380859375
 10
170.552783203125
 20
9.042138671875
 10
170.67166748046876
 20
9.03291015625
 10
170.7905517578125
 20
9.0238525390625
 10
170.909423828125
 20
9.0149658203125
 10
171.02830810546874
 20
9.0063232421875
 10
171.14720458984374
 20
8.9978759765625
 10
171.2660888671875
 20
8.9896728515625
 10
171.3849853515625
 20
8.9816162109375
 10
171.50389404296874
 20
8.973779296875
 10
171.62279052734374
 20
8.966064453125
 10
171.74166259765624
 20
8.958544921875
 10
171.86055908203124
 20
8.9511474609375
 10
171.97945556640624
 20
8.9438720703125
 10
172.0983642578125
 20
8.936669921875
 10
172.21724853515624
 20
8.9295654296875
 10
172.3361572265625
 20
8.9224365234375
 10
172.45506591796874
 20
8.9153076171875
 10
172.57398681640626
 20
8.908154296875
 10
172.69288330078126
 20
8.900927734375
 10
172.8117919921875
 20
8.8936279296875
 10
172.93070068359376
 20
8.8862060546875
 10
173.049609375
 20
8.8785888671875
 10
173.16851806640625
 20
8.8708251953125
 10
173.287451171875
 20
8.8628662109375
 10
173.40635986328124
 20
8.8546875
 10
173.52525634765624
 20
8.8462158203125
 10
173.6441650390625
 20
8.8374755859375
 10
173.7630859375
 20
8.8283935546875
 10
173.88199462890626
 20
8.8189208984375
 10
174.00091552734375
 20
8.809033203125
 10
174.1198486328125
 20
8.7987060546875
 10
174.23878173828126
 20
8.787841796875
 10
174.35767822265626
 20
8.776416015625
 10
174.47659912109376
 20
8.7642333984375
 10
174.59552001953125
 20
8.7513427734375
 10
174.71444091796874
 20
8.737646484375
 10
174.833349609375
 20
8.7230224609375
 10
174.9522705078125
 20
8.7073974609375
 10
175.0712158203125
 20
8.6906982421875
 10
175.19012451171875
 20
8.6727783203125
 10
175.30904541015624
 20
8.6535888671875
 10
175.42796630859374
 20
8.6330322265625
 10
175.54688720703126
 20
8.610986328125
 10
175.66580810546876
 20
8.5874267578125
 10
175.78472900390625
 20
8.56220703125
 10
175.903662109375
 20
8.535302734375
 10
176.02257080078124
 20
8.5066162109375
 10
176.14146728515624
 20
8.4760986328125
 10
176.26038818359376
 20
8.4437255859375
 10
176.37930908203126
 20
8.409423828125
 10
176.49822998046875
 20
8.3732177734375
 10
176.617138671875
 20
8.335107421875
 10
176.73604736328124
 20
8.29501953125
 10
176.85494384765624
 20
8.2530517578125
 10
176.9738525390625
 20
8.2091552734375
 10
177.09276123046874
 20
8.1634521484375
 10
177.211669921875
 20
8.1159423828125
 10
177.33057861328126
 20
8.06669921875
 10
177.44947509765626
 20
8.0157958984375
 10
177.5683837890625
 20
7.963330078125
 10
177.6872802734375
 20
7.9093505859375
 10
177.80618896484376
 20
7.853955078125
 10
177.92508544921876
 20
7.7972900390625
 10
178.043994140625
 20
7.739404296875
 10
178.162890625
 20
7.68046875
 10
178.281787109375
 20
7.62060546875
 10
178.40069580078125
 20
7.55986328125
 10
178.51959228515625
 20
7.4984130859375
 10
178.6385009765625
 20
7.436376953125
 10
178.7573974609375
 20
7.3738037109375
 10
178.87630615234374
 20
7.3108642578125
 10
178.99520263671874
 20
7.24765625
 10
179.11409912109374
 20
7.18427734375
 10
179.23302001953124
 20
7.12080078125
 10
179.3519287109375
 20
7.05732421875
 10
179.470849609375
 20
6.9939208984375
 10
179.5897705078125
 20
6.930712890625
 10
179.70865478515626
 20
6.8676513671875
 10
179.82757568359375
 20
6.804833984375
 10
179.946484375
 20
6.742333984375
 10
180.06539306640624
 20
6.6801513671875
 10
180.18431396484374
 20
6.6182861328125
 10
180.3032470703125
 20
6.5567626953125
 10
180.42215576171876
 20
6.49560546875
 10
180.54110107421874
 20
6.434765625
 10
180.6600341796875
 20
6.3741943359375
 10
180.778955078125
 20
6.313916015625
 10
180.897900390625
 20
6.25380859375
 10
181.01683349609374
 20
6.193896484375
 10
181.1357666015625
 20
6.134228515625
 10
181.2547119140625
 20
6.074560546875
 10
181.3736572265625
 20
6.014990234375
 10
181.49259033203126
 20
5.955419921875
 10
181.61153564453124
 20
5.8957763671875
 10
181.73048095703126
 20
5.835986328125
 10
181.84942626953125
 20
5.7760986328125
 10
181.96837158203124
 20
5.7159912109375
 10
182.08731689453126
 20
5.655615234375
 10
182.20626220703124
 20
5.594970703125
 10
182.32518310546874
 20
5.534033203125
 10
182.44410400390626
 20
5.47275390625
 10
182.56300048828126
 20
5.411083984375
 10
182.68184814453124
 20
5.3490966796875
 10
182.80064697265624
 20
5.2866943359375
 10
182.9193603515625
 20
5.2239501953125
 10
183.03795166015624
 20
5.1608154296875
 10
183.1563720703125
 20
5.0973388671875
 10
183.27454833984376
 20
5.0335205078125
 10
183.3924072265625
 20
4.969384765625
 10
183.5098388671875
 20
4.904931640625
 10
183.6267333984375
 20
4.84013671875
 10
183.74290771484374
 20
4.7750732421875
 10
183.85819091796876
 20
4.70966796875
 10
183.9723876953125
 20
4.643994140625
 10
184.085205078125
 20
4.5780517578125
 10
184.1964111328125
 20
4.5117919921875
 10
184.30565185546874
 20
4.4452880859375
 10
184.41256103515624
 20
4.3784912109375
 10
184.516796875
 20
4.3114013671875
 10
184.6178955078125
 20
4.244091796875
 10
184.7154052734375
 20
4.176513671875
 10
184.80885009765626
 20
4.1087646484375
 10
184.89776611328125
 20
4.0408935546875
 10
184.9816162109375
 20
3.9730224609375
 10
185.05989990234374
 20
3.9051513671875
 10
185.13209228515626
 20
3.8375732421875
 10
185.1977294921875
 20
3.7703369140625
 10
185.25635986328126
 20
3.703662109375
 10
185.3074951171875
 20
3.63779296875
 10
185.35078125
 20
3.57294921875
 10
185.3858642578125
 20
3.509375
 10
185.412451171875
 20
3.44736328125
 10
185.43033447265626
 20
3.3872314453125
 10
185.43936767578126
 20
3.3292236328125
 10
185.43944091796874
 20
3.2736572265625
 10
185.43057861328126
 20
3.220751953125
 10
185.41282958984374
 20
3.1707763671875
 10
185.3863525390625
 20
3.1239501953125
 10
185.3513671875
 20
3.0804443359375
 10
185.308154296875
 20
3.040380859375
  0
LWPOLYLINE
  5
61
330
17
100
AcDbEntity
  8
0
100
AcDbPolyline
 90
413
 70
1
 10
211.81005859375
 20
1.98759765625
 10
211.7020263671875
 20
1.938330078125
 10
211.5926025390625
 20
1.8933837890625
 10
211.481884765625
 20
1.852685546875
 10
211.3699462890625
 20
1.8161376953125
 10
211.25693359375
 20
1.7836669921875
 10
211.1429931640625
 20
1.755126953125
 10
211.0281494140625
 20
1.7303466796875
 10
210.9125732421875
 20
1.70908203125
 10
210.796337890625
 20
1.6911865234375
 10
210.6795166015625
 20
1.6763916015625
 10
210.56220703125
 20
1.664453125
 10
210.4445068359375
 20
1.65517578125
 10
210.32646484375
 20
1.6482666015625
 10
210.208154296875
 20
1.64345703125
 10
210.089599609375
 20
1.640576171875
 10
209.9708251953125
 20
1.63935546875
 10
209.8519287109375
 20
1.639599609375
 10
209.73291015625
 20
1.6410888671875
 10
209.613818359375
 20
1.6436767578125
 10
209.49462890625
 20
1.6471435546875
 10
209.3754150390625
 20
1.6513427734375
 10
209.25615234375
 20
1.6561279296875
 10
209.136865234375
 20
1.6614013671875
 10
209.0175537109375
 20
1.6670654296875
 10
208.8982421875
 20
1.67294921875
 10
208.778955078125
 20
1.679052734375
 10
208.659619140625
 20
1.6853271484375
 10
208.540283203125
 20
1.69169921875
 10
208.4209716796875
 20
1.6981201171875
 10
208.30166015625
 20
1.70458984375
 10
208.1823486328125
 20
1.71103515625
 10
208.0630126953125
 20
1.717529296875
 10
207.9436767578125
 20
1.7239501953125
 10
207.824365234375
 20
1.730419921875
 10
207.7050537109375
 20
1.736865234375
 10
207.5857421875
 20
1.743310546875
 10
207.4664306640625
 20
1.7498291015625
 10
207.347119140625
 20
1.756298828125
 10
207.227783203125
 20
1.7628173828125
 10
207.10849609375
 20
1.769384765625
 10
206.9891845703125
 20
1.7758544921875
 10
206.869873046875
 20
1.782373046875
 10
206.750537109375
 20
1.788916015625
 10
206.63125
 20
1.7954345703125
 10
206.5119384765625
 20
1.8019287109375
 10
206.392626953125
 20
1.808349609375
 10
206.27333984375
 20
1.814794921875
 10
206.1540283203125
 20
1.82109375
 10
206.034716796875
 20
1.8273681640625
 10
205.9154052734375
 20
1.8335693359375
 10
205.796142578125
 20
1.839697265625
 10
205.6768310546875
 20
1.845703125
 10
205.5575439453125
 20
1.8516357421875
 10
205.4382568359375
 20
1.85751953125
 10
205.3189697265625
 20
1.8633056640625
 10
205.199658203125
 20
1.8690673828125
 10
205.0803955078125
 20
1.874755859375
 10
204.961083984375
 20
1.88046875
 10
204.8418212890625
 20
1.8862060546875
 10
204.72252197265624
 20
1.89189453125
 10
204.6032470703125
 20
1.8976318359375
 10
204.4839599609375
 20
1.9034423828125
 10
204.36468505859375
 20
1.9093017578125
 10
204.24542236328125
 20
1.915185546875
 10
204.12613525390626
 20
1.9211669921875
 10
204.00684814453126
 20
1.9272216796875
 10
203.8875732421875
 20
1.93330078125
 10
203.768310546875
 20
1.9394287109375
 10
203.64903564453124
 20
1.94560546875
 10
203.52974853515624
 20
1.9517333984375
 10
203.41048583984374
 20
1.957861328125
 10
203.29122314453124
 20
1.9639404296875
 10
203.1719482421875
 20
1.969921875
 10
203.052685546875
 20
1.97578125
 10
202.9334228515625
 20
1.9814697265625
 10
202.81414794921875
 20
1.9869873046875
 10
202.69490966796874
 20
1.99228515625
 10
202.57564697265624
 20
1.9973876953125
 10
202.456396484375
 20
2.00224609375
 10
202.3371337890625
 20
2.0068603515625
 10
202.21785888671874
 20
2.0112060546875
 10
202.09862060546874
 20
2.0152587890625
 10
201.97935791015624
 20
2.0191162109375
 10
201.86011962890626
 20
2.022705078125
 10
201.74085693359376
 20
2.02607421875
 10
201.6216064453125
 20
2.0291748046875
 10
201.50234375
 20
2.0321044921875
 10
201.38309326171876
 20
2.034814453125
 10
201.2638671875
 20
2.0373779296875
 10
201.14461669921874
 20
2.0397705078125
 10
201.02537841796874
 20
2.042041015625
 10
200.9061279296875
 20
2.0441650390625
 10
200.7868896484375
 20
2.0462158203125
 10
200.6676513671875
 20
2.048193359375
 10
200.5484130859375
 20
2.0500732421875
 10
200.42916259765624
 20
2.0519775390625
 10
200.30994873046876
 20
2.05380859375
 10
200.1906982421875
 20
2.05556640625
 10
200.071484375
 20
2.0573486328125
 10
199.95223388671874
 20
2.05908203125
 10
199.8330078125
 20
2.0608642578125
 10
199.71378173828126
 20
2.0625732421875
 10
199.59454345703125
 20
2.0643310546875
 10
199.4753173828125
 20
2.0660400390625
 10
199.3560791015625
 20
2.0677490234375
 10
199.236865234375
 20
2.069482421875
 10
199.11761474609375
 20
2.07119140625
 10
198.99840087890624
 20
2.072900390625
 10
198.8791748046875
 20
2.0746337890625
 10
198.7599609375
 20
2.0763427734375
 10
198.6407470703125
 20
2.0780517578125
 10
198.52152099609376
 20
2.0797119140625
 10
198.40230712890624
 20
2.08134765625
 10
198.28309326171876
 20
2.082958984375
 10
198.1638916015625
 20
2.0845458984375
 10
198.044677734375
 20
2.086083984375
 10
197.9254638671875
 20
2.087548828125
 10
197.80626220703124
 20
2.08896484375
 10
197.68704833984376
 20
2.0902587890625
 10
197.567822265625
 20
2.0914306640625
 10
197.44862060546876
 20
2.0925048828125
 10
197.32943115234374
 20
2.0933837890625
 10
197.21021728515626
 20
2.094091796875
 10
197.091015625
 20
2.0946044921875
 10
196.971826171875
 20
2.0949462890625
 10
196.8526123046875
 20
2.0950927734375
 10
196.7334228515625
 20
2.09501953125
 10
196.6142333984375
 20
2.0947509765625
 10
196.4950439453125
 20
2.09423828125
 10
196.375830078125
 20
2.093505859375
 10
196.256640625
 20
2.0926513671875
 10
196.13746337890626
 20
2.09169921875
 10
196.01829833984374
 20
2.0906494140625
 10
195.8991455078125
 20
2.089599609375
 10
195.78004150390626
 20
2.0886474609375
 10
195.660986328125
 20
2.0879150390625
 10
195.542041015625
 20
2.0875
 10
195.42322998046876
 20
2.0875244140625
 10
195.304638671875
 20
2.08818359375
 10
195.186328125
 20
2.089599609375
 10
195.06839599609376
 20
2.092041015625
 10
194.95098876953125
 20
2.0955810546875
 10
194.83424072265626
 20
2.100537109375
 10
194.71837158203124
 20
2.107080078125
 10
194.60357666015625
 20
2.115478515625
 10
194.49017333984375
 20
2.1259521484375
 10
194.37838134765624
 20
2.1387451171875
 10
194.26861572265625
 20
2.154052734375
 10
194.1612548828125
 20
2.1721435546875
 10
194.05670166015625
 20
2.1931396484375
 10
193.95543212890624
 20
2.2173095703125
 10
193.85792236328126
 20
2.244775390625
 10
193.76470947265625
 20
2.2755615234375
 10
193.67630615234376
 20
2.3098876953125
 10
193.59327392578126
 20
2.3477783203125
 10
193.51614990234376
 20
2.389306640625
 10
193.44547119140626
 20
2.434326171875
 10
193.381787109375
 20
2.4828125
 10
193.3255615234375
 20
2.53466796875
 10
193.27725830078126
 20
2.5897216796875
 10
193.23726806640624
 20
2.6477783203125
 10
193.20589599609374
 20
2.7086181640625
 10
193.183447265625
 20
2.771923828125
 10
193.1700927734375
 20
2.8374267578125
 10
193.1659423828125
 20
2.9047119140625
 10
193.1710205078125
 20
2.9735107421875
 10
193.18531494140626
 20
3.043408203125
 10
193.20865478515626
 20
3.114013671875
 10
193.24085693359376
 20
3.1850341796875
 10
193.2816162109375
 20
3.2559326171875
 10
193.33060302734376
 20
3.326513671875
 10
193.38741455078124
 20
3.3963623046875
 10
193.45155029296876
 20
3.465185546875
 10
193.5225830078125
 20
3.53271484375
 10
193.59993896484374
 20
3.59873046875
 10
193.68309326171874
 20
3.66298828125
 10
193.77154541015625
 20
3.7254150390625
 10
193.8647216796875
 20
3.78583984375
 10
193.96212158203124
 20
3.8442626953125
 10
194.063232421875
 20
3.90068359375
 10
194.1675537109375
 20
3.955078125
 10
194.27467041015626
 20
4.0075439453125
 10
194.3841552734375
 20
4.058203125
 10
194.495654296875
 20
4.1072509765625
 10
194.60877685546876
 20
4.1547607421875
 10
194.72327880859376
 20
4.201025390625
 10
194.8388916015625
 20
4.24619140625
 10
194.9553955078125
 20
4.2905029296875
 10
195.07259521484374
 20
4.334130859375
 10
195.19031982421876
 20
4.3773193359375
 10
195.30848388671876
 20
4.4203369140625
 10
195.42696533203124
 20
4.463330078125
 10
195.5456787109375
 20
4.506396484375
 10
195.66456298828126
 20
4.5497802734375
 10
195.7835693359375
 20
4.5935302734375
 10
195.9026611328125
 20
4.6377685546875
 10
196.02181396484374
 20
4.68251953125
 10
196.14100341796876
 20
4.72783203125
 10
196.260205078125
 20
4.7737548828125
 10
196.37945556640625
 20
4.8201904296875
 10
196.49866943359376
 20
4.8671142578125
 10
196.617919921875
 20
4.914453125
 10
196.7371826171875
 20
4.9621826171875
 10
196.85643310546874
 20
5.010205078125
 10
196.9757080078125
 20
5.0584228515625
 10
197.09495849609374
 20
5.106689453125
 10
197.2142333984375
 20
5.155029296875
 10
197.33350830078126
 20
5.203369140625
 10
197.45277099609376
 20
5.2515869140625
 10
197.57205810546876
 20
5.29970703125
 10
197.69132080078126
 20
5.347705078125
 10
197.81058349609376
 20
5.3955810546875
 10
197.92987060546875
 20
5.443310546875
 10
198.04913330078125
 20
5.491064453125
 10
198.16839599609375
 20
5.5388427734375
 10
198.28768310546874
 20
5.58671875
 10
198.40697021484374
 20
5.634814453125
 10
198.5262451171875
 20
5.6832763671875
 10
198.6455322265625
 20
5.7321533203125
 10
198.7648193359375
 20
5.781640625
 10
198.88411865234374
 20
5.831787109375
 10
199.00340576171874
 20
5.8827880859375
 10
199.12269287109376
 20
5.9346923828125
 10
199.2419921875
 20
5.9876220703125
 10
199.36129150390624
 20
6.04169921875
 10
199.48060302734376
 20
6.096923828125
 10
199.59991455078125
 20
6.1533935546875
 10
199.7192138671875
 20
6.211083984375
 10
199.83853759765626
 20
6.27001953125
 10
199.957861328125
 20
6.3301513671875
 10
200.07718505859376
 20
6.39140625
 10
200.1965087890625
 20
6.453759765625
 10
200.31583251953126
 20
6.517041015625
 10
200.43515625
 20
6.581201171875
 10
200.5544921875
 20
6.6460205078125
 10
200.673828125
 20
6.711376953125
 10
200.7931640625
 20
6.77705078125
 10
200.91248779296876
 20
6.84287109375
 10
201.03182373046874
 20
6.90859375
 10
201.15115966796876
 20
6.973974609375
 10
201.27049560546874
 20
7.038818359375
 10
201.38983154296875
 20
7.1029052734375
 10
201.50916748046876
 20
7.165966796875
 10
201.6284912109375
 20
7.2277587890625
 10
201.74781494140626
 20
7.2881103515625
 10
201.867138671875
 20
7.3467529296875
 10
201.98646240234376
 20
7.4034912109375
 10
202.1057861328125
 20
7.458154296875
 10
202.22508544921874
 20
7.5105224609375
 10
202.3444091796875
 20
7.560498046875
 10
202.4637451171875
 20
7.60791015625
 10
202.5830810546875
 20
7.652685546875
 10
202.702392578125
 20
7.6947021484375
 10
202.82171630859375
 20
7.7339599609375
 10
202.94102783203124
 20
7.770361328125
 10
203.06033935546876
 20
7.8039306640625
 10
203.17965087890624
 20
7.834765625
 10
203.29896240234376
 20
7.8628173828125
 10
203.41827392578125
 20
7.8881591796875
 10
203.5375732421875
 20
7.9109130859375
 10
203.656884765625
 20
7.9311767578125
 10
203.77618408203125
 20
7.949072265625
 10
203.8954833984375
 20
7.9647216796875
 10
204.01478271484376
 20
7.9782470703125
 10
204.13406982421876
 20
7.98984375
 10
204.25338134765624
 20
7.999609375
 10
204.3726806640625
 20
8.0077392578125
 10
204.49195556640626
 20
8.0143310546875
 10
204.61126708984375
 20
8.0195068359375
 10
204.73055419921874
 20
8.0234375
 10
204.849853515625
 20
8.026220703125
 10
204.969140625
 20
8.0280029296875
 10
205.088427734375
 20
8.0288330078125
 10
205.2077392578125
 20
8.0288330078125
 10
205.32705078125
 20
8.028076171875
 10
205.446337890625
 20
8.026611328125
 10
205.5656494140625
 20
8.0244873046875
 10
205.6849365234375
 20
8.021728515625
 10
205.804248046875
 20
8.018408203125
 10
205.92353515625
 20
8.0145263671875
 10
206.042822265625
 20
8.0101318359375
 10
206.1621337890625
 20
8.0052001953125
 10
206.2814208984375
 20
7.999755859375
 10
206.400732421875
 20
7.9938720703125
 10
206.5200439453125
 20
7.9875244140625
 10
206.6393310546875
 20
7.9807373046875
 10
206.7586669921875
 20
7.9735107421875
 10
206.8779541015625
 20
7.9659423828125
 10
206.997265625
 20
7.9579833984375
 10
207.1165771484375
 20
7.94970703125
 10
207.2358642578125
 20
7.94111328125
 10
207.35517578125
 20
7.93232421875
 10
207.4744873046875
 20
7.92333984375
 10
207.593798828125
 20
7.91416015625
 10
207.7131103515625
 20
7.9049072265625
 10
207.8323974609375
 20
7.89560546875
 10
207.951708984375
 20
7.8863037109375
 10
208.0710205078125
 20
7.87705078125
 10
208.19033203125
 20
7.867919921875
 10
208.3096435546875
 20
7.8589111328125
 10
208.4289794921875
 20
7.8501220703125
 10
208.5483154296875
 20
7.8414794921875
 10
208.667626953125
 20
7.83310546875
 10
208.786962890625
 20
7.82490234375
 10
208.906298828125
 20
7.8169677734375
 10
209.0256103515625
 20
7.80927734375
 10
209.1449462890625
 20
7.8018310546875
 10
209.2642822265625
 20
7.794580078125
 10
209.3836181640625
 20
7.7875244140625
 10
209.502978515625
 20
7.78056640625
 10
209.6223388671875
 20
7.773828125
 10
209.7416748046875
 20
7.7671630859375
 10
209.8610107421875
 20
7.7605712890625
 10
209.98037109375
 20
7.75400390625
 10
210.0997314453125
 20
7.7474365234375
 10
210.2190673828125
 20
7.7408447265625
 10
210.3384033203125
 20
7.734130859375
 10
210.457763671875
 20
7.727392578125
 10
210.577099609375
 20
7.720556640625
 10
210.696435546875
 20
7.713623046875
 10
210.8157958984375
 20
7.706591796875
 10
210.93515625
 20
7.6994384765625
 10
211.0545166015625
 20
7.6921630859375
 10
211.173876953125
 20
7.6848388671875
 10
211.293212890625
 20
7.677392578125
 10
211.412548828125
 20
7.669921875
 10
211.5319091796875
 20
7.662451171875
 10
211.65126953125
 20
7.6549560546875
 10
211.7706298828125
 20
7.647509765625
 10
211.8899658203125
 20
7.6401123046875
 10
212.00927734375
 20
7.632763671875
 10
212.128564453125
 20
7.6254638671875
 10
212.247802734375
 20
7.6182861328125
 10
212.366943359375
 20
7.611083984375
 10
212.4859619140625
 20
7.60390625
 10
212.604833984375
 20
7.5966552734375
 10
212.7234375
 20
7.5892822265625
 10
212.8417236328125
 20
7.5816162109375
 10
212.9595947265625
 20
7.5735595703125
 10
213.0768798828125
 20
7.564990234375
 10
213.1934814453125
 20
7.5556884765625
 10
213.3092041015625
 20
7.5453857421875
 10
213.423828125
 20
7.5339599609375
 10
213.537109375
 20
7.5211181640625
 10
213.648779296875
 20
7.506591796875
 10
213.75859375
 20
7.490087890625
 10
213.8661376953125
 20
7.4713623046875
 10
213.9711181640625
 20
7.4500244140625
 10
214.07314453125
 20
7.42587890625
 10
214.171826171875
 20
7.3986083984375
 10
214.2667236328125
 20
7.368017578125
 10
214.3574462890625
 20
7.3338623046875
 10
214.4435791015625
 20
7.295849609375
 10
214.5246826171875
 20
7.2539306640625
 10
214.6003662109375
 20
7.20791015625
 10
214.6702392578125
 20
7.1577392578125
 10
214.733984375
 20
7.1033447265625
 10
214.791259765625
 20
7.0447021484375
 10
214.841796875
 20
6.981982421875
 10
214.8854248046875
 20
6.91513671875
 10
214.921923828125
 20
6.8442626953125
 10
214.9512451171875
 20
6.7696533203125
 10
214.97333984375
 20
6.6914794921875
 10
214.98818359375
 20
6.6098876953125
 10
214.9959228515625
 20
6.5251220703125
 10
214.9967041015625
 20
6.4374755859375
 10
214.990673828125
 20
6.3471923828125
 10
214.9781494140625
 20
6.254541015625
 10
214.959423828125
 20
6.159765625
 10
214.93486328125
 20
6.063134765625
 10
214.9048583984375
 20
5.96484375
 10
214.86982421875
 20
5.865185546875
 10
214.8301513671875
 20
5.7643798828125
 10
214.786279296875
 20
5.662548828125
 10
214.7386962890625
 20
5.559912109375
 10
214.687744140625
 20
5.4566162109375
 10
214.6339111328125
 20
5.3527587890625
 10
214.577490234375
 20
5.24853515625
 10
214.5189697265625
 20
5.143994140625
 10
214.45859375
 20
5.0391357421875
 10
214.3967041015625
 20
4.934130859375
 10
214.33349609375
 20
4.8290283203125
 10
214.269287109375
 20
4.7238525390625
 10
214.204150390625
 20
4.618603515625
 10
214.1382568359375
 20
4.5133544921875
 10
214.0716796875
 20
4.4081298828125
 10
214.004443359375
 20
4.302978515625
 10
213.9365966796875
 20
4.1979248046875
 10
213.868115234375
 20
4.0929931640625
 10
213.7989501953125
 20
3.988330078125
 10
213.7290771484375
 20
3.8839111328125
 10
213.658349609375
 20
3.779833984375
 10
213.5866943359375
 20
3.67626953125
 10
213.5139892578125
 20
3.5732666015625
 10
213.4401123046875
 20
3.470947265625
 10
213.3649169921875
 20
3.36953125
 10
213.288330078125
 20
3.269140625
 10
213.21015625
 20
3.1699951171875
 10
213.130322265625
 20
3.0722900390625
 10
213.04873046875
 20
2.976220703125
 10
212.9653076171875
 20
2.882080078125
 10
212.879931640625
 20
2.7900634765625
 10
212.792578125
 20
2.7004638671875
 10
212.7031982421875
 20
2.6135009765625
 10
212.611767578125
 20
2.5294677734375
 10
212.518310546875
 20
2.4485595703125
 10
212.4228271484375
 20
2.37109375
 10
212.325341796875
 20
2.297216796875
 10
212.2259033203125
 20
2.227099609375
 10
212.1245361328125
 20
2.160986328125
 10
212.0214111328125
 20
2.098974609375
 10
211.9165283203125
 20
2.0411376953125
  0
LWPOLYLINE
  5
62
330
17
100
AcDbEntity
  8
0
100
AcDbPolyline
 90
290
 70
1
 10
228.6871826171875
 20
1.4290771484375
 10
228.6259521484375
 20
1.37998046875
 10
228.5583251953125
 20
1.335302734375
 10
228.48466796875
 20
1.29501953125
 10
228.40537109375
 20
1.259033203125
 10
228.32080078125
 20
1.227197265625
 10
228.2313720703125
 20
1.19931640625
 10
228.1376220703125
 20
1.1752197265625
 10
228.0398681640625
 20
1.1546875
 10
227.93857421875
 20
1.1374267578125
 10
227.834130859375
 20
1.1232177734375
 10
227.7270263671875
 20
1.111767578125
 10
227.6175537109375
 20
1.1028076171875
 10
227.5060791015625
 20
1.0960693359375
 10
227.392919921875
 20
1.091259765625
 10
227.2783447265625
 20
1.0881591796875
 10
227.162646484375
 20
1.086474609375
 10
227.0460205078125
 20
1.086083984375
 10
226.9286376953125
 20
1.0866943359375
 10
226.8106689453125
 20
1.0881591796875
 10
226.69228515625
 20
1.0903076171875
 10
226.5735595703125
 20
1.093017578125
 10
226.4545654296875
 20
1.096142578125
 10
226.3354248046875
 20
1.0996337890625
 10
226.21611328125
 20
1.103369140625
 10
226.096728515625
 20
1.107275390625
 10
225.9772705078125
 20
1.1113037109375
 10
225.8577880859375
 20
1.1154541015625
 10
225.73828125
 20
1.1196044921875
 10
225.6187744140625
 20
1.1238037109375
 10
225.499267578125
 20
1.127978515625
 10
225.3797607421875
 20
1.13212890625
 10
225.2602294921875
 20
1.13623046875
 10
225.14072265625
 20
1.140283203125
 10
225.0212158203125
 20
1.1442626953125
 10
224.9016845703125
 20
1.1481689453125
 10
224.782177734375
 20
1.151953125
 10
224.662646484375
 20
1.1556884765625
 10
224.543115234375
 20
1.1593017578125
 10
224.4236083984375
 20
1.162841796875
 10
224.3041259765625
 20
1.1662841796875
 10
224.1845947265625
 20
1.1696044921875
 10
224.065087890625
 20
1.172900390625
 10
223.9455810546875
 20
1.17607421875
 10
223.82607421875
 20
1.1792724609375
 10
223.7065673828125
 20
1.182421875
 10
223.5870361328125
 20
1.185595703125
 10
223.467529296875
 20
1.1887939453125
 10
223.3480224609375
 20
1.192041015625
 10
223.228515625
 20
1.1953857421875
 10
223.1090087890625
 20
1.198876953125
 10
222.989501953125
 20
1.2025634765625
 10
222.8699951171875
 20
1.2063720703125
 10
222.7505126953125
 20
1.2103759765625
 10
222.6310302734375
 20
1.214599609375
 10
222.5115478515625
 20
1.219091796875
 10
222.392041015625
 20
1.2237548828125
 10
222.2725341796875
 20
1.228662109375
 10
222.1530517578125
 20
1.2338134765625
 10
222.033544921875
 20
1.23916015625
 10
221.9140625
 20
1.244677734375
 10
221.794580078125
 20
1.2503662109375
 10
221.67509765625
 20
1.2561767578125
 10
221.5555908203125
 20
1.262060546875
 10
221.4361572265625
 20
1.2680419921875
 10
221.3166748046875
 20
1.2740478515625
 10
221.1971923828125
 20
1.2800537109375
 10
221.0777099609375
 20
1.285986328125
 10
220.9582275390625
 20
1.2918701171875
 10
220.8387451171875
 20
1.29765625
 10
220.719287109375
 20
1.3032958984375
 10
220.5998291015625
 20
1.308837890625
 10
220.48037109375
 20
1.31416015625
 10
220.360888671875
 20
1.3193603515625
 10
220.24140625
 20
1.324365234375
 10
220.1219482421875
 20
1.3292724609375
 10
220.0024658203125
 20
1.3340576171875
 10
219.8830322265625
 20
1.3386962890625
 10
219.76357421875
 20
1.3432861328125
 10
219.644091796875
 20
1.3478271484375
 10
219.5246337890625
 20
1.3523681640625
 10
219.40517578125
 20
1.35693359375
 10
219.2857177734375
 20
1.3614990234375
 10
219.1662841796875
 20
1.366162109375
 10
219.046826171875
 20
1.370947265625
 10
218.9273681640625
 20
1.375830078125
 10
218.80791015625
 20
1.3808837890625
 10
218.6884521484375
 20
1.386083984375
 10
218.5690673828125
 20
1.3914794921875
 10
218.449658203125
 20
1.3970458984375
 10
218.3302978515625
 20
1.40283203125
 10
218.210986328125
 20
1.4088134765625
 10
218.0917236328125
 20
1.41494140625
 10
217.9726318359375
 20
1.421337890625
 10
217.8536376953125
 20
1.4279052734375
 10
217.7348876953125
 20
1.434765625
 10
217.616455078125
 20
1.4419189453125
 10
217.4983642578125
 20
1.4494384765625
 10
217.380810546875
 20
1.4573974609375
 10
217.2638916015625
 20
1.4658935546875
 10
217.14775390625
 20
1.4750244140625
 10
217.032666015625
 20
1.4849365234375
 10
216.91875
 20
1.49580078125
 10
216.8063232421875
 20
1.5078369140625
 10
216.6956298828125
 20
1.52119140625
 10
216.5869873046875
 20
1.5361572265625
 10
216.4807373046875
 20
1.552880859375
 10
216.3772216796875
 20
1.571728515625
 10
216.276806640625
 20
1.592919921875
 10
216.1799072265625
 20
1.61669921875
 10
216.0869384765625
 20
1.6433349609375
 10
215.998291015625
 20
1.673046875
 10
215.914404296875
 20
1.706103515625
 10
215.8356689453125
 20
1.7426513671875
 10
215.7624755859375
 20
1.78291015625
 10
215.6951904296875
 20
1.8270751953125
 10
215.6341064453125
 20
1.875244140625
 10
215.5795654296875
 20
1.9274169921875
 10
215.531787109375
 20
1.9836669921875
 10
215.4909912109375
 20
2.0440185546875
 10
215.4572998046875
 20
2.1083251953125
 10
215.430810546875
 20
2.1766357421875
 10
215.4115966796875
 20
2.2487548828125
 10
215.399609375
 20
2.3245361328125
 10
215.394775390625
 20
2.4037353515625
 10
215.396923828125
 20
2.4862060546875
 10
215.4058837890625
 20
2.5717041015625
 10
215.42138671875
 20
2.6599853515625
 10
215.4431396484375
 20
2.75078125
 10
215.47080078125
 20
2.8438720703125
 10
215.5040283203125
 20
2.9390625
 10
215.5424560546875
 20
3.035986328125
 10
215.5856201171875
 20
3.13447265625
 10
215.633154296875
 20
3.2343017578125
 10
215.6846435546875
 20
3.3352294921875
 10
215.739599609375
 20
3.4371337890625
 10
215.7976806640625
 20
3.5398193359375
 10
215.8584228515625
 20
3.6431396484375
 10
215.921484375
 20
3.74697265625
 10
215.9864990234375
 20
3.8511962890625
 10
216.0531494140625
 20
3.95576171875
 10
216.1211181640625
 20
4.0605224609375
 10
216.190185546875
 20
4.165380859375
 10
216.260107421875
 20
4.270361328125
 10
216.3306884765625
 20
4.375341796875
 10
216.4017822265625
 20
4.480322265625
 10
216.4732666015625
 20
4.5851806640625
 10
216.545068359375
 20
4.689892578125
 10
216.6171630859375
 20
4.7943603515625
 10
216.6895263671875
 20
4.8984619140625
 10
216.7621826171875
 20
5.0021240234375
 10
216.8351806640625
 20
5.105322265625
 10
216.9086181640625
 20
5.2077880859375
 10
216.9825927734375
 20
5.309423828125
 10
217.0572265625
 20
5.4100830078125
 10
217.1326416015625
 20
5.509521484375
 10
217.2089599609375
 20
5.6075439453125
 10
217.2864013671875
 20
5.7039306640625
 10
217.3650390625
 20
5.7984619140625
 10
217.445068359375
 20
5.890869140625
 10
217.526611328125
 20
5.980908203125
 10
217.6098388671875
 20
6.068359375
 10
217.69482421875
 20
6.1529052734375
 10
217.781689453125
 20
6.234375
 10
217.8705322265625
 20
6.3124755859375
 10
217.9614013671875
 20
6.3870361328125
 10
218.054296875
 20
6.45791015625
 10
218.14931640625
 20
6.52490234375
 10
218.24638671875
 20
6.587939453125
 10
218.3454833984375
 20
6.6468994140625
 10
218.446630859375
 20
6.7017822265625
 10
218.549658203125
 20
6.752587890625
 10
218.6545654296875
 20
6.7992919921875
 10
218.7612060546875
 20
6.84208984375
 10
218.8694580078125
 20
6.88095703125
 10
218.979248046875
 20
6.916162109375
 10
219.0904052734375
 20
6.9477783203125
 10
219.2028076171875
 20
6.97607421875
 10
219.316357421875
 20
7.001220703125
 10
219.430908203125
 20
7.0234619140625
 10
219.5463134765625
 20
7.0430419921875
 10
219.6625
 20
7.060205078125
 10
219.7793212890625
 20
7.075244140625
 10
219.8966552734375
 20
7.0882568359375
 10
220.014501953125
 20
7.099560546875
 10
220.132763671875
 20
7.109326171875
 10
220.25126953125
 20
7.117724609375
 10
220.37001953125
 20
7.124951171875
 10
220.489013671875
 20
7.13115234375
 10
220.6081298828125
 20
7.1364501953125
 10
220.72734375
 20
7.1409912109375
 10
220.846630859375
 20
7.1448486328125
 10
220.966015625
 20
7.148046875
 10
221.08544921875
 20
7.1506591796875
 10
221.2048583984375
 20
7.1527587890625
 10
221.32431640625
 20
7.154345703125
 10
221.443798828125
 20
7.1554443359375
 10
221.56328125
 20
7.1561279296875
 10
221.682763671875
 20
7.15634765625
 10
221.80224609375
 20
7.15615234375
 10
221.9217529296875
 20
7.1555419921875
 10
222.041259765625
 20
7.154443359375
 10
222.1607177734375
 20
7.1529541015625
 10
222.280224609375
 20
7.1509521484375
 10
222.3997314453125
 20
7.14853515625
 10
222.5192138671875
 20
7.145654296875
 10
222.6386962890625
 20
7.1423095703125
 10
222.758203125
 20
7.1384521484375
 10
222.8776611328125
 20
7.134130859375
 10
222.99716796875
 20
7.129296875
 10
223.1165771484375
 20
7.123876953125
 10
223.23603515625
 20
7.1178955078125
 10
223.3553955078125
 20
7.1113037109375
 10
223.47470703125
 20
7.104052734375
 10
223.5939208984375
 20
7.09609375
 10
223.713037109375
 20
7.0873779296875
 10
223.831982421875
 20
7.077734375
 10
223.950732421875
 20
7.0671142578125
 10
224.0692138671875
 20
7.0553955078125
 10
224.18740234375
 20
7.042431640625
 10
224.3052001953125
 20
7.028076171875
 10
224.42255859375
 20
7.012158203125
 10
224.539306640625
 20
6.99453125
 10
224.6553955078125
 20
6.975
 10
224.7707275390625
 20
6.9532958984375
 10
224.8851806640625
 20
6.9292724609375
 10
224.9986083984375
 20
6.9027099609375
 10
225.1109619140625
 20
6.873388671875
 10
225.222021484375
 20
6.84111328125
 10
225.3317138671875
 20
6.8057373046875
 10
225.43994140625
 20
6.7669677734375
 10
225.5465576171875
 20
6.7247314453125
 10
225.6514892578125
 20
6.6788818359375
 10
225.7546142578125
 20
6.629248046875
 10
225.855859375
 20
6.575830078125
 10
225.95517578125
 20
6.5185791015625
 10
226.052490234375
 20
6.457421875
 10
226.1478271484375
 20
6.392431640625
 10
226.2411376953125
 20
6.3236572265625
 10
226.332470703125
 20
6.251220703125
 10
226.4218017578125
 20
6.175244140625
 10
226.5092529296875
 20
6.09580078125
 10
226.594775390625
 20
6.013134765625
 10
226.6785400390625
 20
5.927392578125
 10
226.7605712890625
 20
5.8388427734375
 10
226.841015625
 20
5.7476806640625
 10
226.919921875
 20
5.654150390625
 10
226.997412109375
 20
5.558447265625
 10
227.0736572265625
 20
5.46083984375
 10
227.148681640625
 20
5.3615478515625
 10
227.2226318359375
 20
5.260791015625
 10
227.2956298828125
 20
5.158740234375
 10
227.3677001953125
 20
5.0556396484375
 10
227.4390380859375
 20
4.9515869140625
 10
227.5096435546875
 20
4.8468017578125
 10
227.5795654296875
 20
4.7414306640625
 10
227.648876953125
 20
4.635546875
 10
227.7176513671875
 20
4.529248046875
 10
227.785888671875
 20
4.4226806640625
 10
227.853564453125
 20
4.3158935546875
 10
227.920751953125
 20
4.2089111328125
 10
227.9873779296875
 20
4.10185546875
 10
228.0533935546875
 20
3.9947021484375
 10
228.118701171875
 20
3.8875732421875
 10
228.1832275390625
 20
3.7804931640625
 10
228.246875
 20
3.6735107421875
 10
228.3093994140625
 20
3.56669921875
 10
228.3707275390625
 20
3.46005859375
 10
228.43056640625
 20
3.3537353515625
 10
228.488671875
 20
3.2477294921875
 10
228.5447509765625
 20
3.1422607421875
 10
228.5985107421875
 20
3.037353515625
 10
228.6495849609375
 20
2.9331787109375
 10
228.6975830078125
 20
2.829931640625
 10
228.742138671875
 20
2.727734375
 10
228.7828369140625
 20
2.626806640625
 10
228.81923828125
 20
2.5273681640625
 10
228.850927734375
 20
2.429638671875
 10
228.8774658203125
 20
2.3338623046875
 10
228.8984619140625
 20
2.2403076171875
 10
228.9135498046875
 20
2.149267578125
 10
228.9223388671875
 20
2.0609619140625
 10
228.9245361328125
 20
1.9757080078125
 10
228.9199462890625
 20
1.893701171875
 10
228.9082763671875
 20
1.8152099609375
 10
228.889453125
 20
1.740478515625
 10
228.8633544921875
 20
1.669677734375
 10
228.8300048828125
 20
1.603076171875
 10
228.7894287109375
 20
1.540673828125
 10
228.741748046875
 20
1.4826904296875
  0
LWPOLYLINE
  5
63
330
17
100
AcDbEntity
  8
0
100
AcDbPolyline
 90
174
 70
1
 10
246.093310546875
 20
11.7255859375
 10
246.1256103515625
 20
11.5595458984375
 10
246.1432373046875
 20
11.484130859375
 10
246.1666015625
 20
11.3937255859375
 10
246.1951171875
 20
11.290185546875
 10
246.224462890625
 20
11.1987548828125
 10
246.263134765625
 20
11.0950927734375
 10
246.298681640625
 20
11.0045166015625
 10
246.330322265625
 20
10.9288818359375
 10
246.40659139642952
 20
10.76224153410576
 10
246.24487343988432
 20
1.4974260086249616
 10
246.1961669921875
 20
1.3417236328125
 10
246.1755126953125
 20
1.270263671875
 10
246.150390625
 20
1.185400390625
 10
246.1201416015625
 20
1.0875244140625
 10
246.0915771484375
 20
0.9991455078125
 10
246.0590087890625
 20
0.9100341796875
 10
246.019580078125
 20
0.8233154296875
 10
245.974462890625
 20
0.743115234375
 10
245.924267578125
 20
0.669921875
 10
245.8573974609375
 20
0.5999267578125
 10
245.795654296875
 20
0.5429443359375
 10
245.7397705078125
 20
0.4980712890625
 10
245.60105800130856
 20
0.4135613285233376
 10
233.03046318664238
 20
0.6329818771996543
 10
232.9009765625
 20
0.801611328125
 10
232.8501708984375
 20
0.879150390625
 10
232.7951904296875
 20
0.9717529296875
 10
232.7385009765625
 20
1.0796630859375
 10
232.7023681640625
 20
1.1794921875
 10
232.677392578125
 20
1.283544921875
 10
232.6663818359375
 20
1.3895263671875
 10
232.670361328125
 20
1.4953125
 10
232.6876220703125
 20
1.6018798828125
 10
232.7174072265625
 20
1.708544921875
 10
232.7572998046875
 20
1.815087890625
 10
232.8048583984375
 20
1.921484375
 10
232.85732421875
 20
2.0278076171875
 10
232.9122314453125
 20
2.134130859375
 10
232.9688720703125
 20
2.2404052734375
 10
233.0255126953125
 20
2.3466796875
 10
233.0818115234375
 20
2.452978515625
 10
233.1381103515625
 20
2.5593017578125
 10
233.1950927734375
 20
2.665576171875
 10
233.2534912109375
 20
2.7718017578125
 10
233.314306640625
 20
2.8780517578125
 10
233.377587890625
 20
2.9842529296875
 10
233.4447021484375
 20
3.0904052734375
 10
233.5156494140625
 20
3.196484375
 10
233.5904296875
 20
3.302490234375
 10
233.668359375
 20
3.4084716796875
 10
233.7494384765625
 20
3.514404296875
 10
233.8329345703125
 20
3.6203369140625
 10
233.9181884765625
 20
3.7261962890625
 10
234.0034423828125
 20
3.832080078125
 10
234.088330078125
 20
3.9379638671875
 10
234.172216796875
 20
4.043896484375
 10
234.254296875
 20
4.1498291015625
 10
234.333984375
 20
4.2557861328125
 10
234.4108642578125
 20
4.3617919921875
 10
234.485302734375
 20
4.4678466796875
 10
234.5580078125
 20
4.573876953125
 10
234.6285888671875
 20
4.680029296875
 10
234.6978271484375
 20
4.7861328125
 10
234.7670166015625
 20
4.892236328125
 10
234.8369384765625
 20
4.9983642578125
 10
234.9082275390625
 20
5.104443359375
 10
234.9812744140625
 20
5.210498046875
 10
235.0564208984375
 20
5.316552734375
 10
235.1340087890625
 20
5.4225830078125
 10
235.213330078125
 20
5.528564453125
 10
235.2937255859375
 20
5.634521484375
 10
235.3747802734375
 20
5.740478515625
 10
235.4562255859375
 20
5.846435546875
 10
235.5380126953125
 20
5.952392578125
 10
235.6201171875
 20
6.0580322265625
 10
235.703662109375
 20
6.163037109375
 10
235.7899658203125
 20
6.267041015625
 10
235.879736328125
 20
6.369482421875
 10
235.9737548828125
 20
6.469677734375
 10
236.072607421875
 20
6.5667236328125
 10
236.176318359375
 20
6.659619140625
 10
236.2849365234375
 20
6.7481201171875
 10
236.3973876953125
 20
6.8316162109375
 10
236.5126220703125
 20
6.9091552734375
 10
236.6299560546875
 20
6.98046875
 10
236.7486572265625
 20
7.0452392578125
 10
236.8680908203125
 20
7.1037841796875
 10
236.987841796875
 20
7.1561279296875
 10
237.107568359375
 20
7.2022705078125
 10
237.2273193359375
 20
7.2427978515625
 10
237.3466796875
 20
7.279296875
 10
237.4653564453125
 20
7.3133544921875
 10
237.5829833984375
 20
7.3461669921875
 10
237.69921875
 20
7.3790283203125
 10
237.8136962890625
 20
7.4140625
 10
237.926123046875
 20
7.4525390625
 10
238.0361083984375
 20
7.495703125
 10
238.1443359375
 20
7.5435546875
 10
238.2515380859375
 20
7.5954833984375
 10
238.3583740234375
 20
7.6513916015625
 10
238.4652587890625
 20
7.7107666015625
 10
238.5720947265625
 20
7.772021484375
 10
238.6789794921875
 20
7.834765625
 10
238.7858642578125
 20
7.898193359375
 10
238.8916748046875
 20
7.9625
 10
238.9953857421875
 20
8.0284423828125
 10
239.0960205078125
 20
8.0962890625
 10
239.1934814453125
 20
8.1666259765625
 10
239.2888427734375
 20
8.2401123046875
 10
239.383154296875
 20
8.316455078125
 10
239.4775146484375
 20
8.395263671875
 10
239.5732177734375
 20
8.4752685546875
 10
239.6717529296875
 20
8.5552490234375
 10
239.7744384765625
 20
8.6339599609375
 10
239.881689453125
 20
8.7100341796875
 10
239.9927978515625
 20
8.7830078125
 10
240.1070068359375
 20
8.8525390625
 10
240.2236572265625
 20
8.9189208984375
 10
240.3420654296875
 20
8.982470703125
 10
240.4615234375
 20
9.0435546875
 10
240.581298828125
 20
9.1024169921875
 10
240.7007568359375
 20
9.1594482421875
 10
240.819482421875
 20
9.2149169921875
 10
240.9371826171875
 20
9.268896484375
 10
241.053515625
 20
9.3212890625
 10
241.1680419921875
 20
9.372802734375
 10
241.280517578125
 20
9.4240234375
 10
241.3905517578125
 20
9.4755859375
 10
241.4988037109375
 20
9.528125
 10
241.6060546875
 20
9.5812744140625
 10
241.712939453125
 20
9.635400390625
 10
241.820166015625
 20
9.689794921875
 10
241.928466796875
 20
9.7438720703125
 10
242.038134765625
 20
9.797021484375
 10
242.1492431640625
 20
9.848876953125
 10
242.2606689453125
 20
9.89921875
 10
242.371044921875
 20
9.9489013671875
 10
242.4789794921875
 20
9.998974609375
 10
242.583056640625
 20
10.0515625
 10
242.6819580078125
 20
10.107958984375
 10
242.7752197265625
 20
10.169384765625
 10
242.863623046875
 20
10.236181640625
 10
242.9482177734375
 20
10.3082763671875
 10
243.0310791015625
 20
10.3844482421875
 10
243.1142578125
 20
10.462841796875
 10
243.1998779296875
 20
10.540234375
 10
243.2900634765625
 20
10.614453125
 10
243.3858154296875
 20
10.6833251953125
 10
243.487158203125
 20
10.7455322265625
 10
243.5940673828125
 20
10.8005859375
 10
243.7054931640625
 20
10.849072265625
 10
243.8204345703125
 20
10.8916015625
 10
243.9378173828125
 20
10.9300537109375
 10
244.0565185546875
 20
10.9659912109375
 10
244.1760009765625
 20
11.0006591796875
 10
244.2958251953125
 20
11.0353515625
 10
244.415283203125
 20
11.0712890625
 10
244.5337158203125
 20
11.1087646484375
 10
244.650390625
 20
11.1490966796875
 10
244.7642578125
 20
11.192529296875
 10
244.8742919921875
 20
11.239794921875
 10
244.9794677734375
 20
11.2920654296875
 10
245.0787109375
 20
11.3497314453125
 10
245.172021484375
 20
11.4117919921875
 10
245.2604736328125
 20
11.4770263671875
 10
245.3447021484375
 20
11.54296875
 10
245.4261474609375
 20
11.607080078125
 10
245.507958984375
 20
11.6643310546875
 10
245.5897216796875
 20
11.7116455078125
 10
245.671142578125
 20
11.7468017578125
 10
245.7665283203125
 20
11.761962890625
 10
245.8507080078125
 20
11.7675537109375
 10
245.9236572265625
 20
11.7651611328125
  0
ENDSEC
  0
SECTION
  2
OBJECTS
  0
DICTIONARY
  5
A
330
0
100
AcDbDictionary
281
1
  3
ACAD_COLOR
350
B
  3
ACAD_GROUP
350
C
  3
ACAD_LAYOUT
350
D
  3
ACAD_MATERIAL
350
E
  3
ACAD_MLEADERSTYLE
350
F
  3
ACAD_MLINESTYLE
350
10
  3
ACAD_PLOTSETTINGS
350
11
  3
ACAD_PLOTSTYLENAME
350
12
  3
ACAD_SCALELIST
350
14
  3
ACAD_TABLESTYLE
350
15
  3
ACAD_VISUALSTYLE
350
16
  3
EZDXF_META
350
2D
  0
DICTIONARY
  5
B
330
A
100
AcDbDictionary
281
1
  0
DICTIONARY
  5
C
330
A
100
AcDbDictionary
281
1
  0
DICTIONARY
  5
D
330
A
100
AcDbDictionary
281
1
  3
Model
350
1A
  3
Layout1
350
1E
  0
DICTIONARY
  5
E
330
A
100
AcDbDictionary
281
1
  3
ByBlock
350
1F
  3
ByLayer
350
20
  3
Global
350
21
  0
DICTIONARY
  5
F
330
A
100
AcDbDictionary
281
1
  3
Standard
350
2C
  0
DICTIONARY
  5
10
330
A
100
AcDbDictionary
281
1
  3
Standard
350
22
  0
DICTIONARY
  5
11
330
A
100
AcDbDictionary
281
1
  0
ACDBDICTIONARYWDFLT
  5
12
330
A
100
AcDbDictionary
281
1
  3
Normal
350
13
100
AcDbDictionaryWithDefault
340
13
  0
ACDBPLACEHOLDER
  5
13
330
12
  0
DICTIONARY
  5
14
330
A
100
AcDbDictionary
281
1
  0
DICTIONARY
  5
15
330
A
100
AcDbDictionary
281
1
  0
DICTIONARY
  5
16
330
A
100
AcDbDictionary
281
1
  0
LAYOUT
  5
1A
330
D
100
AcDbPlotSettings
  1

  4
A3
  6

 40
7.5
 41
20.0
 42
7.5
 43
20.0
 44
420.0
 45
297.0
 46
0.0
 47
0.0
 48
0.0
 49
0.0
140
0.0
141
0.0
142
1.0
143
1.0
 70
1024
 72
1
 73
0
 74
5
  7

 75
16
 76
0
 77
2
 78
300
147
1.0
148
0.0
149
0.0
100
AcDbLayout
  1
Model
 70
1
 71
0
 10
0.0
 20
0.0
 11
420.0
 21
297.0
 12
0.0
 22
0.0
 32
0.0
 14
1e+20
 24
1e+20
 34
1e+20
 15
-1e+20
 25
-1e+20
 35
-1e+20
146
0.0
 13
0.0
 23
0.0
 33
0.0
 16
1.0
 26
0.0
 36
0.0
 17
0.0
 27
1.0
 37
0.0
 76
1
330
17
  0
LAYOUT
  5
1E
330
D
100
AcDbPlotSettings
  1

  4
A3
  6

 40
7.5
 41
20.0
 42
7.5
 43
20.0
 44
420.0
 45
297.0
 46
0.0
 47
0.0
 48
0.0
 49
0.0
140
0.0
141
0.0
142
1.0
143
1.0
 70
0
 72
1
 73
0
 74
5
  7

 75
16
 76
0
 77
2
 78
300
147
1.0
148
0.0
149
0.0
100
AcDbLayout
  1
Layout1
 70
1
 71
1
 10
0.0
 20
0.0
 11
420.0
 21
297.0
 12
0.0
 22
0.0
 32
0.0
 14
1e+20
 24
1e+20
 34
1e+20
 15
-1e+20
 25
-1e+20
 35
-1e+20
146
0.0
 13
0.0
 23
0.0
 33
0.0
 16
1.0
 26
0.0
 36
0.0
 17
0.0
 27
1.0
 37
0.0
 76
1
330
1B
  0
MATERIAL
  5
1F
102
{ACAD_REACTORS
330
E
102
}
330
E
100
AcDbMaterial
  1
ByBlock
  2

 70
0
 40
1.0
 71
1
 41
1.0
 91
-1023410177
 42
1.0
 72
1
  3

 73
1
 74
1
 75
1
 44
0.5
 73
0
 45
1.0
 46
1.0
 77
1
  4

 78
1
 79
1
170
1
 48
1.0
171
1
  6

172
1
173
1
174
1
140
1.0
141
1.0
175
1
  7

176
1
177
1
178
1
143
1.0
179
1
  8

270
1
271
1
272
1
145
1.0
146
1.0
273
1
  9

274
1
275
1
276
1
 42
1.0
 72
1
  3

 73
1
 74
1
 75
1
 94
63
  0
MATERIAL
  5
20
102
{ACAD_REACTORS
330
E
102
}
330
E
100
AcDbMaterial
  1
ByLayer
  2

 70
0
 40
1.0
 71
1
 41
1.0
 91
-1023410177
 42
1.0
 72
1
  3

 73
1
 74
1
 75
1
 44
0.5
 73
0
 45
1.0
 46
1.0
 77
1
  4

 78
1
 79
1
170
1
 48
1.0
171
1
  6

172
1
173
1
174
1
140
1.0
141
1.0
175
1
  7

176
1
177
1
178
1
143
1.0
179
1
  8

270
1
271
1
272
1
145
1.0
146
1.0
273
1
  9

274
1
275
1
276
1
 42
1.0
 72
1
  3

 73
1
 74
1
 75
1
 94
63
  0
MATERIAL
  5
21
102
{ACAD_REACTORS
330
E
102
}
330
E
100
AcDbMaterial
  1
Global
  2

 70
0
 40
1.0
 71
1
 41
1.0
 91
-1023410177
 42
1.0
 72
1
  3

 73
1
 74
1
 75
1
 44
0.5
 73
0
 45
1.0
 46
1.0
 77
1
  4

 78
1
 79
1
170
1
 48
1.0
171
1
  6

172
1
173
1
174
1
140
1.0
141
1.0
175
1
  7

176
1
177
1
178
1
143
1.0
179
1
  8

270
1
271
1
272
1
145
1.0
146
1.0
273
1
  9

274
1
275
1
276
1
 42
1.0
 72
1
  3

 73
1
 74
1
 75
1
 94
63
  0
MLINESTYLE
  5
22
102
{ACAD_REACTORS
330
10
102
}
330
10
100
AcDbMlineStyle
  2
Standard
 70
0
  3

 62
256
 51
90.0
 52
90.0
 71
2
 49
0.5
 62
256
  6
BYLAYER
 49
-0.5
 62
256
  6
BYLAYER
  0
MLEADERSTYLE
  5
2C
102
{ACAD_REACTORS
330
F
102
}
330
F
100
AcDbMLeaderStyle
179
2
170
2
171
1
172
0
 90
2
 40
0.0
 41
0.0
173
1
 91
-1056964608
 92
-2
290
1
 42
2.0
291
1
 43
8.0
  3
Standard
 44
4.0
300

342
29
174
1
175
1
176
0
178
1
 93
-1056964608
 45
4.0
292
0
297
0
 46
4.0
 94
-1056964608
 47
1.0
 49
1.0
140
1.0
294
1
141
0.0
177
0
142
1.0
295
0
296
0
143
3.75
271
0
272
9
273
9
  0
DICTIONARY
  5
2D
330
A
100
AcDbDictionary
280
1
281
1
  3
CREATED_BY_EZDXF
350
2E
  3
WRITTEN_BY_EZDXF
350
66
  0
DICTIONARYVAR
  5
2E
330
2D
100
DictionaryVariables
280
0
  1
1.4.4 @ 2026-07-16T10:10:47.965279+00:00
  0
DICTIONARYVAR
  5
66
330
2D
100
DictionaryVariables
280
0
  1
1.4.4 @ 2026-07-16T10:10:48.507881+00:00
  0
ENDSEC
  0
EOF
