  0
SECTION
  2
HEADER
  9
$ACADVER
  1
AC1024
  9
$ACADMAINTVER
 70
6
  9
$DWGCODEPAGE
  3
ANSI_1252
  9
$LASTSAVEDBY
  1
ezdxf
  9
$INSBASE
 10
0.0
 20
0.0
 30
0.0
  9
$EXTMIN
 10
1e+20
 20
1e+20
 30
1e+20
  9
$EXTMAX
 10
-1e+20
 20
-1e+20
 30
-1e+20
  9
$LIMMIN
 10
0.0
 20
0.0
  9
$LIMMAX
 10
420.0
 20
297.0
  9
$ORTHOMODE
 70
0
  9
$REGENMODE
 70
1
  9
$FILLMODE
 70
1
  9
$QTEXTMODE
 70
0
  9
$MIRRTEXT
 70
1
  9
$LTSCALE
 40
1.0
  9
$ATTMODE
 70
1
  9
$TEXTSIZE
 40
2.5
  9
$TRACEWID
 40
1.0
  9
$TEXTSTYLE
  7
Standard
  9
$CLAYER
  8
0
  9
$CELTYPE
  6
ByLayer
  9
$CECOLOR
 62
256
  9
$CELTSCALE
 40
1.0
  9
$DISPSILH
 70
0
  9
$DIMSCALE
 40
1.0
  9
$DIMASZ
 40
2.5
  9
$DIMEXO
 40
0.625
  9
$DIMDLI
 40
3.75
  9
$DIMRND
 40
0.0
  9
$DIMDLE
 40
0.0
  9
$DIMEXE
 40
1.25
  9
$DIMTP
 40
0.0
  9
$DIMTM
 40
0.0
  9
$DIMTXT
 40
2.5
  9
$DIMCEN
 40
2.5
  9
$DIMTSZ
 40
0.0
  9
$DIMTOL
 70
0
  9
$DIMLIM
 70
0
  9
$DIMTIH
 70
0
  9
$DIMTOH
 70
0
  9
$DIMSE1
 70
0
  9
$DIMSE2
 70
0
  9
$DIMTAD
 70
1
  9
$DIMZIN
 70
8
  9
$DIMBLK
  1

  9
$DIMASO
 70
1
  9
$DIMSHO
 70
1
  9
$DIMPOST
  1

  9
$DIMAPOST
  1

  9
$DIMALT
 70
0
  9
$DIMALTD
 70
3
  9
$DIMALTF
 40
0.03937007874
  9
$DIMLFAC
 40
1.0
  9
$DIMTOFL
 70
1
  9
$DIMTVP
 40
0.0
  9
$DIMTIX
 70
0
  9
$DIMSOXD
 70
0
  9
$DIMSAH
 70
0
  9
$DIMBLK1
  1

  9
$DIMBLK2
  1

  9
$DIMSTYLE
  2
ISO-25
  9
$DIMCLRD
 70
0
  9
$DIMCLRE
 70
0
  9
$DIMCLRT
 70
0
  9
$DIMTFAC
 40
1.0
  9
$DIMGAP
 40
0.625
  9
$DIMJUST
 70
0
  9
$DIMSD1
 70
0
  9
$DIMSD2
 70
0
  9
$DIMTOLJ
 70
0
  9
$DIMTZIN
 70
8
  9
$DIMALTZ
 70
0
  9
$DIMALTTZ
 70
0
  9
$DIMUPT
 70
0
  9
$DIMDEC
 70
2
  9
$DIMTDEC
 70
2
  9
$DIMALTU
 70
2
  9
$DIMALTTD
 70
3
  9
$DIMTXSTY
  7
Standard
  9
$DIMAUNIT
 70
0
  9
$DIMADEC
 70
0
  9
$DIMALTRND
 40
0.0
  9
$DIMAZIN
 70
0
  9
$DIMDSEP
 70
44
  9
$DIMATFIT
 70
3
  9
$DIMFRAC
 70
0
  9
$DIMLDRBLK
  1

  9
$DIMLUNIT
 70
2
  9
$DIMLWD
 70
-2
  9
$DIMLWE
 70
-2
  9
$DIMTMOVE
 70
0
  9
$DIMFXL
 40
1.0
  9
$DIMFXLON
 70
0
  9
$DIMJOGANG
 40
0.785398163397
  9
$DIMTFILL
 70
0
  9
$DIMTFILLCLR
 70
0
  9
$DIMARCSYM
 70
0
  9
$DIMLTYPE
  6

  9
$DIMLTEX1
  6

  9
$DIMLTEX2
  6

  9
$DIMTXTDIRECTION
 70
0
  9
$LUNITS
 70
2
  9
$LUPREC
 70
4
  9
$SKETCHINC
 40
1.0
  9
$FILLETRAD
 40
10.0
  9
$AUNITS
 70
0
  9
$AUPREC
 70
2
  9
$MENU
  1
.
  9
$ELEVATION
 40
0.0
  9
$PELEVATION
 40
0.0
  9
$THICKNESS
 40
0.0
  9
$LIMCHECK
 70
0
  9
$CHAMFERA
 40
0.0
  9
$CHAMFERB
 40
0.0
  9
$CHAMFERC
 40
0.0
  9
$CHAMFERD
 40
0.0
  9
$SKPOLY
 70
0
  9
$TDCREATE
 40
2461238.4658333333
  9
$TDUCREATE
 40
2458532.153996898
  9
$TDUPDATE
 40
2461238.4658449073
  9
$TDUUPDATE
 40
2458532.1544311
  9
$TDINDWG
 40
0.0
  9
$TDUSRTIMER
 40
0.0
  9
$USRTIMER
 70
1
  9
$ANGBASE
 50
0.0
  9
$ANGDIR
 70
0
  9
$PDMODE
 70
0
  9
$PDSIZE
 40
0.0
  9
$PLINEWID
 40
0.0
  9
$SPLFRAME
 70
0
  9
$SPLINETYPE
 70
6
  9
$SPLINESEGS
 70
8
  9
$HANDSEED
  5
6F
  9
$SURFTAB1
 70
6
  9
$SURFTAB2
 70
6
  9
$SURFTYPE
 70
6
  9
$SURFU
 70
6
  9
$SURFV
 70
6
  9
$UCSBASE
  2

  9
$UCSNAME
  2

  9
$UCSORG
 10
0.0
 20
0.0
 30
0.0
  9
$UCSXDIR
 10
1.0
 20
0.0
 30
0.0
  9
$UCSYDIR
 10
0.0
 20
1.0
 30
0.0
  9
$UCSORTHOREF
  2

  9
$UCSORTHOVIEW
 70
0
  9
$UCSORGTOP
 10
0.0
 20
0.0
 30
0.0
  9
$UCSORGBOTTOM
 10
0.0
 20
0.0
 30
0.0
  9
$UCSORGLEFT
 10
0.0
 20
0.0
 30
0.0
  9
$UCSORGRIGHT
 10
0.0
 20
0.0
 30
0.0
  9
$UCSORGFRONT
 10
0.0
 20
0.0
 30
0.0
  9
$UCSORGBACK
 10
0.0
 20
0.0
 30
0.0
  9
$PUCSBASE
  2

  9
$PUCSNAME
  2

  9
$PUCSORG
 10
0.0
 20
0.0
 30
0.0
  9
$PUCSXDIR
 10
1.0
 20
0.0
 30
0.0
  9
$PUCSYDIR
 10
0.0
 20
1.0
 30
0.0
  9
$PUCSORTHOREF
  2

  9
$PUCSORTHOVIEW
 70
0
  9
$PUCSORGTOP
 10
0.0
 20
0.0
 30
0.0
  9
$PUCSORGBOTTOM
 10
0.0
 20
0.0
 30
0.0
  9
$PUCSORGLEFT
 10
0.0
 20
0.0
 30
0.0
  9
$PUCSORGRIGHT
 10
0.0
 20
0.0
 30
0.0
  9
$PUCSORGFRONT
 10
0.0
 20
0.0
 30
0.0
  9
$PUCSORGBACK
 10
0.0
 20
0.0
 30
0.0
  9
$USERI1
 70
0
  9
$USERI2
 70
0
  9
$USERI3
 70
0
  9
$USERI4
 70
0
  9
$USERI5
 70
0
  9
$USERR1
 40
0.0
  9
$USERR2
 40
0.0
  9
$USERR3
 40
0.0
  9
$USERR4
 40
0.0
  9
$USERR5
 40
0.0
  9
$WORLDVIEW
 70
1
  9
$SHADEDGE
 70
3
  9
$SHADEDIF
 70
70
  9
$TILEMODE
 70
1
  9
$MAXACTVP
 70
64
  9
$PINSBASE
 10
0.0
 20
0.0
 30
0.0
  9
$PLIMCHECK
 70
0
  9
$PEXTMIN
 10
1e+20
 20
1e+20
 30
1e+20
  9
$PEXTMAX
 10
-1e+20
 20
-1e+20
 30
-1e+20
  9
$PLIMMIN
 10
0.0
 20
0.0
  9
$PLIMMAX
 10
420.0
 20
297.0
  9
$UNITMODE
 70
0
  9
$VISRETAIN
 70
1
  9
$PLINEGEN
 70
0
  9
$PSLTSCALE
 70
1
  9
$TREEDEPTH
 70
3020
  9
$CMLSTYLE
  2
Standard
  9
$CMLJUST
 70
0
  9
$CMLSCALE
 40
20.0
  9
$PROXYGRAPHICS
 70
1
  9
$MEASUREMENT
 70
1
  9
$CELWEIGHT
370
-1
  9
$ENDCAPS
280
0
  9
$JOINSTYLE
280
0
  9
$LWDISPLAY
290
0
  9
$INSUNITS
 70
6
  9
$HYPERLINKBASE
  1

  9
$STYLESHEET
  1

  9
$XEDIT
290
1
  9
$CEPSNTYPE
380
0
  9
$PSTYLEMODE
290
1
  9
$FINGERPRINTGUID
  2
{2F0A937B-4EEC-4B14-99E7-E4128179AF46}
  9
$VERSIONGUID
  2
{8EB38791-7204-4043-A8B2-33B14D6F50A6}
  9
$EXTNAMES
290
1
  9
$PSVPSCALE
 40
0.0
  9
$OLESTARTUP
290
0
  9
$SORTENTS
280
127
  9
$INDEXCTL
280
0
  9
$HIDETEXT
280
1
  9
$XCLIPFRAME
280
1
  9
$HALOGAP
280
0
  9
$OBSCOLOR
 70
257
  9
$OBSLTYPE
280
0
  9
$INTERSECTIONDISPLAY
280
0
  9
$INTERSECTIONCOLOR
 70
257
  9
$DIMASSOC
280
2
  9
$PROJECTNAME
  1

  9
$CAMERADISPLAY
290
0
  9
$LENSLENGTH
 40
50.0
  9
$CAMERAHEIGHT
 40
0.0
  9
$STEPSPERSEC
 40
24.0
  9
$STEPSIZE
 40
100.0
  9
$3DDWFPREC
 40
2.0
  9
$PSOLWIDTH
 40
0.005
  9
$PSOLHEIGHT
 40
0.08
  9
$LOFTANG1
 40
1.570796326795
  9
$LOFTANG2
 40
1.570796326795
  9
$LOFTMAG1
 40
0.0
  9
$LOFTMAG2
 40
0.0
  9
$LOFTPARAM
 70
7
  9
$LOFTNORMALS
280
1
  9
$LATITUDE
 40
37.795
  9
$LONGITUDE
 40
-122.394
  9
$NORTHDIRECTION
 40
0.0
  9
$TIMEZONE
 70
-8000
  9
$LIGHTGLYPHDISPLAY
280
1
  9
$TILEMODELIGHTSYNCH
280
1
  9
$CMATERIAL
347
20
  9
$SOLIDHIST
280
0
  9
$SHOWHIST
280
1
  9
$DWFFRAME
280
2
  9
$DGNFRAME
280
2
  9
$REALWORLDSCALE
290
1
  9
$INTERFERECOLOR
 62
256
  9
$CSHADOW
280
0
  9
$SHADOWPLANELOCATION
 40
0.0
  0
ENDSEC
  0
SECTION
  2
CLASSES
  0
CLASS
  1
ACDBDICTIONARYWDFLT
  2
AcDbDictionaryWithDefault
  3
ObjectDBX Classes
 90
0
 91
0
280
0
281
0
  0
CLASS
  1
SUN
  2
AcDbSun
  3
SCENEOE
 90
1153
 91
0
280
0
281
0
  0
CLASS
  1
VISUALSTYLE
  2
AcDbVisualStyle
  3
ObjectDBX Classes
 90
4095
 91
0
280
0
281
0
  0
CLASS
  1
MATERIAL
  2
AcDbMaterial
  3
ObjectDBX Classes
 90
1153
 91
0
280
0
281
0
  0
CLASS
  1
SCALE
  2
AcDbScale
  3
ObjectDBX Classes
 90
1153
 91
0
280
0
281
0
  0
CLASS
  1
TABLESTYLE
  2
AcDbTableStyle
  3
ObjectDBX Classes
 90
4095
 91
0
280
0
281
0
  0
CLASS
  1
MLEADERSTYLE
  2
AcDbMLeaderStyle
  3
ACDB_MLEADERSTYLE_CLASS
 90
4095
 91
0
280
0
281
0
  0
CLASS
  1
DICTIONARYVAR
  2
AcDbDictionaryVar
  3
ObjectDBX Classes
 90
0
 91
0
280
0
281
0
  0
CLASS
  1
CELLSTYLEMAP
  2
AcDbCellStyleMap
  3
ObjectDBX Classes
 90
1152
 91
0
280
0
281
0
  0
CLASS
  1
MENTALRAYRENDERSETTINGS
  2
AcDbMentalRayRenderSettings
  3
SCENEOE
 90
1024
 91
0
280
0
281
0
  0
CLASS
  1
ACDBDETAILVIEWSTYLE
  2
AcDbDetailViewStyle
  3
ObjectDBX Classes
 90
1025
 91
0
280
0
281
0
  0
CLASS
  1
ACDBSECTIONVIEWSTYLE
  2
AcDbSectionViewStyle
  3
ObjectDBX Classes
 90
1025
 91
0
280
0
281
0
  0
CLASS
  1
RASTERVARIABLES
  2
AcDbRasterVariables
  3
ISM
 90
0
 91
0
280
0
281
0
  0
CLASS
  1
LAYOUT
  2
AcDbLayout
  3
ObjectDBX Classes
 90
0
 91
0
280
0
281
0
  0
CLASS
  1
ACDBPLACEHOLDER
  2
AcDbPlaceHolder
  3
ObjectDBX Classes
 90
0
 91
0
280
0
281
0
  0
ENDSEC
  0
SECTION
  2
TABLES
  0
TABLE
  2
VPORT
  5
8
330
0
100
AcDbSymbolTable
 70
1
  0
VPORT
  5
23
330
8
100
AcDbSymbolTableRecord
100
AcDbViewportTableRecord
  2
*Active
 70
0
 10
0.0
 20
0.0
 11
1.0
 21
1.0
 12
0.0
 22
0.0
 13
0.0
 23
0.0
 14
0.5
 24
0.5
 15
0.5
 25
0.5
 16
0.0
 26
0.0
 36
1.0
 17
0.0
 27
0.0
 37
0.0
 40
1000.0
 41
1.34
 42
50.0
 43
0.0
 44
0.0
 50
0.0
 51
0.0
 71
0
 72
1000
 73
1
 74
3
 75
0
 76
0
 77
0
 78
0
281
0
 65
0
146
0.0
  0
ENDTAB
  0
TABLE
  2
LTYPE
  5
2
330
0
100
AcDbSymbolTable
 70
3
  0
LTYPE
  5
24
330
2
100
AcDbSymbolTableRecord
100
AcDbLinetypeTableRecord
  2
ByBlock
 70
0
  3

 72
65
 73
0
 40
0.0
  0
LTYPE
  5
25
330
2
100
AcDbSymbolTableRecord
100
AcDbLinetypeTableRecord
  2
ByLayer
 70
0
  3

 72
65
 73
0
 40
0.0
  0
LTYPE
  5
26
330
2
100
AcDbSymbolTableRecord
100
AcDbLinetypeTableRecord
  2
Continuous
 70
0
  3

 72
65
 73
0
 40
0.0
  0
ENDTAB
  0
TABLE
  2
LAYER
  5
1
330
0
100
AcDbSymbolTable
 70
2
  0
LAYER
  5
27
330
1
100
AcDbSymbolTableRecord
100
AcDbLayerTableRecord
  2
0
 70
0
 62
7
  6
Continuous
370
-3
390
13
347
21
  0
LAYER
  5
28
330
1
100
AcDbSymbolTableRecord
100
AcDbLayerTableRecord
  2
Defpoints
 70
0
 62
7
  6
Continuous
290
0
370
-3
390
13
347
21
  0
ENDTAB
  0
TABLE
  2
STYLE
  5
5
330
0
100
AcDbSymbolTable
 70
1
  0
STYLE
  5
29
330
5
100
AcDbSymbolTableRecord
100
AcDbTextStyleTableRecord
  2
Standard
 70
0
 40
0.0
 41
1.0
 50
0.0
 71
0
 42
2.5
  3
txt
  4

  0
ENDTAB
  0
TABLE
  2
VIEW
  5
7
330
0
100
AcDbSymbolTable
 70
0
  0
ENDTAB
  0
TABLE
  2
UCS
  5
6
330
0
100
AcDbSymbolTable
 70
0
  0
ENDTAB
  0
TABLE
  2
APPID
  5
3
330
0
100
AcDbSymbolTable
 70
3
  0
APPID
  5
2A
330
3
100
AcDbSymbolTableRecord
100
AcDbRegAppTableRecord
  2
ACAD
 70
0
  0
APPID
  5
6C
330
3
100
AcDbSymbolTableRecord
100
AcDbRegAppTableRecord
  2
HATCHBACKGROUNDCOLOR
 70
0
  0
APPID
  5
6D
330
3
100
AcDbSymbolTableRecord
100
AcDbRegAppTableRecord
  2
EZDXF
 70
0
  0
ENDTAB
  0
TABLE
  2
DIMSTYLE
  5
4
330
0
100
AcDbSymbolTable
 70
1
100
AcDbDimStyleTable
  0
DIMSTYLE
105
2B
330
4
100
AcDbSymbolTableRecord
100
AcDbDimStyleTableRecord
  2
Standard
 70
0
 40
1.0
 41
2.5
 42
0.625
 43
3.75
 44
1.25
 45
0.0
 46
0.0
 47
0.0
 48
0.0
 49
2.5
140
2.5
141
2.5
142
0.0
143
0.03937007874
144
1.0
145
0.0
146
1.0
147
0.625
148
0.0
 69
0
 70
0
 71
0
 72
0
 73
0
 74
0
 75
0
 76
0
 77
1
 78
8
 79
3
170
0
171
3
172
1
173
0
174
0
175
0
176
0
177
0
178
0
179
2
271
2
272
2
273
2
274
3
275
0
276
0
277
2
278
44
279
0
280
0
281
0
282
0
283
0
284
8
285
0
286
0
288
0
289
3
290
0
371
-2
372
-2
  0
ENDTAB
  0
TABLE
  2
BLOCK_RECORD
  5
9
330
0
100
AcDbSymbolTable
 70
2
  0
BLOCK_RECORD
  5
17
330
9
100
AcDbSymbolTableRecord
100
AcDbBlockTableRecord
  2
*Model_Space
340
1A
 70
0
280
1
281
0
  0
BLOCK_RECORD
  5
1B
330
9
100
AcDbSymbolTableRecord
100
AcDbBlockTableRecord
  2
*Paper_Space
340
1E
 70
0
280
1
281
0
  0
ENDTAB
  0
ENDSEC
  0
SECTION
  2
BLOCKS
  0
BLOCK
  5
18
330
17
100
AcDbEntity
  8
0
100
AcDbBlockBegin
  2
*Model_Space
 70
0
 10
0.0
 20
0.0
 30
0.0
  3
*Model_Space
  1

  0
ENDBLK
  5
19
330
17
100
AcDbEntity
  8
0
100
AcDbBlockEnd
  0
BLOCK
  5
1C
330
1B
100
AcDbEntity
  8
0
100
AcDbBlockBegin
  2
*Paper_Space
 70
0
 10
0.0
 20
0.0
 30
0.0
  3
*Paper_Space
  1

  0
ENDBLK
  5
1D
330
1B
100
AcDbEntity
  8
0
100
AcDbBlockEnd
  0
ENDSEC
  0
SECTION
  2
ENTITIES
  0
LWPOLYLINE
  5
2F
330
17
100
AcDbEntity
  8
0
100
AcDbPolyline
 90
4
 70
1
 10
239.7188832589104
 20
-0.361869031619608
 10
242.77125569804357
 20
87.04664124918808
 10
145.62226808416182
 20
90.43915865200907
 10
142.56989564502868
 20
3.0306483712014143
  0
LWPOLYLINE
  5
30
330
17
100
AcDbEntity
  8
0
100
AcDbPolyline
 90
52
 70
1
 10
167.5255126953125
 20
87.9107666015625
 10
162.70233633111684
 20
84.03663418851389
 10
162.58554546428664
 20
84.00420489579456
 10
162.46862032011268
 20
83.86569650151273
 10
162.3518416603137
 20
83.83324279473086
 10
162.23506300051474
 20
83.80081350201154
 10
162.11827213368454
 20
83.76835979522971
 10
160.8900878278401
 20
85.98406293524799
 10
160.76539306640626
 20
86.1509521484375
 10
160.7114990234375
 20
86.2278076171875
 10
160.64866943359374
 20
86.3196044921875
 10
160.57728271484376
 20
86.4267333984375
 10
160.5155517578125
 20
86.5259765625
 10
160.4531494140625
 20
86.6295654296875
 10
160.39075927734376
 20
86.7353515625
 10
160.3301025390625
 20
86.8410888671875
 10
160.26944580078126
 20
86.9477783203125
 10
160.2101806640625
 20
87.0547607421875
 10
160.1530029296875
 20
87.16171875
 10
160.09998779296876
 20
87.2686279296875
 10
160.0538818359375
 20
87.3751708984375
 10
160.01815185546874
 20
87.4806396484375
 10
159.99559326171874
 20
87.5841552734375
 10
159.98963623046876
 20
87.6843994140625
 10
160.0020263671875
 20
87.7795166015625
 10
160.03414306640624
 20
87.867333984375
 10
160.08563232421875
 20
87.9449951171875
 10
160.15478515625
 20
88.0101318359375
 10
160.23878173828126
 20
88.0606201171875
 10
160.33453369140625
 20
88.0945556640625
 10
160.43824462890626
 20
88.1105224609375
 10
160.54676513671876
 20
88.1087646484375
 10
160.65733642578124
 20
88.09033203125
 10
160.7678955078125
 20
88.0576416015625
 10
160.87706298828124
 20
88.0138427734375
 10
160.9848388671875
 20
87.962939453125
 10
161.0915771484375
 20
87.9095947265625
 10
161.19794921875
 20
87.8590087890625
 10
161.3046875
 20
87.814306640625
 10
161.41248779296876
 20
87.7785888671875
 10
161.52203369140625
 20
87.753662109375
 10
161.6340087890625
 20
87.7404541015625
 10
161.74808349609376
 20
87.7383056640625
 10
161.86356201171876
 20
87.7457763671875
 10
161.97938232421876
 20
87.7603515625
 10
162.0962646484375
 20
87.78173828125
 10
162.2114013671875
 20
87.8074462890625
 10
162.32203369140626
 20
87.8353271484375
 10
162.44136962890624
 20
87.8699951171875
 10
162.54365234375
 20
87.9010498046875
 10
162.62923583984374
 20
87.9282470703125
 10
162.81501061198
 20
87.99298872127156
  0
LWPOLYLINE
  5
31
330
17
100
AcDbEntity
  8
0
100
AcDbPolyline
 90
340
 70
1
 10
181.59456787109374
 20
82.693359375
 10
181.475537109375
 20
82.6766357421875
 10
181.3565185546875
 20
82.6620849609375
 10
181.23748779296875
 20
82.649560546875
 10
181.11846923828125
 20
82.6389892578125
 10
180.9994384765625
 20
82.63017578125
 10
180.8804443359375
 20
82.6230224609375
 10
180.76141357421875
 20
82.6174072265625
 10
180.6424072265625
 20
82.613134765625
 10
180.5234130859375
 20
82.6100341796875
 10
180.40440673828124
 20
82.6079833984375
 10
180.285400390625
 20
82.6068603515625
 10
180.16640625
 20
82.606494140625
 10
180.04742431640625
 20
82.6067138671875
 10
179.92843017578124
 20
82.607470703125
 10
179.80943603515624
 20
82.60859375
 10
179.6904541015625
 20
82.6100341796875
 10
179.57147216796875
 20
82.6116943359375
 10
179.452490234375
 20
82.6134765625
 10
179.33348388671874
 20
82.6153564453125
 10
179.214501953125
 20
82.6172607421875
 10
179.09552001953125
 20
82.619189453125
 10
178.97655029296874
 20
82.621044921875
 10
178.85758056640626
 20
82.622900390625
 10
178.73861083984374
 20
82.6246826171875
 10
178.61961669921874
 20
82.626416015625
 10
178.500634765625
 20
82.628125
 10
178.3816650390625
 20
82.6297607421875
 10
178.26268310546874
 20
82.63134765625
 10
178.143701171875
 20
82.632958984375
 10
178.0247314453125
 20
82.6345458984375
 10
177.90577392578126
 20
82.636181640625
 10
177.78680419921875
 20
82.6378662109375
 10
177.6678466796875
 20
82.6396240234375
 10
177.54888916015625
 20
82.641455078125
 10
177.429931640625
 20
82.6434326171875
 10
177.31097412109375
 20
82.645556640625
 10
177.1920166015625
 20
82.6478759765625
 10
177.07305908203125
 20
82.6503662109375
 10
176.95411376953126
 20
82.653125
 10
176.83516845703124
 20
82.6561279296875
 10
176.7162109375
 20
82.659423828125
 10
176.597265625
 20
82.663037109375
 10
176.4783203125
 20
82.6669677734375
 10
176.35936279296874
 20
82.6712646484375
 10
176.24041748046875
 20
82.675927734375
 10
176.12147216796876
 20
82.6809814453125
 10
176.00252685546874
 20
82.68642578125
 10
175.88358154296876
 20
82.6922607421875
 10
175.76463623046874
 20
82.698486328125
 10
175.645703125
 20
82.7050537109375
 10
175.52677001953126
 20
82.7120361328125
 10
175.4078369140625
 20
82.7193115234375
 10
175.28890380859374
 20
82.7269287109375
 10
175.1699951171875
 20
82.7348388671875
 10
175.0510986328125
 20
82.743017578125
 10
174.93221435546874
 20
82.751416015625
 10
174.8133544921875
 20
82.7600830078125
 10
174.6945556640625
 20
82.7689697265625
 10
174.57584228515626
 20
82.77802734375
 10
174.4572509765625
 20
82.7872802734375
 10
174.338818359375
 20
82.79677734375
 10
174.22061767578126
 20
82.806494140625
 10
174.1027099609375
 20
82.8165283203125
 10
173.98519287109374
 20
82.826904296875
 10
173.868212890625
 20
82.8377197265625
 10
173.7519287109375
 20
82.84912109375
 10
173.6364990234375
 20
82.8612060546875
 10
173.52213134765626
 20
82.8741455078125
 10
173.40906982421876
 20
82.8881591796875
 10
173.29761962890626
 20
82.9033935546875
 10
173.188037109375
 20
82.9200927734375
 10
173.08067626953124
 20
82.9385009765625
 10
172.97591552734374
 20
82.95888671875
 10
172.8741455078125
 20
82.9814208984375
 10
172.77579345703126
 20
83.0064697265625
 10
172.68128662109376
 20
83.034228515625
 10
172.59107666015626
 20
83.0649169921875
 10
172.5056396484375
 20
83.0988037109375
 10
172.4253662109375
 20
83.1361083984375
 10
172.350732421875
 20
83.177001953125
 10
172.28211669921876
 20
83.2216064453125
 10
172.21993408203124
 20
83.2700927734375
 10
172.16448974609375
 20
83.3224853515625
 10
172.11607666015624
 20
83.378857421875
 10
172.074951171875
 20
83.43916015625
 10
172.0412353515625
 20
83.5034423828125
 10
172.01507568359375
 20
83.57158203125
 10
171.99649658203126
 20
83.64345703125
 10
171.98548583984376
 20
83.7189453125
 10
171.9819091796875
 20
83.7978271484375
 10
171.98560791015626
 20
83.87998046875
 10
171.99639892578125
 20
83.9651123046875
 10
172.0139404296875
 20
84.0530517578125
 10
172.037939453125
 20
84.1434814453125
 10
172.0679931640625
 20
84.23623046875
 10
172.1036865234375
 20
84.3309814453125
 10
172.1446533203125
 20
84.427587890625
 10
172.1904052734375
 20
84.525732421875
 10
172.24051513671876
 20
84.6252197265625
 10
172.29456787109376
 20
84.7258544921875
 10
172.3521240234375
 20
84.8274169921875
 10
172.41278076171875
 20
84.9297119140625
 10
172.47618408203124
 20
85.03251953125
 10
172.54200439453126
 20
85.1357666015625
 10
172.6099609375
 20
85.2391845703125
 10
172.67974853515625
 20
85.3426513671875
 10
172.751220703125
 20
85.4460205078125
 10
172.824169921875
 20
85.5490966796875
 10
172.89844970703126
 20
85.651708984375
 10
172.9739990234375
 20
85.7536865234375
 10
173.0507568359375
 20
85.854833984375
 10
173.1286865234375
 20
85.9549560546875
 10
173.2077880859375
 20
86.0538330078125
 10
173.2881103515625
 20
86.1512451171875
 10
173.3696533203125
 20
86.246923828125
 10
173.452490234375
 20
86.3406494140625
 10
173.5366943359375
 20
86.43212890625
 10
173.62232666015626
 20
86.5211669921875
 10
173.70948486328126
 20
86.607470703125
 10
173.79818115234374
 20
86.6907958984375
 10
173.8885009765625
 20
86.7709228515625
 10
173.9804931640625
 20
86.84755859375
 10
174.0741943359375
 20
86.92060546875
 10
174.16959228515626
 20
86.98984375
 10
174.266748046875
 20
87.0551025390625
 10
174.36561279296876
 20
87.11630859375
 10
174.4662109375
 20
87.1733642578125
 10
174.56846923828124
 20
87.2262451171875
 10
174.67237548828126
 20
87.2749755859375
 10
174.77784423828126
 20
87.3196044921875
 10
174.884814453125
 20
87.360205078125
 10
174.99320068359376
 20
87.396923828125
 10
175.10289306640624
 20
87.4298583984375
 10
175.21383056640624
 20
87.4592041015625
 10
175.3259033203125
 20
87.48515625
 10
175.4389892578125
 20
87.5079345703125
 10
175.552978515625
 20
87.52783203125
 10
175.6677978515625
 20
87.54501953125
 10
175.78333740234376
 20
87.559765625
 10
175.89949951171874
 20
87.572314453125
 10
176.01619873046874
 20
87.5828857421875
 10
176.13336181640625
 20
87.5917236328125
 10
176.25091552734375
 20
87.5990478515625
 10
176.36878662109376
 20
87.6050537109375
 10
176.4869140625
 20
87.6099365234375
 10
176.60526123046876
 20
87.613818359375
 10
176.7237548828125
 20
87.616845703125
 10
176.8423828125
 20
87.619189453125
 10
176.9611083984375
 20
87.6209228515625
 10
177.0799072265625
 20
87.622119140625
 10
177.198779296875
 20
87.622900390625
 10
177.31766357421876
 20
87.6233154296875
 10
177.43658447265625
 20
87.6234130859375
 10
177.55552978515624
 20
87.6232177734375
 10
177.6744873046875
 20
87.6227783203125
 10
177.79344482421874
 20
87.6220947265625
 10
177.91241455078125
 20
87.62119140625
 10
178.03138427734376
 20
87.620068359375
 10
178.15035400390624
 20
87.6187255859375
 10
178.26932373046876
 20
87.6172119140625
 10
178.38829345703124
 20
87.6154052734375
 10
178.50726318359375
 20
87.6134033203125
 10
178.626220703125
 20
87.6111572265625
 10
178.74520263671874
 20
87.6086669921875
 10
178.86419677734375
 20
87.605908203125
 10
178.98316650390626
 20
87.602880859375
 10
179.10213623046874
 20
87.599609375
 10
179.2211181640625
 20
87.5960693359375
 10
179.34010009765626
 20
87.592236328125
 10
179.45906982421874
 20
87.5881591796875
 10
179.57806396484375
 20
87.5838134765625
 10
179.6970458984375
 20
87.5792236328125
 10
179.81602783203124
 20
87.5744384765625
 10
179.93502197265624
 20
87.56943359375
 10
180.05401611328125
 20
87.5642822265625
 10
180.172998046875
 20
87.558984375
 10
180.29197998046874
 20
87.5535888671875
 10
180.41097412109374
 20
87.54814453125
 10
180.5299560546875
 20
87.54267578125
 10
180.64896240234376
 20
87.5372314453125
 10
180.76795654296876
 20
87.5318603515625
 10
180.88695068359374
 20
87.5265869140625
 10
181.00594482421874
 20
87.5214111328125
 10
181.12496337890624
 20
87.51640625
 10
181.2439453125
 20
87.511572265625
 10
181.36295166015626
 20
87.5070068359375
 10
181.48197021484376
 20
87.5026611328125
 10
181.60096435546876
 20
87.4985595703125
 10
181.719970703125
 20
87.4947021484375
 10
181.8389892578125
 20
87.49111328125
 10
181.9579833984375
 20
87.48779296875
 10
182.07698974609374
 20
87.484716796875
 10
182.1960205078125
 20
87.481884765625
 10
182.3150390625
 20
87.4792236328125
 10
182.43404541015624
 20
87.47685546875
 10
182.553076171875
 20
87.4746337890625
 10
182.6720947265625
 20
87.4725830078125
 10
182.79112548828124
 20
87.4706787109375
 10
182.91014404296874
 20
87.4689208984375
 10
183.02916259765624
 20
87.4672607421875
 10
183.148193359375
 20
87.4656982421875
 10
183.2672119140625
 20
87.4642333984375
 10
183.38624267578126
 20
87.4628173828125
 10
183.5052734375
 20
87.4614501953125
 10
183.62430419921876
 20
87.460107421875
 10
183.74334716796875
 20
87.4588134765625
 10
183.8623779296875
 20
87.4574951171875
 10
183.9814208984375
 20
87.456201171875
 10
184.1004638671875
 20
87.4549072265625
 10
184.2195068359375
 20
87.453564453125
 10
184.3385498046875
 20
87.452197265625
 10
184.45758056640625
 20
87.45078125
 10
184.576611328125
 20
87.44931640625
 10
184.69566650390624
 20
87.4477783203125
 10
184.814697265625
 20
87.446142578125
 10
184.9337646484375
 20
87.4444091796875
 10
185.05279541015625
 20
87.4425537109375
 10
185.17186279296874
 20
87.440576171875
 10
185.29093017578126
 20
87.4384521484375
 10
185.4099609375
 20
87.4362060546875
 10
185.5290283203125
 20
87.4337646484375
 10
185.6480712890625
 20
87.4311767578125
 10
185.76712646484376
 20
87.42841796875
 10
185.88616943359375
 20
87.4255126953125
 10
186.0052490234375
 20
87.4224365234375
 10
186.12430419921876
 20
87.4193115234375
 10
186.24337158203124
 20
87.416015625
 10
186.36243896484376
 20
87.412646484375
 10
186.48148193359376
 20
87.409228515625
 10
186.6005615234375
 20
87.4057861328125
 10
186.71961669921876
 20
87.4023193359375
 10
186.83865966796876
 20
87.398876953125
 10
186.95767822265626
 20
87.3954833984375
 10
187.0766845703125
 20
87.392138671875
 10
187.19561767578125
 20
87.3888427734375
 10
187.31444091796874
 20
87.3855712890625
 10
187.4331298828125
 20
87.3822998046875
 10
187.55159912109374
 20
87.37900390625
 10
187.66978759765624
 20
87.3756103515625
 10
187.7875732421875
 20
87.37197265625
 10
187.9048583984375
 20
87.368017578125
 10
188.02142333984375
 20
87.3635986328125
 10
188.137109375
 20
87.3585693359375
 10
188.25164794921875
 20
87.3527587890625
 10
188.364794921875
 20
87.3459228515625
 10
188.47620849609376
 20
87.3378662109375
 10
188.58553466796874
 20
87.3283935546875
 10
188.69234619140624
 20
87.31728515625
 10
188.79622802734374
 20
87.3042724609375
 10
188.8966796875
 20
87.2891845703125
 10
188.993212890625
 20
87.27177734375
 10
189.08529052734374
 20
87.251904296875
 10
189.172314453125
 20
87.22939453125
 10
189.253759765625
 20
87.2041259765625
 10
189.329052734375
 20
87.1759521484375
 10
189.397607421875
 20
87.144873046875
 10
189.45892333984375
 20
87.1108154296875
 10
189.5124755859375
 20
87.0738525390625
 10
189.5578369140625
 20
87.033984375
 10
189.59459228515624
 20
86.9913330078125
 10
189.6224365234375
 20
86.9459716796875
 10
189.64112548828126
 20
86.8981201171875
 10
189.6504638671875
 20
86.8479248046875
 10
189.65040283203126
 20
86.7955810546875
 10
189.64093017578125
 20
86.7413330078125
 10
189.6220947265625
 20
86.6853271484375
 10
189.59412841796876
 20
86.6278564453125
 10
189.5572265625
 20
86.5691162109375
 10
189.51173095703126
 20
86.509326171875
 10
189.45804443359376
 20
86.4487060546875
 10
189.39661865234376
 20
86.38740234375
 10
189.3279296875
 20
86.325634765625
 10
189.25252685546874
 20
86.2635009765625
 10
189.17098388671874
 20
86.201171875
 10
189.08382568359374
 20
86.138720703125
 10
188.99166259765624
 20
86.07626953125
 10
188.8950439453125
 20
86.0138671875
 10
188.79449462890625
 20
85.9515625
 10
188.69053955078124
 20
85.889404296875
 10
188.5836669921875
 20
85.82744140625
 10
188.4743408203125
 20
85.765625
 10
188.362939453125
 20
85.7039794921875
 10
188.249853515625
 20
85.642529296875
 10
188.1354248046875
 20
85.5812744140625
 10
188.0199462890625
 20
85.5201904296875
 10
187.903662109375
 20
85.45927734375
 10
187.78677978515626
 20
85.39853515625
 10
187.6695068359375
 20
85.3379150390625
 10
187.55198974609374
 20
85.2774658203125
 10
187.4343505859375
 20
85.2171630859375
 10
187.31668701171876
 20
85.1570068359375
 10
187.19910888671876
 20
85.097021484375
 10
187.08167724609376
 20
85.03720703125
 10
186.96441650390625
 20
84.9775390625
 10
186.84739990234374
 20
84.91806640625
 10
186.73062744140626
 20
84.858740234375
 10
186.6141357421875
 20
84.799560546875
 10
186.49793701171876
 20
84.7405517578125
 10
186.38201904296875
 20
84.6816650390625
 10
186.26636962890626
 20
84.62294921875
 10
186.15098876953124
 20
84.5643310546875
 10
186.03587646484374
 20
84.5058349609375
 10
185.92095947265625
 20
84.447412109375
 10
185.80623779296874
 20
84.389111328125
 10
185.69166259765626
 20
84.330908203125
 10
185.577197265625
 20
84.2727294921875
 10
185.4628173828125
 20
84.2146240234375
 10
185.34844970703125
 20
84.1566162109375
 10
185.2340576171875
 20
84.098681640625
 10
185.1196044921875
 20
84.0408203125
 10
185.0050537109375
 20
83.983056640625
 10
184.89034423828124
 20
83.925390625
 10
184.775439453125
 20
83.8678955078125
 10
184.66033935546875
 20
83.8105712890625
 10
184.54498291015625
 20
83.753515625
 10
184.4293701171875
 20
83.6967529296875
 10
184.3134765625
 20
83.6403564453125
 10
184.1972900390625
 20
83.5843994140625
 10
184.0808349609375
 20
83.5290283203125
 10
183.9640869140625
 20
83.4742431640625
 10
183.84705810546876
 20
83.42021484375
 10
183.7297607421875
 20
83.367041015625
 10
183.6122314453125
 20
83.31484375
 10
183.4944580078125
 20
83.2637451171875
 10
183.3764892578125
 20
83.213916015625
 10
183.2583251953125
 20
83.1654052734375
 10
183.13997802734374
 20
83.1184326171875
 10
183.02149658203126
 20
83.0731201171875
 10
182.90289306640625
 20
83.0295654296875
 10
182.7841796875
 20
82.9879150390625
 10
182.6654052734375
 20
82.9482177734375
 10
182.546533203125
 20
82.910693359375
 10
182.42762451171876
 20
82.875341796875
 10
182.3086669921875
 20
82.8422607421875
 10
182.18968505859374
 20
82.8115478515625
 10
182.07069091796876
 20
82.783154296875
 10
181.95167236328126
 20
82.757177734375
 10
181.8326416015625
 20
82.733544921875
 10
181.71361083984374
 20
82.7123046875
  0
LWPOLYLINE
  5
32
330
17
100
AcDbEntity
  8
0
100
AcDbPolyline
 90
337
 70
1
 10
214.443408203125
 20
81.899951171875
 10
214.3837646484375
 20
81.8558837890625
 10
214.317626953125
 20
81.8159423828125
 10
214.2453369140625
 20
81.780029296875
 10
214.16728515625
 20
81.74794921875
 10
214.0837890625
 20
81.719482421875
 10
213.9953857421875
 20
81.6944580078125
 10
213.9024658203125
 20
81.6725830078125
 10
213.80546875
 20
81.65361328125
 10
213.704833984375
 20
81.6373291015625
 10
213.6010009765625
 20
81.6234130859375
 10
213.4943603515625
 20
81.611669921875
 10
213.3852783203125
 20
81.6018310546875
 10
213.2741455078125
 20
81.59365234375
 10
213.1612548828125
 20
81.5869873046875
 10
213.0469482421875
 20
81.5816162109375
 10
212.9314453125
 20
81.577392578125
 10
212.814990234375
 20
81.574169921875
 10
212.69775390625
 20
81.5718505859375
 10
212.57998046875
 20
81.5702880859375
 10
212.4617431640625
 20
81.56943359375
 10
212.3431396484375
 20
81.56923828125
 10
212.2242919921875
 20
81.5696044921875
 10
212.1052734375
 20
81.5705810546875
 10
211.9861083984375
 20
81.572021484375
 10
211.86689453125
 20
81.573974609375
 10
211.747607421875
 20
81.576416015625
 10
211.628271484375
 20
81.5792724609375
 10
211.5089111328125
 20
81.58251953125
 10
211.3895751953125
 20
81.5861572265625
 10
211.27021484375
 20
81.5900634765625
 10
211.1508544921875
 20
81.5942626953125
 10
211.0315185546875
 20
81.5987060546875
 10
210.9121826171875
 20
81.6032958984375
 10
210.792822265625
 20
81.608056640625
 10
210.673486328125
 20
81.612841796875
 10
210.5541259765625
 20
81.61767578125
 10
210.4347900390625
 20
81.6224609375
 10
210.3154541015625
 20
81.6271728515625
 10
210.1961181640625
 20
81.6317626953125
 10
210.0767822265625
 20
81.6362060546875
 10
209.9574462890625
 20
81.640478515625
 10
209.8381103515625
 20
81.6445068359375
 10
209.7187744140625
 20
81.64833984375
 10
209.5994384765625
 20
81.651904296875
 10
209.480078125
 20
81.6552490234375
 10
209.3607666015625
 20
81.6583251953125
 10
209.2414306640625
 20
81.6612060546875
 10
209.122119140625
 20
81.6638427734375
 10
209.0028076171875
 20
81.66630859375
 10
208.88349609375
 20
81.6685302734375
 10
208.7641357421875
 20
81.6706298828125
 10
208.64482421875
 20
81.67255859375
 10
208.5255126953125
 20
81.674365234375
 10
208.406201171875
 20
81.67607421875
 10
208.286865234375
 20
81.6776611328125
 10
208.167529296875
 20
81.679150390625
 10
208.0482177734375
 20
81.680615234375
 10
207.9288818359375
 20
81.6820556640625
 10
207.8095947265625
 20
81.683447265625
 10
207.6902587890625
 20
81.6848388671875
 10
207.570947265625
 20
81.6862548828125
 10
207.4516357421875
 20
81.6877197265625
 10
207.3323486328125
 20
81.6892822265625
 10
207.213037109375
 20
81.69091796875
 10
207.093701171875
 20
81.6927490234375
 10
206.9743896484375
 20
81.694775390625
 10
206.8551025390625
 20
81.6970458984375
 10
206.7358154296875
 20
81.6996826171875
 10
206.61650390625
 20
81.702734375
 10
206.4971923828125
 20
81.706298828125
 10
206.3779052734375
 20
81.710498046875
 10
206.2586181640625
 20
81.715478515625
 10
206.139306640625
 20
81.7212890625
 10
206.02001953125
 20
81.728125
 10
205.900732421875
 20
81.7361328125
 10
205.7814453125
 20
81.745458984375
 10
205.6621826171875
 20
81.7562255859375
 10
205.5428955078125
 20
81.7686279296875
 10
205.4236328125
 20
81.7828369140625
 10
205.3043701171875
 20
81.7989501953125
 10
205.1850830078125
 20
81.8171630859375
 10
205.0658447265625
 20
81.8375732421875
 10
204.94658203125
 20
81.860302734375
 10
204.8273193359375
 20
81.88544921875
 10
204.7080810546875
 20
81.9130859375
 10
204.5888427734375
 20
81.9432861328125
 10
204.46959228515624
 20
81.9760986328125
 10
204.3503662109375
 20
82.0114501953125
 10
204.2311279296875
 20
82.0494384765625
 10
204.1119384765625
 20
82.0899169921875
 10
203.99271240234376
 20
82.1328857421875
 10
203.873486328125
 20
82.17822265625
 10
203.75428466796876
 20
82.22587890625
 10
203.63509521484374
 20
82.2757080078125
 10
203.51588134765626
 20
82.3276123046875
 10
203.39671630859374
 20
82.3814208984375
 10
203.27755126953124
 20
82.43701171875
 10
203.15841064453124
 20
82.49423828125
 10
203.039306640625
 20
82.5529541015625
 10
202.92025146484374
 20
82.6130126953125
 10
202.801220703125
 20
82.6742919921875
 10
202.68226318359376
 20
82.7366455078125
 10
202.56336669921876
 20
82.799951171875
 10
202.44456787109374
 20
82.864111328125
 10
202.32586669921875
 20
82.929052734375
 10
202.20731201171876
 20
82.9946533203125
 10
202.0888916015625
 20
83.06083984375
 10
201.9706787109375
 20
83.1275146484375
 10
201.85264892578124
 20
83.1946533203125
 10
201.73482666015624
 20
83.2621826171875
 10
201.617236328125
 20
83.3300048828125
 10
201.49991455078126
 20
83.39814453125
 10
201.3828369140625
 20
83.4665283203125
 10
201.26605224609375
 20
83.5350830078125
 10
201.149560546875
 20
83.60380859375
 10
201.033349609375
 20
83.6726318359375
 10
200.917431640625
 20
83.741552734375
 10
200.80179443359376
 20
83.810498046875
 10
200.68643798828126
 20
83.8794189453125
 10
200.57132568359376
 20
83.94833984375
 10
200.4564453125
 20
84.0171630859375
 10
200.3417724609375
 20
84.0858642578125
 10
200.2272705078125
 20
84.1544677734375
 10
200.1129150390625
 20
84.2229248046875
 10
199.99869384765626
 20
84.2912353515625
 10
199.88458251953125
 20
84.3593505859375
 10
199.77056884765625
 20
84.4273193359375
 10
199.656640625
 20
84.4951171875
 10
199.542822265625
 20
84.56279296875
 10
199.429150390625
 20
84.63037109375
 10
199.3156982421875
 20
84.6978759765625
 10
199.20252685546876
 20
84.7653564453125
 10
199.08975830078126
 20
84.83291015625
 10
198.97752685546874
 20
84.900537109375
 10
198.866015625
 20
84.968310546875
 10
198.75546875
 20
85.0363525390625
 10
198.64609375
 20
85.104638671875
 10
198.53824462890626
 20
85.1732666015625
 10
198.43221435546874
 20
85.242236328125
 10
198.32838134765626
 20
85.31162109375
 10
198.227197265625
 20
85.3814208984375
 10
198.12908935546875
 20
85.451611328125
 10
198.0345458984375
 20
85.5221435546875
 10
197.94407958984374
 20
85.59296875
 10
197.85819091796876
 20
85.66396484375
 10
197.777392578125
 20
85.735009765625
 10
197.70225830078124
 20
85.80595703125
 10
197.63328857421874
 20
85.876611328125
 10
197.57098388671875
 20
85.9467529296875
 10
197.51583251953124
 20
86.01611328125
 10
197.46827392578126
 20
86.0844970703125
 10
197.428662109375
 20
86.1515380859375
 10
197.39735107421876
 20
86.2169677734375
 10
197.374658203125
 20
86.2805419921875
 10
197.36075439453126
 20
86.34189453125
 10
197.35577392578125
 20
86.400732421875
 10
197.35977783203126
 20
86.4568603515625
 10
197.37274169921875
 20
86.5099365234375
 10
197.394580078125
 20
86.5598388671875
 10
197.4250732421875
 20
86.6063232421875
 10
197.46402587890626
 20
86.649267578125
 10
197.51112060546876
 20
86.6885986328125
 10
197.56600341796874
 20
86.724267578125
 10
197.62823486328125
 20
86.7562255859375
 10
197.69737548828124
 20
86.7845458984375
 10
197.77293701171874
 20
86.8093017578125
 10
197.85443115234375
 20
86.8306396484375
 10
197.94129638671876
 20
86.8487060546875
 10
198.033056640625
 20
86.8636962890625
 10
198.129150390625
 20
86.87587890625
 10
198.22911376953124
 20
86.8854248046875
 10
198.33245849609375
 20
86.8926513671875
 10
198.438720703125
 20
86.8977783203125
 10
198.54749755859376
 20
86.901123046875
 10
198.6583740234375
 20
86.902880859375
 10
198.7710693359375
 20
86.9032958984375
 10
198.885205078125
 20
86.902685546875
 10
199.0005615234375
 20
86.9011962890625
 10
199.116845703125
 20
86.8990478515625
 10
199.23392333984376
 20
86.8964111328125
 10
199.35157470703126
 20
86.89345703125
 10
199.46968994140624
 20
86.8903076171875
 10
199.58812255859374
 20
86.887060546875
 10
199.70682373046876
 20
86.883837890625
 10
199.82569580078126
 20
86.8806640625
 10
199.94468994140624
 20
86.87763671875
 10
200.06378173828125
 20
86.8747314453125
 10
200.18294677734374
 20
86.87197265625
 10
200.30211181640624
 20
86.8694091796875
 10
200.421337890625
 20
86.8670166015625
 10
200.54056396484376
 20
86.8647705078125
 10
200.6597900390625
 20
86.8626708984375
 10
200.77904052734374
 20
86.860693359375
 10
200.8982666015625
 20
86.8588134765625
 10
201.0175048828125
 20
86.856982421875
 10
201.1367431640625
 20
86.855224609375
 10
201.2559814453125
 20
86.85341796875
 10
201.3752197265625
 20
86.851611328125
 10
201.4944580078125
 20
86.84970703125
 10
201.6136962890625
 20
86.847705078125
 10
201.7329345703125
 20
86.845556640625
 10
201.8521728515625
 20
86.843212890625
 10
201.971435546875
 20
86.8406005859375
 10
202.09066162109374
 20
86.837744140625
 10
202.20992431640624
 20
86.8345947265625
 10
202.32916259765625
 20
86.8310546875
 10
202.44842529296875
 20
86.8271484375
 10
202.56768798828125
 20
86.822802734375
 10
202.6869140625
 20
86.8180419921875
 10
202.8061767578125
 20
86.81279296875
 10
202.9254150390625
 20
86.8070556640625
 10
203.044677734375
 20
86.8008544921875
 10
203.163916015625
 20
86.794140625
 10
203.2831787109375
 20
86.7869384765625
 10
203.40245361328124
 20
86.7793212890625
 10
203.52169189453124
 20
86.771240234375
 10
203.64095458984374
 20
86.76279296875
 10
203.760205078125
 20
86.754052734375
 10
203.8794677734375
 20
86.74501953125
 10
203.99874267578124
 20
86.7357421875
 10
204.1179931640625
 20
86.7263427734375
 10
204.23726806640624
 20
86.7168701171875
 10
204.3565185546875
 20
86.7073974609375
 10
204.47579345703124
 20
86.6979736328125
 10
204.59505615234374
 20
86.6887451171875
 10
204.71431884765624
 20
86.6796875
 10
204.8336181640625
 20
86.6709228515625
 10
204.952880859375
 20
86.6624755859375
 10
205.0721435546875
 20
86.6544189453125
 10
205.1914306640625
 20
86.64677734375
 10
205.310693359375
 20
86.639599609375
 10
205.42998046875
 20
86.6328857421875
 10
205.549267578125
 20
86.62666015625
 10
205.6685791015625
 20
86.6209228515625
 10
205.787841796875
 20
86.6156494140625
 10
205.90712890625
 20
86.61083984375
 10
206.026416015625
 20
86.6064453125
 10
206.145703125
 20
86.6024658203125
 10
206.264990234375
 20
86.5988525390625
 10
206.38427734375
 20
86.5955322265625
 10
206.5035888671875
 20
86.59248046875
 10
206.622900390625
 20
86.5896728515625
 10
206.7421875
 20
86.5870361328125
 10
206.861474609375
 20
86.5844970703125
 10
206.9807861328125
 20
86.5820556640625
 10
207.1000732421875
 20
86.579638671875
 10
207.219384765625
 20
86.577197265625
 10
207.3386962890625
 20
86.5746337890625
 10
207.4579833984375
 20
86.5719970703125
 10
207.5773193359375
 20
86.5692138671875
 10
207.696630859375
 20
86.5662353515625
 10
207.81591796875
 20
86.563037109375
 10
207.93525390625
 20
86.5596435546875
 10
208.0545654296875
 20
86.55595703125
 10
208.1739013671875
 20
86.55205078125
 10
208.2932373046875
 20
86.547802734375
 10
208.4125244140625
 20
86.5433349609375
 10
208.5318359375
 20
86.5385498046875
 10
208.6511474609375
 20
86.5335205078125
 10
208.770458984375
 20
86.52822265625
 10
208.889794921875
 20
86.52265625
 10
209.0091064453125
 20
86.5168701171875
 10
209.12841796875
 20
86.51083984375
 10
209.2477294921875
 20
86.5046142578125
 10
209.3670166015625
 20
86.49814453125
 10
209.4863037109375
 20
86.491455078125
 10
209.6055908203125
 20
86.4844970703125
 10
209.7247802734375
 20
86.477294921875
 10
209.8439453125
 20
86.4697998046875
 10
209.9630126953125
 20
86.461962890625
 10
210.081982421875
 20
86.4536376953125
 10
210.2008056640625
 20
86.44482421875
 10
210.31943359375
 20
86.4353759765625
 10
210.4378173828125
 20
86.4251220703125
 10
210.555908203125
 20
86.41396484375
 10
210.673583984375
 20
86.4016845703125
 10
210.790869140625
 20
86.3880615234375
 10
210.907568359375
 20
86.37294921875
 10
211.0236328125
 20
86.3560791015625
 10
211.1389404296875
 20
86.3371826171875
 10
211.2533935546875
 20
86.316064453125
 10
211.3668701171875
 20
86.292431640625
 10
211.479248046875
 20
86.266064453125
 10
211.5903564453125
 20
86.2366943359375
 10
211.7001220703125
 20
86.2041259765625
 10
211.808447265625
 20
86.16806640625
 10
211.9151123046875
 20
86.12841796875
 10
212.0200439453125
 20
86.085009765625
 10
212.1231689453125
 20
86.0376708984375
 10
212.2243896484375
 20
85.986376953125
 10
212.3236083984375
 20
85.9310302734375
 10
212.420751953125
 20
85.8716552734375
 10
212.5158203125
 20
85.8082275390625
 10
212.608740234375
 20
85.740869140625
 10
212.69951171875
 20
85.6696044921875
 10
212.7881591796875
 20
85.5946044921875
 10
212.8746826171875
 20
85.516064453125
 10
212.9591552734375
 20
85.434130859375
 10
213.041650390625
 20
85.3490478515625
 10
213.1221923828125
 20
85.2610107421875
 10
213.200927734375
 20
85.1702880859375
 10
213.2779052734375
 20
85.0771240234375
 10
213.353271484375
 20
84.9817626953125
 10
213.427099609375
 20
84.88447265625
 10
213.49951171875
 20
84.78544921875
 10
213.5705810546875
 20
84.6849853515625
 10
213.6404052734375
 20
84.5832275390625
 10
213.7090576171875
 20
84.480419921875
 10
213.7765625
 20
84.376806640625
 10
213.84296875
 20
84.2725341796875
 10
213.908251953125
 20
84.1677978515625
 10
213.972412109375
 20
84.0627197265625
 10
214.035302734375
 20
83.9574951171875
 10
214.0968505859375
 20
83.85224609375
 10
214.1569091796875
 20
83.747216796875
 10
214.2152587890625
 20
83.64248046875
 10
214.271630859375
 20
83.5382568359375
 10
214.3258056640625
 20
83.434716796875
 10
214.3773681640625
 20
83.332080078125
 10
214.4260498046875
 20
83.2304931640625
 10
214.4714111328125
 20
83.130224609375
 10
214.5131103515625
 20
83.031494140625
 10
214.550634765625
 20
82.934521484375
 10
214.583642578125
 20
82.8395751953125
 10
214.6116455078125
 20
82.7469482421875
 10
214.634228515625
 20
82.656884765625
 10
214.651025390625
 20
82.5696044921875
 10
214.66162109375
 20
82.48544921875
 10
214.66572265625
 20
82.4046142578125
 10
214.663037109375
 20
82.3273681640625
 10
214.6533447265625
 20
82.25390625
 10
214.6364501953125
 20
82.1843994140625
 10
214.6123291015625
 20
82.118994140625
 10
214.580859375
 20
82.057763671875
 10
214.542138671875
 20
82.0008544921875
 10
214.4962890625
 20
81.9482666015625
  0
LWPOLYLINE
  5
33
330
17
100
AcDbEntity
  8
0
100
AcDbPolyline
 90
245
 70
1
 10
223.827294921875
 20
81.461279296875
 10
223.723828125
 20
81.4156982421875
 10
223.61845703125
 20
81.37431640625
 10
223.5113037109375
 20
81.337060546875
 10
223.402490234375
 20
81.3038330078125
 10
223.2921630859375
 20
81.2744873046875
 10
223.1804443359375
 20
81.248828125
 10
223.0675048828125
 20
81.2266845703125
 10
222.9534423828125
 20
81.2078369140625
 10
222.838427734375
 20
81.19208984375
 10
222.7225830078125
 20
81.1791748046875
 10
222.606005859375
 20
81.168896484375
 10
222.4887939453125
 20
81.160986328125
 10
222.3711181640625
 20
81.155224609375
 10
222.25302734375
 20
81.1513427734375
 10
222.1345947265625
 20
81.149169921875
 10
222.0158935546875
 20
81.148486328125
 10
221.89697265625
 20
81.1490966796875
 10
221.7779052734375
 20
81.1507568359375
 10
221.6587158203125
 20
81.153369140625
 10
221.539404296875
 20
81.1567138671875
 10
221.4200439453125
 20
81.16064453125
 10
221.30068359375
 20
81.1650390625
 10
221.18125
 20
81.1697998046875
 10
221.06181640625
 20
81.1747802734375
 10
220.9423583984375
 20
81.1799560546875
 10
220.82294921875
 20
81.1852294921875
 10
220.7034912109375
 20
81.19052734375
 10
220.5840576171875
 20
81.195849609375
 10
220.464697265625
 20
81.2011474609375
 10
220.3453369140625
 20
81.2064208984375
 10
220.2260498046875
 20
81.21171875
 10
220.106787109375
 20
81.217041015625
 10
219.9876708984375
 20
81.2224365234375
 10
219.868701171875
 20
81.2280517578125
 10
219.74990234375
 20
81.233984375
 10
219.6313232421875
 20
81.24033203125
 10
219.513037109375
 20
81.247314453125
 10
219.3951416015625
 20
81.255029296875
 10
219.2776123046875
 20
81.2637451171875
 10
219.1606201171875
 20
81.2736572265625
 10
219.04423828125
 20
81.2850341796875
 10
218.9285888671875
 20
81.2980712890625
 10
218.8137939453125
 20
81.3130615234375
 10
218.6999755859375
 20
81.330322265625
 10
218.58720703125
 20
81.350048828125
 10
218.4757080078125
 20
81.37255859375
 10
218.3655517578125
 20
81.3980712890625
 10
218.256884765625
 20
81.4268798828125
 10
218.1498779296875
 20
81.4591796875
 10
218.0446044921875
 20
81.495166015625
 10
217.9412841796875
 20
81.5350341796875
 10
217.8399658203125
 20
81.578857421875
 10
217.7407958984375
 20
81.6268310546875
 10
217.643798828125
 20
81.678955078125
 10
217.5491455078125
 20
81.7352294921875
 10
217.456787109375
 20
81.795703125
 10
217.3668701171875
 20
81.8602783203125
 10
217.2793212890625
 20
81.9288330078125
 10
217.1942138671875
 20
82.001318359375
 10
217.1115478515625
 20
82.0775146484375
 10
217.031201171875
 20
82.1572998046875
 10
216.95322265625
 20
82.2403564453125
 10
216.8774658203125
 20
82.3265380859375
 10
216.8038818359375
 20
82.4155517578125
 10
216.732373046875
 20
82.5071533203125
 10
216.6628173828125
 20
82.601123046875
 10
216.5950927734375
 20
82.6971923828125
 10
216.5291015625
 20
82.7950927734375
 10
216.46474609375
 20
82.89462890625
 10
216.4018798828125
 20
82.9955810546875
 10
216.3404052734375
 20
83.0976806640625
 10
216.2802490234375
 20
83.200732421875
 10
216.2213623046875
 20
83.30458984375
 10
216.1636962890625
 20
83.40908203125
 10
216.107177734375
 20
83.51396484375
 10
216.051904296875
 20
83.6192138671875
 10
215.9978759765625
 20
83.7245361328125
 10
215.9451904296875
 20
83.8299072265625
 10
215.8939208984375
 20
83.9350830078125
 10
215.8443115234375
 20
84.03994140625
 10
215.796533203125
 20
84.1443115234375
 10
215.7508544921875
 20
84.248046875
 10
215.70751953125
 20
84.3509033203125
 10
215.6668701171875
 20
84.4527099609375
 10
215.629248046875
 20
84.55322265625
 10
215.59501953125
 20
84.6522216796875
 10
215.5645751953125
 20
84.7493896484375
 10
215.53828125
 20
84.84453125
 10
215.516552734375
 20
84.937353515625
 10
215.499755859375
 20
85.0275146484375
 10
215.4882568359375
 20
85.1148193359375
 10
215.482373046875
 20
85.19892578125
 10
215.482421875
 20
85.2796142578125
 10
215.488671875
 20
85.3565673828125
 10
215.50126953125
 20
85.4296142578125
 10
215.5204345703125
 20
85.4985595703125
 10
215.5462158203125
 20
85.5632568359375
 10
215.578662109375
 20
85.6236083984375
 10
215.6177001953125
 20
85.6795166015625
 10
215.6633056640625
 20
85.7309814453125
 10
215.715283203125
 20
85.77802734375
 10
215.7734619140625
 20
85.820751953125
 10
215.8375244140625
 20
85.8592529296875
 10
215.907275390625
 20
85.8937255859375
 10
215.9822998046875
 20
85.9243408203125
 10
216.0623291015625
 20
85.9513916015625
 10
216.146923828125
 20
85.97509765625
 10
216.2357666015625
 20
85.9957763671875
 10
216.3284423828125
 20
86.0136962890625
 10
216.4245849609375
 20
86.0291259765625
 10
216.523876953125
 20
86.0424560546875
 10
216.6259033203125
 20
86.0538818359375
 10
216.7303955078125
 20
86.063720703125
 10
216.83701171875
 20
86.0721923828125
 10
216.9454833984375
 20
86.0795166015625
 10
217.055615234375
 20
86.0859130859375
 10
217.1671142578125
 20
86.091552734375
 10
217.27978515625
 20
86.09658203125
 10
217.393505859375
 20
86.101123046875
 10
217.5081298828125
 20
86.105224609375
 10
217.6234619140625
 20
86.108984375
 10
217.7394287109375
 20
86.1124267578125
 10
217.85595703125
 20
86.115576171875
 10
217.97294921875
 20
86.11845703125
 10
218.09033203125
 20
86.1210693359375
 10
218.2080810546875
 20
86.123388671875
 10
218.3260986328125
 20
86.1254638671875
 10
218.4443603515625
 20
86.12724609375
 10
218.5628662109375
 20
86.1287353515625
 10
218.6815673828125
 20
86.1299072265625
 10
218.800390625
 20
86.1307861328125
 10
218.9193603515625
 20
86.1313720703125
 10
219.0384033203125
 20
86.1316162109375
 10
219.157568359375
 20
86.1315673828125
 10
219.276806640625
 20
86.1311767578125
 10
219.39609375
 20
86.130517578125
 10
219.5154541015625
 20
86.129541015625
 10
219.634814453125
 20
86.1282470703125
 10
219.7542236328125
 20
86.1266845703125
 10
219.8736572265625
 20
86.124853515625
 10
219.99306640625
 20
86.122705078125
 10
220.112548828125
 20
86.1202880859375
 10
220.231982421875
 20
86.1176025390625
 10
220.3514404296875
 20
86.114599609375
 10
220.4709228515625
 20
86.111328125
 10
220.5903564453125
 20
86.1077880859375
 10
220.7098388671875
 20
86.103955078125
 10
220.829296875
 20
86.099853515625
 10
220.948779296875
 20
86.0954833984375
 10
221.06826171875
 20
86.090869140625
 10
221.1877197265625
 20
86.0860595703125
 10
221.3071533203125
 20
86.0810302734375
 10
221.4266357421875
 20
86.0758544921875
 10
221.5461181640625
 20
86.070556640625
 10
221.665576171875
 20
86.06513671875
 10
221.78505859375
 20
86.05966796875
 10
221.9045654296875
 20
86.0541748046875
 10
222.0239990234375
 20
86.0487060546875
 10
222.14345703125
 20
86.0432861328125
 10
222.2629638671875
 20
86.03798828125
 10
222.3824462890625
 20
86.0328369140625
 10
222.5019287109375
 20
86.02783203125
 10
222.6214111328125
 20
86.0230712890625
 10
222.7408935546875
 20
86.0185302734375
 10
222.8603759765625
 20
86.0142333984375
 10
222.9798583984375
 20
86.01025390625
 10
223.0993408203125
 20
86.006591796875
 10
223.2188232421875
 20
86.0031982421875
 10
223.3383056640625
 20
86.0001220703125
 10
223.457763671875
 20
85.99736328125
 10
223.5771728515625
 20
85.9948486328125
 10
223.6965576171875
 20
85.9926513671875
 10
223.8157958984375
 20
85.990625
 10
223.9349365234375
 20
85.98876953125
 10
224.0538818359375
 20
85.9870361328125
 10
224.1725830078125
 20
85.9853271484375
 10
224.29091796875
 20
85.983544921875
 10
224.4087646484375
 20
85.981591796875
 10
224.5260498046875
 20
85.9793212890625
 10
224.6425537109375
 20
85.9765625
 10
224.758154296875
 20
85.9731201171875
 10
224.87255859375
 20
85.968798828125
 10
224.9855224609375
 20
85.963427734375
 10
225.09677734375
 20
85.956689453125
 10
225.206005859375
 20
85.94833984375
 10
225.312890625
 20
85.9381591796875
 10
225.4170654296875
 20
85.9257568359375
 10
225.518115234375
 20
85.9109130859375
 10
225.6156494140625
 20
85.8933349609375
 10
225.70927734375
 20
85.8727294921875
 10
225.7985107421875
 20
85.8488037109375
 10
225.883056640625
 20
85.821337890625
 10
225.9624267578125
 20
85.7900634765625
 10
226.0362548828125
 20
85.7548095703125
 10
226.1041748046875
 20
85.715380859375
 10
226.165869140625
 20
85.6717041015625
 10
226.221044921875
 20
85.6236572265625
 10
226.2695068359375
 20
85.5712158203125
 10
226.3110595703125
 20
85.51435546875
 10
226.345556640625
 20
85.453125
 10
226.37294921875
 20
85.3876220703125
 10
226.3932373046875
 20
85.318017578125
 10
226.4064208984375
 20
85.2444091796875
 10
226.4127197265625
 20
85.1670654296875
 10
226.41220703125
 20
85.0861572265625
 10
226.4051513671875
 20
85.0019775390625
 10
226.391796875
 20
84.91474609375
 10
226.3724365234375
 20
84.8248046875
 10
226.347509765625
 20
84.732373046875
 10
226.3172607421875
 20
84.6377197265625
 10
226.2821533203125
 20
84.54111328125
 10
226.242626953125
 20
84.442822265625
 10
226.198974609375
 20
84.3430908203125
 10
226.1517333984375
 20
84.242138671875
 10
226.1011962890625
 20
84.140185546875
 10
226.04775390625
 20
84.0374267578125
 10
225.9917724609375
 20
83.934033203125
 10
225.9335693359375
 20
83.8301513671875
 10
225.8734619140625
 20
83.7259765625
 10
225.811669921875
 20
83.6216064453125
 10
225.7484375
 20
83.517236328125
 10
225.683935546875
 20
83.4129638671875
 10
225.618310546875
 20
83.30888671875
 10
225.551611328125
 20
83.2052001953125
 10
225.483984375
 20
83.10205078125
 10
225.4153564453125
 20
82.999560546875
 10
225.3457763671875
 20
82.89794921875
 10
225.275244140625
 20
82.7973388671875
 10
225.2035400390625
 20
82.69794921875
 10
225.13076171875
 20
82.6000244140625
 10
225.056689453125
 20
82.503759765625
 10
224.9812255859375
 20
82.409375
 10
224.904248046875
 20
82.317138671875
 10
224.8256591796875
 20
82.2273193359375
 10
224.745263671875
 20
82.1401611328125
 10
224.66298828125
 20
82.055908203125
 10
224.578759765625
 20
81.974755859375
 10
224.4924560546875
 20
81.89697265625
 10
224.4039794921875
 20
81.8227783203125
 10
224.3133544921875
 20
81.75234375
 10
224.2204833984375
 20
81.6858642578125
 10
224.125439453125
 20
81.6234130859375
 10
224.028173828125
 20
81.56513671875
 10
223.9287841796875
 20
81.511083984375
  0
LWPOLYLINE
  5
34
330
17
100
AcDbEntity
  8
0
100
AcDbPolyline
 90
154
 70
1
 10
145.9479248046875
 20
78.8378173828125
 10
145.9467346191406
 20
78.943798828125
 10
145.82694091796876
 20
79.0510498046875
 10
145.82694091796876
 20
87.7418701171875
 10
145.8790283203125
 20
87.8952392578125
 10
145.90274658203126
 20
87.965576171875
 10
145.93253173828126
 20
88.048779296875
 10
145.9700927734375
 20
88.1438232421875
 10
146.00926513671874
 20
88.227978515625
 10
146.05643310546876
 20
88.310595703125
 10
146.11365966796876
 20
88.386474609375
 10
146.17879638671874
 20
88.4515869140625
 10
146.25045166015624
 20
88.50546875
 10
146.34151611328124
 20
88.5440673828125
 10
146.4248046875
 20
88.5707763671875
 10
146.4986083984375
 20
88.587158203125
 10
146.672900390625
 20
88.5943603515625
 10
154.14749755859376
 20
88.5943603515625
 10
154.33226318359374
 20
88.5775390625
 10
154.4173828125
 20
88.570947265625
 10
154.5191162109375
 20
88.5631591796875
 10
154.63780517578124
 20
88.553564453125
 10
154.7478515625
 20
88.5444091796875
 10
154.8627197265625
 20
88.533349609375
 10
154.9800048828125
 20
88.5200439453125
 10
155.09730224609376
 20
88.5049072265625
 10
155.21563720703125
 20
88.4875732421875
 10
155.33433837890624
 20
88.468408203125
 10
155.45301513671876
 20
88.4483154296875
 10
155.57135009765625
 20
88.4279052734375
 10
155.6889892578125
 20
88.406884765625
 10
155.8052490234375
 20
88.384619140625
 10
155.9190673828125
 20
88.3599365234375
 10
156.02908935546876
 20
88.3312255859375
 10
156.13323974609375
 20
88.2967529296875
 10
156.2287109375
 20
88.2543212890625
 10
156.31343994140624
 20
88.202392578125
 10
156.38465576171876
 20
88.1404296875
 10
156.44027099609374
 20
88.068408203125
 10
156.47857666015625
 20
87.9869873046875
 10
156.49854736328126
 20
87.8973876953125
 10
156.50048828125
 20
87.801513671875
 10
156.48651123046875
 20
87.701123046875
 10
156.4583251953125
 20
87.597802734375
 10
156.4190673828125
 20
87.4927490234375
 10
156.3715087890625
 20
87.386865234375
 10
156.31876220703126
 20
87.280712890625
 10
156.26324462890625
 20
87.1745849609375
 10
156.20703125
 20
87.0684814453125
 10
156.15047607421874
 20
86.962353515625
 10
156.09356689453125
 20
86.8562255859375
 10
156.03597412109374
 20
86.750146484375
 10
155.97701416015624
 20
86.64404296875
 10
155.91595458984375
 20
86.53798828125
 10
155.85281982421876
 20
86.4319580078125
 10
155.78692626953125
 20
86.325927734375
 10
155.71861572265624
 20
86.2199462890625
 10
155.64923095703125
 20
86.1139892578125
 10
155.5795166015625
 20
86.0080078125
 10
155.51083984375
 20
85.902001953125
 10
155.4439208984375
 20
85.7960205078125
 10
155.37906494140626
 20
85.6900146484375
 10
155.31661376953124
 20
85.5839599609375
 10
155.25694580078124
 20
85.4779052734375
 10
155.19901123046876
 20
85.371826171875
 10
155.14212646484376
 20
85.26572265625
 10
155.0852294921875
 20
85.1595947265625
 10
155.0272705078125
 20
85.053515625
 10
154.9676025390625
 20
84.9474853515625
 10
154.9062255859375
 20
84.84140625
 10
154.8420654296875
 20
84.735400390625
 10
154.7754638671875
 20
84.6294189453125
 10
154.7064453125
 20
84.5234619140625
 10
154.6353759765625
 20
84.417529296875
 10
154.5632568359375
 20
84.311572265625
 10
154.49010009765624
 20
84.2056640625
 10
154.4158935546875
 20
84.099755859375
 10
154.34169921875
 20
83.9938232421875
 10
154.2675048828125
 20
83.8879150390625
 10
154.19400634765626
 20
83.7820068359375
 10
154.12083740234374
 20
83.6760986328125
 10
154.0476806640625
 20
83.570166015625
 10
153.97520751953124
 20
83.4642578125
 10
153.9031005859375
 20
83.3583251953125
 10
153.83096923828126
 20
83.252392578125
 10
153.75850830078124
 20
83.1464599609375
 10
153.68502197265624
 20
83.0405517578125
 10
153.61082763671874
 20
82.9346435546875
 10
153.53525390625
 20
82.8290771484375
 10
153.45726318359374
 20
82.7241455078125
 10
153.37685546875
 20
82.620166015625
 10
153.29296875
 20
82.517431640625
 10
153.20528564453124
 20
82.4166259765625
 10
153.11346435546875
 20
82.3186767578125
 10
153.016796875
 20
82.2244140625
 10
152.9156494140625
 20
82.1339599609375
 10
152.81036376953125
 20
82.0472412109375
 10
152.70091552734374
 20
81.9646240234375
 10
152.58836669921874
 20
81.8863525390625
 10
152.47340087890626
 20
81.8117919921875
 10
152.35670166015626
 20
81.739697265625
 10
152.23896484375
 20
81.668896484375
 10
152.12054443359375
 20
81.5993408203125
 10
152.00179443359374
 20
81.531005859375
 10
151.8830322265625
 20
81.46298828125
 10
151.76427001953124
 20
81.394677734375
 10
151.6455078125
 20
81.3263427734375
 10
151.5267578125
 20
81.258642578125
 10
151.4080078125
 20
81.1921630859375
 10
151.2892578125
 20
81.126318359375
 10
151.1705078125
 20
81.060791015625
 10
151.05177001953126
 20
80.996484375
 10
150.9330322265625
 20
80.9334228515625
 10
150.81429443359374
 20
80.87158203125
 10
150.69556884765626
 20
80.810693359375
 10
150.5768310546875
 20
80.7504150390625
 10
150.45810546875
 20
80.6916748046875
 10
150.3393798828125
 20
80.6344482421875
 10
150.22064208984375
 20
80.577587890625
 10
150.1019287109375
 20
80.521044921875
 10
149.983203125
 20
80.4638427734375
 10
149.86448974609374
 20
80.4060302734375
 10
149.74576416015626
 20
80.347607421875
 10
149.62705078125
 20
80.2876220703125
 10
149.5083251953125
 20
80.226123046875
 10
149.3896240234375
 20
80.1642822265625
 10
149.2708984375
 20
80.1021728515625
 10
149.15216064453125
 20
80.040966796875
 10
149.03345947265626
 20
79.980712890625
 10
148.91474609375
 20
79.921337890625
 10
148.79603271484376
 20
79.8632568359375
 10
148.67733154296874
 20
79.8063720703125
 10
148.5586181640625
 20
79.7498046875
 10
148.4399169921875
 20
79.6938720703125
 10
148.3212158203125
 20
79.6376220703125
 10
148.20252685546876
 20
79.5810791015625
 10
148.08382568359374
 20
79.5244873046875
 10
147.96513671875
 20
79.4679443359375
 10
147.84642333984374
 20
79.4116943359375
 10
147.72774658203124
 20
79.3560791015625
 10
147.6090576171875
 20
79.300146484375
 10
147.4903564453125
 20
79.2442138671875
 10
147.37166748046874
 20
79.1885986328125
 10
147.25299072265625
 20
79.132958984375
 10
147.13428955078126
 20
79.0779296875
 10
147.01561279296874
 20
79.0238525390625
 10
146.89727783203125
 20
78.9719482421875
 10
146.77999267578124
 20
78.9246337890625
 10
146.6627197265625
 20
78.8844482421875
 10
146.5478759765625
 20
78.852001953125
 10
146.43787841796876
 20
78.8281494140625
 10
146.3192626953125
 20
78.817333984375
 10
146.2176025390625
 20
78.813232421875
 10
146.1325439453125
 20
78.814599609375
  0
LWPOLYLINE
  5
35
330
17
100
AcDbEntity
  8
0
100
AcDbPolyline
 90
283
 70
1
 10
192.8982421875
 20
76.1041015625
 10
192.81024169921875
 20
76.2703857421875
 10
192.7759521484375
 20
76.346923828125
 10
192.7378662109375
 20
76.4383544921875
 10
192.6959716796875
 20
76.544970703125
 10
192.66414794921874
 20
76.6437744140625
 10
192.6340576171875
 20
76.746875
 10
192.60570068359374
 20
76.8521240234375
 10
192.5791015625
 20
76.957373046875
 10
192.55179443359376
 20
77.0635498046875
 10
192.5238037109375
 20
77.170068359375
 10
192.4951171875
 20
77.2765625
 10
192.46572265625
 20
77.3830810546875
 10
192.43460693359376
 20
77.4895751953125
 10
192.40211181640626
 20
77.5961181640625
 10
192.36820068359376
 20
77.702685546875
 10
192.33292236328126
 20
77.8092529296875
 10
192.29622802734374
 20
77.9158203125
 10
192.2578125
 20
78.0224365234375
 10
192.21732177734376
 20
78.1290771484375
 10
192.17579345703126
 20
78.235693359375
 10
192.133203125
 20
78.3423583984375
 10
192.09061279296876
 20
78.4489990234375
 10
192.04906005859374
 20
78.555615234375
 10
192.00858154296876
 20
78.6622314453125
 10
191.97017822265624
 20
78.768798828125
 10
191.93487548828125
 20
78.875390625
 10
191.9023681640625
 20
78.9819091796875
 10
191.87264404296874
 20
79.088427734375
 10
191.84464111328126
 20
79.1948974609375
 10
191.81734619140624
 20
79.3013916015625
 10
191.7910888671875
 20
79.4078369140625
 10
191.76483154296875
 20
79.514306640625
 10
191.73756103515626
 20
79.6207763671875
 10
191.7095458984375
 20
79.7272705078125
 10
191.68121337890625
 20
79.833740234375
 10
191.65321044921876
 20
79.940234375
 10
191.62626953125
 20
80.046728515625
 10
191.59967041015625
 20
80.1531982421875
 10
191.5740966796875
 20
80.2596435546875
 10
191.5502685546875
 20
80.366064453125
 10
191.52747802734376
 20
80.472509765625
 10
191.5050537109375
 20
80.578955078125
 10
191.48226318359374
 20
80.6853759765625
 10
191.45845947265624
 20
80.791796875
 10
191.43392333984374
 20
80.8982177734375
 10
191.4080078125
 20
81.0046630859375
 10
191.37967529296876
 20
81.1111572265625
 10
191.34923095703124
 20
81.2177001953125
 10
191.31673583984374
 20
81.3241943359375
 10
191.28182373046874
 20
81.4304443359375
 10
191.24376220703124
 20
81.536083984375
 10
191.20150146484374
 20
81.6405517578125
 10
191.1540771484375
 20
81.7428955078125
 10
191.10107421875
 20
81.8418701171875
 10
191.04075927734374
 20
81.935986328125
 10
190.97213134765624
 20
82.0234130859375
 10
190.89478759765626
 20
82.1028564453125
 10
190.80908203125
 20
82.1727783203125
 10
190.7154052734375
 20
82.2322509765625
 10
190.61474609375
 20
82.2812744140625
 10
190.50782470703126
 20
82.3204345703125
 10
190.39638671875
 20
82.3506591796875
 10
190.2818115234375
 20
82.3735107421875
 10
190.1651611328125
 20
82.390185546875
 10
190.0470947265625
 20
82.4025390625
 10
189.92835693359376
 20
82.4120849609375
 10
189.80926513671875
 20
82.4191650390625
 10
189.69014892578124
 20
82.4238037109375
 10
189.57105712890626
 20
82.4265625
 10
189.451953125
 20
82.427783203125
 10
189.33284912109374
 20
82.4277587890625
 10
189.21375732421876
 20
82.426513671875
 10
189.09464111328126
 20
82.4239990234375
 10
188.97552490234375
 20
82.4211669921875
 10
188.8564453125
 20
82.4189697265625
 10
188.73734130859376
 20
82.4173828125
 10
188.61824951171874
 20
82.4164306640625
 10
188.4991455078125
 20
82.4160888671875
 10
188.3800537109375
 20
82.4166748046875
 10
188.2609619140625
 20
82.4185302734375
 10
188.14188232421876
 20
82.4216064453125
 10
188.02279052734374
 20
82.426220703125
 10
187.90406494140626
 20
82.4333251953125
 10
187.78638916015626
 20
82.444091796875
 10
187.67078857421876
 20
82.4601318359375
 10
187.55867919921874
 20
82.48232421875
 10
187.45213623046874
 20
82.5118896484375
 10
187.3539306640625
 20
82.550341796875
 10
187.2675537109375
 20
82.5982666015625
 10
187.19610595703125
 20
82.6556396484375
 10
187.1423828125
 20
82.7215087890625
 10
187.1088134765625
 20
82.7942626953125
 10
187.09744873046876
 20
82.87236328125
 10
187.10899658203124
 20
82.9536376953125
 10
187.14278564453124
 20
83.035302734375
 10
187.1967041015625
 20
83.1155029296875
 10
187.2683349609375
 20
83.192431640625
 10
187.35487060546876
 20
83.265478515625
 10
187.45321044921874
 20
83.3340576171875
 10
187.55987548828125
 20
83.3982666015625
 10
187.6720947265625
 20
83.458349609375
 10
187.78779296875
 20
83.514990234375
 10
187.90556640625
 20
83.568505859375
 10
188.02437744140624
 20
83.620166015625
 10
188.14351806640624
 20
83.6699951171875
 10
188.26231689453124
 20
83.718896484375
 10
188.3804443359375
 20
83.7677734375
 10
188.49752197265624
 20
83.8173095703125
 10
188.61319580078126
 20
83.8680908203125
 10
188.7271484375
 20
83.92099609375
 10
188.83902587890626
 20
83.975830078125
 10
188.9484619140625
 20
84.0334716796875
 10
189.0561767578125
 20
84.0936279296875
 10
189.16285400390626
 20
84.155029296875
 10
189.26917724609376
 20
84.2173583984375
 10
189.37587890625
 20
84.2800048828125
 10
189.4836181640625
 20
84.34169921875
 10
189.59306640625
 20
84.4024658203125
 10
189.70496826171876
 20
84.4610107421875
 10
189.8189453125
 20
84.5174072265625
 10
189.93465576171874
 20
84.572802734375
 10
190.05174560546874
 20
84.6272705078125
 10
190.16988525390624
 20
84.6814453125
 10
190.28870849609376
 20
84.7362060546875
 10
190.40791015625
 20
84.7912841796875
 10
190.52711181640626
 20
84.8476318359375
 10
190.64630126953125
 20
84.9048583984375
 10
190.76549072265624
 20
84.9618408203125
 10
190.88468017578126
 20
85.0181396484375
 10
191.00386962890624
 20
85.0732177734375
 10
191.12305908203126
 20
85.1264404296875
 10
191.2422607421875
 20
85.1781005859375
 10
191.3614501953125
 20
85.227294921875
 10
191.4806396484375
 20
85.2740478515625
 10
191.5998291015625
 20
85.3185791015625
 10
191.7190185546875
 20
85.360986328125
 10
191.83819580078125
 20
85.4011962890625
 10
191.95738525390624
 20
85.43896484375
 10
192.0765625
 20
85.4739013671875
 10
192.1957275390625
 20
85.5067138671875
 10
192.3149169921875
 20
85.537646484375
 10
192.43408203125
 20
85.5667236328125
 10
192.5532470703125
 20
85.5939453125
 10
192.67242431640625
 20
85.619287109375
 10
192.7916015625
 20
85.6434326171875
 10
192.9107666015625
 20
85.6659912109375
 10
193.02994384765626
 20
85.6864013671875
 10
193.14910888671875
 20
85.7036865234375
 10
193.2682861328125
 20
85.7176025390625
 10
193.38746337890626
 20
85.727490234375
 10
193.5066162109375
 20
85.7326904296875
 10
193.6257568359375
 20
85.73203125
 10
193.7448974609375
 20
85.7248779296875
 10
193.86402587890626
 20
85.7102783203125
 10
193.98314208984374
 20
85.6882568359375
 10
194.1022705078125
 20
85.6581787109375
 10
194.22137451171875
 20
85.620361328125
 10
194.34046630859376
 20
85.5748046875
 10
194.45955810546874
 20
85.522119140625
 10
194.5786376953125
 20
85.463525390625
 10
194.6977294921875
 20
85.400927734375
 10
194.81680908203126
 20
85.335205078125
 10
194.9358642578125
 20
85.26796875
 10
195.0549560546875
 20
85.1994873046875
 10
195.1740234375
 20
85.1309814453125
 10
195.29310302734376
 20
85.063427734375
 10
195.41219482421874
 20
84.9965087890625
 10
195.53128662109376
 20
84.929541015625
 10
195.65037841796874
 20
84.861962890625
 10
195.7694580078125
 20
84.7928466796875
 10
195.8885498046875
 20
84.7224853515625
 10
196.00762939453125
 20
84.6499755859375
 10
196.12672119140626
 20
84.574658203125
 10
196.24580078125
 20
84.496875
 10
196.3648681640625
 20
84.4169189453125
 10
196.4839599609375
 20
84.3360107421875
 10
196.60302734375
 20
84.2554443359375
 10
196.72210693359375
 20
84.1754638671875
 10
196.84119873046876
 20
84.0973876953125
 10
196.9602783203125
 20
84.0214111328125
 10
197.07938232421876
 20
83.9479736328125
 10
197.19847412109374
 20
83.877587890625
 10
197.317578125
 20
83.8100341796875
 10
197.4366943359375
 20
83.7449462890625
 10
197.55582275390626
 20
83.6822998046875
 10
197.6749267578125
 20
83.6218505859375
 10
197.79405517578124
 20
83.564501953125
 10
197.91318359375
 20
83.5102294921875
 10
198.03232421875
 20
83.458447265625
 10
198.15146484375
 20
83.4085205078125
 10
198.27060546875
 20
83.3598388671875
 10
198.38973388671874
 20
83.311474609375
 10
198.50853271484374
 20
83.2624755859375
 10
198.62628173828125
 20
83.2107177734375
 10
198.74228515625
 20
83.154931640625
 10
198.85550537109376
 20
83.0939208984375
 10
198.96490478515625
 20
83.02705078125
 10
199.0690673828125
 20
82.9537353515625
 10
199.16629638671876
 20
82.873974609375
 10
199.25516357421876
 20
82.7878173828125
 10
199.3346435546875
 20
82.696142578125
 10
199.4030029296875
 20
82.599658203125
 10
199.45882568359374
 20
82.4998779296875
 10
199.50006103515625
 20
82.3984130859375
 10
199.5249267578125
 20
82.297119140625
 10
199.5321044921875
 20
82.1978515625
 10
199.5205078125
 20
82.1028076171875
 10
199.48946533203124
 20
82.014501953125
 10
199.4396484375
 20
81.935986328125
 10
199.37213134765625
 20
81.8697509765625
 10
199.2893310546875
 20
81.8178955078125
 10
199.19439697265625
 20
81.781982421875
 10
199.0911376953125
 20
81.7629150390625
 10
198.98131103515624
 20
81.7627685546875
 10
198.86978759765626
 20
81.7794189453125
 10
198.76068115234375
 20
81.809326171875
 10
198.64188232421876
 20
81.861962890625
 10
198.5397705078125
 20
81.914404296875
 10
198.45435791015626
 20
81.9642333984375
 10
198.268908726627
 20
82.09376703853282
 10
195.64704582975386
 20
82.1395318256306
 10
195.5290771484375
 20
82.0104248046875
 10
195.4800048828125
 20
81.9479736328125
 10
195.42430419921874
 20
81.871630859375
 10
195.36199951171875
 20
81.7807861328125
 10
195.3114990234375
 20
81.6922607421875
 10
195.2627197265625
 20
81.597216796875
 10
195.2163818359375
 20
81.4978271484375
 10
195.1738525390625
 20
81.396240234375
 10
195.13306884765626
 20
81.292431640625
 10
195.09366455078126
 20
81.1873779296875
 10
195.05634765625
 20
81.0817138671875
 10
195.02042236328126
 20
80.9757080078125
 10
194.985546875
 20
80.869677734375
 10
194.95169677734376
 20
80.7636474609375
 10
194.91854248046874
 20
80.6576171875
 10
194.88609619140624
 20
80.5515625
 10
194.85435791015624
 20
80.4455078125
 10
194.8222412109375
 20
80.339453125
 10
194.78978271484374
 20
80.2333984375
 10
194.7570068359375
 20
80.1273681640625
 10
194.72384033203124
 20
80.0213134765625
 10
194.69034423828126
 20
79.915283203125
 10
194.65650634765626
 20
79.8092529296875
 10
194.62230224609374
 20
79.7032470703125
 10
194.5877685546875
 20
79.597216796875
 10
194.55286865234376
 20
79.4912109375
 10
194.5176513671875
 20
79.385205078125
 10
194.48206787109376
 20
79.2791748046875
 10
194.44615478515624
 20
79.173193359375
 10
194.40987548828124
 20
79.0672119140625
 10
194.37325439453124
 20
78.9612060546875
 10
194.3369873046875
 20
78.8552001953125
 10
194.30106201171876
 20
78.7491943359375
 10
194.26549072265624
 20
78.6431884765625
 10
194.2299072265625
 20
78.537158203125
 10
194.19432373046874
 20
78.4311767578125
 10
194.15875244140625
 20
78.3251708984375
 10
194.1228271484375
 20
78.2191650390625
 10
194.0862060546875
 20
78.11318359375
 10
194.04888916015625
 20
78.007177734375
 10
194.01087646484376
 20
77.901220703125
 10
193.97322998046874
 20
77.7952392578125
 10
193.9362548828125
 20
77.6892578125
 10
193.90032958984375
 20
77.583251953125
 10
193.86650390625
 20
77.47724609375
 10
193.83509521484376
 20
77.37119140625
 10
193.80645751953125
 20
77.2651123046875
 10
193.78062744140624
 20
77.1590087890625
 10
193.75615234375
 20
77.0531982421875
 10
193.73170166015626
 20
76.947998046875
 10
193.7054931640625
 20
76.8440673828125
 10
193.67547607421875
 20
76.742333984375
 10
193.63956298828126
 20
76.644091796875
 10
193.59569091796874
 20
76.5508544921875
 10
193.5427734375
 20
76.464599609375
 10
193.4791015625
 20
76.3864501953125
 10
193.40709228515624
 20
76.3180419921875
 10
193.3298828125
 20
76.2601806640625
 10
193.2346435546875
 20
76.211181640625
 10
193.1484375
 20
76.1739013671875
 10
193.0730224609375
 20
76.146728515625
  0
LWPOLYLINE
  5
36
330
17
100
AcDbEntity
  8
0
100
AcDbPolyline
 90
188
 70
1
 10
240.6668701171875
 20
75.4808349609375
 10
240.480419921875
 20
75.416552734375
 10
240.3945556640625
 20
75.3984619140625
 10
240.2919677734375
 20
75.3836181640625
 10
240.172216796875
 20
75.3742431640625
 10
240.061279296875
 20
75.3837158203125
 10
239.945458984375
 20
75.40439453125
 10
239.827197265625
 20
75.436279296875
 10
239.7089599609375
 20
75.4787353515625
 10
239.5896728515625
 20
75.5292724609375
 10
239.470068359375
 20
75.5860107421875
 10
239.350439453125
 20
75.646484375
 10
239.2308349609375
 20
75.709130859375
 10
239.1112548828125
 20
75.772998046875
 10
238.9916259765625
 20
75.8378173828125
 10
238.8720458984375
 20
75.90322265625
 10
238.7524658203125
 20
75.9683349609375
 10
238.6328369140625
 20
76.033154296875
 10
238.5132568359375
 20
76.0979248046875
 10
238.3936767578125
 20
76.1630615234375
 10
238.274072265625
 20
76.2284912109375
 10
238.1544921875
 20
76.293603515625
 10
238.034912109375
 20
76.3584228515625
 10
237.915283203125
 20
76.4232421875
 10
237.7957275390625
 20
76.4883544921875
 10
237.6761474609375
 20
76.5537841796875
 10
237.5565673828125
 20
76.618896484375
 10
237.4369873046875
 20
76.683984375
 10
237.3173828125
 20
76.7496826171875
 10
237.197802734375
 20
76.816357421875
 10
237.0782470703125
 20
76.883935546875
 10
236.9586669921875
 20
76.95185546875
 10
236.839111328125
 20
77.020361328125
 10
236.71953125
 20
77.089794921875
 10
236.599951171875
 20
77.1595703125
 10
236.4803955078125
 20
77.2287109375
 10
236.3608154296875
 20
77.2966064453125
 10
236.241259765625
 20
77.3635498046875
 10
236.1216796875
 20
77.4299072265625
 10
236.0021240234375
 20
77.4949951171875
 10
235.882568359375
 20
77.5591796875
 10
235.7629638671875
 20
77.6230224609375
 10
235.643408203125
 20
77.6878173828125
 10
235.523876953125
 20
77.754150390625
 10
235.404296875
 20
77.821435546875
 10
235.284765625
 20
77.8899169921875
 10
235.165234375
 20
77.960302734375
 10
235.045703125
 20
78.0319091796875
 10
234.926171875
 20
78.1041259765625
 10
234.806591796875
 20
78.1763427734375
 10
234.687060546875
 20
78.2482666015625
 10
234.567529296875
 20
78.3204833984375
 10
234.4479736328125
 20
78.3927490234375
 10
234.3284423828125
 20
78.4646484375
 10
234.2089111328125
 20
78.5371826171875
 10
234.0897216796875
 20
78.6113037109375
 10
233.971240234375
 20
78.6872314453125
 10
233.8538330078125
 20
78.7653076171875
 10
233.738134765625
 20
78.8458740234375
 10
233.6249267578125
 20
78.9294921875
 10
233.5151611328125
 20
79.0168212890625
 10
233.4099365234375
 20
79.1074951171875
 10
233.3096435546875
 20
79.2012451171875
 10
233.21455078125
 20
79.2980224609375
 10
233.1250732421875
 20
79.3978515625
 10
233.0407958984375
 20
79.5001220703125
 10
232.96142578125
 20
79.6041748046875
 10
232.885888671875
 20
79.7094482421875
 10
232.813134765625
 20
79.8156005859375
 10
232.74248046875
 20
79.9223388671875
 10
232.6732177734375
 20
80.0294189453125
 10
232.605029296875
 20
80.136474609375
 10
232.5375
 20
80.243505859375
 10
232.470703125
 20
80.350537109375
 10
232.40458984375
 20
80.4575439453125
 10
232.3391845703125
 20
80.5645263671875
 10
232.2744384765625
 20
80.671533203125
 10
232.210400390625
 20
80.7785400390625
 10
232.1464111328125
 20
80.8855224609375
 10
232.0827392578125
 20
80.9925048828125
 10
232.018701171875
 20
81.0994873046875
 10
231.9546630859375
 20
81.206494140625
 10
231.8909912109375
 20
81.3134765625
 10
231.8280029296875
 20
81.420458984375
 10
231.7660888671875
 20
81.5274169921875
 10
231.705908203125
 20
81.634375
 10
231.64677734375
 20
81.74130859375
 10
231.589404296875
 20
81.8482177734375
 10
231.533056640625
 20
81.9551025390625
 10
231.477392578125
 20
82.0620361328125
 10
231.421728515625
 20
82.1689208984375
 10
231.3657470703125
 20
82.2758056640625
 10
231.30869140625
 20
82.3827392578125
 10
231.2512939453125
 20
82.4896240234375
 10
231.1928466796875
 20
82.5965576171875
 10
231.13408203125
 20
82.7034912109375
 10
231.074951171875
 20
82.8104248046875
 10
231.016162109375
 20
82.9173583984375
 10
230.957373046875
 20
83.0242919921875
 10
230.8992919921875
 20
83.131201171875
 10
230.8411865234375
 20
83.238134765625
 10
230.7838134765625
 20
83.34501953125
 10
230.7267578125
 20
83.4519287109375
 10
230.670068359375
 20
83.558837890625
 10
230.61337890625
 20
83.6657470703125
 10
230.5577392578125
 20
83.7726318359375
 10
230.502783203125
 20
83.8795166015625
 10
230.44921875
 20
83.986376953125
 10
230.3967041015625
 20
84.093212890625
 10
230.345263671875
 20
84.200048828125
 10
230.2951904296875
 20
84.306884765625
 10
230.247216796875
 20
84.4136962890625
 10
230.2013427734375
 20
84.5204833984375
 10
230.1593017578125
 20
84.626904296875
 10
230.123193359375
 20
84.732373046875
 10
230.095751953125
 20
84.8358154296875
 10
230.080224609375
 20
84.936083984375
 10
230.078955078125
 20
85.03154296875
 10
230.09404296875
 20
85.1199951171875
 10
230.127294921875
 20
85.1989501953125
 10
230.17861328125
 20
85.2665771484375
 10
230.2466552734375
 20
85.3212646484375
 10
230.329345703125
 20
85.3621826171875
 10
230.4238525390625
 20
85.3886962890625
 10
230.5277587890625
 20
85.40087890625
 10
230.63828125
 20
85.4002197265625
 10
230.752978515625
 20
85.3889892578125
 10
230.8700927734375
 20
85.3690185546875
 10
230.988623046875
 20
85.3428466796875
 10
231.1077880859375
 20
85.312646484375
 10
231.22734375
 20
85.281201171875
 10
231.3468994140625
 20
85.2510009765625
 10
231.466455078125
 20
85.223583984375
 10
231.5860107421875
 20
85.2001953125
 10
231.7055908203125
 20
85.182080078125
 10
231.8251708984375
 20
85.1692138671875
 10
231.94443359375
 20
85.1616455078125
 10
232.062646484375
 20
85.158447265625
 10
232.1808349609375
 20
85.15771484375
 10
232.296630859375
 20
85.1582763671875
 10
232.4074951171875
 20
85.1588623046875
 10
232.527099609375
 20
85.155322265625
 10
232.6296142578125
 20
85.1513916015625
 10
232.715380859375
 20
85.1466796875
 10
232.9015869140625
 20
85.127197265625
 10
236.2511962890625
 20
85.127197265625
 10
236.4361572265625
 20
85.1618408203125
 10
236.521337890625
 20
85.1718017578125
 10
236.6231689453125
 20
85.180615234375
 10
236.741943359375
 20
85.1872802734375
 10
236.8520751953125
 20
85.184521484375
 10
236.9670166015625
 20
85.1769775390625
 10
237.084423828125
 20
85.165380859375
 10
237.201806640625
 20
85.1503662109375
 10
237.3202392578125
 20
85.1337646484375
 10
237.4389892578125
 20
85.1165771484375
 10
237.557763671875
 20
85.1005859375
 10
237.6765380859375
 20
85.087744140625
 10
237.7952880859375
 20
85.07861328125
 10
237.9140869140625
 20
85.072900390625
 10
238.032861328125
 20
85.0702880859375
 10
238.1516357421875
 20
85.070166015625
 10
238.270458984375
 20
85.0721923828125
 10
238.3892578125
 20
85.075146484375
 10
238.508056640625
 20
85.0778076171875
 10
238.6268798828125
 20
85.079541015625
 10
238.7456787109375
 20
85.0806396484375
 10
238.8644775390625
 20
85.0817626953125
 10
238.9832763671875
 20
85.084423828125
 10
239.102099609375
 20
85.0892822265625
 10
239.2209228515625
 20
85.097216796875
 10
239.3397705078125
 20
85.1091796875
 10
239.4585693359375
 20
85.1251708984375
 10
239.5774169921875
 20
85.1448974609375
 10
239.696240234375
 20
85.167138671875
 10
239.815087890625
 20
85.1893310546875
 10
239.93359375
 20
85.210009765625
 10
240.0510498046875
 20
85.227587890625
 10
240.168505859375
 20
85.239599609375
 10
240.2835205078125
 20
85.2457275390625
 10
240.3936767578125
 20
85.2457275390625
 10
240.5124755859375
 20
85.2353515625
 10
240.614306640625
 20
85.2230224609375
 10
240.6995361328125
 20
85.209716796875
 10
240.8844482421875
 20
85.1679931640625
 10
240.8844482421875
 20
75.7989990234375
 10
240.73213704427084
 20
75.693798828125
 10
240.69950358072916
 20
75.5873291015625
  0
LWPOLYLINE
  5
37
330
17
100
AcDbEntity
  8
0
100
AcDbPolyline
 90
271
 70
1
 10
175.5127685546875
 20
72.2587646484375
 10
175.34637451171875
 20
72.2968994140625
 10
175.27357177734376
 20
72.321875
 10
175.18902587890625
 20
72.3562744140625
 10
175.09267578125
 20
72.4013427734375
 10
175.00848388671875
 20
72.4546142578125
 10
174.92222900390624
 20
72.5168701171875
 10
174.83529052734374
 20
72.587841796875
 10
174.74906005859376
 20
72.66650390625
 10
174.6614501953125
 20
72.7513916015625
 10
174.5710693359375
 20
72.841259765625
 10
174.47724609375
 20
72.9351806640625
 10
174.3799560546875
 20
73.0325439453125
 10
174.2795166015625
 20
73.1330322265625
 10
174.1763427734375
 20
73.2357177734375
 10
174.07071533203126
 20
73.339697265625
 10
173.96302490234376
 20
73.444287109375
 10
173.85499267578126
 20
73.548876953125
 10
173.74798583984375
 20
73.6525146484375
 10
173.64306640625
 20
73.7543212890625
 10
173.54024658203124
 20
73.853271484375
 10
173.4394775390625
 20
73.948828125
 10
173.3407958984375
 20
74.0412353515625
 10
173.24417724609376
 20
74.130859375
 10
173.1482666015625
 20
74.21796875
 10
173.05166015625
 20
74.3038818359375
 10
172.95299072265624
 20
74.389794921875
 10
172.8522216796875
 20
74.476953125
 10
172.74937744140624
 20
74.56630859375
 10
172.64444580078126
 20
74.6578857421875
 10
172.53746337890624
 20
74.751611328125
 10
172.42977294921874
 20
74.8475341796875
 10
172.32279052734376
 20
74.944384765625
 10
172.21788330078124
 20
75.040869140625
 10
172.11505126953125
 20
75.135791015625
 10
172.01429443359376
 20
75.2288330078125
 10
171.915625
 20
75.3199951171875
 10
171.81937255859376
 20
75.4093017578125
 10
171.72451171875
 20
75.4967041015625
 10
171.6300048828125
 20
75.5834716796875
 10
171.5347900390625
 20
75.6708984375
 10
171.4388916015625
 20
75.7601806640625
 10
171.34229736328126
 20
75.8516357421875
 10
171.24501953125
 20
75.945263671875
 10
171.14600830078126
 20
76.0410888671875
 10
171.04527587890624
 20
76.1384521484375
 10
170.94281005859375
 20
76.2352294921875
 10
170.83861083984374
 20
76.32890625
 10
170.73232421875
 20
76.416748046875
 10
170.62359619140625
 20
76.4956298828125
 10
170.5120849609375
 20
76.5631103515625
 10
170.39847412109376
 20
76.616064453125
 10
170.28310546875
 20
76.65263671875
 10
170.1663330078125
 20
76.6728271484375
 10
170.0485107421875
 20
76.6772705078125
 10
169.92996826171876
 20
76.666845703125
 10
169.8110595703125
 20
76.6440673828125
 10
169.69215087890626
 20
76.6107666015625
 10
169.5732177734375
 20
76.5703369140625
 10
169.45428466796875
 20
76.5255859375
 10
169.3353515625
 20
76.4780517578125
 10
169.21640625
 20
76.428662109375
 10
169.09747314453125
 20
76.378662109375
 10
168.9785400390625
 20
76.3280517578125
 10
168.85960693359374
 20
76.2774169921875
 10
168.74068603515624
 20
76.2261962890625
 10
168.62174072265626
 20
76.1737060546875
 10
168.50281982421876
 20
76.119384765625
 10
168.38387451171874
 20
76.0635009765625
 10
168.26492919921876
 20
76.0060791015625
 10
168.14599609375
 20
75.947412109375
 10
168.02706298828124
 20
75.8875
 10
167.9081298828125
 20
75.8266845703125
 10
167.78919677734376
 20
75.7655517578125
 10
167.67027587890624
 20
75.7056396484375
 10
167.5513427734375
 20
75.647607421875
 10
167.43243408203125
 20
75.592626953125
 10
167.31385498046876
 20
75.542333984375
 10
167.19598388671875
 20
75.498828125
 10
167.07952880859375
 20
75.464599609375
 10
166.96552734375
 20
75.441748046875
 10
166.85533447265624
 20
75.431884765625
 10
166.75069580078124
 20
75.4370849609375
 10
166.65406494140626
 20
75.45830078125
 10
166.56748046875
 20
75.4954833984375
 10
166.49339599609374
 20
75.5473876953125
 10
166.43389892578125
 20
75.6121337890625
 10
166.3906982421875
 20
75.6875
 10
166.36517333984375
 20
75.771044921875
 10
166.35802001953124
 20
75.8596435546875
 10
166.36854248046876
 20
75.9508544921875
 10
166.395703125
 20
76.043408203125
 10
166.4380859375
 20
76.1367431640625
 10
166.49365234375
 20
76.2305419921875
 10
166.55994873046876
 20
76.324853515625
 10
166.63421630859375
 20
76.4199951171875
 10
166.7140380859375
 20
76.5166259765625
 10
166.79732666015624
 20
76.6154052734375
 10
166.88233642578126
 20
76.716015625
 10
166.9666748046875
 20
76.8181640625
 10
167.04927978515624
 20
76.92158203125
 10
167.1294677734375
 20
77.025927734375
 10
167.20653076171874
 20
77.1309326171875
 10
167.28013916015624
 20
77.2363037109375
 10
167.3509521484375
 20
77.3417236328125
 10
167.4197021484375
 20
77.447119140625
 10
167.48809814453125
 20
77.5525634765625
 10
167.55684814453124
 20
77.6579833984375
 10
167.62628173828125
 20
77.7634033203125
 10
167.69781494140625
 20
77.868798828125
 10
167.7717529296875
 20
77.974169921875
 10
167.8474365234375
 20
78.0794921875
 10
167.9241455078125
 20
78.184814453125
 10
168.00087890625
 20
78.290185546875
 10
168.07691650390626
 20
78.3955322265625
 10
168.15257568359374
 20
78.50087890625
 10
168.2268798828125
 20
78.6062255859375
 10
168.30013427734374
 20
78.7116455078125
 10
168.37269287109376
 20
78.8170166015625
 10
168.444921875
 20
78.922412109375
 10
168.5171630859375
 20
79.0278076171875
 10
168.5897216796875
 20
79.133203125
 10
168.6619384765625
 20
79.2385986328125
 10
168.73416748046876
 20
79.343994140625
 10
168.80570068359376
 20
79.4493896484375
 10
168.8768798828125
 20
79.5548095703125
 10
168.9480712890625
 20
79.659912109375
 10
169.0199462890625
 20
79.764404296875
 10
169.09287109375
 20
79.867919921875
 10
169.16751708984376
 20
79.9701904296875
 10
169.24456787109375
 20
80.0709228515625
 10
169.32509765625
 20
80.1694091796875
 10
169.40909423828126
 20
80.264794921875
 10
169.49654541015624
 20
80.3564208984375
 10
169.5867919921875
 20
80.44306640625
 10
169.67977294921874
 20
80.522900390625
 10
169.7755126953125
 20
80.593701171875
 10
169.87333984375
 20
80.653369140625
 10
169.9725341796875
 20
80.700634765625
 10
170.0727294921875
 20
80.7352294921875
 10
170.1736083984375
 20
80.7573974609375
 10
170.27518310546876
 20
80.7690673828125
 10
170.37742919921874
 20
80.7739013671875
 10
170.48037109375
 20
80.7762939453125
 10
170.5843505859375
 20
80.7802001953125
 10
170.68973388671876
 20
80.788427734375
 10
170.796875
 20
80.8028076171875
 10
170.90572509765624
 20
80.8243408203125
 10
171.0159912109375
 20
80.852587890625
 10
171.1283447265625
 20
80.8861083984375
 10
171.2400146484375
 20
80.921826171875
 10
171.3482177734375
 20
80.9572265625
 10
171.46611328125
 20
80.9962646484375
 10
171.56771240234374
 20
81.0298828125
 10
171.65301513671875
 20
81.0577880859375
 10
171.83820098488405
 20
81.11688353881387
 10
174.57287075899683
 20
81.0691497003495
 10
174.7580078125
 20
81.0332763671875
 10
174.8432861328125
 20
81.0228271484375
 10
174.94522705078126
 20
81.0134765625
 10
175.06416015625
 20
81.006103515625
 10
175.1744140625
 20
81.0081298828125
 10
175.28953857421874
 20
81.014697265625
 10
175.40711669921876
 20
81.0259521484375
 10
175.52469482421876
 20
81.041796875
 10
175.64329833984374
 20
81.0610595703125
 10
175.7622802734375
 20
81.0833740234375
 10
175.88125
 20
81.107568359375
 10
176.00023193359374
 20
81.1320556640625
 10
176.1188720703125
 20
81.1553466796875
 10
176.23648681640626
 20
81.175537109375
 10
176.35198974609375
 20
81.1905029296875
 10
176.46402587890626
 20
81.19775390625
 10
176.5708251953125
 20
81.1945556640625
 10
176.6703369140625
 20
81.1787109375
 10
176.75977783203126
 20
81.1493896484375
 10
176.83707275390626
 20
81.10625
 10
176.9004638671875
 20
81.0496337890625
 10
176.9485595703125
 20
80.980517578125
 10
176.98037109375
 20
80.900732421875
 10
176.99515380859376
 20
80.812744140625
 10
176.9926025390625
 20
80.7197021484375
 10
176.9737548828125
 20
80.6240478515625
 10
176.93895263671874
 20
80.5282470703125
 10
176.88887939453124
 20
80.4344970703125
 10
176.824609375
 20
80.344580078125
 10
176.74749755859375
 20
80.2594482421875
 10
176.6593017578125
 20
80.1797119140625
 10
176.56209716796874
 20
80.1046630859375
 10
176.45726318359374
 20
80.0337646484375
 10
176.34688720703124
 20
79.9656982421875
 10
176.23271484375
 20
79.8995361328125
 10
176.11611328125
 20
79.834326171875
 10
175.9981201171875
 20
79.76943359375
 10
175.87943115234376
 20
79.704541015625
 10
175.7607421875
 20
79.6403076171875
 10
175.64276123046875
 20
79.5772705078125
 10
175.52581787109375
 20
79.5163818359375
 10
175.4102783203125
 20
79.4576904296875
 10
175.2964599609375
 20
79.4014404296875
 10
175.1850830078125
 20
79.347607421875
 10
175.0768310546875
 20
79.2953125
 10
174.97169189453126
 20
79.243310546875
 10
174.87001953125
 20
79.1903076171875
 10
174.77249755859376
 20
79.1347900390625
 10
174.68018798828126
 20
79.076123046875
 10
174.5944580078125
 20
79.012744140625
 10
174.51634521484374
 20
78.9437255859375
 10
174.44725341796874
 20
78.86904296875
 10
174.3888916015625
 20
78.7886962890625
 10
174.34232177734376
 20
78.7026123046875
 10
174.3082275390625
 20
78.611474609375
 10
174.28660888671874
 20
78.5155517578125
 10
174.27677001953126
 20
78.41611328125
 10
174.2773193359375
 20
78.3140869140625
 10
174.2865478515625
 20
78.210107421875
 10
174.3027099609375
 20
78.1048095703125
 10
174.3244140625
 20
77.9988037109375
 10
174.3495849609375
 20
77.8925048828125
 10
174.37647705078126
 20
77.7861572265625
 10
174.40372314453126
 20
77.6798095703125
 10
174.43099365234374
 20
77.5734619140625
 10
174.45755615234376
 20
77.4671142578125
 10
174.48272705078125
 20
77.3607666015625
 10
174.50579833984375
 20
77.2544677734375
 10
174.5271728515625
 20
77.148193359375
 10
174.5471435546875
 20
77.041943359375
 10
174.56640625
 20
76.9356689453125
 10
174.58533935546876
 20
76.8294189453125
 10
174.6042724609375
 20
76.7231201171875
 10
174.62354736328126
 20
76.6168701171875
 10
174.64385986328125
 20
76.510595703125
 10
174.66556396484376
 20
76.4043212890625
 10
174.68900146484376
 20
76.297998046875
 10
174.7138427734375
 20
76.1916748046875
 10
174.73970947265624
 20
76.0853271484375
 10
174.76695556640624
 20
75.9789794921875
 10
174.79593505859376
 20
75.8726318359375
 10
174.82633056640626
 20
75.7662353515625
 10
174.85772705078125
 20
75.6598388671875
 10
174.88983154296875
 20
75.553466796875
 10
174.92227783203126
 20
75.4470458984375
 10
174.95509033203126
 20
75.3406494140625
 10
174.987890625
 20
75.2342041015625
 10
175.0203369140625
 20
75.127783203125
 10
175.05245361328124
 20
75.0213623046875
 10
175.0842041015625
 20
74.9149658203125
 10
175.115625
 20
74.808544921875
 10
175.1477294921875
 20
74.7021484375
 10
175.1805419921875
 20
74.595751953125
 10
175.21402587890626
 20
74.489306640625
 10
175.24854736328126
 20
74.382861328125
 10
175.28414306640624
 20
74.276416015625
 10
175.32076416015624
 20
74.1699462890625
 10
175.35841064453126
 20
74.0635009765625
 10
175.39571533203124
 20
73.9570068359375
 10
175.43233642578124
 20
73.8505615234375
 10
175.46790771484376
 20
73.7441162109375
 10
175.50107421875
 20
73.6376953125
 10
175.53109130859374
 20
73.531298828125
 10
175.55731201171875
 20
73.424951171875
 10
175.57901611328126
 20
73.3186767578125
 10
175.59620361328126
 20
73.21240234375
 10
175.60855712890626
 20
73.106494140625
 10
175.61571044921874
 20
73.0015869140625
 10
175.61729736328124
 20
72.896728515625
 10
175.61405029296876
 20
72.7941162109375
 10
175.606640625
 20
72.6958740234375
 10
175.59053955078124
 20
72.589990234375
 10
175.57413330078126
 20
72.499267578125
 10
175.5580810546875
 20
72.423388671875
  0
LWPOLYLINE
  5
38
330
17
100
AcDbEntity
  8
0
100
AcDbPolyline
 90
294
 70
1
 10
211.18330078125
 20
71.5461669921875
 10
211.1058349609375
 20
71.5373779296875
 10
211.0333251953125
 20
71.5364013671875
 10
210.9660888671875
 20
71.543310546875
 10
210.9043212890625
 20
71.5580810546875
 10
210.8482666015625
 20
71.5806396484375
 10
210.7981201171875
 20
71.6108642578125
 10
210.7540283203125
 20
71.6485107421875
 10
210.7160400390625
 20
71.693359375
 10
210.6841552734375
 20
71.7449951171875
 10
210.658349609375
 20
71.803125
 10
210.6385009765625
 20
71.86728515625
 10
210.624462890625
 20
71.93701171875
 10
210.615966796875
 20
72.0118896484375
 10
210.6127685546875
 20
72.09140625
 10
210.6145751953125
 20
72.175048828125
 10
210.6210205078125
 20
72.262451171875
 10
210.6317138671875
 20
72.353076171875
 10
210.6462646484375
 20
72.4465087890625
 10
210.664306640625
 20
72.5424072265625
 10
210.6853759765625
 20
72.64033203125
 10
210.7090576171875
 20
72.739990234375
 10
210.7349853515625
 20
72.841064453125
 10
210.76279296875
 20
72.943310546875
 10
210.7921142578125
 20
73.046484375
 10
210.822607421875
 20
73.1503662109375
 10
210.854052734375
 20
73.2548095703125
 10
210.8861328125
 20
73.3597412109375
 10
210.9186767578125
 20
73.46494140625
 10
210.95146484375
 20
73.57041015625
 10
210.984375
 20
73.6760498046875
 10
211.0172607421875
 20
73.7818115234375
 10
211.0500732421875
 20
73.887646484375
 10
211.08271484375
 20
73.9935791015625
 10
211.1151611328125
 20
74.09951171875
 10
211.1473388671875
 20
74.20546875
 10
211.179296875
 20
74.31142578125
 10
211.2109619140625
 20
74.417431640625
 10
211.242333984375
 20
74.523388671875
 10
211.273388671875
 20
74.629345703125
 10
211.3040771484375
 20
74.7352783203125
 10
211.3343994140625
 20
74.8412353515625
 10
211.364208984375
 20
74.947119140625
 10
211.39345703125
 20
75.052978515625
 10
211.42197265625
 20
75.1587158203125
 10
211.449658203125
 20
75.2644287109375
 10
211.4762939453125
 20
75.3699951171875
 10
211.50166015625
 20
75.4754150390625
 10
211.525537109375
 20
75.5806396484375
 10
211.5476318359375
 20
75.68564453125
 10
211.567626953125
 20
75.79033203125
 10
211.585205078125
 20
75.8947509765625
 10
211.5999755859375
 20
75.9987060546875
 10
211.6116455078125
 20
76.10224609375
 10
211.61982421875
 20
76.20517578125
 10
211.6241455078125
 20
76.3075439453125
 10
211.6242431640625
 20
76.409228515625
 10
211.6197998046875
 20
76.510107421875
 10
211.6104736328125
 20
76.6101318359375
 10
211.596044921875
 20
76.709228515625
 10
211.57626953125
 20
76.807275390625
 10
211.550927734375
 20
76.9042236328125
 10
211.5199462890625
 20
77.0
 10
211.4832763671875
 20
77.0945556640625
 10
211.4408935546875
 20
77.1878173828125
 10
211.3928955078125
 20
77.2797119140625
 10
211.3394287109375
 20
77.3702880859375
 10
211.280712890625
 20
77.45947265625
 10
211.2170166015625
 20
77.5472412109375
 10
211.1487060546875
 20
77.63359375
 10
211.0761962890625
 20
77.718505859375
 10
210.999951171875
 20
77.8020751953125
 10
210.920458984375
 20
77.884228515625
 10
210.83837890625
 20
77.9650146484375
 10
210.754248046875
 20
78.04453125
 10
210.668798828125
 20
78.122705078125
 10
210.582666015625
 20
78.199658203125
 10
210.4965087890625
 20
78.2753173828125
 10
210.4111083984375
 20
78.3497802734375
 10
210.3271728515625
 20
78.423046875
 10
210.24541015625
 20
78.4950439453125
 10
210.1665771484375
 20
78.565771484375
 10
210.0913330078125
 20
78.635205078125
 10
210.02041015625
 20
78.7032470703125
 10
209.9544921875
 20
78.7698486328125
 10
209.894189453125
 20
78.8348876953125
 10
209.8401123046875
 20
78.898291015625
 10
209.792822265625
 20
78.9598876953125
 10
209.752783203125
 20
79.019580078125
 10
209.720458984375
 20
79.0771240234375
 10
209.6961669921875
 20
79.1323974609375
 10
209.680224609375
 20
79.1852294921875
 10
209.6728759765625
 20
79.23544921875
 10
209.67421875
 20
79.2828857421875
 10
209.684326171875
 20
79.327392578125
 10
209.7031494140625
 20
79.3688720703125
 10
209.730615234375
 20
79.407177734375
 10
209.766552734375
 20
79.4422607421875
 10
209.810693359375
 20
79.4740966796875
 10
209.8627197265625
 20
79.502587890625
 10
209.922265625
 20
79.527783203125
 10
209.9888916015625
 20
79.54970703125
 10
210.0621337890625
 20
79.568505859375
 10
210.14150390625
 20
79.5842529296875
 10
210.2265380859375
 20
79.597119140625
 10
210.316650390625
 20
79.6072509765625
 10
210.4113525390625
 20
79.6149169921875
 10
210.5101318359375
 20
79.6202880859375
 10
210.6125244140625
 20
79.623681640625
 10
210.718017578125
 20
79.625244140625
 10
210.8261962890625
 20
79.6252685546875
 10
210.936669921875
 20
79.6239990234375
 10
211.0490234375
 20
79.621728515625
 10
211.162939453125
 20
79.6186279296875
 10
211.278125
 20
79.614892578125
 10
211.3944091796875
 20
79.610791015625
 10
211.511474609375
 20
79.6064453125
 10
211.629150390625
 20
79.6020263671875
 10
211.7473388671875
 20
79.5975830078125
 10
211.8658935546875
 20
79.593310546875
 10
211.9846923828125
 20
79.5892333984375
 10
212.1037353515625
 20
79.585400390625
 10
212.2228759765625
 20
79.5818115234375
 10
212.34208984375
 20
79.5785400390625
 10
212.461376953125
 20
79.575537109375
 10
212.580712890625
 20
79.5728271484375
 10
212.700048828125
 20
79.57041015625
 10
212.8194091796875
 20
79.568212890625
 10
212.9387939453125
 20
79.5662109375
 10
213.058154296875
 20
79.5643798828125
 10
213.177490234375
 20
79.562646484375
 10
213.2968505859375
 20
79.560986328125
 10
213.416162109375
 20
79.5593505859375
 10
213.5354736328125
 20
79.557666015625
 10
213.6547119140625
 20
79.5558837890625
 10
213.7739013671875
 20
79.553857421875
 10
213.8930419921875
 20
79.5515869140625
 10
214.012060546875
 20
79.5488525390625
 10
214.1309814453125
 20
79.54560546875
 10
214.24970703125
 20
79.5416259765625
 10
214.3682373046875
 20
79.536767578125
 10
214.4864990234375
 20
79.530810546875
 10
214.6044189453125
 20
79.523583984375
 10
214.7219970703125
 20
79.5148193359375
 10
214.8390869140625
 20
79.504296875
 10
214.955615234375
 20
79.4917236328125
 10
215.0715576171875
 20
79.476806640625
 10
215.1867431640625
 20
79.459326171875
 10
215.3010986328125
 20
79.439013671875
 10
215.4145263671875
 20
79.41552734375
 10
215.526904296875
 20
79.3886962890625
 10
215.6381103515625
 20
79.358251953125
 10
215.7480712890625
 20
79.323974609375
 10
215.8566162109375
 20
79.2857666015625
 10
215.963720703125
 20
79.243408203125
 10
216.069189453125
 20
79.1968017578125
 10
216.172998046875
 20
79.145947265625
 10
216.275048828125
 20
79.090771484375
 10
216.375244140625
 20
79.0313232421875
 10
216.47353515625
 20
78.967626953125
 10
216.5698974609375
 20
78.8998291015625
 10
216.664306640625
 20
78.8280517578125
 10
216.7567138671875
 20
78.75244140625
 10
216.8471435546875
 20
78.6732177734375
 10
216.935595703125
 20
78.590576171875
 10
217.0221435546875
 20
78.50478515625
 10
217.1067626953125
 20
78.4160888671875
 10
217.1895751953125
 20
78.32470703125
 10
217.270654296875
 20
78.23095703125
 10
217.3500732421875
 20
78.13505859375
 10
217.427880859375
 20
78.0372314453125
 10
217.504248046875
 20
77.9378173828125
 10
217.57919921875
 20
77.8369384765625
 10
217.652880859375
 20
77.734814453125
 10
217.725390625
 20
77.6317138671875
 10
217.796826171875
 20
77.5277099609375
 10
217.86728515625
 20
77.422998046875
 10
217.9368896484375
 20
77.3177001953125
 10
218.00576171875
 20
77.2119873046875
 10
218.07392578125
 20
77.105908203125
 10
218.1414794921875
 20
76.999560546875
 10
218.2085205078125
 20
76.8929931640625
 10
218.27509765625
 20
76.7862548828125
 10
218.341259765625
 20
76.67939453125
 10
218.4070556640625
 20
76.5724853515625
 10
218.472509765625
 20
76.46552734375
 10
218.537548828125
 20
76.35849609375
 10
218.6022705078125
 20
76.251513671875
 10
218.666552734375
 20
76.14453125
 10
218.730419921875
 20
76.03759765625
 10
218.7937255859375
 20
75.93076171875
 10
218.8563720703125
 20
75.824072265625
 10
218.91826171875
 20
75.717529296875
 10
218.9791259765625
 20
75.611279296875
 10
219.038818359375
 20
75.5053466796875
 10
219.0970947265625
 20
75.399853515625
 10
219.153662109375
 20
75.294970703125
 10
219.208251953125
 20
75.190869140625
 10
219.260498046875
 20
75.0877197265625
 10
219.31005859375
 20
74.985693359375
 10
219.35654296875
 20
74.8851806640625
 10
219.39951171875
 20
74.786376953125
 10
219.438623046875
 20
74.689599609375
 10
219.4734130859375
 20
74.595263671875
 10
219.5034423828125
 20
74.5036865234375
 10
219.5283935546875
 20
74.4153076171875
 10
219.5477783203125
 20
74.330517578125
 10
219.561376953125
 20
74.249755859375
 10
219.56875
 20
74.1734130859375
 10
219.56962890625
 20
74.1019287109375
 10
219.5638427734375
 20
74.035693359375
 10
219.551220703125
 20
73.975146484375
 10
219.5315673828125
 20
73.920556640625
 10
219.5048583984375
 20
73.8722900390625
 10
219.4711669921875
 20
73.830517578125
 10
219.4304931640625
 20
73.7954345703125
 10
219.382958984375
 20
73.76728515625
 10
219.328857421875
 20
73.74599609375
 10
219.268359375
 20
73.7316162109375
 10
219.2018310546875
 20
73.7239990234375
 10
219.129541015625
 20
73.7230712890625
 10
219.05185546875
 20
73.728564453125
 10
218.9692138671875
 20
73.7401611328125
 10
218.882080078125
 20
73.75751953125
 10
218.790771484375
 20
73.7802490234375
 10
218.6958251953125
 20
73.8078857421875
 10
218.5976318359375
 20
73.839892578125
 10
218.4965576171875
 20
73.8757568359375
 10
218.3930419921875
 20
73.9149169921875
 10
218.287451171875
 20
73.956787109375
 10
218.180078125
 20
74.00078125
 10
218.0713134765625
 20
74.046240234375
 10
217.9613037109375
 20
74.0926025390625
 10
217.8504150390625
 20
74.1392822265625
 10
217.7387939453125
 20
74.185595703125
 10
217.6266357421875
 20
74.231103515625
 10
217.5140869140625
 20
74.2751220703125
 10
217.4012451171875
 20
74.3171875
 10
217.2882568359375
 20
74.35673828125
 10
217.1751708984375
 20
74.3932861328125
 10
217.062060546875
 20
74.426416015625
 10
216.9489501953125
 20
74.4555908203125
 10
216.8359130859375
 20
74.480517578125
 10
216.7230224609375
 20
74.50078125
 10
216.610302734375
 20
74.516064453125
 10
216.4977294921875
 20
74.5261474609375
 10
216.3853271484375
 20
74.5307373046875
 10
216.2731201171875
 20
74.5296875
 10
216.161181640625
 20
74.5228759765625
 10
216.049462890625
 20
74.51025390625
 10
215.9380126953125
 20
74.491748046875
 10
215.8268310546875
 20
74.467431640625
 10
215.71591796875
 20
74.437353515625
 10
215.6052490234375
 20
74.4016357421875
 10
215.4948486328125
 20
74.360498046875
 10
215.38466796875
 20
74.3141357421875
 10
215.2746826171875
 20
74.26279296875
 10
215.1648681640625
 20
74.2067138671875
 10
215.05517578125
 20
74.1462646484375
 10
214.9455078125
 20
74.0817626953125
 10
214.835888671875
 20
74.013525390625
 10
214.7262451171875
 20
73.941845703125
 10
214.6164794921875
 20
73.8671142578125
 10
214.5065673828125
 20
73.789599609375
 10
214.3964111328125
 20
73.7096923828125
 10
214.2860107421875
 20
73.627685546875
 10
214.175341796875
 20
73.54384765625
 10
214.064306640625
 20
73.45849609375
 10
213.9529296875
 20
73.371826171875
 10
213.8411865234375
 20
73.2841064453125
 10
213.7290771484375
 20
73.1956298828125
 10
213.616650390625
 20
73.10654296875
 10
213.5038330078125
 20
73.0170654296875
 10
213.3907470703125
 20
72.9274169921875
 10
213.2774658203125
 20
72.837841796875
 10
213.164013671875
 20
72.7485107421875
 10
213.05048828125
 20
72.659716796875
 10
212.9369873046875
 20
72.5716552734375
 10
212.823583984375
 20
72.4846435546875
 10
212.71044921875
 20
72.398876953125
 10
212.597705078125
 20
72.3148193359375
 10
212.4854736328125
 20
72.2327880859375
 10
212.3739990234375
 20
72.1531494140625
 10
212.263427734375
 20
72.0762939453125
 10
212.1539794921875
 20
72.0027587890625
 10
212.0458740234375
 20
71.9328369140625
 10
211.9394287109375
 20
71.8671142578125
 10
211.83486328125
 20
71.8060302734375
 10
211.7324951171875
 20
71.75009765625
 10
211.6326904296875
 20
71.69970703125
 10
211.535693359375
 20
71.65537109375
 10
211.44189453125
 20
71.6175048828125
 10
211.35166015625
 20
71.5864501953125
 10
211.2653564453125
 20
71.5625732421875
  0
LWPOLYLINE
  5
39
330
17
100
AcDbEntity
  8
0
100
AcDbPolyline
 90
391
 70
1
 10
153.29033203125
 20
69.004638671875
 10
153.18175048828124
 20
69.1681640625
 10
153.14320068359376
 20
69.2412841796875
 10
153.1031982421875
 20
69.3248779296875
 10
153.0650390625
 20
69.431396484375
 10
153.0447509765625
 20
69.514794921875
 10
153.03077392578126
 20
69.5875732421875
 10
153.0232520369987
 20
69.74999902727586
 10
153.08985788482647
 20
73.56584549371318
 10
152.97740478515624
 20
73.7214111328125
 10
152.9206298828125
 20
73.790673828125
 10
152.84969482421874
 20
73.871875
 10
152.76351318359374
 20
73.9649658203125
 10
152.6759521484375
 20
74.0475830078125
 10
152.5794189453125
 20
74.1312255859375
 10
152.47559814453126
 20
74.2134033203125
 10
152.36689453125
 20
74.292529296875
 10
152.2540771484375
 20
74.3698486328125
 10
152.1384765625
 20
74.4450439453125
 10
152.02115478515626
 20
74.5177978515625
 10
151.90277099609375
 20
74.588037109375
 10
151.7840576171875
 20
74.656787109375
 10
151.66533203125
 20
74.7245849609375
 10
151.5466064453125
 20
74.791162109375
 10
151.4279052734375
 20
74.857080078125
 10
151.3091796875
 20
74.923046875
 10
151.19049072265625
 20
74.989599609375
 10
151.07176513671874
 20
75.0573974609375
 10
150.95306396484375
 20
75.126123046875
 10
150.8343505859375
 20
75.19638671875
 10
150.7156494140625
 20
75.2688232421875
 10
150.59697265625
 20
75.3427978515625
 10
150.47825927734374
 20
75.417724609375
 10
150.35958251953124
 20
75.493212890625
 10
150.2408935546875
 20
75.5690673828125
 10
150.12220458984376
 20
75.6448974609375
 10
150.003515625
 20
75.719482421875
 10
149.88482666015625
 20
75.792529296875
 10
149.76612548828126
 20
75.8646484375
 10
149.6474609375
 20
75.9361328125
 10
149.52874755859375
 20
76.006396484375
 10
149.41005859375
 20
76.0747802734375
 10
149.2913818359375
 20
76.1416259765625
 10
149.17303466796875
 20
76.207568359375
 10
149.05537109375
 20
76.272265625
 10
148.93909912109376
 20
76.3353759765625
 10
148.8252685546875
 20
76.3975341796875
 10
148.7152099609375
 20
76.4605712890625
 10
148.61070556640624
 20
76.5263427734375
 10
148.51380615234376
 20
76.595751953125
 10
148.42593994140626
 20
76.6697021484375
 10
148.34910888671874
 20
76.749365234375
 10
148.28511962890624
 20
76.835400390625
 10
148.2352783203125
 20
76.9271728515625
 10
148.20067138671874
 20
77.023095703125
 10
148.18199462890624
 20
77.121337890625
 10
148.1795654296875
 20
77.2199951171875
 10
148.19442138671874
 20
77.3169189453125
 10
148.22620849609376
 20
77.4096435546875
 10
148.27427978515624
 20
77.495703125
 10
148.3375244140625
 20
77.573876953125
 10
148.41458740234376
 20
77.6432373046875
 10
148.50377197265624
 20
77.703857421875
 10
148.6029541015625
 20
77.7562744140625
 10
148.7093994140625
 20
77.8021484375
 10
148.8210205078125
 20
77.8439697265625
 10
148.93612060546874
 20
77.884814453125
 10
149.05328369140625
 20
77.9265625
 10
149.171484375
 20
77.97109375
 10
149.29002685546874
 20
78.0190185546875
 10
149.40859375
 20
78.070947265625
 10
149.5271728515625
 20
78.1265869140625
 10
149.6457275390625
 20
78.1843994140625
 10
149.76431884765626
 20
78.242822265625
 10
149.8828857421875
 20
78.3012451171875
 10
150.00146484375
 20
78.3590576171875
 10
150.1200439453125
 20
78.4168701171875
 10
150.23861083984374
 20
78.474365234375
 10
150.35721435546876
 20
78.53125
 10
150.47578125
 20
78.5884521484375
 10
150.5943603515625
 20
78.6462646484375
 10
150.7129638671875
 20
78.7046875
 10
150.83154296875
 20
78.7637451171875
 10
150.95013427734375
 20
78.8221923828125
 10
151.06873779296876
 20
78.8800048828125
 10
151.18731689453125
 20
78.9381103515625
 10
151.30592041015626
 20
78.996240234375
 10
151.42451171875
 20
79.0543701171875
 10
151.54310302734376
 20
79.1125244140625
 10
151.66170654296874
 20
79.1706298828125
 10
151.7802978515625
 20
79.2300048828125
 10
151.8989013671875
 20
79.2906005859375
 10
152.0175048828125
 20
79.3511962890625
 10
152.1361328125
 20
79.4117919921875
 10
152.25472412109374
 20
79.472119140625
 10
152.37333984375
 20
79.5321044921875
 10
152.49193115234374
 20
79.5917724609375
 10
152.61055908203124
 20
79.6499267578125
 10
152.72916259765626
 20
79.706494140625
 10
152.8477783203125
 20
79.7624755859375
 10
152.9663818359375
 20
79.817822265625
 10
153.0849853515625
 20
79.873486328125
 10
153.20361328125
 20
79.9294677734375
 10
153.32220458984375
 20
79.9857666015625
 10
153.4408203125
 20
80.0435791015625
 10
153.55946044921876
 20
80.103271484375
 10
153.677734375
 20
80.1651123046875
 10
153.79532470703126
 20
80.229736328125
 10
153.9118896484375
 20
80.296875
 10
154.02706298828124
 20
80.367431640625
 10
154.14017333984376
 20
80.4423095703125
 10
154.25052490234376
 20
80.52158203125
 10
154.357421875
 20
80.6054931640625
 10
154.4608642578125
 20
80.693798828125
 10
154.56051025390624
 20
80.7861328125
 10
154.65599365234374
 20
80.882568359375
 10
154.74666748046874
 20
80.9821044921875
 10
154.83282470703125
 20
81.08388671875
 10
154.91448974609375
 20
81.187255859375
 10
154.9916748046875
 20
81.2916015625
 10
155.06434326171876
 20
81.3966064453125
 10
155.133203125
 20
81.501953125
 10
155.1989501953125
 20
81.6073486328125
 10
155.26297607421876
 20
81.712744140625
 10
155.3256103515625
 20
81.8181884765625
 10
155.3882568359375
 20
81.9236083984375
 10
155.45228271484376
 20
82.0290283203125
 10
155.5180419921875
 20
82.134423828125
 10
155.58587646484375
 20
82.239794921875
 10
155.65577392578126
 20
82.3451416015625
 10
155.7277587890625
 20
82.4504638671875
 10
155.8018310546875
 20
82.555810546875
 10
155.87694091796874
 20
82.661083984375
 10
155.95203857421876
 20
82.76640625
 10
156.0271484375
 20
82.8717041015625
 10
156.1015380859375
 20
82.977001953125
 10
156.1752685546875
 20
83.0822998046875
 10
156.24759521484376
 20
83.187646484375
 10
156.31890869140625
 20
83.2929931640625
 10
156.38948974609374
 20
83.3983642578125
 10
156.459765625
 20
83.5037109375
 10
156.53001708984374
 20
83.6090576171875
 10
156.60062255859376
 20
83.7144287109375
 10
156.67193603515625
 20
83.819775390625
 10
156.74427490234376
 20
83.9251220703125
 10
156.81695556640625
 20
84.0304443359375
 10
156.89033203125
 20
84.1357666015625
 10
156.96441650390625
 20
84.2410888671875
 10
157.03848876953126
 20
84.3464111328125
 10
157.11256103515626
 20
84.4517333984375
 10
157.18592529296876
 20
84.5570556640625
 10
157.2586181640625
 20
84.6624267578125
 10
157.33095703125
 20
84.7677490234375
 10
157.40191650390625
 20
84.873095703125
 10
157.47149658203125
 20
84.9784912109375
 10
157.5396728515625
 20
85.08388671875
 10
157.60614013671875
 20
85.1892822265625
 10
157.6708740234375
 20
85.2947265625
 10
157.7335205078125
 20
85.4001708984375
 10
157.79376220703125
 20
85.5056396484375
 10
157.85260009765625
 20
85.6108154296875
 10
157.91005859375
 20
85.715087890625
 10
157.96717529296876
 20
85.8175048828125
 10
158.02532958984375
 20
85.9168212890625
 10
158.08590087890624
 20
86.0111572265625
 10
158.1505859375
 20
86.098046875
 10
158.22119140625
 20
86.174365234375
 10
158.2979736328125
 20
86.2373291015625
 10
158.38133544921874
 20
86.2844482421875
 10
158.4705322265625
 20
86.3135498046875
 10
158.56422119140626
 20
86.3228515625
 10
158.66064453125
 20
86.3116943359375
 10
158.7573974609375
 20
86.28076171875
 10
158.8516845703125
 20
86.231884765625
 10
158.9421630859375
 20
86.1673095703125
 10
159.02847900390626
 20
86.0894775390625
 10
159.11026611328126
 20
86.001171875
 10
159.18720703125
 20
85.9054931640625
 10
159.2599609375
 20
85.8049072265625
 10
159.3292724609375
 20
85.701318359375
 10
159.3968505859375
 20
85.5958251953125
 10
159.46302490234376
 20
85.489453125
 10
159.52713623046876
 20
85.382763671875
 10
159.58917236328125
 20
85.276123046875
 10
159.6501708984375
 20
85.169482421875
 10
159.709765625
 20
85.062841796875
 10
159.7683349609375
 20
84.956201171875
 10
159.8251708984375
 20
84.8496337890625
 10
159.8806396484375
 20
84.7430419921875
 10
159.93538818359374
 20
84.636474609375
 10
159.9898193359375
 20
84.5299072265625
 10
160.04320068359374
 20
84.4233642578125
 10
160.09588623046875
 20
84.3167724609375
 10
160.14822998046876
 20
84.2102294921875
 10
160.20057373046876
 20
84.1036376953125
 10
160.2532470703125
 20
83.9970947265625
 10
160.30628662109376
 20
83.89052734375
 10
160.36002197265626
 20
83.7839599609375
 10
160.41513671875
 20
83.6773681640625
 10
160.47232666015626
 20
83.570751953125
 10
160.53160400390624
 20
83.464111328125
 10
160.59364013671876
 20
83.3574462890625
 10
160.65843505859374
 20
83.2507568359375
 10
160.72672119140626
 20
83.1440673828125
 10
160.7984619140625
 20
83.0372802734375
 10
160.8733154296875
 20
82.9304931640625
 10
160.95025634765625
 20
82.823974609375
 10
161.02855224609374
 20
82.7180419921875
 10
161.10755615234376
 20
82.6130615234375
 10
161.18692626953126
 20
82.509619140625
 10
161.26629638671875
 20
82.408642578125
 10
161.34566650390624
 20
82.311083984375
 10
161.42572021484375
 20
82.2181396484375
 10
161.50718994140624
 20
82.130419921875
 10
161.59246826171875
 20
82.0479248046875
 10
161.67984619140626
 20
81.9722412109375
 10
161.767578125
 20
81.904248046875
 10
161.8691650390625
 20
81.8367431640625
 10
161.95899658203126
 20
81.781103515625
 10
162.03641357421876
 20
81.7361083984375
 10
162.21268581044257
 20
81.64431206531326
 10
165.30118133244028
 20
81.59040217544626
 10
165.4861328125
 20
81.5483154296875
 10
165.5713134765625
 20
81.5332275390625
 10
165.67314453125
 20
81.5173583984375
 10
165.79195556640624
 20
81.501025390625
 10
165.9021240234375
 20
81.4915771484375
 10
166.01712646484376
 20
81.484228515625
 10
166.1345703125
 20
81.4787353515625
 10
166.25167236328124
 20
81.474462890625
 10
166.36876220703124
 20
81.4692626953125
 10
166.48414306640626
 20
81.4615966796875
 10
166.59603271484374
 20
81.449658203125
 10
166.7027099609375
 20
81.43125
 10
166.8017578125
 20
81.4042724609375
 10
166.8904052734375
 20
81.3672119140625
 10
166.96656494140626
 20
81.3191650390625
 10
167.02850341796875
 20
81.259814453125
 10
167.0751953125
 20
81.1894775390625
 10
167.10592041015624
 20
81.1091064453125
 10
167.120703125
 20
81.0202392578125
 10
167.1209228515625
 20
80.9250244140625
 10
167.10865478515626
 20
80.8252685546875
 10
167.08531494140624
 20
80.722607421875
 10
167.05294189453124
 20
80.6181640625
 10
167.0129638671875
 20
80.5128662109375
 10
166.96744384765626
 20
80.407275390625
 10
166.9177490234375
 20
80.301806640625
 10
166.86494140625
 20
80.1963134765625
 10
166.80936279296876
 20
80.090869140625
 10
166.75240478515624
 20
79.98544921875
 10
166.69404296875
 20
79.880029296875
 10
166.63536376953124
 20
79.7746337890625
 10
166.57596435546876
 20
79.6692138671875
 10
166.51658935546874
 20
79.563818359375
 10
166.4568603515625
 20
79.4584228515625
 10
166.39713134765626
 20
79.3530517578125
 10
166.33670654296876
 20
79.24765625
 10
166.27628173828126
 20
79.1422607421875
 10
166.2151611328125
 20
79.0368896484375
 10
166.15404052734374
 20
78.931494140625
 10
166.09222412109375
 20
78.826123046875
 10
166.03043212890626
 20
78.7207763671875
 10
165.96895751953124
 20
78.615380859375
 10
165.90853271484374
 20
78.510009765625
 10
165.8484619140625
 20
78.404638671875
 10
165.7894287109375
 20
78.29921875
 10
165.73074951171876
 20
78.1938232421875
 10
165.67274169921876
 20
78.0884033203125
 10
165.61475830078126
 20
77.9829833984375
 10
165.55606689453126
 20
77.877587890625
 10
165.49599609375
 20
77.772216796875
 10
165.4348876953125
 20
77.6668701171875
 10
165.37169189453124
 20
77.5615478515625
 10
165.30677490234376
 20
77.456201171875
 10
165.24012451171876
 20
77.3509033203125
 10
165.17208251953124
 20
77.2455810546875
 10
165.10301513671874
 20
77.1403076171875
 10
165.03289794921875
 20
77.0350341796875
 10
164.9617431640625
 20
76.9297607421875
 10
164.89058837890624
 20
76.8245361328125
 10
164.81943359375
 20
76.7192626953125
 10
164.7482666015625
 20
76.614013671875
 10
164.67713623046876
 20
76.508740234375
 10
164.60596923828126
 20
76.4034912109375
 10
164.53551025390624
 20
76.2982177734375
 10
164.46573486328126
 20
76.1929443359375
 10
164.3963134765625
 20
76.0876953125
 10
164.32725830078124
 20
75.982421875
 10
164.25853271484374
 20
75.8771484375
 10
164.19014892578124
 20
75.771875
 10
164.12213134765625
 20
75.6666015625
 10
164.0541015625
 20
75.561328125
 10
163.9860595703125
 20
75.4560302734375
 10
163.91802978515625
 20
75.3507568359375
 10
163.85
 20
75.245458984375
 10
163.78197021484374
 20
75.140185546875
 10
163.71395263671874
 20
75.0348876953125
 10
163.6458984375
 20
74.9296142578125
 10
163.57789306640626
 20
74.8243408203125
 10
163.50986328125
 20
74.7190673828125
 10
163.44183349609375
 20
74.6137939453125
 10
163.3734619140625
 20
74.5085205078125
 10
163.30474853515625
 20
74.403271484375
 10
163.2353271484375
 20
74.297998046875
 10
163.1648681640625
 20
74.1927490234375
 10
163.09305419921876
 20
74.0875244140625
 10
163.019140625
 20
73.9822998046875
 10
162.9424560546875
 20
73.8774169921875
 10
162.86298828125
 20
73.7732177734375
 10
162.77974853515624
 20
73.669970703125
 10
162.69232177734375
 20
73.5683349609375
 10
162.60040283203125
 20
73.4688720703125
 10
162.5036376953125
 20
73.3722900390625
 10
162.40240478515625
 20
73.2791259765625
 10
162.2969970703125
 20
73.1894287109375
 10
162.18743896484375
 20
73.1034912109375
 10
162.0747802734375
 20
73.02158203125
 10
161.95972900390626
 20
72.9434326171875
 10
161.8428955078125
 20
72.8687255859375
 10
161.72506103515624
 20
72.7970947265625
 10
161.60653076171874
 20
72.728564453125
 10
161.48765869140624
 20
72.6631591796875
 10
161.36878662109376
 20
72.5998779296875
 10
161.2499267578125
 20
72.53818359375
 10
161.13106689453124
 20
72.477392578125
 10
161.01221923828126
 20
72.417236328125
 10
160.89337158203125
 20
72.357373046875
 10
160.77452392578124
 20
72.2966064453125
 10
160.65567626953126
 20
72.2345703125
 10
160.53682861328124
 20
72.171923828125
 10
160.41798095703126
 20
72.1086669921875
 10
160.29913330078125
 20
72.0454345703125
 10
160.1802734375
 20
71.981884765625
 10
160.06142578125
 20
71.9179931640625
 10
159.942578125
 20
71.854736328125
 10
159.82373046875
 20
71.7921142578125
 10
159.7048828125
 20
71.730078125
 10
159.5860595703125
 20
71.6686767578125
 10
159.46722412109375
 20
71.6075927734375
 10
159.34837646484374
 20
71.5477294921875
 10
159.22955322265625
 20
71.489453125
 10
159.11072998046876
 20
71.4326904296875
 10
158.99190673828124
 20
71.377783203125
 10
158.87308349609376
 20
71.3241455078125
 10
158.7542724609375
 20
71.2717041015625
 10
158.63544921875
 20
71.2208251953125
 10
158.51666259765625
 20
71.170556640625
 10
158.39783935546876
 20
71.1203369140625
 10
158.2790283203125
 20
71.0694580078125
 10
158.16021728515625
 20
71.017041015625
 10
158.04140625
 20
70.9633544921875
 10
157.9225830078125
 20
70.9087890625
 10
157.8037841796875
 20
70.8526611328125
 10
157.6849609375
 20
70.79560546875
 10
157.56617431640626
 20
70.7379150390625
 10
157.44735107421874
 20
70.6799560546875
 10
157.3285400390625
 20
70.6228759765625
 10
157.20972900390626
 20
70.5670654296875
 10
157.09093017578124
 20
70.511865234375
 10
156.97213134765624
 20
70.45791015625
 10
156.85333251953125
 20
70.4045654296875
 10
156.73453369140626
 20
70.3518310546875
 10
156.61573486328126
 20
70.300048828125
 10
156.49696044921876
 20
70.248583984375
 10
156.37816162109374
 20
70.19677734375
 10
156.259375
 20
70.144970703125
 10
156.14058837890624
 20
70.0922607421875
 10
156.02178955078125
 20
70.038916015625
 10
155.90302734375
 20
69.9849853515625
 10
155.78421630859376
 20
69.9294921875
 10
155.6654296875
 20
69.871826171875
 10
155.54664306640626
 20
69.8123291015625
 10
155.42784423828124
 20
69.750927734375
 10
155.30906982421874
 20
69.6889404296875
 10
155.19027099609374
 20
69.6263427734375
 10
155.071484375
 20
69.5631103515625
 10
154.9527099609375
 20
69.5005126953125
 10
154.83392333984375
 20
69.43974609375
 10
154.71514892578125
 20
69.3811767578125
 10
154.59637451171875
 20
69.3253662109375
 10
154.47760009765625
 20
69.2720703125
 10
154.3588134765625
 20
69.2221435546875
 10
154.24041748046875
 20
69.1768310546875
 10
154.123046875
 20
69.136474609375
 10
154.0056884765625
 20
69.1013427734375
 10
153.89078369140626
 20
69.0720947265625
 10
153.78070068359375
 20
69.0486572265625
 10
153.66199951171876
 20
69.031494140625
 10
153.56025390625
 20
69.0197265625
 10
153.4751220703125
 20
69.0120849609375
  0
LWPOLYLINE
  5
3A
330
17
100
AcDbEntity
  8
0
100
AcDbPolyline
 90
369
 70
1
 10
238.390478515625
 20
73.6954833984375
 10
238.2039794921875
 20
73.6096435546875
 10
238.118115234375
 20
73.5733642578125
 10
238.0154296875
 20
73.530712890625
 10
237.8956787109375
 20
73.4814208984375
 10
237.7846435546875
 20
73.437939453125
 10
237.6687255859375
 20
73.39111328125
 10
237.550341796875
 20
73.3402587890625
 10
237.431982421875
 20
73.2856689453125
 10
237.312548828125
 20
73.2261474609375
 10
237.1927734375
 20
73.161962890625
 10
237.072998046875
 20
73.093115234375
 10
236.953173828125
 20
73.0202392578125
 10
236.8333984375
 20
72.94521484375
 10
236.713623046875
 20
72.869873046875
 10
236.5938232421875
 20
72.7951171875
 10
236.4740478515625
 20
72.721630859375
 10
236.3542724609375
 20
72.6496826171875
 10
236.2344970703125
 20
72.579931640625
 10
236.1147216796875
 20
72.512646484375
 10
235.994970703125
 20
72.4472412109375
 10
235.8751953125
 20
72.383056640625
 10
235.755419921875
 20
72.3195068359375
 10
235.6356689453125
 20
72.2562744140625
 10
235.5158935546875
 20
72.1936279296875
 10
235.396142578125
 20
72.1313232421875
 10
235.2763916015625
 20
72.0690185546875
 10
235.156640625
 20
72.0067138671875
 10
235.0369140625
 20
71.944384765625
 10
234.9171630859375
 20
71.8830322265625
 10
234.797412109375
 20
71.822900390625
 10
234.677685546875
 20
71.764013671875
 10
234.5578857421875
 20
71.70634765625
 10
234.4381591796875
 20
71.649951171875
 10
234.3187744140625
 20
71.594482421875
 10
234.2004150390625
 20
71.5396240234375
 10
234.0842041015625
 20
71.4837890625
 10
233.971435546875
 20
71.425439453125
 10
233.863916015625
 20
71.3630126953125
 10
233.7636962890625
 20
71.2955078125
 10
233.6732666015625
 20
71.222021484375
 10
233.594287109375
 20
71.1422119140625
 10
233.527880859375
 20
71.0557373046875
 10
233.474365234375
 20
70.963232421875
 10
233.4333984375
 20
70.8659423828125
 10
233.4039306640625
 20
70.765087890625
 10
233.384228515625
 20
70.661669921875
 10
233.371875
 20
70.556591796875
 10
233.3647216796875
 20
70.450537109375
 10
233.3607177734375
 20
70.3441162109375
 10
233.3580810546875
 20
70.2380126953125
 10
233.355517578125
 20
70.1328369140625
 10
233.3508056640625
 20
70.027685546875
 10
233.3436279296875
 20
69.924755859375
 10
233.3341064453125
 20
69.826171875
 10
233.316845703125
 20
69.719921875
 10
233.299951171875
 20
69.6288818359375
 10
233.2837646484375
 20
69.5527099609375
 10
233.2381591796875
 20
69.3875
 10
233.2381591796875
 20
66.300634765625
 10
233.091259765625
 20
66.1774169921875
 10
233.0203125
 20
66.1322509765625
 10
232.933642578125
 20
66.0859619140625
 10
232.830517578125
 20
66.0408203125
 10
232.7302734375
 20
66.018896484375
 10
232.622705078125
 20
66.0094970703125
 10
232.51025390625
 20
66.014404296875
 10
232.3953857421875
 20
66.034228515625
 10
232.2781005859375
 20
66.0649658203125
 10
232.1593994140625
 20
66.1046875
 10
232.0400634765625
 20
66.1515625
 10
231.9203369140625
 20
66.2031005859375
 10
231.800634765625
 20
66.2583740234375
 10
231.6809326171875
 20
66.3157958984375
 10
231.5612548828125
 20
66.374462890625
 10
231.441552734375
 20
66.4346923828125
 10
231.321875
 20
66.496142578125
 10
231.202197265625
 20
66.5588623046875
 10
231.0824951171875
 20
66.6228271484375
 10
230.9628173828125
 20
66.687060546875
 10
230.8431396484375
 20
66.7519287109375
 10
230.723486328125
 20
66.817431640625
 10
230.6038330078125
 20
66.8835693359375
 10
230.4841552734375
 20
66.9506103515625
 10
230.364501953125
 20
67.01826171875
 10
230.24482421875
 20
67.086865234375
 10
230.1251708984375
 20
67.15703125
 10
230.005517578125
 20
67.2281005859375
 10
229.8858642578125
 20
67.3001220703125
 10
229.7662109375
 20
67.372412109375
 10
229.6465576171875
 20
67.4444091796875
 10
229.526904296875
 20
67.515478515625
 10
229.4072509765625
 20
67.585009765625
 10
229.28759765625
 20
67.65205078125
 10
229.1679443359375
 20
67.7169189453125
 10
229.048291015625
 20
67.779931640625
 10
228.928662109375
 20
67.841357421875
 10
228.808984375
 20
67.9015625
 10
228.6893310546875
 20
67.9614501953125
 10
228.569677734375
 20
68.0213623046875
 10
228.4500244140625
 20
68.08251953125
 10
228.3303955078125
 20
68.1448974609375
 10
228.2107421875
 20
68.2078857421875
 10
228.0910888671875
 20
68.2718017578125
 10
227.971435546875
 20
68.336669921875
 10
227.8517822265625
 20
68.4024169921875
 10
227.7321533203125
 20
68.4691650390625
 10
227.6125244140625
 20
68.535888671875
 10
227.4928955078125
 20
68.6029052734375
 10
227.3732666015625
 20
68.670556640625
 10
227.2536376953125
 20
68.7382080078125
 10
227.133984375
 20
68.8058349609375
 10
227.0143798828125
 20
68.8728759765625
 10
226.8947509765625
 20
68.9395751953125
 10
226.7751220703125
 20
69.006298828125
 10
226.6555419921875
 20
69.0723876953125
 10
226.5359130859375
 20
69.137841796875
 10
226.4162841796875
 20
69.2030029296875
 10
226.2966552734375
 20
69.2681640625
 10
226.1770263671875
 20
69.333642578125
 10
226.0573974609375
 20
69.398779296875
 10
225.9377685546875
 20
69.4636474609375
 10
225.8181640625
 20
69.528466796875
 10
225.6985595703125
 20
69.593603515625
 10
225.578955078125
 20
69.6590576171875
 10
225.4593505859375
 20
69.7242431640625
 10
225.3397216796875
 20
69.789404296875
 10
225.2201171875
 20
69.8551513671875
 10
225.100537109375
 20
69.921875
 10
224.9809326171875
 20
69.9898193359375
 10
224.8613525390625
 20
70.0586669921875
 10
224.741748046875
 20
70.1290771484375
 10
224.6221435546875
 20
70.202001953125
 10
224.5025634765625
 20
70.2773681640625
 10
224.3829833984375
 20
70.355224609375
 10
224.2637451171875
 20
70.4358642578125
 10
224.1451904296875
 20
70.5196044921875
 10
224.0281005859375
 20
70.6070556640625
 10
223.9130615234375
 20
70.6978759765625
 10
223.800830078125
 20
70.791796875
 10
223.6924072265625
 20
70.8884521484375
 10
223.5892822265625
 20
70.98720703125
 10
223.490283203125
 20
71.088427734375
 10
223.3972412109375
 20
71.1892333984375
 10
223.3111328125
 20
71.2869140625
 10
223.2212158203125
 20
71.3932861328125
 10
223.1455810546875
 20
71.4849365234375
 10
223.0832275390625
 20
71.5618896484375
 10
222.94832450858127
 20
71.7288650809658
 10
219.54873203648134
 20
77.86189224909526
 10
219.485595703125
 20
78.027978515625
 10
219.4549072265625
 20
78.104541015625
 10
219.4182861328125
 20
78.1960205078125
 10
219.3767822265625
 20
78.3027099609375
 10
219.3394775390625
 20
78.401611328125
 10
219.3042236328125
 20
78.504833984375
 10
219.273876953125
 20
78.610205078125
 10
219.250830078125
 20
78.7151611328125
 10
219.2371826171875
 20
78.8199951171875
 10
219.2346923828125
 20
78.9228759765625
 10
219.2443603515625
 20
79.0215576171875
 10
219.2676025390625
 20
79.113623046875
 10
219.3051025390625
 20
79.196240234375
 10
219.356884765625
 20
79.266259765625
 10
219.4225830078125
 20
79.3212646484375
 10
219.5011474609375
 20
79.3590576171875
 10
219.591162109375
 20
79.3790771484375
 10
219.69091796875
 20
79.3822509765625
 10
219.7979736328125
 20
79.3710693359375
 10
219.9102294921875
 20
79.348974609375
 10
220.0259521484375
 20
79.32001953125
 10
220.143798828125
 20
79.2882568359375
 10
220.2626708984375
 20
79.258349609375
 10
220.3819091796875
 20
79.2337158203125
 10
220.5011474609375
 20
79.2165283203125
 10
220.62041015625
 20
79.2076904296875
 10
220.7396728515625
 20
79.2069580078125
 10
220.8589599609375
 20
79.213623046875
 10
220.9782470703125
 20
79.22587890625
 10
221.097509765625
 20
79.2412353515625
 10
221.2168212890625
 20
79.2575439453125
 10
221.3361083984375
 20
79.2728759765625
 10
221.455419921875
 20
79.285791015625
 10
221.5747314453125
 20
79.295556640625
 10
221.693994140625
 20
79.301611328125
 10
221.8133056640625
 20
79.3052001953125
 10
221.932568359375
 20
79.306884765625
 10
222.0518310546875
 20
79.307373046875
 10
222.171142578125
 20
79.3072265625
 10
222.2904052734375
 20
79.307080078125
 10
222.4096923828125
 20
79.307568359375
 10
222.5289794921875
 20
79.3093017578125
 10
222.648291015625
 20
79.3116455078125
 10
222.767578125
 20
79.3149169921875
 10
222.886865234375
 20
79.31943359375
 10
223.0061767578125
 20
79.32548828125
 10
223.1254638671875
 20
79.3334228515625
 10
223.244775390625
 20
79.3426025390625
 10
223.364111328125
 20
79.352685546875
 10
223.4833984375
 20
79.3636962890625
 10
223.6027099609375
 20
79.375634765625
 10
223.7220458984375
 20
79.3888427734375
 10
223.841015625
 20
79.4038818359375
 10
223.9593017578125
 20
79.421728515625
 10
224.0765380859375
 20
79.4445556640625
 10
224.192041015625
 20
79.4739501953125
 10
224.3051513671875
 20
79.51171875
 10
224.4147705078125
 20
79.559130859375
 10
224.519873046875
 20
79.6168212890625
 10
224.6200927734375
 20
79.684814453125
 10
224.7151123046875
 20
79.7625
 10
224.8045654296875
 20
79.848291015625
 10
224.888818359375
 20
79.940966796875
 10
224.9681884765625
 20
80.038671875
 10
225.044091796875
 20
80.139794921875
 10
225.117529296875
 20
80.243115234375
 10
225.189599609375
 20
80.347705078125
 10
225.260986328125
 20
80.4529296875
 10
225.3323486328125
 20
80.558447265625
 10
225.404052734375
 20
80.6639892578125
 10
225.4764892578125
 20
80.7695068359375
 10
225.5489013671875
 20
80.875048828125
 10
225.621337890625
 20
80.98056640625
 10
225.6930419921875
 20
81.0861083984375
 10
225.764404296875
 20
81.191650390625
 10
225.8357666015625
 20
81.2971923828125
 10
225.9074951171875
 20
81.402734375
 10
225.9799072265625
 20
81.508251953125
 10
226.0537353515625
 20
81.6137939453125
 10
226.1292724609375
 20
81.7192626953125
 10
226.207275390625
 20
81.82470703125
 10
226.2870361328125
 20
81.9301513671875
 10
226.3674560546875
 20
82.035595703125
 10
226.447900390625
 20
82.141064453125
 10
226.527294921875
 20
82.246533203125
 10
226.6046142578125
 20
82.352001953125
 10
226.6791259765625
 20
82.4574951171875
 10
226.7497802734375
 20
82.5630615234375
 10
226.8169921875
 20
82.66865234375
 10
226.8821044921875
 20
82.7739501953125
 10
226.9458251953125
 20
82.878662109375
 10
227.0098876953125
 20
82.9821044921875
 10
227.0760498046875
 20
83.0833740234375
 10
227.1453125
 20
83.181201171875
 10
227.2198486328125
 20
83.2739990234375
 10
227.3005859375
 20
83.359912109375
 10
227.3876220703125
 20
83.4376708984375
 10
227.48125
 20
83.50576171875
 10
227.5807861328125
 20
83.5629150390625
 10
227.6855712890625
 20
83.6085693359375
 10
227.7951904296875
 20
83.6423583984375
 10
227.907958984375
 20
83.6643310546875
 10
228.0224365234375
 20
83.6748046875
 10
228.1376220703125
 20
83.673486328125
 10
228.252099609375
 20
83.660400390625
 10
228.3644287109375
 20
83.6358154296875
 10
228.4729248046875
 20
83.599560546875
 10
228.5758544921875
 20
83.551513671875
 10
228.6724609375
 20
83.492041015625
 10
228.761767578125
 20
83.4218017578125
 10
228.842333984375
 20
83.3420654296875
 10
228.913818359375
 20
83.2543212890625
 10
228.9765869140625
 20
83.15986328125
 10
229.03203125
 20
83.060498046875
 10
229.08154296875
 20
82.9578125
 10
229.126171875
 20
82.852978515625
 10
229.168017578125
 20
82.7469482421875
 10
229.2102294921875
 20
82.6402587890625
 10
229.2545166015625
 20
82.533251953125
 10
229.3026123046875
 20
82.426220703125
 10
229.354931640625
 20
82.319140625
 10
229.4114013671875
 20
82.2120361328125
 10
229.4724365234375
 20
82.104833984375
 10
229.5372802734375
 20
81.9976318359375
 10
229.6042236328125
 20
81.890380859375
 10
229.6725341796875
 20
81.7831298828125
 10
229.740869140625
 20
81.6758544921875
 10
229.8092041015625
 20
81.568603515625
 10
229.8782470703125
 20
81.4613525390625
 10
229.9476318359375
 20
81.354052734375
 10
230.0173583984375
 20
81.2468017578125
 10
230.087451171875
 20
81.139501953125
 10
230.1578857421875
 20
81.0322265625
 10
230.228662109375
 20
80.924951171875
 10
230.2987548828125
 20
80.81767578125
 10
230.366748046875
 20
80.7104248046875
 10
230.4326416015625
 20
80.603173828125
 10
230.4961181640625
 20
80.4959716796875
 10
230.5578369140625
 20
80.3887451171875
 10
230.6177978515625
 20
80.281591796875
 10
230.6767333984375
 20
80.1744140625
 10
230.7356689453125
 20
80.067236328125
 10
230.7956298828125
 20
79.9600830078125
 10
230.8566650390625
 20
79.852880859375
 10
230.9194091796875
 20
79.7456787109375
 10
230.9835693359375
 20
79.6384521484375
 10
231.048779296875
 20
79.5312255859375
 10
231.114697265625
 20
79.423974609375
 10
231.180615234375
 20
79.3167236328125
 10
231.2461669921875
 20
79.2094970703125
 10
231.3110107421875
 20
79.10224609375
 10
231.374853515625
 20
78.99501953125
 10
231.4376220703125
 20
78.8878173828125
 10
231.5003662109375
 20
78.7805908203125
 10
231.5635009765625
 20
78.673388671875
 10
231.628369140625
 20
78.5661376953125
 10
231.6956787109375
 20
78.4591796875
 10
231.7671630859375
 20
78.352783203125
 10
231.843896484375
 20
78.2475830078125
 10
231.926904296875
 20
78.144189453125
 10
232.016162109375
 20
78.0431884765625
 10
232.1120849609375
 20
77.945556640625
 10
232.213916015625
 20
77.852197265625
 10
232.3213623046875
 20
77.7634033203125
 10
232.4329833984375
 20
77.679541015625
 10
232.5477783203125
 20
77.6
 10
232.6646240234375
 20
77.524462890625
 10
232.7828857421875
 20
77.4526611328125
 10
232.9018798828125
 20
77.3836181640625
 10
233.0212158203125
 20
77.31640625
 10
233.1405517578125
 20
77.2501708984375
 10
233.2598388671875
 20
77.183935546875
 10
233.3791748046875
 20
77.11796875
 10
233.498486328125
 20
77.051708984375
 10
233.617822265625
 20
76.984521484375
 10
233.737158203125
 20
76.9160888671875
 10
233.8564697265625
 20
76.8461181640625
 10
233.9758056640625
 20
76.7751953125
 10
234.0951416015625
 20
76.703955078125
 10
234.2144775390625
 20
76.6318115234375
 10
234.3338134765625
 20
76.5593505859375
 10
234.4531494140625
 20
76.4871826171875
 10
234.5724853515625
 20
76.4156494140625
 10
234.691845703125
 20
76.3453369140625
 10
234.811181640625
 20
76.2756591796875
 10
234.930517578125
 20
76.206298828125
 10
235.0498779296875
 20
76.1378662109375
 10
235.1692138671875
 20
76.0697265625
 10
235.2885986328125
 20
76.0015869140625
 10
235.4079345703125
 20
75.9337646484375
 10
235.527294921875
 20
75.865966796875
 10
235.6466552734375
 20
75.798779296875
 10
235.766015625
 20
75.731884765625
 10
235.8853515625
 20
75.664990234375
 10
236.0047119140625
 20
75.5987060546875
 10
236.124072265625
 20
75.533056640625
 10
236.2434326171875
 20
75.467724609375
 10
236.3628173828125
 20
75.4023681640625
 10
236.482177734375
 20
75.33671875
 10
236.6015625
 20
75.2716796875
 10
236.7209228515625
 20
75.207568359375
 10
236.840283203125
 20
75.144384765625
 10
236.9596923828125
 20
75.0821533203125
 10
237.079052734375
 20
75.0208251953125
 10
237.198095703125
 20
74.9610595703125
 10
237.316455078125
 20
74.9025634765625
 10
237.4333740234375
 20
74.84375
 10
237.5482177734375
 20
74.7831298828125
 10
237.6599365234375
 20
74.719091796875
 10
237.7671142578125
 20
74.6507568359375
 10
237.8679931640625
 20
74.5772216796875
 10
237.9615234375
 20
74.4975830078125
 10
238.046337890625
 20
74.412109375
 10
238.121728515625
 20
74.3205322265625
 10
238.186669921875
 20
74.2262939453125
 10
238.2407958984375
 20
74.1327880859375
 10
238.286865234375
 20
74.0288330078125
 10
238.3221435546875
 20
73.9383056640625
 10
238.3480712890625
 20
73.8618896484375
  0
LWPOLYLINE
  5
3B
330
17
100
AcDbEntity
  8
0
100
AcDbPolyline
 90
231
 70
1
 10
146.800439453125
 20
65.852001953125
 10
146.71219482421876
 20
65.854345703125
 10
146.62799072265625
 20
65.8630615234375
 10
146.54801025390626
 20
65.8782958984375
 10
146.47242431640626
 20
65.9000732421875
 10
146.40140380859376
 20
65.928466796875
 10
146.33504638671874
 20
65.9633056640625
 10
146.27342529296874
 20
66.004638671875
 10
146.21656494140626
 20
66.0521728515625
 10
146.16444091796876
 20
66.1057373046875
 10
146.1169677734375
 20
66.165087890625
 10
146.07406005859374
 20
66.2299072265625
 10
146.035546875
 20
66.2998291015625
 10
146.00125732421876
 20
66.374462890625
 10
145.97098388671876
 20
66.453466796875
 10
145.944482421875
 20
66.5364501953125
 10
145.92147216796874
 20
66.6230224609375
 10
145.9016845703125
 20
66.7127685546875
 10
145.884814453125
 20
66.805322265625
 10
145.87061767578126
 20
66.9003173828125
 10
145.85875244140624
 20
66.9973876953125
 10
145.848974609375
 20
67.0963134765625
 10
145.84100341796875
 20
67.1967041015625
 10
145.83460693359376
 20
67.2983154296875
 10
145.82952880859375
 20
67.4010009765625
 10
145.82557373046876
 20
67.504443359375
 10
145.82254638671876
 20
67.60859375
 10
145.82027587890624
 20
67.713232421875
 10
145.818603515625
 20
67.81826171875
 10
145.8174072265625
 20
67.9235595703125
 10
145.8165771484375
 20
68.0291259765625
 10
145.8160400390625
 20
68.1347900390625
 10
145.81571044921876
 20
68.2406005859375
 10
145.8155517578125
 20
68.3464599609375
 10
145.815478515625
 20
68.452392578125
 10
145.8155029296875
 20
68.558349609375
 10
145.81558837890626
 20
68.6643310546875
 10
145.81568603515626
 20
68.7703125
 10
145.81580810546876
 20
68.8762939453125
 10
145.81595458984376
 20
68.9822998046875
 10
145.8160888671875
 20
69.08828125
 10
145.8162353515625
 20
69.1942626953125
 10
145.8163818359375
 20
69.300244140625
 10
145.8165283203125
 20
69.40625
 10
145.81666259765626
 20
69.5122314453125
 10
145.81680908203126
 20
69.618212890625
 10
145.81695556640625
 20
69.72421875
 10
145.81710205078124
 20
69.83017578125
 10
145.81722412109374
 20
69.936181640625
 10
145.81737060546874
 20
70.0421630859375
 10
145.81751708984376
 20
70.14814453125
 10
145.81766357421876
 20
70.254150390625
 10
145.81781005859375
 20
70.3601318359375
 10
145.8179443359375
 20
70.4660888671875
 10
145.81810302734374
 20
70.5720947265625
 10
145.8182373046875
 20
70.678076171875
 10
145.81839599609376
 20
70.7840576171875
 10
145.8185302734375
 20
70.8900634765625
 10
145.8186767578125
 20
70.996044921875
 10
145.8188232421875
 20
71.102001953125
 10
145.8189697265625
 20
71.2080322265625
 10
145.8191162109375
 20
71.314013671875
 10
145.8192626953125
 20
71.419970703125
 10
145.8194091796875
 20
71.5259521484375
 10
145.81956787109374
 20
71.6319580078125
 10
145.8197265625
 20
71.737939453125
 10
145.81988525390625
 20
71.8439208984375
 10
145.82005615234374
 20
71.9499267578125
 10
145.82027587890624
 20
72.0558837890625
 10
145.8205322265625
 20
72.1618408203125
 10
145.8208740234375
 20
72.2678466796875
 10
145.8212890625
 20
72.3738037109375
 10
145.8218505859375
 20
72.4797119140625
 10
145.8225830078125
 20
72.5855712890625
 10
145.82354736328125
 20
72.691357421875
 10
145.8248046875
 20
72.7969482421875
 10
145.8264892578125
 20
72.902392578125
 10
145.8286376953125
 20
73.007568359375
 10
145.8313720703125
 20
73.11240234375
 10
145.8348388671875
 20
73.216748046875
 10
145.8391845703125
 20
73.32041015625
 10
145.84453125
 20
73.4233642578125
 10
145.85106201171874
 20
73.5252685546875
 10
145.858984375
 20
73.62587890625
 10
145.8684326171875
 20
73.725
 10
145.87962646484374
 20
73.822265625
 10
145.89273681640626
 20
73.917333984375
 10
145.90797119140626
 20
74.00986328125
 10
145.9255126953125
 20
74.0994384765625
 10
145.9455322265625
 20
74.185546875
 10
145.96820068359375
 20
74.2678955078125
 10
145.99366455078126
 20
74.345947265625
 10
146.0220458984375
 20
74.4192626953125
 10
146.053466796875
 20
74.4875
 10
146.08802490234376
 20
74.550146484375
 10
146.12579345703125
 20
74.60693359375
 10
146.166796875
 20
74.657470703125
 10
146.21109619140626
 20
74.7015380859375
 10
146.25865478515624
 20
74.738916015625
 10
146.3094970703125
 20
74.769482421875
 10
146.3635986328125
 20
74.7931884765625
 10
146.42086181640624
 20
74.8100341796875
 10
146.481298828125
 20
74.8200927734375
 10
146.54483642578126
 20
74.8236083984375
 10
146.61136474609376
 20
74.8208251953125
 10
146.68087158203124
 20
74.812060546875
 10
146.75325927734374
 20
74.797705078125
 10
146.82845458984374
 20
74.7781494140625
 10
146.906396484375
 20
74.75390625
 10
146.98699951171875
 20
74.725439453125
 10
147.07022705078126
 20
74.693310546875
 10
147.15596923828124
 20
74.6579345703125
 10
147.24415283203126
 20
74.619873046875
 10
147.33472900390626
 20
74.57958984375
 10
147.42760009765624
 20
74.537451171875
 10
147.52271728515626
 20
74.493896484375
 10
147.61998291015624
 20
74.44921875
 10
147.719287109375
 20
74.4037353515625
 10
147.82047119140626
 20
74.3576416015625
 10
147.9234619140625
 20
74.311083984375
 10
148.02811279296876
 20
74.2641845703125
 10
148.1342529296875
 20
74.2169677734375
 10
148.24171142578126
 20
74.1694580078125
 10
148.3503173828125
 20
74.1215576171875
 10
148.459814453125
 20
74.0731689453125
 10
148.57005615234374
 20
74.024267578125
 10
148.680712890625
 20
73.974609375
 10
148.79158935546874
 20
73.9240966796875
 10
148.90240478515625
 20
73.8724853515625
 10
149.0128662109375
 20
73.819677734375
 10
149.12269287109376
 20
73.7655029296875
 10
149.23157958984376
 20
73.7097412109375
 10
149.33922119140624
 20
73.6522705078125
 10
149.4452880859375
 20
73.59296875
 10
149.54947509765626
 20
73.531689453125
 10
149.6514892578125
 20
73.4683837890625
 10
149.75098876953126
 20
73.4029052734375
 10
149.847705078125
 20
73.3352294921875
 10
149.941357421875
 20
73.265283203125
 10
150.03167724609375
 20
73.1930419921875
 10
150.11842041015626
 20
73.118505859375
 10
150.2013916015625
 20
73.04169921875
 10
150.280419921875
 20
72.962646484375
 10
150.3553466796875
 20
72.881396484375
 10
150.4260986328125
 20
72.797998046875
 10
150.49256591796876
 20
72.7125
 10
150.55472412109376
 20
72.625
 10
150.61258544921876
 20
72.5355712890625
 10
150.6661865234375
 20
72.444384765625
 10
150.71561279296876
 20
72.35146484375
 10
150.76099853515626
 20
72.2569580078125
 10
150.8024658203125
 20
72.1609375
 10
150.840185546875
 20
72.0635986328125
 10
150.8743896484375
 20
71.9650146484375
 10
150.90526123046874
 20
71.8653076171875
 10
150.9330322265625
 20
71.764599609375
 10
150.957958984375
 20
71.6630126953125
 10
150.98026123046876
 20
71.5606201171875
 10
151.00018310546875
 20
71.457568359375
 10
151.01795654296876
 20
71.353955078125
 10
151.0337646484375
 20
71.2498291015625
 10
151.0478271484375
 20
71.1452880859375
 10
151.06033935546876
 20
71.040380859375
 10
151.07147216796875
 20
70.9352294921875
 10
151.08138427734374
 20
70.829833984375
 10
151.090185546875
 20
70.7242919921875
 10
151.0979736328125
 20
70.6186279296875
 10
151.104833984375
 20
70.512841796875
 10
151.1108154296875
 20
70.40703125
 10
151.11597900390626
 20
70.3011962890625
 10
151.12027587890626
 20
70.1953857421875
 10
151.12374267578124
 20
70.0896240234375
 10
151.12630615234374
 20
69.9840087890625
 10
151.1279052734375
 20
69.878515625
 10
151.12845458984376
 20
69.7731689453125
 10
151.12781982421876
 20
69.6680908203125
 10
151.12591552734375
 20
69.563330078125
 10
151.12249755859375
 20
69.458935546875
 10
151.1174560546875
 20
69.35498046875
 10
151.11055908203124
 20
69.2515869140625
 10
151.1015869140625
 20
69.1488525390625
 10
151.09029541015624
 20
69.046875
 10
151.07645263671876
 20
68.945751953125
 10
151.05980224609374
 20
68.84560546875
 10
151.0400634765625
 20
68.746533203125
 10
151.01700439453126
 20
68.648681640625
 10
150.9903564453125
 20
68.5521728515625
 10
150.9598876953125
 20
68.457080078125
 10
150.92535400390625
 20
68.3635498046875
 10
150.88658447265624
 20
68.2716064453125
 10
150.843408203125
 20
68.1814697265625
 10
150.79569091796876
 20
68.09306640625
 10
150.7433349609375
 20
68.00654296875
 10
150.686279296875
 20
67.9218505859375
 10
150.62449951171874
 20
67.839111328125
 10
150.55804443359375
 20
67.758251953125
 10
150.486962890625
 20
67.6792724609375
 10
150.41138916015626
 20
67.602099609375
 10
150.33143310546876
 20
67.526708984375
 10
150.24730224609374
 20
67.453076171875
 10
150.15919189453126
 20
67.3810302734375
 10
150.0673583984375
 20
67.310546875
 10
149.97203369140624
 20
67.241455078125
 10
149.87349853515624
 20
67.1737060546875
 10
149.77205810546874
 20
67.10712890625
 10
149.66795654296874
 20
67.0416748046875
 10
149.56151123046874
 20
66.9772216796875
 10
149.452978515625
 20
66.913623046875
 10
149.34261474609374
 20
66.8508544921875
 10
149.23072509765626
 20
66.7888427734375
 10
149.11751708984374
 20
66.7275146484375
 10
149.0031982421875
 20
66.6669189453125
 10
148.888037109375
 20
66.60703125
 10
148.77220458984374
 20
66.5478759765625
 10
148.65589599609376
 20
66.489501953125
 10
148.539306640625
 20
66.432080078125
 10
148.42261962890626
 20
66.3757080078125
 10
148.306005859375
 20
66.3206298828125
 10
148.1896484375
 20
66.266943359375
 10
148.07371826171874
 20
66.2150634765625
 10
147.95843505859375
 20
66.1651611328125
 10
147.84400634765626
 20
66.1176025390625
 10
147.7306396484375
 20
66.072705078125
 10
147.6185546875
 20
66.030859375
 10
147.5080078125
 20
65.9925048828125
 10
147.399267578125
 20
65.9578857421875
 10
147.2926025390625
 20
65.9275146484375
 10
147.1883056640625
 20
65.901806640625
 10
147.08665771484374
 20
65.8810302734375
 10
146.987939453125
 20
65.8656005859375
 10
146.892431640625
 20
65.8558349609375
  0
LWPOLYLINE
  5
3C
330
17
100
AcDbEntity
  8
0
100
AcDbPolyline
 90
243
 70
1
 10
239.7589111328125
 20
62.440771484375
 10
239.6918212890625
 20
62.406005859375
 10
239.6202392578125
 20
62.37802734375
 10
239.544140625
 20
62.3567626953125
 10
239.463720703125
 20
62.3423583984375
 10
239.37919921875
 20
62.3347412109375
 10
239.2907470703125
 20
62.333740234375
 10
239.198681640625
 20
62.339306640625
 10
239.10322265625
 20
62.3510986328125
 10
239.0047119140625
 20
62.3689208984375
 10
238.9034423828125
 20
62.392431640625
 10
238.799658203125
 20
62.4212646484375
 10
238.69375
 20
62.455126953125
 10
238.5859619140625
 20
62.49345703125
 10
238.476611328125
 20
62.5360107421875
 10
238.3659423828125
 20
62.5823486328125
 10
238.25419921875
 20
62.6319580078125
 10
238.1415771484375
 20
62.684521484375
 10
238.028369140625
 20
62.7396728515625
 10
237.9147216796875
 20
62.7969970703125
 10
237.80078125
 20
62.85625
 10
237.6866943359375
 20
62.91708984375
 10
237.5725830078125
 20
62.979248046875
 10
237.45859375
 20
63.042529296875
 10
237.3447998046875
 20
63.10673828125
 10
237.2313232421875
 20
63.1717529296875
 10
237.1182373046875
 20
63.23740234375
 10
237.0056396484375
 20
63.303662109375
 10
236.893701171875
 20
63.3704833984375
 10
236.7824951171875
 20
63.4378173828125
 10
236.672265625
 20
63.5057373046875
 10
236.563037109375
 20
63.574169921875
 10
236.4551513671875
 20
63.6432373046875
 10
236.34873046875
 20
63.71298828125
 10
236.2440185546875
 20
63.78349609375
 10
236.1412841796875
 20
63.8548583984375
 10
236.0407470703125
 20
63.927197265625
 10
235.9427490234375
 20
64.0005126953125
 10
235.8475830078125
 20
64.075048828125
 10
235.755517578125
 20
64.1508056640625
 10
235.6668701171875
 20
64.2279052734375
 10
235.5819091796875
 20
64.3064697265625
 10
235.5009033203125
 20
64.3864501953125
 10
235.4240966796875
 20
64.468017578125
 10
235.3516845703125
 20
64.551171875
 10
235.2839111328125
 20
64.6359375
 10
235.2207763671875
 20
64.72236328125
 10
235.1625244140625
 20
64.81044921875
 10
235.1090576171875
 20
64.9001220703125
 10
235.0604736328125
 20
64.99140625
 10
235.0166259765625
 20
65.08427734375
 10
234.97744140625
 20
65.1785888671875
 10
234.9428466796875
 20
65.27431640625
 10
234.9125732421875
 20
65.37138671875
 10
234.8864013671875
 20
65.4696533203125
 10
234.864111328125
 20
65.5690673828125
 10
234.8454345703125
 20
65.66953125
 10
234.830078125
 20
65.770947265625
 10
234.8177001953125
 20
65.8731689453125
 10
234.80810546875
 20
65.9761474609375
 10
234.8009521484375
 20
66.0797607421875
 10
234.7959716796875
 20
66.183935546875
 10
234.7928955078125
 20
66.2885498046875
 10
234.79150390625
 20
66.3935791015625
 10
234.7915771484375
 20
66.498876953125
 10
234.7929443359375
 20
66.6044677734375
 10
234.79541015625
 20
66.71025390625
 10
234.7989013671875
 20
66.8162353515625
 10
234.803271484375
 20
66.922314453125
 10
234.8084716796875
 20
67.0284912109375
 10
234.8144287109375
 20
67.134716796875
 10
234.82109375
 20
67.241015625
 10
234.828515625
 20
67.347314453125
 10
234.836669921875
 20
67.45361328125
 10
234.845556640625
 20
67.5599365234375
 10
234.855224609375
 20
67.66630859375
 10
234.86572265625
 20
67.7726318359375
 10
234.87705078125
 20
67.878955078125
 10
234.8893798828125
 20
67.9852294921875
 10
234.902734375
 20
68.09150390625
 10
234.9171875
 20
68.197705078125
 10
234.9328125
 20
68.3038818359375
 10
234.949755859375
 20
68.410009765625
 10
234.9681396484375
 20
68.5159912109375
 10
234.988134765625
 20
68.621875
 10
235.0097900390625
 20
68.727587890625
 10
235.0333251953125
 20
68.833154296875
 10
235.058935546875
 20
68.938427734375
 10
235.0867919921875
 20
69.0433837890625
 10
235.1170654296875
 20
69.1480224609375
 10
235.149951171875
 20
69.2521728515625
 10
235.18564453125
 20
69.3557861328125
 10
235.224365234375
 20
69.458740234375
 10
235.266259765625
 20
69.5610107421875
 10
235.311572265625
 20
69.662451171875
 10
235.360400390625
 20
69.762939453125
 10
235.4129638671875
 20
69.8623779296875
 10
235.4693115234375
 20
69.9606201171875
 10
235.52958984375
 20
70.0575439453125
 10
235.593798828125
 20
70.153125
 10
235.662060546875
 20
70.24716796875
 10
235.73427734375
 20
70.339599609375
 10
235.8104736328125
 20
70.4303466796875
 10
235.8905517578125
 20
70.5193115234375
 10
235.9744384765625
 20
70.6064697265625
 10
236.0618896484375
 20
70.69169921875
 10
236.1528564453125
 20
70.775
 10
236.2470947265625
 20
70.856298828125
 10
236.3444091796875
 20
70.9356689453125
 10
236.4445068359375
 20
71.0130615234375
 10
236.54716796875
 20
71.0885009765625
 10
236.652197265625
 20
71.1619873046875
 10
236.759228515625
 20
71.233544921875
 10
236.8680908203125
 20
71.30322265625
 10
236.978466796875
 20
71.3710693359375
 10
237.090185546875
 20
71.4370849609375
 10
237.2029541015625
 20
71.501318359375
 10
237.3165771484375
 20
71.563720703125
 10
237.4308837890625
 20
71.6243408203125
 10
237.545654296875
 20
71.6831787109375
 10
237.6607177734375
 20
71.7401123046875
 10
237.775927734375
 20
71.7951416015625
 10
237.891162109375
 20
71.8481201171875
 10
238.006298828125
 20
71.898974609375
 10
238.12119140625
 20
71.94755859375
 10
238.2357666015625
 20
71.99365234375
 10
238.3498291015625
 20
72.037109375
 10
238.46337890625
 20
72.0776611328125
 10
238.5762451171875
 20
72.115087890625
 10
238.68828125
 20
72.1490966796875
 10
238.7994384765625
 20
72.1794189453125
 10
238.90947265625
 20
72.2058349609375
 10
239.018359375
 20
72.2279541015625
 10
239.1257568359375
 20
72.245556640625
 10
239.231591796875
 20
72.2582763671875
 10
239.3355224609375
 20
72.2659912109375
 10
239.437353515625
 20
72.2683349609375
 10
239.53681640625
 20
72.265185546875
 10
239.633642578125
 20
72.256298828125
 10
239.7275146484375
 20
72.241552734375
 10
239.818115234375
 20
72.2208740234375
 10
239.9052001953125
 20
72.19423828125
 10
239.9884033203125
 20
72.1616455078125
 10
240.06748046875
 20
72.123095703125
 10
240.1421142578125
 20
72.0786865234375
 10
240.2120361328125
 20
72.0286376953125
 10
240.27705078125
 20
71.9730712890625
 10
240.3370361328125
 20
71.9121826171875
 10
240.391748046875
 20
71.8463134765625
 10
240.441162109375
 20
71.77568359375
 10
240.485205078125
 20
71.700634765625
 10
240.5239501953125
 20
71.621484375
 10
240.557421875
 20
71.5385986328125
 10
240.5857666015625
 20
71.4522705078125
 10
240.609130859375
 20
71.362890625
 10
240.6278076171875
 20
71.27080078125
 10
240.642041015625
 20
71.17626953125
 10
240.6521728515625
 20
71.0796630859375
 10
240.658544921875
 20
70.9812255859375
 10
240.661572265625
 20
70.8812255859375
 10
240.661669921875
 20
70.7799560546875
 10
240.6592041015625
 20
70.677587890625
 10
240.65458984375
 20
70.5742919921875
 10
240.648291015625
 20
70.4702880859375
 10
240.640625
 20
70.3656982421875
 10
240.6320068359375
 20
70.2606201171875
 10
240.62275390625
 20
70.1552001953125
 10
240.6132568359375
 20
70.0495361328125
 10
240.6037353515625
 20
69.943603515625
 10
240.5943603515625
 20
69.837548828125
 10
240.5854248046875
 20
69.731396484375
 10
240.5769775390625
 20
69.625146484375
 10
240.5692138671875
 20
69.5188232421875
 10
240.56220703125
 20
69.4124755859375
 10
240.555908203125
 20
69.306103515625
 10
240.5504150390625
 20
69.1996826171875
 10
240.545654296875
 20
69.09326171875
 10
240.541552734375
 20
68.98681640625
 10
240.538134765625
 20
68.88037109375
 10
240.5351806640625
 20
68.7739013671875
 10
240.532666015625
 20
68.6674560546875
 10
240.530517578125
 20
68.560986328125
 10
240.5285888671875
 20
68.4545654296875
 10
240.5267822265625
 20
68.348095703125
 10
240.525
 20
68.241650390625
 10
240.5231689453125
 20
68.13515625
 10
240.5212158203125
 20
68.0286865234375
 10
240.5191162109375
 20
67.9222412109375
 10
240.516748046875
 20
67.815771484375
 10
240.514111328125
 20
67.709326171875
 10
240.511181640625
 20
67.602880859375
 10
240.50791015625
 20
67.4964599609375
 10
240.504296875
 20
67.389990234375
 10
240.5003662109375
 20
67.2835693359375
 10
240.49609375
 20
67.177099609375
 10
240.491552734375
 20
67.0706787109375
 10
240.4867431640625
 20
66.9642333984375
 10
240.481689453125
 20
66.8578369140625
 10
240.476416015625
 20
66.751416015625
 10
240.47099609375
 20
66.644970703125
 10
240.4653564453125
 20
66.53857421875
 10
240.4596435546875
 20
66.43212890625
 10
240.4538330078125
 20
66.3257080078125
 10
240.4479248046875
 20
66.2193115234375
 10
240.4419677734375
 20
66.112890625
 10
240.4359619140625
 20
66.006494140625
 10
240.4299560546875
 20
65.9000732421875
 10
240.42392578125
 20
65.79365234375
 10
240.4178955078125
 20
65.6872314453125
 10
240.4118408203125
 20
65.5808349609375
 10
240.4057861328125
 20
65.4744384765625
 10
240.3997314453125
 20
65.3679931640625
 10
240.393701171875
 20
65.2615966796875
 10
240.387646484375
 20
65.1552001953125
 10
240.381591796875
 20
65.0488037109375
 10
240.37548828125
 20
64.942431640625
 10
240.3694091796875
 20
64.8360595703125
 10
240.36328125
 20
64.7297607421875
 10
240.357080078125
 20
64.62353515625
 10
240.3508056640625
 20
64.517431640625
 10
240.3443115234375
 20
64.4114501953125
 10
240.337646484375
 20
64.3057373046875
 10
240.3306884765625
 20
64.2002685546875
 10
240.32333984375
 20
64.09521484375
 10
240.315380859375
 20
63.990625
 10
240.306787109375
 20
63.8866943359375
 10
240.297314453125
 20
63.7835693359375
 10
240.2867431640625
 20
63.6814697265625
 10
240.2749267578125
 20
63.5805908203125
 10
240.2615478515625
 20
63.4812255859375
 10
240.2463623046875
 20
63.38359375
 10
240.2290771484375
 20
63.2880615234375
 10
240.209423828125
 20
63.194970703125
 10
240.187109375
 20
63.1046630859375
 10
240.1617919921875
 20
63.017529296875
 10
240.1332275390625
 20
62.9339599609375
 10
240.10107421875
 20
62.8543701171875
 10
240.06513671875
 20
62.7791748046875
 10
240.0251220703125
 20
62.7087158203125
 10
239.9809326171875
 20
62.6434814453125
 10
239.93232421875
 20
62.583740234375
 10
239.8791259765625
 20
62.5298583984375
 10
239.821337890625
 20
62.48212890625
  0
LWPOLYLINE
  5
3D
330
17
100
AcDbEntity
  8
0
100
AcDbPolyline
 90
435
 70
1
 10
188.350439453125
 20
60.009228515625
 10
188.1651611328125
 20
60.0557373046875
 10
188.07984619140626
 20
60.0846435546875
 10
187.97786865234374
 20
60.123974609375
 10
187.85889892578126
 20
60.1752685546875
 10
187.74862060546874
 20
60.235107421875
 10
187.63349609375
 20
60.3055419921875
 10
187.51597900390624
 20
60.3856201171875
 10
187.39844970703126
 20
60.473779296875
 10
187.2802490234375
 20
60.5687255859375
 10
187.16239013671876
 20
60.668603515625
 10
187.04556884765626
 20
60.7716064453125
 10
186.9301513671875
 20
60.8760498046875
 10
186.81646728515625
 20
60.980859375
 10
186.7048828125
 20
61.085009765625
 10
186.5957275390625
 20
61.187890625
 10
186.48829345703126
 20
61.2888916015625
 10
186.3819091796875
 20
61.3876953125
 10
186.27586669921874
 20
61.4849853515625
 10
186.16981201171876
 20
61.5813232421875
 10
186.06341552734375
 20
61.6770263671875
 10
185.95633544921876
 20
61.7724365234375
 10
185.8482177734375
 20
61.8678955078125
 10
185.74010009765624
 20
61.963623046875
 10
185.63336181640625
 20
62.0596435546875
 10
185.52974853515624
 20
62.1547119140625
 10
185.42926025390625
 20
62.2491455078125
 10
185.333984375
 20
62.341015625
 10
185.24599609375
 20
62.4284423828125
 10
185.15765380859375
 20
62.5220947265625
 10
185.0842041015625
 20
62.601953125
 10
185.0246337890625
 20
62.668310546875
 10
184.9027301764794
 20
62.81222050494248
 10
183.23470453195065
 20
64.3141175412687
 10
183.12381591796876
 20
64.4281982421875
 10
183.0697509765625
 20
64.4812255859375
 10
183.00357666015626
 20
64.5451904296875
 10
182.92490234375
 20
64.6204833984375
 10
182.8483154296875
 20
64.6913818359375
 10
182.76688232421876
 20
64.7660888671875
 10
182.68231201171875
 20
64.843310546875
 10
182.59638671875
 20
64.9217529296875
 10
182.5097412109375
 20
65.002392578125
 10
182.42275390625
 20
65.0842529296875
 10
182.3354248046875
 20
65.16767578125
 10
182.24742431640624
 20
65.2532958984375
 10
182.1580078125
 20
65.3416748046875
 10
182.0665283203125
 20
65.43291015625
 10
181.97230224609376
 20
65.5269287109375
 10
181.8742431640625
 20
65.6238037109375
 10
181.77237548828126
 20
65.723779296875
 10
181.66702880859376
 20
65.8262939453125
 10
181.55858154296874
 20
65.93037109375
 10
181.44803466796876
 20
66.0351318359375
 10
181.33646240234376
 20
66.1398681640625
 10
181.22523193359376
 20
66.2439697265625
 10
181.1157470703125
 20
66.346533203125
 10
181.0090087890625
 20
66.4466064453125
 10
180.9053955078125
 20
66.543505859375
 10
180.8052734375
 20
66.6375732421875
 10
180.70860595703124
 20
66.7288330078125
 10
180.6154052734375
 20
66.8172607421875
 10
180.5249755859375
 20
66.902880859375
 10
180.43662109375
 20
66.9865966796875
 10
180.34967041015625
 20
67.069384765625
 10
180.2634033203125
 20
67.1521728515625
 10
180.17713623046876
 20
67.2349365234375
 10
180.09019775390624
 20
67.3186279296875
 10
180.00185546875
 20
67.4042236328125
 10
179.91142578125
 20
67.492626953125
 10
179.8182373046875
 20
67.5838623046875
 10
179.72193603515626
 20
67.677880859375
 10
179.6228515625
 20
67.7747314453125
 10
179.5213623046875
 20
67.8743896484375
 10
179.41776123046876
 20
67.975927734375
 10
179.31279296875
 20
68.0783935546875
 10
179.2078369140625
 20
68.1808837890625
 10
179.10426025390626
 20
68.28271484375
 10
179.00242919921874
 20
68.3833251953125
 10
178.9026611328125
 20
68.4820068359375
 10
178.8056640625
 20
68.579150390625
 10
178.7121337890625
 20
68.6753173828125
 10
178.62208251953126
 20
68.7711181640625
 10
178.53515625
 20
68.8671875
 10
178.4513671875
 20
68.9641357421875
 10
178.37205810546874
 20
69.0626220703125
 10
178.2979736328125
 20
69.1632080078125
 10
178.22874755859374
 20
69.2656005859375
 10
178.1643798828125
 20
69.3694580078125
 10
178.1052001953125
 20
69.47451171875
 10
178.05194091796875
 20
69.580419921875
 10
178.0042236328125
 20
69.6869140625
 10
177.9606689453125
 20
69.7936279296875
 10
177.9202392578125
 20
69.900341796875
 10
177.8829345703125
 20
70.006982421875
 10
177.84805908203126
 20
70.1136474609375
 10
177.8149169921875
 20
70.220263671875
 10
177.78211669921876
 20
70.3268310546875
 10
177.74930419921876
 20
70.433447265625
 10
177.71650390625
 20
70.540087890625
 10
177.68370361328124
 20
70.6467041015625
 10
177.65091552734376
 20
70.7532958984375
 10
177.61846923828125
 20
70.859912109375
 10
177.5863525390625
 20
70.9665283203125
 10
177.55494384765626
 20
71.073095703125
 10
177.52457275390626
 20
71.1796875
 10
177.4955810546875
 20
71.2862548828125
 10
177.4679931640625
 20
71.3927978515625
 10
177.44110107421875
 20
71.4993408203125
 10
177.41422119140626
 20
71.6058837890625
 10
177.38765869140624
 20
71.7124267578125
 10
177.3617919921875
 20
71.8189453125
 10
177.3359375
 20
71.9254638671875
 10
177.30938720703125
 20
72.0320068359375
 10
177.28248291015626
 20
72.1385498046875
 10
177.25557861328124
 20
72.2450927734375
 10
177.22901611328126
 20
72.351611328125
 10
177.2021240234375
 20
72.458154296875
 10
177.17418212890624
 20
72.5647216796875
 10
177.14554443359376
 20
72.6712646484375
 10
177.1165771484375
 20
72.77783203125
 10
177.08653564453124
 20
72.884423828125
 10
177.0558349609375
 20
72.9909912109375
 10
177.02442626953126
 20
73.0975830078125
 10
176.99266357421874
 20
73.2041748046875
 10
176.96090087890624
 20
73.3107666015625
 10
176.92950439453125
 20
73.4173583984375
 10
176.8984375
 20
73.52392578125
 10
176.86806640625
 20
73.630517578125
 10
176.8376953125
 20
73.7370849609375
 10
176.80767822265625
 20
73.8436279296875
 10
176.7783447265625
 20
73.9501708984375
 10
176.74970703125
 20
74.05673828125
 10
176.72108154296876
 20
74.1633056640625
 10
176.6927978515625
 20
74.2698486328125
 10
176.66522216796875
 20
74.3763916015625
 10
176.63900146484374
 20
74.4829345703125
 10
176.6138427734375
 20
74.589453125
 10
176.58902587890626
 20
74.695947265625
 10
176.56490478515624
 20
74.8024658203125
 10
176.5421630859375
 20
74.908935546875
 10
176.52044677734375
 20
75.0154052734375
 10
176.49945068359375
 20
75.121875
 10
176.4784423828125
 20
75.228369140625
 10
176.4571044921875
 20
75.334814453125
 10
176.4361083984375
 20
75.4412841796875
 10
176.41475830078124
 20
75.5477783203125
 10
176.39237060546876
 20
75.654248046875
 10
176.36859130859375
 20
75.7607177734375
 10
176.3427490234375
 20
75.8672607421875
 10
176.31514892578124
 20
75.9738037109375
 10
176.2861572265625
 20
76.0803466796875
 10
176.25509033203124
 20
76.1869384765625
 10
176.22264404296874
 20
76.2935302734375
 10
176.18951416015625
 20
76.4001220703125
 10
176.1563720703125
 20
76.5067138671875
 10
176.12496337890624
 20
76.61328125
 10
176.09632568359376
 20
76.71982421875
 10
176.0715087890625
 20
76.8263427734375
 10
176.05224609375
 20
76.932763671875
 10
176.03956298828126
 20
77.03916015625
 10
176.03486328125
 20
77.145458984375
 10
176.03985595703125
 20
77.2513427734375
 10
176.05562744140624
 20
77.3561767578125
 10
176.0828125
 20
77.459326171875
 10
176.1224853515625
 20
77.5598876953125
 10
176.175
 20
77.6565673828125
 10
176.23997802734374
 20
77.7481689453125
 10
176.31640625
 20
77.8334716796875
 10
176.4025390625
 20
77.911865234375
 10
176.49627685546875
 20
77.983642578125
 10
176.5958984375
 20
78.0489013671875
 10
176.6989990234375
 20
78.108544921875
 10
176.80345458984374
 20
78.1641357421875
 10
176.9086181640625
 20
78.2172607421875
 10
177.01414794921874
 20
78.2691650390625
 10
177.12000732421876
 20
78.321044921875
 10
177.2265625
 20
78.3732177734375
 10
177.33416748046875
 20
78.426611328125
 10
177.44351806640626
 20
78.4812255859375
 10
177.5552734375
 20
78.537060546875
 10
177.6691162109375
 20
78.5941162109375
 10
177.7846923828125
 20
78.6530029296875
 10
177.9016845703125
 20
78.7137451171875
 10
178.01971435546875
 20
78.7763427734375
 10
178.13841552734374
 20
78.840478515625
 10
178.25748291015626
 20
78.90615234375
 10
178.3765625
 20
78.97275390625
 10
178.4956298828125
 20
79.0393310546875
 10
178.6147216796875
 20
79.1047119140625
 10
178.7337890625
 20
79.1678955078125
 10
178.8528564453125
 20
79.2286376953125
 10
178.97193603515626
 20
79.2868896484375
 10
179.0909912109375
 20
79.3426513671875
 10
179.21005859375
 20
79.3959228515625
 10
179.3291259765625
 20
79.447705078125
 10
179.44818115234375
 20
79.498828125
 10
179.56722412109374
 20
79.549951171875
 10
179.68631591796876
 20
79.6016845703125
 10
179.80538330078124
 20
79.6540771484375
 10
179.92447509765626
 20
79.7067626953125
 10
180.04354248046874
 20
79.7603271484375
 10
180.16260986328126
 20
79.8142578125
 10
180.28170166015624
 20
79.8681884765625
 10
180.40078125
 20
79.9223876953125
 10
180.51986083984374
 20
79.9766357421875
 10
180.63895263671876
 20
80.0305419921875
 10
180.75804443359374
 20
80.0847900390625
 10
180.8771240234375
 20
80.1386962890625
 10
180.9962158203125
 20
80.192626953125
 10
181.1153076171875
 20
80.246240234375
 10
181.23438720703126
 20
80.2992431640625
 10
181.35347900390624
 20
80.3512939453125
 10
181.47255859375
 20
80.4027587890625
 10
181.59163818359374
 20
80.4526611328125
 10
181.71072998046876
 20
80.5010009765625
 10
181.82982177734374
 20
80.547509765625
 10
181.94891357421875
 20
80.5921630859375
 10
182.06798095703124
 20
80.6340087890625
 10
182.18707275390625
 20
80.6727783203125
 10
182.30615234375
 20
80.7074951171875
 10
182.4248779296875
 20
80.738232421875
 10
182.5425537109375
 20
80.7646240234375
 10
182.6602294921875
 20
80.7854248046875
 10
182.7754638671875
 20
80.8004150390625
 10
182.88582763671874
 20
80.81015625
 10
183.00487060546874
 20
80.812060546875
 10
183.10689697265624
 20
80.8110595703125
 10
183.1922607421875
 20
80.8077392578125
 10
183.3775725835345
 20
80.78890527269364
 10
188.02030286290204
 20
80.7078661142231
 10
188.20565185546874
 20
80.654931640625
 10
188.29102783203126
 20
80.6323974609375
 10
188.39306640625
 20
80.606005859375
 10
188.5121337890625
 20
80.5757080078125
 10
188.62252197265624
 20
80.5495361328125
 10
188.73775634765624
 20
80.5220458984375
 10
188.85540771484375
 20
80.4927001953125
 10
188.97308349609375
 20
80.461474609375
 10
189.09144287109376
 20
80.4268798828125
 10
189.20946044921874
 20
80.3879150390625
 10
189.32642822265626
 20
80.3433837890625
 10
189.44166259765626
 20
80.2917724609375
 10
189.5544189453125
 20
80.232421875
 10
189.6636962890625
 20
80.1654052734375
 10
189.76812744140625
 20
80.0903564453125
 10
189.86732177734376
 20
80.0076416015625
 10
189.96063232421875
 20
79.9181640625
 10
190.04696044921874
 20
79.8228759765625
 10
190.1263671875
 20
79.7233154296875
 10
190.1984619140625
 20
79.620751953125
 10
190.2635986328125
 20
79.5160888671875
 10
190.32320556640624
 20
79.4102294921875
 10
190.37724609375
 20
79.3038330078125
 10
190.4264404296875
 20
79.19716796875
 10
190.47247314453125
 20
79.09052734375
 10
190.51572265625
 20
78.9839111328125
 10
190.55726318359376
 20
78.8773193359375
 10
190.59776611328124
 20
78.770751953125
 10
190.6365234375
 20
78.6641845703125
 10
190.67423095703126
 20
78.5576416015625
 10
190.7112548828125
 20
78.4510986328125
 10
190.7465576171875
 20
78.344580078125
 10
190.78009033203125
 20
78.2380615234375
 10
190.8115478515625
 20
78.1316162109375
 10
190.84056396484374
 20
78.025146484375
 10
190.86822509765625
 20
77.918701171875
 10
190.89412841796874
 20
77.812255859375
 10
190.91795654296874
 20
77.7058837890625
 10
190.94073486328125
 20
77.599462890625
 10
190.9631591796875
 20
77.493115234375
 10
190.9859375
 20
77.38671875
 10
191.009765625
 20
77.280322265625
 10
191.03428955078124
 20
77.1739501953125
 10
191.06019287109376
 20
77.0675048828125
 10
191.08818359375
 20
76.96103515625
 10
191.117578125
 20
76.85458984375
 10
191.14801025390625
 20
76.7481201171875
 10
191.1791259765625
 20
76.6416259765625
 10
191.2105712890625
 20
76.53515625
 10
191.2423828125
 20
76.428662109375
 10
191.27421875
 20
76.3221435546875
 10
191.30567626953126
 20
76.215673828125
 10
191.3375
 20
76.1091796875
 10
191.3696533203125
 20
76.002685546875
 10
191.40216064453125
 20
75.89619140625
 10
191.43502197265624
 20
75.789697265625
 10
191.46785888671874
 20
75.6831787109375
 10
191.50069580078124
 20
75.57666015625
 10
191.5335693359375
 20
75.4701416015625
 10
191.56607666015626
 20
75.3636474609375
 10
191.5978759765625
 20
75.2571533203125
 10
191.62867431640626
 20
75.1506591796875
 10
191.6583984375
 20
75.044189453125
 10
191.6877685546875
 20
74.9377197265625
 10
191.71644287109376
 20
74.8312744140625
 10
191.74410400390624
 20
74.7248291015625
 10
191.770703125
 20
74.618408203125
 10
191.79696044921874
 20
74.511962890625
 10
191.82357177734374
 20
74.4054931640625
 10
191.85018310546874
 20
74.299072265625
 10
191.8764404296875
 20
74.1926513671875
 10
191.9030517578125
 20
74.086181640625
 10
191.9306884765625
 20
73.979736328125
 10
191.95904541015625
 20
73.873291015625
 10
191.98773193359375
 20
73.7668212890625
 10
192.01641845703125
 20
73.6603759765625
 10
192.04580078125
 20
73.5538818359375
 10
192.07552490234374
 20
73.447412109375
 10
192.1049072265625
 20
73.3409423828125
 10
192.13326416015624
 20
73.2344482421875
 10
192.1609130859375
 20
73.1280029296875
 10
192.18717041015626
 20
73.02158203125
 10
192.21097412109376
 20
72.9151611328125
 10
192.23101806640625
 20
72.8088134765625
 10
192.2468505859375
 20
72.7024658203125
 10
192.2578125
 20
72.5962158203125
 10
192.26322021484376
 20
72.489990234375
 10
192.26204833984374
 20
72.383837890625
 10
192.2542724609375
 20
72.277783203125
 10
192.24058837890624
 20
72.1718017578125
 10
192.2216796875
 20
72.0658203125
 10
192.1979248046875
 20
71.9599365234375
 10
192.17069091796876
 20
71.8540771484375
 10
192.14102783203126
 20
71.7482666015625
 10
192.10997314453124
 20
71.642431640625
 10
192.07823486328124
 20
71.5366455078125
 10
192.04649658203124
 20
71.4308349609375
 10
192.01544189453125
 20
71.3250244140625
 10
191.98543701171874
 20
71.2192138671875
 10
191.95577392578124
 20
71.1134033203125
 10
191.92681884765625
 20
71.007568359375
 10
191.89853515625
 20
70.9017333984375
 10
191.87095947265624
 20
70.7958740234375
 10
191.84337158203124
 20
70.6900146484375
 10
191.81512451171875
 20
70.5842041015625
 10
191.78614501953126
 20
70.4783447265625
 10
191.7568359375
 20
70.372509765625
 10
191.72647705078126
 20
70.26669921875
 10
191.6950927734375
 20
70.160888671875
 10
191.66265869140625
 20
70.055126953125
 10
191.62950439453124
 20
69.9493408203125
 10
191.5956787109375
 20
69.8435791015625
 10
191.56114501953124
 20
69.7378173828125
 10
191.52593994140625
 20
69.6320556640625
 10
191.49036865234376
 20
69.526318359375
 10
191.4544677734375
 20
69.4205810546875
 10
191.41820068359374
 20
69.3148193359375
 10
191.38160400390626
 20
69.2090576171875
 10
191.3453369140625
 20
69.1033203125
 10
191.30943603515624
 20
68.9975830078125
 10
191.2738525390625
 20
68.8918212890625
 10
191.2386474609375
 20
68.7860595703125
 10
191.20377197265626
 20
68.6802978515625
 10
191.16923828125
 20
68.5745361328125
 10
191.13505859375
 20
68.4687744140625
 10
191.10123291015626
 20
68.3630126953125
 10
191.0677490234375
 20
68.2572265625
 10
191.03463134765624
 20
68.15146484375
 10
191.00184326171876
 20
68.0456787109375
 10
190.9697509765625
 20
67.939892578125
 10
190.93836669921876
 20
67.8341064453125
 10
190.90767822265624
 20
67.7282958984375
 10
190.87696533203126
 20
67.6224853515625
 10
190.84627685546874
 20
67.5166748046875
 10
190.81556396484376
 20
67.410888671875
 10
190.78487548828124
 20
67.305078125
 10
190.75313720703124
 20
67.1992919921875
 10
190.72034912109376
 20
67.0935302734375
 10
190.68651123046874
 20
66.987744140625
 10
190.65198974609376
 20
66.8820068359375
 10
190.61678466796874
 20
66.7762451171875
 10
190.5808837890625
 20
66.6704833984375
 10
190.54427490234374
 20
66.564794921875
 10
190.5083740234375
 20
66.459033203125
 10
190.47315673828126
 20
66.3532958984375
 10
190.4386474609375
 20
66.24755859375
 10
190.4048095703125
 20
66.141796875
 10
190.3716796875
 20
66.0360107421875
 10
190.33924560546876
 20
65.930224609375
 10
190.30750732421876
 20
65.824462890625
 10
190.2754150390625
 20
65.718701171875
 10
190.24298095703125
 20
65.6129150390625
 10
190.21019287109374
 20
65.5071533203125
 10
190.17706298828125
 20
65.4013671875
 10
190.1435791015625
 20
65.29560546875
 10
190.109765625
 20
65.1898193359375
 10
190.0755859375
 20
65.0840576171875
 10
190.04141845703126
 20
64.9783203125
 10
190.0072509765625
 20
64.8725830078125
 10
189.97308349609375
 20
64.7668212890625
 10
189.93892822265624
 20
64.661083984375
 10
189.90509033203125
 20
64.555322265625
 10
189.87161865234376
 20
64.449560546875
 10
189.8385009765625
 20
64.343798828125
 10
189.80572509765625
 20
64.2380126953125
 10
189.7732666015625
 20
64.1322509765625
 10
189.7411865234375
 20
64.0264892578125
 10
189.7094482421875
 20
63.920703125
 10
189.67735595703124
 20
63.8149169921875
 10
189.64493408203126
 20
63.7091552734375
 10
189.61214599609374
 20
63.6033935546875
 10
189.57864990234376
 20
63.4976318359375
 10
189.54449462890625
 20
63.3918701171875
 10
189.50963134765624
 20
63.2861328125
 10
189.47408447265624
 20
63.180419921875
 10
189.4378173828125
 20
63.0746826171875
 10
189.4008544921875
 20
62.9689453125
 10
189.36322021484375
 20
62.8632568359375
 10
189.32593994140626
 20
62.7575439453125
 10
189.2889892578125
 20
62.651806640625
 10
189.25238037109375
 20
62.54609375
 10
189.21612548828125
 20
62.440380859375
 10
189.18092041015626
 20
62.3346435546875
 10
189.1467529296875
 20
62.22890625
 10
189.11361083984374
 20
62.1231689453125
 10
189.0804931640625
 20
62.0173828125
 10
189.04737548828126
 20
61.9116455078125
 10
189.01427001953124
 20
61.805859375
 10
188.98114013671875
 20
61.7001220703125
 10
188.94801025390626
 20
61.5943603515625
 10
188.915234375
 20
61.4885986328125
 10
188.8828125
 20
61.3828125
 10
188.85107421875
 20
61.2770751953125
 10
188.82037353515625
 20
61.1712646484375
 10
188.79072265625
 20
61.0654541015625
 10
188.76175537109376
 20
60.9596923828125
 10
188.73243408203126
 20
60.8541748046875
 10
188.7017578125
 20
60.7496337890625
 10
188.6679443359375
 20
60.6451416015625
 10
188.6317138671875
 20
60.542822265625
 10
188.59302978515626
 20
60.4448974609375
 10
188.5421875
 20
60.3393310546875
 10
188.4955322265625
 20
60.248876953125
 10
188.45377197265626
 20
60.1732421875
  0
LWPOLYLINE
  5
3E
330
17
100
AcDbEntity
  8
0
100
AcDbPolyline
 90
374
 70
1
 10
197.2859619140625
 20
59.69296875
 10
197.1864501953125
 20
59.859716796875
 10
197.1438232421875
 20
59.936474609375
 10
197.0952880859375
 20
60.028173828125
 10
197.0412109375
 20
60.1351806640625
 10
196.9965087890625
 20
60.2343017578125
 10
196.95355224609375
 20
60.337744140625
 10
196.91407470703126
 20
60.443310546875
 10
196.87911376953124
 20
60.5488037109375
 10
196.8472900390625
 20
60.655224609375
 10
196.8175537109375
 20
60.7619140625
 10
196.78990478515624
 20
60.8685791015625
 10
196.76431884765626
 20
60.9752197265625
 10
196.7397705078125
 20
61.0818603515625
 10
196.7152587890625
 20
61.1885009765625
 10
196.6900390625
 20
61.2951416015625
 10
196.66409912109376
 20
61.4017822265625
 10
196.63782958984376
 20
61.5084228515625
 10
196.61053466796875
 20
61.615087890625
 10
196.5811279296875
 20
61.7218017578125
 10
196.55
 20
61.8284912109375
 10
196.51749267578126
 20
61.935205078125
 10
196.48358154296875
 20
62.0419677734375
 10
196.4482666015625
 20
62.1487548828125
 10
196.4115966796875
 20
62.2554931640625
 10
196.3738525390625
 20
62.3622802734375
 10
196.33612060546875
 20
62.4690673828125
 10
196.29837646484376
 20
62.575830078125
 10
196.26064453125
 20
62.6826416015625
 10
196.2239501953125
 20
62.789404296875
 10
196.188671875
 20
62.896142578125
 10
196.15474853515624
 20
63.002880859375
 10
196.1222412109375
 20
63.109619140625
 10
196.09110107421876
 20
63.21630859375
 10
196.0616943359375
 20
63.322998046875
 10
196.03404541015624
 20
63.4296630859375
 10
196.00709228515626
 20
63.5363037109375
 10
195.98011474609376
 20
63.64296875
 10
195.95316162109376
 20
63.749609375
 10
195.9261962890625
 20
63.8562744140625
 10
195.89854736328124
 20
63.9629150390625
 10
195.86951904296876
 20
64.069580078125
 10
195.8390625
 20
64.17626953125
 10
195.8075927734375
 20
64.2829833984375
 10
195.7754150390625
 20
64.3896728515625
 10
195.7428955078125
 20
64.4964111328125
 10
195.7100341796875
 20
64.603125
 10
195.67716064453126
 20
64.70986328125
 10
195.6446533203125
 20
64.8165771484375
 10
195.6128173828125
 20
64.923291015625
 10
195.58204345703126
 20
65.02998046875
 10
195.55230712890625
 20
65.1366455078125
 10
195.5229248046875
 20
65.2433349609375
 10
195.49422607421874
 20
65.35
 10
195.46622314453126
 20
65.456640625
 10
195.43890380859375
 20
65.56328125
 10
195.41160888671874
 20
65.669970703125
 10
195.38360595703125
 20
65.7766357421875
 10
195.35489501953126
 20
65.88330078125
 10
195.32586669921875
 20
65.9899658203125
 10
195.2957763671875
 20
66.0966552734375
 10
195.2646484375
 20
66.2033447265625
 10
195.23248291015625
 20
66.3100341796875
 10
195.199609375
 20
66.416748046875
 10
195.16639404296876
 20
66.523486328125
 10
195.1328369140625
 20
66.6302001953125
 10
195.09892578125
 20
66.7369384765625
 10
195.06502685546874
 20
66.8436767578125
 10
195.03145751953124
 20
66.950390625
 10
194.99825439453124
 20
67.057080078125
 10
194.96539306640625
 20
67.1637939453125
 10
194.93287353515626
 20
67.2704833984375
 10
194.90069580078125
 20
67.3771728515625
 10
194.86888427734374
 20
67.48388671875
 10
194.83741455078126
 20
67.5906005859375
 10
194.8055908203125
 20
67.6972900390625
 10
194.77376708984374
 20
67.8039794921875
 10
194.74229736328124
 20
67.9106689453125
 10
194.71116943359374
 20
68.0173583984375
 10
194.68074951171874
 20
68.1240478515625
 10
194.6513671875
 20
68.2306884765625
 10
194.62301025390624
 20
68.337353515625
 10
194.59605712890624
 20
68.443994140625
 10
194.56978759765624
 20
68.550634765625
 10
194.5435302734375
 20
68.657275390625
 10
194.5172607421875
 20
68.7638916015625
 10
194.49029541015625
 20
68.8705322265625
 10
194.4619384765625
 20
68.9771728515625
 10
194.43258056640624
 20
69.083837890625
 10
194.4021484375
 20
69.1905029296875
 10
194.37100830078126
 20
69.2971923828125
 10
194.33953857421875
 20
69.4038818359375
 10
194.3080810546875
 20
69.5105712890625
 10
194.27728271484375
 20
69.6172607421875
 10
194.24754638671874
 20
69.72392578125
 10
194.21815185546876
 20
69.8305908203125
 10
194.18946533203126
 20
69.937255859375
 10
194.16181640625
 20
70.043896484375
 10
194.13555908203125
 20
70.150537109375
 10
194.10999755859376
 20
70.2571533203125
 10
194.08441162109375
 20
70.3637451171875
 10
194.05919189453124
 20
70.470361328125
 10
194.03468017578126
 20
70.577001953125
 10
194.01015625
 20
70.68359375
 10
193.98494873046874
 20
70.7902099609375
 10
193.95833740234374
 20
70.8968505859375
 10
193.9310302734375
 20
71.0034912109375
 10
193.9037353515625
 20
71.1101318359375
 10
193.87608642578124
 20
71.2167724609375
 10
193.8488037109375
 20
71.3234130859375
 10
193.82288818359376
 20
71.430029296875
 10
193.79940185546874
 20
71.5365966796875
 10
193.77938232421874
 20
71.6431640625
 10
193.76285400390626
 20
71.7496826171875
 10
193.75013427734376
 20
71.85615234375
 10
193.74195556640626
 20
71.9625732421875
 10
193.7379150390625
 20
72.0689208984375
 10
193.73807373046876
 20
72.1752685546875
 10
193.74237060546875
 20
72.2815673828125
 10
193.7508544921875
 20
72.38779296875
 10
193.76385498046875
 20
72.493994140625
 10
193.78101806640626
 20
72.600146484375
 10
193.80198974609374
 20
72.70625
 10
193.82681884765626
 20
72.8123046875
 10
193.85474853515626
 20
72.9183349609375
 10
193.88509521484374
 20
73.0242919921875
 10
193.91719970703124
 20
73.1302978515625
 10
193.95068359375
 20
73.236279296875
 10
193.9852294921875
 20
73.342236328125
 10
194.02044677734375
 20
73.4481689453125
 10
194.0560302734375
 20
73.5541259765625
 10
194.09195556640626
 20
73.66005859375
 10
194.12822265625
 20
73.7659912109375
 10
194.16484375
 20
73.871923828125
 10
194.20076904296874
 20
73.977880859375
 10
194.23599853515626
 20
74.0838134765625
 10
194.27052001953126
 20
74.1897705078125
 10
194.3043701171875
 20
74.295751953125
 10
194.33717041015626
 20
74.401708984375
 10
194.3689208984375
 20
74.5076904296875
 10
194.39962158203124
 20
74.613720703125
 10
194.4303466796875
 20
74.7197021484375
 10
194.4610595703125
 20
74.8257080078125
 10
194.49178466796874
 20
74.9317138671875
 10
194.5224853515625
 20
75.0377197265625
 10
194.55423583984376
 20
75.1437255859375
 10
194.5870361328125
 20
75.2496826171875
 10
194.62088623046876
 20
75.3556884765625
 10
194.65540771484376
 20
75.4616455078125
 10
194.69063720703124
 20
75.567578125
 10
194.7265625
 20
75.6735595703125
 10
194.76318359375
 20
75.7794921875
 10
194.79947509765626
 20
75.8854248046875
 10
194.83541259765624
 20
75.991357421875
 10
194.87098388671876
 20
76.097314453125
 10
194.9062255859375
 20
76.203271484375
 10
194.94110107421875
 20
76.3092529296875
 10
194.97564697265625
 20
76.4152099609375
 10
195.0098388671875
 20
76.5211669921875
 10
195.04403076171874
 20
76.6271240234375
 10
195.07821044921874
 20
76.7330810546875
 10
195.11239013671874
 20
76.8390380859375
 10
195.14691162109375
 20
76.9449951171875
 10
195.18179931640626
 20
77.0510009765625
 10
195.21702880859374
 20
77.15693359375
 10
195.2529541015625
 20
77.262890625
 10
195.2895751953125
 20
77.36884765625
 10
195.32689208984374
 20
77.4747802734375
 10
195.3652587890625
 20
77.580712890625
 10
195.40399169921875
 20
77.6866455078125
 10
195.4430419921875
 20
77.7925537109375
 10
195.48280029296876
 20
77.898486328125
 10
195.5225341796875
 20
78.0044189453125
 10
195.5626220703125
 20
78.110302734375
 10
195.60341796875
 20
78.2162353515625
 10
195.64422607421875
 20
78.322119140625
 10
195.6857177734375
 20
78.4280029296875
 10
195.72823486328124
 20
78.5339111328125
 10
195.77110595703124
 20
78.639794921875
 10
195.8150390625
 20
78.7456787109375
 10
195.8593017578125
 20
78.8515380859375
 10
195.90322265625
 20
78.9573974609375
 10
195.9474853515625
 20
79.06328125
 10
195.99141845703124
 20
79.1691650390625
 10
196.03428955078124
 20
79.2750244140625
 10
196.0768310546875
 20
79.380908203125
 10
196.1186767578125
 20
79.4867919921875
 10
196.16085205078124
 20
79.5924072265625
 10
196.20477294921875
 20
79.697021484375
 10
196.25078125
 20
79.7997802734375
 10
196.30059814453125
 20
79.8990966796875
 10
196.35596923828126
 20
79.993115234375
 10
196.41724853515626
 20
80.0796142578125
 10
196.48682861328126
 20
80.155126953125
 10
196.5626708984375
 20
80.2182373046875
 10
196.6419677734375
 20
80.2679931640625
 10
196.7382568359375
 20
80.3005126953125
 10
196.8248046875
 20
80.3213623046875
 10
196.9002197265625
 20
80.3323974609375
 10
197.07503478635945
 20
80.32788352295756
 10
202.55865689718593
 20
80.2321665429713
 10
202.74423828125
 20
80.1739990234375
 10
202.82974853515626
 20
80.150244140625
 10
202.93192138671876
 20
80.123828125
 10
203.0511474609375
 20
80.0951171875
 10
203.16170654296874
 20
80.073291015625
 10
203.2771240234375
 20
80.0529541015625
 10
203.39495849609375
 20
80.0341552734375
 10
203.51280517578124
 20
80.0166015625
 10
203.6317138671875
 20
79.9987548828125
 10
203.75096435546874
 20
79.9789794921875
 10
203.87021484375
 20
79.9564697265625
 10
203.98944091796875
 20
79.930224609375
 10
204.10867919921876
 20
79.8993408203125
 10
204.2279052734375
 20
79.8634765625
 10
204.34713134765624
 20
79.823291015625
 10
204.46632080078126
 20
79.7790771484375
 10
204.585546875
 20
79.7314208984375
 10
204.7047607421875
 20
79.680712890625
 10
204.823974609375
 20
79.6268798828125
 10
204.9431640625
 20
79.5708740234375
 10
205.06240234375
 20
79.5133056640625
 10
205.181591796875
 20
79.45390625
 10
205.3008056640625
 20
79.3929443359375
 10
205.42001953125
 20
79.3304443359375
 10
205.539208984375
 20
79.2666748046875
 10
205.6583984375
 20
79.2029052734375
 10
205.7776123046875
 20
79.1391357421875
 10
205.896826171875
 20
79.0757080078125
 10
206.0160400390625
 20
79.0131591796875
 10
206.1352783203125
 20
78.9519287109375
 10
206.2544921875
 20
78.892822265625
 10
206.3737060546875
 20
78.835888671875
 10
206.492919921875
 20
78.7798583984375
 10
206.612158203125
 20
78.7247802734375
 10
206.7313720703125
 20
78.6697265625
 10
206.8506103515625
 20
78.6136962890625
 10
206.9698486328125
 20
78.555810546875
 10
207.0890869140625
 20
78.49482421875
 10
207.2083251953125
 20
78.4307861328125
 10
207.3275390625
 20
78.3645263671875
 10
207.4467529296875
 20
78.29609375
 10
207.565966796875
 20
78.22646484375
 10
207.685205078125
 20
78.1561767578125
 10
207.8044189453125
 20
78.08623046875
 10
207.9236572265625
 20
78.0175048828125
 10
208.0428955078125
 20
77.9500244140625
 10
208.162109375
 20
77.883447265625
 10
208.281005859375
 20
77.817529296875
 10
208.3991943359375
 20
77.751904296875
 10
208.5163330078125
 20
77.6869384765625
 10
208.6321044921875
 20
77.6222412109375
 10
208.7461181640625
 20
77.5575927734375
 10
208.858056640625
 20
77.4926513671875
 10
208.967578125
 20
77.4274658203125
 10
209.075341796875
 20
77.362548828125
 10
209.1820556640625
 20
77.2976806640625
 10
209.2884521484375
 20
77.232177734375
 10
209.39482421875
 20
77.1654296875
 10
209.5011962890625
 20
77.0968505859375
 10
209.6072021484375
 20
77.0263671875
 10
209.7121826171875
 20
76.9531494140625
 10
209.8140380859375
 20
76.8759033203125
 10
209.9102783203125
 20
76.794384765625
 10
209.998193359375
 20
76.7083251953125
 10
210.0756591796875
 20
76.618017578125
 10
210.140966796875
 20
76.5238037109375
 10
210.193017578125
 20
76.425732421875
 10
210.2311767578125
 20
76.3247314453125
 10
210.255712890625
 20
76.2216552734375
 10
210.2677734375
 20
76.1171875
 10
210.268994140625
 20
76.0118896484375
 10
210.260498046875
 20
75.9060791015625
 10
210.2440185546875
 20
75.8000732421875
 10
210.2209228515625
 20
75.6941162109375
 10
210.1932861328125
 20
75.5882080078125
 10
210.1625244140625
 20
75.4823486328125
 10
210.1296630859375
 20
75.3764892578125
 10
210.0954345703125
 20
75.270654296875
 10
210.061181640625
 20
75.1648193359375
 10
210.0273193359375
 20
75.058984375
 10
209.9941162109375
 20
74.953125
 10
209.9609130859375
 20
74.8472900390625
 10
209.9277099609375
 20
74.741455078125
 10
209.8945556640625
 20
74.6356201171875
 10
209.8613525390625
 20
74.5297607421875
 10
209.8281494140625
 20
74.4239501953125
 10
209.7949462890625
 20
74.318115234375
 10
209.761767578125
 20
74.212255859375
 10
209.72890625
 20
74.1064208984375
 10
209.6967529296875
 20
74.0005615234375
 10
209.6653076171875
 20
73.8947265625
 10
209.6345458984375
 20
73.7888427734375
 10
209.6037841796875
 20
73.6829833984375
 10
209.5730224609375
 20
73.5771240234375
 10
209.5422607421875
 20
73.4712646484375
 10
209.5115234375
 20
73.3654052734375
 10
209.4800537109375
 20
73.2595458984375
 10
209.4479248046875
 20
73.1536865234375
 10
209.415087890625
 20
73.0478271484375
 10
209.381884765625
 20
72.9419677734375
 10
209.348681640625
 20
72.8361572265625
 10
209.3155029296875
 20
72.730322265625
 10
209.2822998046875
 20
72.6244873046875
 10
209.249462890625
 20
72.5186279296875
 10
209.2169677734375
 20
72.4128173828125
 10
209.184814453125
 20
72.306982421875
 10
209.1530029296875
 20
72.2011474609375
 10
209.120849609375
 20
72.0952880859375
 10
209.088720703125
 20
71.9894287109375
 10
209.0565673828125
 20
71.8835693359375
 10
209.0244140625
 20
71.7777099609375
 10
208.9926025390625
 20
71.6718505859375
 10
208.9615234375
 20
71.566015625
 10
208.931103515625
 20
71.46015625
 10
208.9017333984375
 20
71.3542724609375
 10
208.872705078125
 20
71.2484130859375
 10
208.844384765625
 20
71.142529296875
 10
208.81708984375
 20
71.0366455078125
 10
208.790185546875
 20
70.9307373046875
 10
208.7629150390625
 20
70.8248291015625
 10
208.7356201171875
 20
70.7189208984375
 10
208.708349609375
 20
70.613037109375
 10
208.6814208984375
 20
70.50712890625
 10
208.6541748046875
 20
70.4012451171875
 10
208.62548828125
 20
70.295361328125
 10
208.5957763671875
 20
70.189501953125
 10
208.5653564453125
 20
70.083642578125
 10
208.5332275390625
 20
69.977783203125
 10
208.4993408203125
 20
69.87197265625
 10
208.4633544921875
 20
69.7661865234375
 10
208.4253173828125
 20
69.660400390625
 10
208.3862060546875
 20
69.5546630859375
 10
208.345703125
 20
69.44892578125
 10
208.303466796875
 20
69.3431884765625
 10
208.2601806640625
 20
69.2374755859375
 10
208.2151611328125
 20
69.131787109375
 10
208.1683837890625
 20
69.0260986328125
 10
208.1198974609375
 20
68.920458984375
 10
208.0682861328125
 20
68.8148193359375
 10
208.0131591796875
 20
68.7092529296875
 10
207.95390625
 20
68.604052734375
 10
207.8897705078125
 20
68.4994873046875
 10
207.8210693359375
 20
68.3959228515625
 10
207.7478759765625
 20
68.29365234375
 10
207.66982421875
 20
68.1929931640625
 10
207.5876220703125
 20
68.0942138671875
 10
207.5015380859375
 20
67.99765625
 10
207.4127197265625
 20
67.902685546875
 10
207.3211181640625
 20
67.8086669921875
 10
207.2263916015625
 20
67.7150146484375
 10
207.128173828125
 20
67.62109375
 10
207.026806640625
 20
67.52626953125
 10
206.9223388671875
 20
67.429931640625
 10
206.814697265625
 20
67.3317626953125
 10
206.7039794921875
 20
67.2323974609375
 10
206.5914794921875
 20
67.132763671875
 10
206.47900390625
 20
67.0340087890625
 10
206.367578125
 20
66.9365478515625
 10
206.2599853515625
 20
66.842724609375
 10
206.1590087890625
 20
66.755029296875
 10
206.0566162109375
 20
66.6648681640625
 10
205.9709716796875
 20
66.5890625
 10
205.901318359375
 20
66.5270263671875
 10
205.7606254869479
 20
66.39863176995064
 10
198.37634448992378
 20
59.97957423092917
 10
198.18802490234376
 20
59.8974365234375
 10
198.1025390625
 20
59.8640380859375
 10
198.00008544921874
 20
59.8274169921875
 10
197.8828125
 20
59.788427734375
 10
197.77930908203126
 20
59.760205078125
 10
197.66204833984375
 20
59.73671875
 10
197.55963134765625
 20
59.7189697265625
 10
197.47415771484376
 20
59.7072509765625
  0
LWPOLYLINE
  5
3F
330
17
100
AcDbEntity
  8
0
100
AcDbPolyline
 90
186
 70
1
 10
153.15931396484376
 20
59.8876220703125
 10
153.03175048828126
 20
59.9950439453125
 10
153.03175048828126
 20
66.4626708984375
 10
153.18134765625
 20
66.5994873046875
 10
153.25355224609376
 20
66.659619140625
 10
153.3417236328125
 20
66.7300537109375
 10
153.44654541015626
 20
66.8111328125
 10
153.54837646484376
 20
66.882958984375
 10
153.6576171875
 20
66.956884765625
 10
153.7717529296875
 20
67.0313232421875
 10
153.88829345703124
 20
67.104541015625
 10
154.00728759765624
 20
67.177734375
 10
154.1276611328125
 20
67.2503173828125
 10
154.24874267578124
 20
67.321923828125
 10
154.37015380859376
 20
67.39228515625
 10
154.49158935546876
 20
67.4611328125
 10
154.61300048828124
 20
67.5278076171875
 10
154.73441162109376
 20
67.592333984375
 10
154.8558349609375
 20
67.6546630859375
 10
154.97724609375
 20
67.71484375
 10
155.09864501953126
 20
67.7722412109375
 10
155.22005615234374
 20
67.8271728515625
 10
155.3414794921875
 20
67.879638671875
 10
155.46287841796874
 20
67.9305419921875
 10
155.58428955078125
 20
67.9805419921875
 10
155.7056884765625
 20
68.030224609375
 10
155.82711181640624
 20
68.0802001953125
 10
155.94853515625
 20
68.1314208984375
 10
156.069921875
 20
68.1835693359375
 10
156.19136962890624
 20
68.236962890625
 10
156.31279296875
 20
68.2906494140625
 10
156.4342041015625
 20
68.3437255859375
 10
156.5556396484375
 20
68.394970703125
 10
156.67705078125
 20
68.443115234375
 10
156.79844970703124
 20
68.4865966796875
 10
156.91986083984375
 20
68.524560546875
 10
157.04127197265626
 20
68.55537109375
 10
157.1623046875
 20
68.578173828125
 10
157.28228759765625
 20
68.59169921875
 10
157.4001953125
 20
68.5950439453125
 10
157.5146240234375
 20
68.5869873046875
 10
157.62384033203125
 20
68.5666259765625
 10
157.72578125
 20
68.533349609375
 10
157.81834716796874
 20
68.4871826171875
 10
157.9001708984375
 20
68.4284912109375
 10
157.9705322265625
 20
68.3581787109375
 10
158.02950439453124
 20
68.2774658203125
 10
158.07735595703124
 20
68.1882080078125
 10
158.1148193359375
 20
68.092578125
 10
158.14327392578124
 20
67.9924072265625
 10
158.16376953125
 20
67.8892333984375
 10
158.17698974609374
 20
67.7843017578125
 10
158.18328857421875
 20
67.6785400390625
 10
158.18265380859376
 20
67.572509765625
 10
158.1758056640625
 20
67.466552734375
 10
158.16409912109376
 20
67.3606689453125
 10
158.14893798828126
 20
67.254833984375
 10
158.13238525390625
 20
67.1489990234375
 10
158.1168701171875
 20
67.0431396484375
 10
158.1048095703125
 20
66.937255859375
 10
158.0989990234375
 20
66.8312744140625
 10
158.10113525390625
 20
66.7252197265625
 10
158.11192626953124
 20
66.619091796875
 10
158.1310302734375
 20
66.512841796875
 10
158.15775146484376
 20
66.4065185546875
 10
158.19071044921876
 20
66.3001220703125
 10
158.2284912109375
 20
66.1936767578125
 10
158.26871337890626
 20
66.0871826171875
 10
158.30927734375
 20
65.980712890625
 10
158.3484619140625
 20
65.8742431640625
 10
158.38592529296875
 20
65.7677978515625
 10
158.4212890625
 20
65.661376953125
 10
158.45460205078126
 20
65.55498046875
 10
158.4858154296875
 20
65.448583984375
 10
158.5163330078125
 20
65.3422119140625
 10
158.54755859375
 20
65.2358154296875
 10
158.58118896484376
 20
65.1294189453125
 10
158.61796875
 20
65.0229736328125
 10
158.6585205078125
 20
64.9164794921875
 10
158.70360107421874
 20
64.8099609375
 10
158.75421142578125
 20
64.703369140625
 10
158.81036376953125
 20
64.5969970703125
 10
158.8723876953125
 20
64.4911865234375
 10
158.9399658203125
 20
64.3862548828125
 10
159.0130859375
 20
64.282470703125
 10
159.09208984375
 20
64.18017578125
 10
159.17733154296874
 20
64.0796630859375
 10
159.26845703125
 20
63.981591796875
 10
159.36546630859374
 20
63.8855712890625
 10
159.46734619140625
 20
63.791357421875
 10
159.5733642578125
 20
63.6986572265625
 10
159.68251953125
 20
63.6074462890625
 10
159.79266357421875
 20
63.5180908203125
 10
159.90281982421874
 20
63.429345703125
 10
160.00980224609376
 20
63.3421630859375
 10
160.11046142578124
 20
63.2584716796875
 10
160.2147705078125
 20
63.167626953125
 10
160.30279541015625
 20
63.0896484375
 10
160.37489013671876
 20
63.0242431640625
 10
160.52420654296876
 20
62.880615234375
 10
160.52420654296876
 20
62.5569580078125
 10
160.64542236328126
 20
62.4659423828125
 10
160.69027099609374
 20
62.4171875
 10
160.73653564453124
 20
62.3560791015625
 10
160.78179931640625
 20
62.2826416015625
 10
160.80399169921876
 20
62.208154296875
 10
160.81243896484375
 20
62.1298828125
 10
160.8039794921875
 20
62.0517578125
 10
160.7768310546875
 20
61.9781982421875
 10
160.73309326171875
 20
61.9119384765625
 10
160.6734375
 20
61.8554443359375
 10
160.59925537109376
 20
61.8102294921875
 10
160.51263427734375
 20
61.776953125
 10
160.41600341796874
 20
61.755224609375
 10
160.3120849609375
 20
61.74375
 10
160.20301513671876
 20
61.741015625
 10
160.0904541015625
 20
61.745751953125
 10
159.9758544921875
 20
61.756103515625
 10
159.86021728515624
 20
61.770458984375
 10
159.74423828125
 20
61.787890625
 10
159.62825927734374
 20
61.8078125
 10
159.51229248046874
 20
61.830224609375
 10
159.3963134765625
 20
61.8544677734375
 10
159.28037109375
 20
61.8799560546875
 10
159.16439208984374
 20
61.9070068359375
 10
159.0484375
 20
61.9359130859375
 10
158.9324951171875
 20
61.9663330078125
 10
158.81654052734376
 20
61.997998046875
 10
158.70059814453126
 20
62.0296630859375
 10
158.58465576171875
 20
62.061328125
 10
158.46868896484375
 20
62.0929931640625
 10
158.35274658203124
 20
62.124658203125
 10
158.23680419921874
 20
62.1563720703125
 10
158.1208740234375
 20
62.1880126953125
 10
158.00491943359376
 20
62.219677734375
 10
157.8889892578125
 20
62.2522705078125
 10
157.77305908203124
 20
62.285791015625
 10
157.65712890625
 20
62.320263671875
 10
157.5411865234375
 20
62.3546875
 10
157.42525634765624
 20
62.3885009765625
 10
157.30933837890626
 20
62.421728515625
 10
157.19339599609376
 20
62.4546142578125
 10
157.0774658203125
 20
62.487255859375
 10
156.96153564453124
 20
62.51953125
 10
156.84561767578126
 20
62.551513671875
 10
156.7296875
 20
62.5841064453125
 10
156.61376953125
 20
62.6169677734375
 10
156.4978515625
 20
62.649267578125
 10
156.38193359375
 20
62.6787841796875
 10
156.26634521484374
 20
62.7030029296875
 10
156.1514404296875
 20
62.7198486328125
 10
156.03756103515624
 20
62.726708984375
 10
155.92540283203124
 20
62.7206298828125
 10
155.81600341796874
 20
62.7
 10
155.7103759765625
 20
62.663818359375
 10
155.6099365234375
 20
62.612744140625
 10
155.5150146484375
 20
62.548046875
 10
155.4259521484375
 20
62.4711669921875
 10
155.34344482421875
 20
62.384375
 10
155.26717529296874
 20
62.290380859375
 10
155.1957275390625
 20
62.1913818359375
 10
155.12774658203125
 20
62.0892333984375
 10
155.0608154296875
 20
61.9852294921875
 10
154.99385986328124
 20
61.8802978515625
 10
154.92587890625
 20
61.7750732421875
 10
154.85513916015626
 20
61.6698974609375
 10
154.78126220703126
 20
61.5647216796875
 10
154.70498046875
 20
61.4595947265625
 10
154.6273193359375
 20
61.3544921875
 10
154.55032958984376
 20
61.2493896484375
 10
154.47508544921874
 20
61.1442626953125
 10
154.4026123046875
 20
61.0390869140625
 10
154.33392333984375
 20
60.9338623046875
 10
154.2687255859375
 20
60.8289306640625
 10
154.2062744140625
 20
60.7245849609375
 10
154.14488525390624
 20
60.6214599609375
 10
154.0824462890625
 20
60.5205078125
 10
154.01689453125
 20
60.422998046875
 10
153.94649658203124
 20
60.33046875
 10
153.8705810546875
 20
60.2448486328125
 10
153.78770751953124
 20
60.167333984375
 10
153.69998779296876
 20
60.0994384765625
 10
153.61041259765625
 20
60.0420654296875
 10
153.5065185546875
 20
59.9935546875
 10
153.4147216796875
 20
59.9566162109375
 10
153.33603515625
 20
59.9297119140625
  0
LWPOLYLINE
  5
40
330
17
100
AcDbEntity
  8
0
100
AcDbPolyline
 90
221
 70
1
 10
232.8647216796875
 20
56.51201171875
 10
232.682373046875
 20
56.54140625
 10
232.6011474609375
 20
56.5620361328125
 10
232.5063232421875
 20
56.5912109375
 10
232.3989990234375
 20
56.6307861328125
 10
232.306298828125
 20
56.6798095703125
 10
232.2150146484375
 20
56.7396728515625
 10
232.128271484375
 20
56.8100830078125
 10
232.048193359375
 20
56.8900146484375
 10
231.973681640625
 20
56.9779052734375
 10
231.90439453125
 20
57.072607421875
 10
231.838623046875
 20
57.1722412109375
 10
231.7745849609375
 20
57.2752197265625
 10
231.7115966796875
 20
57.380419921875
 10
231.648291015625
 20
57.4867919921875
 10
231.5843017578125
 20
57.5938720703125
 10
231.5185302734375
 20
57.701220703125
 10
231.4510009765625
 20
57.8086181640625
 10
231.3828125
 20
57.916015625
 10
231.3142578125
 20
58.0234375
 10
231.245361328125
 20
58.1308349609375
 10
231.17646484375
 20
58.2382080078125
 10
231.107568359375
 20
58.3456298828125
 10
231.039013671875
 20
58.4530029296875
 10
230.971142578125
 20
58.560400390625
 10
230.9039794921875
 20
58.6677734375
 10
230.8375244140625
 20
58.775146484375
 10
230.7717529296875
 20
58.8824951171875
 10
230.7063720703125
 20
58.9895751953125
 10
230.640966796875
 20
59.095947265625
 10
230.574853515625
 20
59.2011962890625
 10
230.5063232421875
 20
59.30390625
 10
230.4335693359375
 20
59.4026611328125
 10
230.3555908203125
 20
59.495556640625
 10
230.271337890625
 20
59.580517578125
 10
230.1804443359375
 20
59.6555908203125
 10
230.0825439453125
 20
59.7186279296875
 10
229.97802734375
 20
59.7677734375
 10
229.8682373046875
 20
59.802734375
 10
229.754638671875
 20
59.8237548828125
 10
229.63818359375
 20
59.8317626953125
 10
229.5199951171875
 20
59.8283203125
 10
229.40078125
 20
59.8156005859375
 10
229.2811767578125
 20
59.796337890625
 10
229.161572265625
 20
59.7737060546875
 10
229.0419677734375
 20
59.7494873046875
 10
228.9223876953125
 20
59.7253173828125
 10
228.802783203125
 20
59.70234375
 10
228.6831787109375
 20
59.6815673828125
 10
228.5635986328125
 20
59.662939453125
 10
228.4440185546875
 20
59.6462158203125
 10
228.3244384765625
 20
59.6306884765625
 10
228.2048583984375
 20
59.6160888671875
 10
228.085302734375
 20
59.601806640625
 10
227.9656982421875
 20
59.5872314453125
 10
227.846142578125
 20
59.5717041015625
 10
227.7265380859375
 20
59.5546630859375
 10
227.6069580078125
 20
59.535400390625
 10
227.4873779296875
 20
59.5136962890625
 10
227.3677978515625
 20
59.4891845703125
 10
227.2482177734375
 20
59.4621826171875
 10
227.128662109375
 20
59.4330078125
 10
227.0090576171875
 20
59.402001953125
 10
226.8894775390625
 20
59.370361328125
 10
226.7698974609375
 20
59.3390380859375
 10
226.650634765625
 20
59.3083251953125
 10
226.5324462890625
 20
59.278515625
 10
226.4142822265625
 20
59.2490234375
 10
226.29853515625
 20
59.2204345703125
 10
226.1876953125
 20
59.1933349609375
 10
226.0680908203125
 20
59.1619873046875
 10
225.9656005859375
 20
59.1344970703125
 10
225.879833984375
 20
59.1107666015625
 10
225.6936767578125
 20
59.05546875
 10
223.6619140625
 20
59.05546875
 10
223.6289794921875
 20
59.2181884765625
 10
223.6252197265625
 20
59.290576171875
 10
223.6281005859375
 20
59.375
 10
223.640380859375
 20
59.470751953125
 10
223.671826171875
 20
59.5539306640625
 10
223.7182373046875
 20
59.636279296875
 10
223.7800048828125
 20
59.715380859375
 10
223.8567138671875
 20
59.7896240234375
 10
223.9459716796875
 20
59.8603271484375
 10
224.045654296875
 20
59.9278076171875
 10
224.1530517578125
 20
59.992724609375
 10
224.265625
 20
60.0556884765625
 10
224.3817138671875
 20
60.1171142578125
 10
224.4998779296875
 20
60.1769287109375
 10
224.619091796875
 20
60.2342529296875
 10
224.7386474609375
 20
60.2887939453125
 10
224.8582275390625
 20
60.3399169921875
 10
224.977783203125
 20
60.3869873046875
 10
225.0973388671875
 20
60.4303955078125
 10
225.2168701171875
 20
60.470654296875
 10
225.3364013671875
 20
60.509033203125
 10
225.455615234375
 20
60.547119140625
 10
225.573779296875
 20
60.5864990234375
 10
225.690185546875
 20
60.628955078125
 10
225.803857421875
 20
60.6764892578125
 10
225.913330078125
 20
60.7298583984375
 10
226.0172119140625
 20
60.7895751953125
 10
226.113818359375
 20
60.855859375
 10
226.202392578125
 20
60.9290771484375
 10
226.2829833984375
 20
61.0088623046875
 10
226.3555419921875
 20
61.0943603515625
 10
226.4208251953125
 20
61.1845703125
 10
226.4804931640625
 20
61.2788818359375
 10
226.5363525390625
 20
61.377001953125
 10
226.5911865234375
 20
61.4779052734375
 10
226.646337890625
 20
61.5806396484375
 10
226.7032470703125
 20
61.684619140625
 10
226.7633056640625
 20
61.7894775390625
 10
226.8275390625
 20
61.894921875
 10
226.895947265625
 20
62.0006591796875
 10
226.9685546875
 20
62.106298828125
 10
227.044287109375
 20
62.2119384765625
 10
227.1235107421875
 20
62.317529296875
 10
227.205517578125
 20
62.4230712890625
 10
227.2892822265625
 20
62.5286376953125
 10
227.3737548828125
 20
62.6341552734375
 10
227.4578369140625
 20
62.7396728515625
 10
227.539892578125
 20
62.8451904296875
 10
227.61806640625
 20
62.950830078125
 10
227.6892822265625
 20
63.056494140625
 10
227.7510498046875
 20
63.1622802734375
 10
227.801708984375
 20
63.268212890625
 10
227.839111328125
 20
63.3742919921875
 10
227.8618896484375
 20
63.4805419921875
 10
227.8703369140625
 20
63.5869384765625
 10
227.865234375
 20
63.693505859375
 10
227.8482666015625
 20
63.8001953125
 10
227.821875
 20
63.906982421875
 10
227.787841796875
 20
64.0138671875
 10
227.7489013671875
 20
64.1208251953125
 10
227.7072021484375
 20
64.227783203125
 10
227.663037109375
 20
64.3347900390625
 10
227.6175048828125
 20
64.441796875
 10
227.571240234375
 20
64.548828125
 10
227.5239501953125
 20
64.655859375
 10
227.476318359375
 20
64.7629150390625
 10
227.4276123046875
 20
64.8696533203125
 10
227.3779052734375
 20
64.9757568359375
 10
227.328515625
 20
65.08095703125
 10
227.279833984375
 20
65.184912109375
 10
227.232177734375
 20
65.2872802734375
 10
227.186279296875
 20
65.3877685546875
 10
227.1421142578125
 20
65.486083984375
 10
227.101416015625
 20
65.5824951171875
 10
227.0663330078125
 20
65.676953125
 10
227.0382080078125
 20
65.769189453125
 10
227.0191162109375
 20
65.858544921875
 10
227.0115234375
 20
65.943701171875
 10
227.018212890625
 20
66.0228515625
 10
227.0412841796875
 20
66.093408203125
 10
227.0810791015625
 20
66.152294921875
 10
227.136181640625
 20
66.196728515625
 10
227.204833984375
 20
66.2242431640625
 10
227.284619140625
 20
66.233056640625
 10
227.372412109375
 20
66.2231689453125
 10
227.46435546875
 20
66.196142578125
 10
227.5580322265625
 20
66.1554443359375
 10
227.6516845703125
 20
66.10546875
 10
227.745361328125
 20
66.051123046875
 10
227.8393798828125
 20
65.9980224609375
 10
227.934423828125
 20
65.951416015625
 10
228.0316162109375
 20
65.9144287109375
 10
228.132275390625
 20
65.8888427734375
 10
228.2367919921875
 20
65.8743896484375
 10
228.3455322265625
 20
65.86953125
 10
228.457763671875
 20
65.8717529296875
 10
228.57275390625
 20
65.8776611328125
 10
228.6898681640625
 20
65.8835693359375
 10
228.808349609375
 20
65.8869384765625
 10
228.9275390625
 20
65.885693359375
 10
229.0470703125
 20
65.878857421875
 10
229.1666015625
 20
65.86640625
 10
229.2861328125
 20
65.848388671875
 10
229.4056396484375
 20
65.82509765625
 10
229.5251708984375
 20
65.79775390625
 10
229.644677734375
 20
65.7670166015625
 10
229.7641845703125
 20
65.733447265625
 10
229.8836669921875
 20
65.697119140625
 10
230.003173828125
 20
65.6576904296875
 10
230.1226806640625
 20
65.6157958984375
 10
230.2421630859375
 20
65.572021484375
 10
230.361669921875
 20
65.525732421875
 10
230.4811767578125
 20
65.4773193359375
 10
230.6006591796875
 20
65.426708984375
 10
230.7201416015625
 20
65.374560546875
 10
230.8396240234375
 20
65.3217529296875
 10
230.959130859375
 20
65.2680419921875
 10
231.0785888671875
 20
65.2130859375
 10
231.198095703125
 20
65.1574951171875
 10
231.3176025390625
 20
65.1007080078125
 10
231.437109375
 20
65.0429443359375
 10
231.556591796875
 20
64.984228515625
 10
231.6760986328125
 20
64.923681640625
 10
231.7955810546875
 20
64.8613037109375
 10
231.9147216796875
 20
64.796728515625
 10
232.0331787109375
 20
64.72939453125
 10
232.1502197265625
 20
64.6595458984375
 10
232.2648193359375
 20
64.586328125
 10
232.3755859375
 20
64.5088134765625
 10
232.481103515625
 20
64.4270263671875
 10
232.5796630859375
 20
64.3406494140625
 10
232.670166015625
 20
64.2500244140625
 10
232.75126953125
 20
64.1554443359375
 10
232.8222412109375
 20
64.056982421875
 10
232.8831298828125
 20
63.9554931640625
 10
232.9342041015625
 20
63.851953125
 10
232.975537109375
 20
63.7472900390625
 10
233.0077880859375
 20
63.642724609375
 10
233.0302978515625
 20
63.5376708984375
 10
233.0444580078125
 20
63.4345458984375
 10
233.0512939453125
 20
63.335888671875
 10
233.046240234375
 20
63.2295654296875
 10
233.0376953125
 20
63.1385009765625
 10
233.0271240234375
 20
63.0623291015625
 10
232.988525390625
 20
62.8971923828125
 10
232.988525390625
 20
56.617041015625
  0
LWPOLYLINE
  5
41
330
17
100
AcDbEntity
  8
0
100
AcDbPolyline
 90
459
 70
1
 10
179.754833984375
 20
56.7767333984375
 10
179.70067138671874
 20
56.7270263671875
 10
179.6406005859375
 20
56.682421875
 10
179.574755859375
 20
56.6429443359375
 10
179.50330810546876
 20
56.6086181640625
 10
179.4265625
 20
56.579345703125
 10
179.3447998046875
 20
56.5551025390625
 10
179.25833740234376
 20
56.5357177734375
 10
179.167529296875
 20
56.52109375
 10
179.07274169921874
 20
56.5109130859375
 10
178.97435302734374
 20
56.5050537109375
 10
178.872705078125
 20
56.5031982421875
 10
178.76820068359376
 20
56.5051025390625
 10
178.66116943359376
 20
56.510498046875
 10
178.5519287109375
 20
56.519091796875
 10
178.4407958984375
 20
56.5305908203125
 10
178.32806396484375
 20
56.544775390625
 10
178.214013671875
 20
56.561279296875
 10
178.09884033203124
 20
56.579931640625
 10
177.98277587890624
 20
56.600439453125
 10
177.8659912109375
 20
56.6225830078125
 10
177.74866943359376
 20
56.6461669921875
 10
177.6308837890625
 20
56.671044921875
 10
177.5127685546875
 20
56.6969482421875
 10
177.39439697265624
 20
56.723828125
 10
177.27584228515624
 20
56.751513671875
 10
177.157177734375
 20
56.7799072265625
 10
177.0384033203125
 20
56.8089111328125
 10
176.91956787109376
 20
56.8384033203125
 10
176.8007080078125
 20
56.8683837890625
 10
176.6818115234375
 20
56.8988037109375
 10
176.56290283203126
 20
56.929541015625
 10
176.443994140625
 20
56.960546875
 10
176.32508544921876
 20
56.991845703125
 10
176.20618896484376
 20
57.0234130859375
 10
176.08726806640624
 20
57.05517578125
 10
175.96837158203124
 20
57.087109375
 10
175.849462890625
 20
57.1192138671875
 10
175.73055419921874
 20
57.151513671875
 10
175.61165771484374
 20
57.1839599609375
 10
175.49276123046874
 20
57.2164794921875
 10
175.3738525390625
 20
57.249169921875
 10
175.25494384765625
 20
57.2819091796875
 10
175.1360595703125
 20
57.31474609375
 10
175.01717529296874
 20
57.3476318359375
 10
174.8982666015625
 20
57.3805908203125
 10
174.77938232421874
 20
57.413623046875
 10
174.660498046875
 20
57.4466552734375
 10
174.5416015625
 20
57.4797119140625
 10
174.422705078125
 20
57.512841796875
 10
174.30384521484376
 20
57.545947265625
 10
174.18494873046876
 20
57.5790771484375
 10
174.06605224609376
 20
57.612158203125
 10
173.9471923828125
 20
57.64521484375
 10
173.82830810546875
 20
57.6781982421875
 10
173.70941162109375
 20
57.7111572265625
 10
173.5905517578125
 20
57.7440185546875
 10
173.4716796875
 20
57.7768310546875
 10
173.35279541015626
 20
57.8095947265625
 10
173.233935546875
 20
57.8422119140625
 10
173.1150634765625
 20
57.874755859375
 10
172.99617919921874
 20
57.9072021484375
 10
172.8773193359375
 20
57.9395751953125
 10
172.758447265625
 20
57.9718505859375
 10
172.63958740234375
 20
58.00400390625
 10
172.52071533203124
 20
58.036083984375
 10
172.40184326171874
 20
58.06806640625
 10
172.2829833984375
 20
58.0999755859375
 10
172.16409912109376
 20
58.1317626953125
 10
172.04525146484374
 20
58.1635009765625
 10
171.92637939453124
 20
58.1951904296875
 10
171.80753173828126
 20
58.226806640625
 10
171.68865966796875
 20
58.2583251953125
 10
171.56981201171874
 20
58.28984375
 10
171.45096435546876
 20
58.3213134765625
 10
171.3321044921875
 20
58.3527099609375
 10
171.2132568359375
 20
58.38408203125
 10
171.0944091796875
 20
58.4154541015625
 10
170.9755615234375
 20
58.44677734375
 10
170.85670166015626
 20
58.478125
 10
170.737841796875
 20
58.5094482421875
 10
170.61898193359374
 20
58.5408447265625
 10
170.50015869140626
 20
58.5722412109375
 10
170.38131103515624
 20
58.6036865234375
 10
170.2624755859375
 20
58.6352294921875
 10
170.14364013671874
 20
58.66689453125
 10
170.0248046875
 20
58.6987060546875
 10
169.90596923828124
 20
58.7306884765625
 10
169.7871337890625
 20
58.7628662109375
 10
169.66829833984374
 20
58.795263671875
 10
169.54945068359376
 20
58.8280029296875
 10
169.43062744140624
 20
58.8610595703125
 10
169.3117919921875
 20
58.8945068359375
 10
169.19298095703124
 20
58.92841796875
 10
169.0741455078125
 20
58.9628173828125
 10
168.955322265625
 20
58.997802734375
 10
168.8365234375
 20
59.0334716796875
 10
168.7177001953125
 20
59.0698486328125
 10
168.598876953125
 20
59.1071533203125
 10
168.48006591796874
 20
59.145361328125
 10
168.36126708984375
 20
59.1846923828125
 10
168.24246826171876
 20
59.2252685546875
 10
168.123681640625
 20
59.267138671875
 10
168.004931640625
 20
59.3104736328125
 10
167.886181640625
 20
59.3554443359375
 10
167.76746826171876
 20
59.4021240234375
 10
167.6488037109375
 20
59.4507568359375
 10
167.53016357421876
 20
59.501416015625
 10
167.41158447265624
 20
59.5541748046875
 10
167.293115234375
 20
59.6092529296875
 10
167.17471923828126
 20
59.6666748046875
 10
167.05643310546876
 20
59.7265625
 10
166.93826904296876
 20
59.7889892578125
 10
166.82027587890624
 20
59.8539794921875
 10
166.70245361328125
 20
59.92158203125
 10
166.58480224609374
 20
59.991796875
 10
166.4674072265625
 20
60.0645751953125
 10
166.35023193359376
 20
60.1399169921875
 10
166.2333251953125
 20
60.217724609375
 10
166.11668701171874
 20
60.29794921875
 10
166.000341796875
 20
60.3804443359375
 10
165.88431396484376
 20
60.4651611328125
 10
165.7685791015625
 20
60.5519287109375
 10
165.65316162109374
 20
60.640625
 10
165.53807373046874
 20
60.731103515625
 10
165.423291015625
 20
60.8232177734375
 10
165.3088134765625
 20
60.916845703125
 10
165.1946533203125
 20
61.0118896484375
 10
165.08074951171875
 20
61.1081787109375
 10
164.967138671875
 20
61.2055908203125
 10
164.85377197265626
 20
61.3040283203125
 10
164.7406494140625
 20
61.4033935546875
 10
164.6277587890625
 20
61.503564453125
 10
164.51507568359375
 20
61.604443359375
 10
164.4026123046875
 20
61.7060302734375
 10
164.2903564453125
 20
61.8081787109375
 10
164.17825927734376
 20
61.910888671875
 10
164.06636962890624
 20
62.0140869140625
 10
163.95467529296874
 20
62.1177490234375
 10
163.8431640625
 20
62.2218017578125
 10
163.7318603515625
 20
62.3262451171875
 10
163.62076416015626
 20
62.431103515625
 10
163.50989990234376
 20
62.53623046875
 10
163.39925537109374
 20
62.641650390625
 10
163.2888671875
 20
62.747314453125
 10
163.1787353515625
 20
62.85322265625
 10
163.068896484375
 20
62.959375
 10
162.959375
 20
63.0656982421875
 10
162.8501953125
 20
63.172216796875
 10
162.7413818359375
 20
63.278857421875
 10
162.63302001953124
 20
63.3856201171875
 10
162.525146484375
 20
63.492529296875
 10
162.4178466796875
 20
63.59951171875
 10
162.31124267578124
 20
63.7065673828125
 10
162.2054443359375
 20
63.813623046875
 10
162.1006103515625
 20
63.9207763671875
 10
161.996923828125
 20
64.0279052734375
 10
161.89459228515625
 20
64.1350830078125
 10
161.7938720703125
 20
64.24228515625
 10
161.6949951171875
 20
64.349462890625
 10
161.598291015625
 20
64.456591796875
 10
161.5041015625
 20
64.563720703125
 10
161.41280517578124
 20
64.670849609375
 10
161.32476806640625
 20
64.7779052734375
 10
161.2404052734375
 20
64.8849853515625
 10
161.1601318359375
 20
64.991943359375
 10
161.084326171875
 20
65.098876953125
 10
161.0134033203125
 20
65.20576171875
 10
160.94771728515624
 20
65.3125732421875
 10
160.8876953125
 20
65.4193603515625
 10
160.83359375
 20
65.5260498046875
 10
160.78575439453124
 20
65.632666015625
 10
160.7444091796875
 20
65.7391845703125
 10
160.70972900390626
 20
65.845654296875
 10
160.6818603515625
 20
65.9520263671875
 10
160.6608642578125
 20
66.058349609375
 10
160.64671630859374
 20
66.1645751953125
 10
160.63941650390626
 20
66.270751953125
 10
160.6387939453125
 20
66.3768310546875
 10
160.64468994140626
 20
66.4828125
 10
160.656884765625
 20
66.5887451171875
 10
160.67513427734374
 20
66.6946044921875
 10
160.699072265625
 20
66.8004150390625
 10
160.72843017578126
 20
66.90615234375
 10
160.76280517578124
 20
67.0118408203125
 10
160.80179443359376
 20
67.11748046875
 10
160.84505615234374
 20
67.223046875
 10
160.89215087890625
 20
67.32861328125
 10
160.94273681640624
 20
67.4341064453125
 10
160.99642333984374
 20
67.53955078125
 10
161.052880859375
 20
67.644970703125
 10
161.11171875
 20
67.750390625
 10
161.17269287109374
 20
67.855810546875
 10
161.235498046875
 20
67.961181640625
 10
161.29984130859376
 20
68.06650390625
 10
161.36553955078125
 20
68.1718505859375
 10
161.43236083984374
 20
68.277197265625
 10
161.50008544921874
 20
68.382470703125
 10
161.56861572265626
 20
68.48779296875
 10
161.63780517578124
 20
68.5930908203125
 10
161.70748291015624
 20
68.6983642578125
 10
161.77760009765626
 20
68.80361328125
 10
161.84805908203126
 20
68.90888671875
 10
161.91878662109374
 20
69.0140869140625
 10
161.98975830078126
 20
69.119287109375
 10
162.06090087890624
 20
69.224462890625
 10
162.132177734375
 20
69.329541015625
 10
162.20360107421874
 20
69.4345458984375
 10
162.27518310546876
 20
69.5394775390625
 10
162.3468994140625
 20
69.64423828125
 10
162.41878662109374
 20
69.7488525390625
 10
162.4908935546875
 20
69.8532470703125
 10
162.56328125
 20
69.957373046875
 10
162.63599853515626
 20
70.061181640625
 10
162.7091552734375
 20
70.16455078125
 10
162.7828125
 20
70.26748046875
 10
162.85709228515626
 20
70.3698486328125
 10
162.93214111328126
 20
70.471533203125
 10
163.00802001953124
 20
70.572509765625
 10
163.084912109375
 20
70.6726318359375
 10
163.1629150390625
 20
70.77177734375
 10
163.24217529296874
 20
70.869873046875
 10
163.32283935546874
 20
70.9667724609375
 10
163.40501708984374
 20
71.0624267578125
 10
163.488818359375
 20
71.1566650390625
 10
163.57435302734376
 20
71.2493896484375
 10
163.66170654296874
 20
71.340576171875
 10
163.75093994140624
 20
71.4301025390625
 10
163.84212646484374
 20
71.51787109375
 10
163.93529052734374
 20
71.60390625
 10
164.03043212890626
 20
71.6880126953125
 10
164.1275634765625
 20
71.7703125
 10
164.22667236328124
 20
71.850732421875
 10
164.327685546875
 20
71.929248046875
 10
164.43052978515624
 20
72.005859375
 10
164.53515625
 20
72.0806396484375
 10
164.641455078125
 20
72.15361328125
 10
164.7493408203125
 20
72.224853515625
 10
164.8586669921875
 20
72.294384765625
 10
164.96934814453124
 20
72.3622802734375
 10
165.08123779296875
 20
72.4286376953125
 10
165.19422607421876
 20
72.4935302734375
 10
165.30819091796874
 20
72.5570556640625
 10
165.422998046875
 20
72.619287109375
 10
165.53856201171874
 20
72.680224609375
 10
165.6547607421875
 20
72.7400634765625
 10
165.77152099609376
 20
72.798779296875
 10
165.88873291015625
 20
72.8564697265625
 10
166.0063232421875
 20
72.9130615234375
 10
166.12423095703124
 20
72.9687255859375
 10
166.24237060546875
 20
73.023388671875
 10
166.3607177734375
 20
73.07705078125
 10
166.4792236328125
 20
73.1297119140625
 10
166.59783935546875
 20
73.1812744140625
 10
166.7165283203125
 20
73.2317626953125
 10
166.83531494140624
 20
73.2810791015625
 10
166.9541259765625
 20
73.3291259765625
 10
167.07298583984374
 20
73.37578125
 10
167.191845703125
 20
73.4209716796875
 10
167.31072998046875
 20
73.4645751953125
 10
167.42962646484375
 20
73.506494140625
 10
167.54852294921875
 20
73.5465576171875
 10
167.66741943359375
 20
73.58466796875
 10
167.78631591796875
 20
73.620751953125
 10
167.905224609375
 20
73.654638671875
 10
168.02410888671875
 20
73.68623046875
 10
168.14300537109375
 20
73.7154541015625
 10
168.2619140625
 20
73.7421875
 10
168.380810546875
 20
73.76640625
 10
168.4996826171875
 20
73.78798828125
 10
168.6185791015625
 20
73.8069091796875
 10
168.73746337890626
 20
73.823046875
 10
168.8563232421875
 20
73.8364501953125
 10
168.97520751953124
 20
73.8469970703125
 10
169.094091796875
 20
73.8546875
 10
169.21295166015625
 20
73.85947265625
 10
169.33182373046876
 20
73.861328125
 10
169.45069580078126
 20
73.86015625
 10
169.56956787109374
 20
73.85595703125
 10
169.688427734375
 20
73.8487060546875
 10
169.8072509765625
 20
73.8382568359375
 10
169.92608642578125
 20
73.8246337890625
 10
170.044873046875
 20
73.8077392578125
 10
170.163623046875
 20
73.7875
 10
170.28233642578124
 20
73.7638427734375
 10
170.4009765625
 20
73.736767578125
 10
170.51951904296874
 20
73.706201171875
 10
170.63795166015626
 20
73.6720458984375
 10
170.75626220703126
 20
73.634375
 10
170.8743896484375
 20
73.5930908203125
 10
170.992333984375
 20
73.5482666015625
 10
171.11002197265626
 20
73.4998779296875
 10
171.22742919921876
 20
73.447998046875
 10
171.34453125
 20
73.3927978515625
 10
171.46126708984374
 20
73.3342041015625
 10
171.5775634765625
 20
73.272412109375
 10
171.69339599609376
 20
73.207666015625
 10
171.80872802734376
 20
73.13994140625
 10
171.92354736328124
 20
73.0695556640625
 10
172.03775634765626
 20
72.9966064453125
 10
172.15137939453126
 20
72.921337890625
 10
172.264404296875
 20
72.843896484375
 10
172.37677001953125
 20
72.764501953125
 10
172.4885009765625
 20
72.6833251953125
 10
172.5995849609375
 20
72.6005615234375
 10
172.7100341796875
 20
72.5163330078125
 10
172.8198974609375
 20
72.4307861328125
 10
172.929150390625
 20
72.34404296875
 10
173.03790283203125
 20
72.256201171875
 10
173.1461669921875
 20
72.167431640625
 10
173.25401611328124
 20
72.077734375
 10
173.3614501953125
 20
71.9871826171875
 10
173.46859130859374
 20
71.895849609375
 10
173.5754638671875
 20
71.8037353515625
 10
173.68216552734376
 20
71.7108642578125
 10
173.788671875
 20
71.6171875
 10
173.895068359375
 20
71.522802734375
 10
174.00137939453126
 20
71.4276611328125
 10
174.10762939453124
 20
71.331689453125
 10
174.21383056640624
 20
71.235009765625
 10
174.31998291015626
 20
71.1375244140625
 10
174.4260986328125
 20
71.0392822265625
 10
174.532080078125
 20
70.9402587890625
 10
174.63792724609374
 20
70.84052734375
 10
174.7435546875
 20
70.7400634765625
 10
174.848876953125
 20
70.6388916015625
 10
174.95377197265626
 20
70.5370361328125
 10
175.05814208984376
 20
70.4345458984375
 10
175.161865234375
 20
70.3314697265625
 10
175.26473388671874
 20
70.2278076171875
 10
175.366650390625
 20
70.123681640625
 10
175.46744384765626
 20
70.0190673828125
 10
175.56695556640625
 20
69.9140625
 10
175.66500244140624
 20
69.8087158203125
 10
175.7614013671875
 20
69.7030517578125
 10
175.856005859375
 20
69.597119140625
 10
175.9486328125
 20
69.4909423828125
 10
176.0391357421875
 20
69.3845947265625
 10
176.12738037109375
 20
69.2781005859375
 10
176.21326904296876
 20
69.1714599609375
 10
176.2966552734375
 20
69.0647705078125
 10
176.37747802734376
 20
68.957958984375
 10
176.4556396484375
 20
68.851171875
 10
176.5311279296875
 20
68.744287109375
 10
176.60389404296876
 20
68.637451171875
 10
176.6739501953125
 20
68.53056640625
 10
176.7412841796875
 20
68.42373046875
 10
176.80596923828125
 20
68.31689453125
 10
176.86800537109374
 20
68.21005859375
 10
176.9275146484375
 20
68.1032470703125
 10
176.9845703125
 20
67.9964599609375
 10
177.0392578125
 20
67.889697265625
 10
177.0916748046875
 20
67.7829345703125
 10
177.141943359375
 20
67.676220703125
 10
177.190185546875
 20
67.56953125
 10
177.2365234375
 20
67.4628662109375
 10
177.28106689453125
 20
67.356201171875
 10
177.3239501953125
 20
67.2495849609375
 10
177.36524658203126
 20
67.14296875
 10
177.40511474609374
 20
67.0363525390625
 10
177.4436279296875
 20
66.9297607421875
 10
177.48089599609375
 20
66.823193359375
 10
177.51702880859375
 20
66.7166259765625
 10
177.5521240234375
 20
66.6100830078125
 10
177.5862548828125
 20
66.5035400390625
 10
177.619482421875
 20
66.3969970703125
 10
177.6519287109375
 20
66.2905029296875
 10
177.68360595703126
 20
66.183984375
 10
177.7146484375
 20
66.0774658203125
 10
177.745068359375
 20
65.9709716796875
 10
177.77496337890625
 20
65.8644775390625
 10
177.8044189453125
 20
65.757958984375
 10
177.83343505859375
 20
65.6514892578125
 10
177.862109375
 20
65.5449951171875
 10
177.89049072265624
 20
65.4385498046875
 10
177.91864013671875
 20
65.3320556640625
 10
177.94661865234374
 20
65.2255615234375
 10
177.9744384765625
 20
65.119091796875
 10
178.002197265625
 20
65.0126220703125
 10
178.0298828125
 20
64.9061767578125
 10
178.0575927734375
 20
64.7996826171875
 10
178.0853271484375
 20
64.6932373046875
 10
178.1131103515625
 20
64.586767578125
 10
178.14097900390624
 20
64.4802978515625
 10
178.16895751953126
 20
64.3738037109375
 10
178.19708251953125
 20
64.2673095703125
 10
178.22535400390626
 20
64.16083984375
 10
178.253759765625
 20
64.054345703125
 10
178.2823486328125
 20
63.9478759765625
 10
178.3111083984375
 20
63.8413818359375
 10
178.3400390625
 20
63.73486328125
 10
178.369140625
 20
63.6283935546875
 10
178.3984130859375
 20
63.5218994140625
 10
178.42784423828124
 20
63.415380859375
 10
178.45740966796876
 20
63.3089111328125
 10
178.48714599609374
 20
63.202392578125
 10
178.5170166015625
 20
63.0959228515625
 10
178.54703369140626
 20
62.9893798828125
 10
178.5771240234375
 20
62.882861328125
 10
178.60733642578126
 20
62.7763916015625
 10
178.6376220703125
 20
62.6698486328125
 10
178.66796875
 20
62.563330078125
 10
178.6983642578125
 20
62.4568603515625
 10
178.7287841796875
 20
62.350341796875
 10
178.75924072265624
 20
62.243798828125
 10
178.7896728515625
 20
62.1372802734375
 10
178.8200927734375
 20
62.0307861328125
 10
178.8504638671875
 20
61.9242431640625
 10
178.88079833984375
 20
61.817724609375
 10
178.91104736328126
 20
61.71123046875
 10
178.9412109375
 20
61.6046875
 10
178.97127685546874
 20
61.498193359375
 10
179.00123291015626
 20
61.3916748046875
 10
179.03109130859374
 20
61.285205078125
 10
179.06085205078125
 20
61.1786865234375
 10
179.090478515625
 20
61.0721923828125
 10
179.12000732421876
 20
60.965673828125
 10
179.14942626953126
 20
60.8592041015625
 10
179.17874755859376
 20
60.7526611328125
 10
179.2079833984375
 20
60.6461669921875
 10
179.23712158203125
 20
60.5396728515625
 10
179.26619873046874
 20
60.433154296875
 10
179.2952392578125
 20
60.3266357421875
 10
179.32423095703126
 20
60.220166015625
 10
179.35323486328124
 20
60.1136474609375
 10
179.3822265625
 20
60.0071533203125
 10
179.4112548828125
 20
59.9006591796875
 10
179.4403076171875
 20
59.7941650390625
 10
179.4694091796875
 20
59.687646484375
 10
179.4986083984375
 20
59.58115234375
 10
179.527880859375
 20
59.474658203125
 10
179.55721435546874
 20
59.3682373046875
 10
179.58656005859376
 20
59.261767578125
 10
179.61595458984374
 20
59.15537109375
 10
179.6453125
 20
59.0490478515625
 10
179.6745849609375
 20
58.9427978515625
 10
179.70367431640625
 20
58.8366943359375
 10
179.732470703125
 20
58.730810546875
 10
179.76082763671874
 20
58.625146484375
 10
179.78861083984376
 20
58.519873046875
 10
179.81556396484376
 20
58.4150146484375
 10
179.84149169921875
 20
58.3107177734375
 10
179.86610107421876
 20
58.20712890625
 10
179.8891357421875
 20
58.1044189453125
 10
179.9102294921875
 20
58.002734375
 10
179.92906494140624
 20
57.902294921875
 10
179.94527587890624
 20
57.8033447265625
 10
179.9584716796875
 20
57.7061279296875
 10
179.96829833984376
 20
57.6108642578125
 10
179.9742919921875
 20
57.5178955078125
 10
179.9761474609375
 20
57.4274658203125
 10
179.9734375
 20
57.3399169921875
 10
179.96583251953126
 20
57.2555419921875
 10
179.95303955078126
 20
57.174609375
 10
179.93472900390626
 20
57.097412109375
 10
179.91072998046874
 20
57.0242919921875
 10
179.8808349609375
 20
56.9553955078125
 10
179.84490966796875
 20
56.891064453125
 10
179.80291748046875
 20
56.831494140625
  0
LWPOLYLINE
  5
42
330
17
100
AcDbEntity
  8
0
100
AcDbPolyline
 90
248
 70
1
 10
192.99033203125
 20
55.5996337890625
 10
192.8122314453125
 20
55.625732421875
 10
192.73565673828125
 20
55.6376708984375
 10
192.6337890625
 20
55.654296875
 10
192.53192138671875
 20
55.670947265625
 10
192.4553466796875
 20
55.684130859375
 10
192.27720988054472
 20
55.716093954311326
 10
190.72716278860722
 20
57.11176262474396
 10
190.58743896484376
 20
57.2787841796875
 10
190.51912841796874
 20
57.3557861328125
 10
190.4359130859375
 20
57.447802734375
 10
190.33778076171876
 20
57.5552001953125
 10
190.24344482421876
 20
57.654736328125
 10
190.14599609375
 20
57.758740234375
 10
190.04959716796876
 20
57.86484375
 10
189.95772705078124
 20
57.9708984375
 10
189.8720947265625
 20
58.0778564453125
 10
189.79583740234375
 20
58.1849365234375
 10
189.7310546875
 20
58.291943359375
 10
189.6787841796875
 20
58.3988037109375
 10
189.6389892578125
 20
58.5054931640625
 10
189.61136474609376
 20
58.612060546875
 10
189.59588623046875
 20
58.7184814453125
 10
189.59185791015625
 20
58.8247314453125
 10
189.59722900390625
 20
58.9308837890625
 10
189.61021728515624
 20
59.0369873046875
 10
189.62945556640625
 20
59.14296875
 10
189.65423583984375
 20
59.2489013671875
 10
189.683203125
 20
59.3548095703125
 10
189.71495361328124
 20
59.4606689453125
 10
189.7488037109375
 20
59.5665283203125
 10
189.784375
 20
59.672314453125
 10
189.8216796875
 20
59.7781005859375
 10
189.8607177734375
 20
59.8838623046875
 10
189.90045166015625
 20
59.9896484375
 10
189.94088134765624
 20
60.0953857421875
 10
189.9820068359375
 20
60.201171875
 10
190.02279052734374
 20
60.3069091796875
 10
190.0628662109375
 20
60.4126708984375
 10
190.10120849609376
 20
60.5184814453125
 10
190.13675537109376
 20
60.624267578125
 10
190.1695556640625
 20
60.730126953125
 10
190.19923095703126
 20
60.8360107421875
 10
190.2254150390625
 20
60.941943359375
 10
190.2491943359375
 20
61.0478759765625
 10
190.2712158203125
 20
61.1538818359375
 10
190.2922119140625
 20
61.259814453125
 10
190.31285400390624
 20
61.3658447265625
 10
190.33382568359374
 20
61.471826171875
 10
190.35584716796876
 20
61.577783203125
 10
190.37960205078124
 20
61.6837646484375
 10
190.4047607421875
 20
61.789697265625
 10
190.43094482421876
 20
61.8956298828125
 10
190.4585205078125
 20
62.0015380859375
 10
190.48782958984376
 20
62.1074462890625
 10
190.51854248046874
 20
62.2133056640625
 10
190.55029296875
 20
62.3191650390625
 10
190.5827392578125
 20
62.4250244140625
 10
190.61588134765626
 20
62.5308837890625
 10
190.64970703125
 20
62.63671875
 10
190.68388671875
 20
62.742578125
 10
190.71842041015626
 20
62.8484130859375
 10
190.7532958984375
 20
62.954248046875
 10
190.78851318359375
 20
63.0600830078125
 10
190.8240966796875
 20
63.1658935546875
 10
190.85966796875
 20
63.2717041015625
 10
190.8948974609375
 20
63.3775146484375
 10
190.9294189453125
 20
63.4833740234375
 10
190.96185302734375
 20
63.5892333984375
 10
190.9915283203125
 20
63.6951416015625
 10
191.0177001953125
 20
63.80107421875
 10
191.04010009765625
 20
63.9070556640625
 10
191.0590087890625
 20
64.0130615234375
 10
191.07513427734375
 20
64.1191162109375
 10
191.08916015625
 20
64.2251708984375
 10
191.10284423828125
 20
64.33125
 10
191.11793212890626
 20
64.4373291015625
 10
191.1361572265625
 20
64.5433349609375
 10
191.15850830078125
 20
64.6492919921875
 10
191.1857421875
 20
64.755224609375
 10
191.2178466796875
 20
64.8611083984375
 10
191.2548095703125
 20
64.966943359375
 10
191.2962890625
 20
65.072705078125
 10
191.34122314453126
 20
65.1784423828125
 10
191.38861083984375
 20
65.2841552734375
 10
191.43739013671876
 20
65.3898193359375
 10
191.48651123046875
 20
65.4954833984375
 10
191.53494873046876
 20
65.6011474609375
 10
191.58197021484375
 20
65.7068603515625
 10
191.62691650390624
 20
65.8125732421875
 10
191.66910400390626
 20
65.9183349609375
 10
191.70814208984376
 20
66.0241455078125
 10
191.74442138671876
 20
66.1299560546875
 10
191.77860107421876
 20
66.2358154296875
 10
191.81209716796874
 20
66.34169921875
 10
191.84522705078126
 20
66.4475830078125
 10
191.8787109375
 20
66.5533935546875
 10
191.9139404296875
 20
66.6592529296875
 10
191.9512451171875
 20
66.7650390625
 10
191.99063720703126
 20
66.870849609375
 10
192.03109130859374
 20
66.976611328125
 10
192.07152099609374
 20
67.0823974609375
 10
192.11195068359376
 20
67.18818359375
 10
192.1513427734375
 20
67.2939697265625
 10
192.1883056640625
 20
67.3998046875
 10
192.22249755859374
 20
67.5056640625
 10
192.25355224609376
 20
67.611572265625
 10
192.2825439453125
 20
67.71748046875
 10
192.30977783203124
 20
67.8234130859375
 10
192.33563232421875
 20
67.9293701171875
 10
192.36181640625
 20
68.035009765625
 10
192.3904541015625
 20
68.139697265625
 10
192.42359619140626
 20
68.2424560546875
 10
192.463671875
 20
68.341748046875
 10
192.5120849609375
 20
68.4353759765625
 10
192.57021484375
 20
68.5205078125
 10
192.63875732421874
 20
68.5937744140625
 10
192.7169921875
 20
68.65205078125
 10
192.8031982421875
 20
68.6926025390625
 10
192.89459228515625
 20
68.7129638671875
 10
192.9873291015625
 20
68.7119384765625
 10
193.07762451171874
 20
68.6895751953125
 10
193.16234130859374
 20
68.647119140625
 10
193.2383544921875
 20
68.5871337890625
 10
193.30355224609374
 20
68.5123779296875
 10
193.35728759765624
 20
68.4259765625
 10
193.39990234375
 20
68.3313720703125
 10
193.43277587890626
 20
68.2312744140625
 10
193.45799560546874
 20
68.1278564453125
 10
193.47730712890626
 20
68.0226318359375
 10
193.49351806640624
 20
67.9165283203125
 10
193.5090087890625
 20
67.8101318359375
 10
193.52486572265624
 20
67.7037109375
 10
193.54210205078124
 20
67.5972900390625
 10
193.56141357421876
 20
67.4908447265625
 10
193.5831787109375
 20
67.3843505859375
 10
193.60804443359376
 20
67.2778564453125
 10
193.63536376953124
 20
67.1713134765625
 10
193.66439208984374
 20
67.0647705078125
 10
193.6958740234375
 20
66.958154296875
 10
193.72943115234375
 20
66.8515625
 10
193.76474609375
 20
66.744921875
 10
193.8014404296875
 20
66.63828125
 10
193.83848876953124
 20
66.531640625
 10
193.87586669921876
 20
66.425
 10
193.91358642578126
 20
66.318359375
 10
193.95028076171874
 20
66.2116943359375
 10
193.98558349609374
 20
66.1050537109375
 10
194.01949462890624
 20
65.9984375
 10
194.0520263671875
 20
65.8918212890625
 10
194.08314208984376
 20
65.78525390625
 10
194.11253662109374
 20
65.678662109375
 10
194.13985595703124
 20
65.572119140625
 10
194.16612548828124
 20
65.4656005859375
 10
194.19205322265626
 20
65.35908203125
 10
194.21727294921874
 20
65.2525634765625
 10
194.24144287109374
 20
65.146044921875
 10
194.26527099609376
 20
65.03955078125
 10
194.28946533203126
 20
64.9330322265625
 10
194.3150390625
 20
64.826513671875
 10
194.34166259765624
 20
64.719970703125
 10
194.3689697265625
 20
64.613427734375
 10
194.398046875
 20
64.5068359375
 10
194.42987060546875
 20
64.400244140625
 10
194.4641357421875
 20
64.2936279296875
 10
194.50047607421874
 20
64.186962890625
 10
194.53787841796876
 20
64.080322265625
 10
194.5762939453125
 20
63.9736572265625
 10
194.61575927734376
 20
63.8669677734375
 10
194.6548828125
 20
63.7602783203125
 10
194.69261474609374
 20
63.6535888671875
 10
194.72896728515624
 20
63.5469482421875
 10
194.76392822265626
 20
63.440283203125
 10
194.7974853515625
 20
63.3336669921875
 10
194.8296630859375
 20
63.2270751953125
 10
194.86044921875
 20
63.1204833984375
 10
194.8908935546875
 20
63.0138916015625
 10
194.92099609375
 20
62.9072998046875
 10
194.95074462890625
 20
62.8007568359375
 10
194.98013916015626
 20
62.6941650390625
 10
195.00987548828124
 20
62.5875732421875
 10
195.03961181640625
 20
62.4810302734375
 10
195.0693603515625
 20
62.3744384765625
 10
195.0987548828125
 20
62.2678466796875
 10
195.12850341796874
 20
62.161279296875
 10
195.15823974609376
 20
62.0546630859375
 10
195.18765869140626
 20
61.948095703125
 10
195.21634521484376
 20
61.841552734375
 10
195.2450439453125
 20
61.7349609375
 10
195.27342529296874
 20
61.628369140625
 10
195.30142822265626
 20
61.521826171875
 10
195.3287353515625
 20
61.4152587890625
 10
195.3560546875
 20
61.3087158203125
 10
195.38406982421876
 20
61.2021240234375
 10
195.41278076171875
 20
61.095556640625
 10
195.4418212890625
 20
60.9889892578125
 10
195.47191162109374
 20
60.8823974609375
 10
195.5030517578125
 20
60.77578125
 10
195.5352294921875
 20
60.669189453125
 10
195.56810302734374
 20
60.562548828125
 10
195.60167236328124
 20
60.4559326171875
 10
195.6359375
 20
60.349267578125
 10
195.6708984375
 20
60.242626953125
 10
195.70621337890626
 20
60.1359619140625
 10
195.74151611328125
 20
60.0293212890625
 10
195.77647705078124
 20
59.9226806640625
 10
195.8107421875
 20
59.8160400390625
 10
195.84293212890626
 20
59.709423828125
 10
195.8723388671875
 20
59.6028564453125
 10
195.8982666015625
 20
59.4963134765625
 10
195.92000732421874
 20
59.3898193359375
 10
195.93758544921874
 20
59.2833740234375
 10
195.9510009765625
 20
59.1769775390625
 10
195.95989990234375
 20
59.0706298828125
 10
195.9646484375
 20
58.964306640625
 10
195.9652099609375
 20
58.8580810546875
 10
195.96124267578125
 20
58.7518798828125
 10
195.95206298828126
 20
58.645751953125
 10
195.9363037109375
 20
58.5396728515625
 10
195.91219482421874
 20
58.4337158203125
 10
195.8787109375
 20
58.3278564453125
 10
195.83514404296875
 20
58.2220947265625
 10
195.78045654296875
 20
58.1164794921875
 10
195.71431884765624
 20
58.0110107421875
 10
195.6370361328125
 20
57.9056884765625
 10
195.54969482421876
 20
57.8004638671875
 10
195.45401611328126
 20
57.6953369140625
 10
195.3513916015625
 20
57.5903076171875
 10
195.24285888671875
 20
57.4856689453125
 10
195.1304931640625
 20
57.3816650390625
 10
195.01607666015624
 20
57.2786376953125
 10
194.90093994140625
 20
57.1768310546875
 10
194.7861572265625
 20
57.0765869140625
 10
194.67242431640625
 20
56.978173828125
 10
194.5604248046875
 20
56.8819580078125
 10
194.45086669921875
 20
56.7872314453125
 10
194.34305419921876
 20
56.6933837890625
 10
194.23626708984375
 20
56.5998779296875
 10
194.1298583984375
 20
56.5063720703125
 10
194.02308349609376
 20
56.412548828125
 10
193.915625
 20
56.318408203125
 10
193.80745849609374
 20
56.224267578125
 10
193.69686279296874
 20
56.130517578125
 10
193.58662109375
 20
56.039501953125
 10
193.47952880859376
 20
55.9537353515625
 10
193.36234130859376
 20
55.864697265625
 10
193.26116943359375
 20
55.7893798828125
 10
193.17598876953124
 20
55.7275146484375
  0
LWPOLYLINE
  5
43
330
17
100
AcDbEntity
  8
0
100
AcDbPolyline
 90
466
 70
1
 10
206.3928466796875
 20
55.5328369140625
 10
206.307763671875
 20
55.5579345703125
 10
206.2275146484375
 20
55.5876708984375
 10
206.152490234375
 20
55.6221923828125
 10
206.0829345703125
 20
55.6614501953125
 10
206.0191162109375
 20
55.705615234375
 10
205.9612548828125
 20
55.75458984375
 10
205.909521484375
 20
55.8083740234375
 10
205.86396484375
 20
55.866845703125
 10
205.824658203125
 20
55.929833984375
 10
205.7915283203125
 20
55.9972900390625
 10
205.76455078125
 20
56.0688720703125
 10
205.7435302734375
 20
56.144482421875
 10
205.728369140625
 20
56.2238037109375
 10
205.7187255859375
 20
56.3065673828125
 10
205.7143798828125
 20
56.392529296875
 10
205.7150146484375
 20
56.48134765625
 10
205.7202392578125
 20
56.5728759765625
 10
205.7297119140625
 20
56.6666748046875
 10
205.743017578125
 20
56.7625244140625
 10
205.7597900390625
 20
56.8601806640625
 10
205.7796142578125
 20
56.9593994140625
 10
205.8021484375
 20
57.0599365234375
 10
205.8269775390625
 20
57.16162109375
 10
205.85380859375
 20
57.2641845703125
 10
205.882275390625
 20
57.367529296875
 10
205.912158203125
 20
57.4715087890625
 10
205.9430908203125
 20
57.5760009765625
 10
205.9749267578125
 20
57.6808349609375
 10
206.0074462890625
 20
57.785986328125
 10
206.0405029296875
 20
57.891357421875
 10
206.073876953125
 20
57.9968994140625
 10
206.10751953125
 20
58.1025634765625
 10
206.141357421875
 20
58.2083251953125
 10
206.1753173828125
 20
58.31416015625
 10
206.209326171875
 20
58.4199951171875
 10
206.2433349609375
 20
58.52587890625
 10
206.277392578125
 20
58.6317626953125
 10
206.3114501953125
 20
58.737646484375
 10
206.3455078125
 20
58.8435791015625
 10
206.3795654296875
 20
58.94951171875
 10
206.413623046875
 20
59.055419921875
 10
206.4476806640625
 20
59.1613037109375
 10
206.4817626953125
 20
59.2672119140625
 10
206.515869140625
 20
59.3731201171875
 10
206.549951171875
 20
59.4790283203125
 10
206.5840576171875
 20
59.584912109375
 10
206.6181884765625
 20
59.6908447265625
 10
206.6523193359375
 20
59.79677734375
 10
206.68642578125
 20
59.902685546875
 10
206.7204833984375
 20
60.0085693359375
 10
206.754541015625
 20
60.1144775390625
 10
206.7885498046875
 20
60.22041015625
 10
206.8224609375
 20
60.3262939453125
 10
206.856298828125
 20
60.4322509765625
 10
206.8900390625
 20
60.5381591796875
 10
206.923681640625
 20
60.644091796875
 10
206.957177734375
 20
60.75
 10
206.990576171875
 20
60.8558837890625
 10
207.023828125
 20
60.9618408203125
 10
207.0569580078125
 20
61.0677978515625
 10
207.08994140625
 20
61.1737060546875
 10
207.1228515625
 20
61.279638671875
 10
207.155615234375
 20
61.385546875
 10
207.18828125
 20
61.4914794921875
 10
207.2208740234375
 20
61.597412109375
 10
207.25341796875
 20
61.703369140625
 10
207.285888671875
 20
61.8093017578125
 10
207.318359375
 20
61.9152099609375
 10
207.3508056640625
 20
62.0211669921875
 10
207.3832763671875
 20
62.127099609375
 10
207.4158203125
 20
62.233056640625
 10
207.4484130859375
 20
62.3389892578125
 10
207.481103515625
 20
62.444921875
 10
207.5138916015625
 20
62.550830078125
 10
207.5467529296875
 20
62.6567626953125
 10
207.5797607421875
 20
62.7627197265625
 10
207.612890625
 20
62.8686767578125
 10
207.6461181640625
 20
62.9745849609375
 10
207.679443359375
 20
63.0804931640625
 10
207.7128662109375
 20
63.1864501953125
 10
207.746337890625
 20
63.2924072265625
 10
207.7799072265625
 20
63.3983154296875
 10
207.8134765625
 20
63.504248046875
 10
207.8470458984375
 20
63.61015625
 10
207.880615234375
 20
63.7160888671875
 10
207.914111328125
 20
63.8219970703125
 10
207.9475830078125
 20
63.9279541015625
 10
207.98095703125
 20
64.03388671875
 10
208.0142333984375
 20
64.139794921875
 10
208.0473876953125
 20
64.245751953125
 10
208.0804443359375
 20
64.3516845703125
 10
208.1134521484375
 20
64.4576416015625
 10
208.1463623046875
 20
64.56357421875
 10
208.1792236328125
 20
64.6695068359375
 10
208.2120849609375
 20
64.7754638671875
 10
208.24501953125
 20
64.881396484375
 10
208.278076171875
 20
64.987353515625
 10
208.3113525390625
 20
65.0932861328125
 10
208.344873046875
 20
65.19921875
 10
208.37880859375
 20
65.305126953125
 10
208.4132080078125
 20
65.41103515625
 10
208.448291015625
 20
65.5170166015625
 10
208.4840576171875
 20
65.6229248046875
 10
208.5207763671875
 20
65.72880859375
 10
208.5585205078125
 20
65.834716796875
 10
208.5974365234375
 20
65.940576171875
 10
208.6377685546875
 20
66.0464599609375
 10
208.6796142578125
 20
66.1522705078125
 10
208.723193359375
 20
66.2580810546875
 10
208.7686279296875
 20
66.3638427734375
 10
208.8161376953125
 20
66.469580078125
 10
208.8658447265625
 20
66.5752685546875
 10
208.9179443359375
 20
66.680859375
 10
208.9725830078125
 20
66.78642578125
 10
209.0298583984375
 20
66.891845703125
 10
209.0899658203125
 20
66.99716796875
 10
209.1529052734375
 20
67.1023193359375
 10
209.2188232421875
 20
67.2072998046875
 10
209.2877197265625
 20
67.312060546875
 10
209.359619140625
 20
67.416552734375
 10
209.434521484375
 20
67.520751953125
 10
209.5123779296875
 20
67.6245849609375
 10
209.59306640625
 20
67.72802734375
 10
209.6765625
 20
67.8309326171875
 10
209.762646484375
 20
67.933349609375
 10
209.8511962890625
 20
68.0351318359375
 10
209.9419677734375
 20
68.1362548828125
 10
210.034814453125
 20
68.2366455078125
 10
210.1294189453125
 20
68.33623046875
 10
210.225634765625
 20
68.4349365234375
 10
210.323095703125
 20
68.5327392578125
 10
210.4216552734375
 20
68.629541015625
 10
210.5209716796875
 20
68.7253173828125
 10
210.620849609375
 20
68.819970703125
 10
210.7210205078125
 20
68.9135986328125
 10
210.821337890625
 20
69.0060302734375
 10
210.9215576171875
 20
69.0973876953125
 10
211.02158203125
 20
69.18759765625
 10
211.1212158203125
 20
69.276708984375
 10
211.2204345703125
 20
69.36474609375
 10
211.319091796875
 20
69.4517333984375
 10
211.4171875
 20
69.5377685546875
 10
211.5147216796875
 20
69.6228759765625
 10
211.61171875
 20
69.7071044921875
 10
211.7081787109375
 20
69.7906005859375
 10
211.8042724609375
 20
69.8734375
 10
211.900048828125
 20
69.9556884765625
 10
211.9955810546875
 20
70.0374755859375
 10
212.0910400390625
 20
70.1188232421875
 10
212.1865234375
 20
70.1998779296875
 10
212.2822021484375
 20
70.280615234375
 10
212.37822265625
 20
70.3612060546875
 10
212.47470703125
 20
70.4416259765625
 10
212.571826171875
 20
70.5218505859375
 10
212.66962890625
 20
70.6019287109375
 10
212.768310546875
 20
70.6818115234375
 10
212.8678955078125
 20
70.7614990234375
 10
212.9685302734375
 20
70.8408447265625
 10
213.070263671875
 20
70.9197509765625
 10
213.17314453125
 20
70.998095703125
 10
213.2771484375
 20
71.0757080078125
 10
213.38232421875
 20
71.15244140625
 10
213.488671875
 20
71.228076171875
 10
213.596142578125
 20
71.30244140625
 10
213.7046630859375
 20
71.375341796875
 10
213.8142333984375
 20
71.4465087890625
 10
213.9247802734375
 20
71.515771484375
 10
214.036181640625
 20
71.582958984375
 10
214.14833984375
 20
71.647900390625
 10
214.2612060546875
 20
71.7103759765625
 10
214.374658203125
 20
71.770263671875
 10
214.48857421875
 20
71.8274169921875
 10
214.6029052734375
 20
71.8817626953125
 10
214.717529296875
 20
71.933203125
 10
214.832373046875
 20
71.981640625
 10
214.94736328125
 20
72.0270751953125
 10
215.0624267578125
 20
72.069482421875
 10
215.1775146484375
 20
72.10888671875
 10
215.2925537109375
 20
72.14521484375
 10
215.4075439453125
 20
72.178515625
 10
215.5224853515625
 20
72.208740234375
 10
215.6372802734375
 20
72.2359375
 10
215.7520263671875
 20
72.26005859375
 10
215.8666748046875
 20
72.281103515625
 10
215.9813232421875
 20
72.2989990234375
 10
216.0959228515625
 20
72.313720703125
 10
216.210498046875
 20
72.325244140625
 10
216.325146484375
 20
72.333447265625
 10
216.43984375
 20
72.338330078125
 10
216.554638671875
 20
72.339794921875
 10
216.6696044921875
 20
72.33779296875
 10
216.784716796875
 20
72.3322021484375
 10
216.9000244140625
 20
72.323046875
 10
217.0155517578125
 20
72.31025390625
 10
217.13125
 20
72.293798828125
 10
217.247216796875
 20
72.273681640625
 10
217.36337890625
 20
72.2499755859375
 10
217.4797607421875
 20
72.2226806640625
 10
217.5962646484375
 20
72.1919189453125
 10
217.7129638671875
 20
72.1578369140625
 10
217.82978515625
 20
72.1205322265625
 10
217.9466796875
 20
72.0801513671875
 10
218.0635986328125
 20
72.0369384765625
 10
218.180517578125
 20
71.991064453125
 10
218.2973876953125
 20
71.9427001953125
 10
218.4141845703125
 20
71.8921142578125
 10
218.5308349609375
 20
71.83955078125
 10
218.64736328125
 20
71.7851318359375
 10
218.763720703125
 20
71.7291748046875
 10
218.879833984375
 20
71.671826171875
 10
218.9957763671875
 20
71.6132568359375
 10
219.11142578125
 20
71.5536865234375
 10
219.226904296875
 20
71.4932861328125
 10
219.342138671875
 20
71.43212890625
 10
219.4571044921875
 20
71.370361328125
 10
219.5718994140625
 20
71.3080810546875
 10
219.686474609375
 20
71.2452880859375
 10
219.8008544921875
 20
71.1820556640625
 10
219.915087890625
 20
71.118408203125
 10
220.0291259765625
 20
71.0543701171875
 10
220.14296875
 20
70.9898681640625
 10
220.256640625
 20
70.92490234375
 10
220.370068359375
 20
70.859423828125
 10
220.4832763671875
 20
70.7933349609375
 10
220.5961669921875
 20
70.7265869140625
 10
220.7087158203125
 20
70.6590576171875
 10
220.82080078125
 20
70.590673828125
 10
220.9323974609375
 20
70.521337890625
 10
221.0433837890625
 20
70.4509033203125
 10
221.1535888671875
 20
70.379345703125
 10
221.2629638671875
 20
70.306494140625
 10
221.3713623046875
 20
70.2322998046875
 10
221.4786376953125
 20
70.1566162109375
 10
221.58466796875
 20
70.079443359375
 10
221.6892822265625
 20
70.0006591796875
 10
221.792431640625
 20
69.92021484375
 10
221.893896484375
 20
69.838134765625
 10
221.993701171875
 20
69.7542724609375
 10
222.0916748046875
 20
69.6686767578125
 10
222.1877197265625
 20
69.581396484375
 10
222.2818603515625
 20
69.4924072265625
 10
222.3739990234375
 20
69.401708984375
 10
222.46416015625
 20
69.309423828125
 10
222.55234375
 20
69.2156005859375
 10
222.6385498046875
 20
69.120263671875
 10
222.7228271484375
 20
69.02353515625
 10
222.8052490234375
 20
68.9255126953125
 10
222.885888671875
 20
68.82626953125
 10
222.964794921875
 20
68.725927734375
 10
223.0420654296875
 20
68.624609375
 10
223.117822265625
 20
68.522314453125
 10
223.1921630859375
 20
68.4192626953125
 10
223.265185546875
 20
68.31552734375
 10
223.33701171875
 20
68.2111572265625
 10
223.407763671875
 20
68.10625
 10
223.477490234375
 20
68.0009033203125
 10
223.5463623046875
 20
67.8951904296875
 10
223.614404296875
 20
67.7891357421875
 10
223.68173828125
 20
67.682861328125
 10
223.7484619140625
 20
67.5763427734375
 10
223.8146240234375
 20
67.4697021484375
 10
223.880322265625
 20
67.362939453125
 10
223.9455810546875
 20
67.2560791015625
 10
224.01044921875
 20
67.1490966796875
 10
224.0750244140625
 20
67.0421142578125
 10
224.13935546875
 20
66.93505859375
 10
224.203369140625
 20
66.8280029296875
 10
224.2671875
 20
66.7209228515625
 10
224.3307861328125
 20
66.6137939453125
 10
224.394189453125
 20
66.5067138671875
 10
224.45732421875
 20
66.399609375
 10
224.520166015625
 20
66.2925048828125
 10
224.5826416015625
 20
66.185400390625
 10
224.64462890625
 20
66.078271484375
 10
224.7060791015625
 20
65.9712158203125
 10
224.7668212890625
 20
65.864111328125
 10
224.82666015625
 20
65.7570556640625
 10
224.88544921875
 20
65.6500244140625
 10
224.94287109375
 20
65.543017578125
 10
224.998681640625
 20
65.43603515625
 10
225.0526123046875
 20
65.329150390625
 10
225.1042724609375
 20
65.2222900390625
 10
225.153369140625
 20
65.1155517578125
 10
225.1994873046875
 20
65.00888671875
 10
225.2422119140625
 20
64.9023193359375
 10
225.281201171875
 20
64.7958740234375
 10
225.316015625
 20
64.6896240234375
 10
225.346240234375
 20
64.5835693359375
 10
225.3715576171875
 20
64.477685546875
 10
225.3915283203125
 20
64.3720947265625
 10
225.405859375
 20
64.26669921875
 10
225.4142822265625
 20
64.16162109375
 10
225.41640625
 20
64.0568115234375
 10
225.4121337890625
 20
63.9523193359375
 10
225.4012451171875
 20
63.84814453125
 10
225.3836669921875
 20
63.744287109375
 10
225.359326171875
 20
63.6408447265625
 10
225.32822265625
 20
63.537646484375
 10
225.290478515625
 20
63.4348388671875
 10
225.2461181640625
 20
63.3322998046875
 10
225.1953857421875
 20
63.2301025390625
 10
225.1385009765625
 20
63.128125
 10
225.07568359375
 20
63.026416015625
 10
225.0072509765625
 20
62.9248779296875
 10
224.933544921875
 20
62.8235107421875
 10
224.854833984375
 20
62.722265625
 10
224.7716064453125
 20
62.62109375
 10
224.6842041015625
 20
62.519970703125
 10
224.59296875
 20
62.4188720703125
 10
224.498291015625
 20
62.317724609375
 10
224.4006103515625
 20
62.2165283203125
 10
224.3001708984375
 20
62.1152587890625
 10
224.197412109375
 20
62.013916015625
 10
224.0926513671875
 20
61.9124267578125
 10
223.9861572265625
 20
61.81083984375
 10
223.8781494140625
 20
61.7091064453125
 10
223.768896484375
 20
61.6073486328125
 10
223.6587158203125
 20
61.50546875
 10
223.5476806640625
 20
61.403515625
 10
223.4360107421875
 20
61.3015869140625
 10
223.3238525390625
 20
61.199658203125
 10
223.2113037109375
 20
61.0978271484375
 10
223.0984619140625
 20
60.99609375
 10
222.9854248046875
 20
60.894580078125
 10
222.8722412109375
 20
60.7932861328125
 10
222.758935546875
 20
60.692236328125
 10
222.6455810546875
 20
60.591552734375
 10
222.532177734375
 20
60.49130859375
 10
222.4188232421875
 20
60.3914794921875
 10
222.305419921875
 20
60.2921875
 10
222.192041015625
 20
60.19345703125
 10
222.0786376953125
 20
60.0953857421875
 10
221.965283203125
 20
59.9980224609375
 10
221.851904296875
 20
59.9013916015625
 10
221.7385498046875
 20
59.8055419921875
 10
221.625146484375
 20
59.710595703125
 10
221.511767578125
 20
59.6166259765625
 10
221.3983642578125
 20
59.5236572265625
 10
221.2849365234375
 20
59.431787109375
 10
221.1715087890625
 20
59.3411376953125
 10
221.058056640625
 20
59.251806640625
 10
220.9445556640625
 20
59.1638427734375
 10
220.83095703125
 20
59.0774169921875
 10
220.7173095703125
 20
58.992529296875
 10
220.603564453125
 20
58.9093994140625
 10
220.4896728515625
 20
58.82802734375
 10
220.375634765625
 20
58.748583984375
 10
220.2614013671875
 20
58.6711669921875
 10
220.147021484375
 20
58.595947265625
 10
220.032421875
 20
58.5228759765625
 10
219.9175537109375
 20
58.4520751953125
 10
219.8024658203125
 20
58.38369140625
 10
219.687109375
 20
58.3177001953125
 10
219.5714599609375
 20
58.2541748046875
 10
219.455517578125
 20
58.1931396484375
 10
219.3392822265625
 20
58.134619140625
 10
219.2227294921875
 20
58.0785400390625
 10
219.105908203125
 20
58.0249267578125
 10
218.9887939453125
 20
57.9737548828125
 10
218.8713623046875
 20
57.92490234375
 10
218.7536865234375
 20
57.8783447265625
 10
218.6357177734375
 20
57.833935546875
 10
218.517578125
 20
57.791650390625
 10
218.3991943359375
 20
57.75126953125
 10
218.2806396484375
 20
57.7127685546875
 10
218.1619384765625
 20
57.6759521484375
 10
218.0430419921875
 20
57.6406982421875
 10
217.9240478515625
 20
57.606884765625
 10
217.804931640625
 20
57.574365234375
 10
217.6857421875
 20
57.5430419921875
 10
217.5664794921875
 20
57.5126708984375
 10
217.44716796875
 20
57.4832763671875
 10
217.3278076171875
 20
57.4546630859375
 10
217.2084228515625
 20
57.426708984375
 10
217.0889892578125
 20
57.399365234375
 10
216.969580078125
 20
57.3725341796875
 10
216.8501220703125
 20
57.34609375
 10
216.730712890625
 20
57.319970703125
 10
216.61123046875
 20
57.2941650390625
 10
216.4917724609375
 20
57.2685791015625
 10
216.3723388671875
 20
57.2431396484375
 10
216.252880859375
 20
57.217919921875
 10
216.133447265625
 20
57.1928466796875
 10
216.01396484375
 20
57.16787109375
 10
215.8945068359375
 20
57.1429931640625
 10
215.775048828125
 20
57.11826171875
 10
215.6555908203125
 20
57.093603515625
 10
215.5361572265625
 20
57.06904296875
 10
215.41669921875
 20
57.04453125
 10
215.297265625
 20
57.020166015625
 10
215.17783203125
 20
56.9958251953125
 10
215.0583984375
 20
56.971533203125
 10
214.93896484375
 20
56.9473388671875
 10
214.81953125
 20
56.9231689453125
 10
214.70009765625
 20
56.899072265625
 10
214.5806884765625
 20
56.8749755859375
 10
214.4612548828125
 20
56.8508544921875
 10
214.3418212890625
 20
56.826708984375
 10
214.2223876953125
 20
56.8025146484375
 10
214.1029541015625
 20
56.77822265625
 10
213.9835205078125
 20
56.7538330078125
 10
213.864111328125
 20
56.7293701171875
 10
213.744677734375
 20
56.704736328125
 10
213.6252685546875
 20
56.6800048828125
 10
213.5058349609375
 20
56.655078125
 10
213.38642578125
 20
56.62998046875
 10
213.2670166015625
 20
56.6047119140625
 10
213.1475830078125
 20
56.579345703125
 10
213.028173828125
 20
56.55380859375
 10
212.9087646484375
 20
56.5281494140625
 10
212.7893310546875
 20
56.5023681640625
 10
212.6699462890625
 20
56.4765380859375
 10
212.550537109375
 20
56.450634765625
 10
212.4311279296875
 20
56.4246826171875
 10
212.31171875
 20
56.398828125
 10
212.1923095703125
 20
56.3729736328125
 10
212.072900390625
 20
56.347216796875
 10
211.953515625
 20
56.321533203125
 10
211.8341064453125
 20
56.296044921875
 10
211.714697265625
 20
56.2706787109375
 10
211.5952880859375
 20
56.2455322265625
 10
211.4759033203125
 20
56.220556640625
 10
211.3565185546875
 20
56.19580078125
 10
211.237109375
 20
56.1713134765625
 10
211.117724609375
 20
56.147021484375
 10
210.99833984375
 20
56.1230224609375
 10
210.878955078125
 20
56.09921875
 10
210.7595458984375
 20
56.07568359375
 10
210.6401611328125
 20
56.0522705078125
 10
210.5207763671875
 20
56.029052734375
 10
210.401416015625
 20
56.0060302734375
 10
210.2820068359375
 20
55.9831298828125
 10
210.1626220703125
 20
55.9603271484375
 10
210.04326171875
 20
55.9376220703125
 10
209.923876953125
 20
55.9150146484375
 10
209.8045166015625
 20
55.892431640625
 10
209.6851318359375
 20
55.8698974609375
 10
209.5657470703125
 20
55.8473876953125
 10
209.44638671875
 20
55.82490234375
 10
209.3270263671875
 20
55.8024658203125
 10
209.207666015625
 20
55.780029296875
 10
209.0883056640625
 20
55.757666015625
 10
208.9689453125
 20
55.7354248046875
 10
208.8495849609375
 20
55.7132568359375
 10
208.7302978515625
 20
55.6913330078125
 10
208.61103515625
 20
55.6696044921875
 10
208.4918701171875
 20
55.6482666015625
 10
208.3727783203125
 20
55.627392578125
 10
208.2538330078125
 20
55.6070556640625
 10
208.1350830078125
 20
55.58740234375
 10
208.0165771484375
 20
55.568603515625
 10
207.8985107421875
 20
55.55078125
 10
207.7808349609375
 20
55.5341552734375
 10
207.663818359375
 20
55.518896484375
 10
207.5475830078125
 20
55.5052978515625
 10
207.4322998046875
 20
55.493505859375
 10
207.3181884765625
 20
55.4837646484375
 10
207.2054931640625
 20
55.4763916015625
 10
207.094482421875
 20
55.471630859375
 10
206.985498046875
 20
55.4697021484375
 10
206.87880859375
 20
55.470947265625
 10
206.7748046875
 20
55.4755126953125
 10
206.6738525390625
 20
55.4838134765625
 10
206.57626953125
 20
55.4959716796875
 10
206.4824951171875
 20
55.5122314453125
  0
LWPOLYLINE
  5
44
330
17
100
AcDbEntity
  8
0
100
AcDbPolyline
 90
235
 70
1
 10
186.67569580078126
 20
54.2936279296875
 10
186.49002685546876
 20
54.2958251953125
 10
186.4044921875
 20
54.2976318359375
 10
186.3022705078125
 20
54.3005126953125
 10
186.18302001953126
 20
54.304833984375
 10
186.0724609375
 20
54.310888671875
 10
185.95704345703126
 20
54.319482421875
 10
185.83919677734374
 20
54.3312255859375
 10
185.72137451171875
 20
54.346044921875
 10
185.60250244140624
 20
54.3639404296875
 10
185.48326416015624
 20
54.3849853515625
 10
185.36405029296876
 20
54.4091064453125
 10
185.24483642578124
 20
54.435693359375
 10
185.12564697265626
 20
54.464111328125
 10
185.0064453125
 20
54.4938232421875
 10
184.8872314453125
 20
54.5241455078125
 10
184.76802978515624
 20
54.554736328125
 10
184.648828125
 20
54.5853515625
 10
184.52962646484374
 20
54.6156494140625
 10
184.41043701171876
 20
54.6456787109375
 10
184.2912353515625
 20
54.6753662109375
 10
184.1720458984375
 20
54.7047119140625
 10
184.0528564453125
 20
54.7347412109375
 10
183.9336669921875
 20
54.7653564453125
 10
183.81446533203126
 20
54.796875
 10
183.69530029296874
 20
54.8299560546875
 10
183.57611083984375
 20
54.8652099609375
 10
183.45693359375
 20
54.9035888671875
 10
183.3377685546875
 20
54.9462890625
 10
183.21859130859374
 20
54.993603515625
 10
183.09945068359374
 20
55.047119140625
 10
182.9806640625
 20
55.1077880859375
 10
182.86258544921876
 20
55.175830078125
 10
182.7458984375
 20
55.251611328125
 10
182.631640625
 20
55.3347900390625
 10
182.5212158203125
 20
55.4244384765625
 10
182.416015625
 20
55.5198974609375
 10
182.31776123046876
 20
55.619580078125
 10
182.22747802734375
 20
55.722314453125
 10
182.14622802734374
 20
55.8270751953125
 10
182.07435302734376
 20
55.932958984375
 10
182.01151123046876
 20
56.0393798828125
 10
181.956640625
 20
56.1459716796875
 10
181.90870361328126
 20
56.2525146484375
 10
181.8659912109375
 20
56.358984375
 10
181.8270751953125
 20
56.4654052734375
 10
181.79058837890625
 20
56.5718017578125
 10
181.7554931640625
 20
56.678173828125
 10
181.72109375
 20
56.7845703125
 10
181.6870361328125
 20
56.8909423828125
 10
181.6530029296875
 20
56.9972900390625
 10
181.6189453125
 20
57.103662109375
 10
181.5848876953125
 20
57.2100341796875
 10
181.5511962890625
 20
57.3163818359375
 10
181.5178466796875
 20
57.4227294921875
 10
181.4848388671875
 20
57.5290771484375
 10
181.45216064453126
 20
57.6354248046875
 10
181.42020263671876
 20
57.741796875
 10
181.38892822265626
 20
57.848095703125
 10
181.35833740234375
 20
57.954443359375
 10
181.3277587890625
 20
58.0607666015625
 10
181.2975341796875
 20
58.1671142578125
 10
181.26800537109375
 20
58.273388671875
 10
181.23916015625
 20
58.3797119140625
 10
181.21031494140624
 20
58.485986328125
 10
181.18182373046875
 20
58.5923095703125
 10
181.15400390625
 20
58.698583984375
 10
181.12723388671876
 20
58.8048583984375
 10
181.10081787109374
 20
58.9111328125
 10
181.07406005859374
 20
59.0174072265625
 10
181.0472900390625
 20
59.123681640625
 10
181.0208740234375
 20
59.2300048828125
 10
180.9941162109375
 20
59.336279296875
 10
180.96630859375
 20
59.4425537109375
 10
180.9374755859375
 20
59.548828125
 10
180.9079345703125
 20
59.655126953125
 10
180.8780517578125
 20
59.7614501953125
 10
180.84713134765624
 20
59.8677734375
 10
180.81551513671874
 20
59.9740966796875
 10
180.78389892578124
 20
60.08046875
 10
180.75262451171875
 20
60.186767578125
 10
180.7220458984375
 20
60.2930908203125
 10
180.6925048828125
 20
60.3993896484375
 10
180.66402587890624
 20
60.5056640625
 10
180.63690185546875
 20
60.6119384765625
 10
180.6104736328125
 20
60.7181884765625
 10
180.5840576171875
 20
60.824462890625
 10
180.55765380859376
 20
60.930712890625
 10
180.53055419921876
 20
61.0369873046875
 10
180.50205078125
 20
61.143310546875
 10
180.4725341796875
 20
61.249609375
 10
180.44195556640625
 20
61.3559326171875
 10
180.41068115234376
 20
61.4622802734375
 10
180.37906494140626
 20
61.5685791015625
 10
180.34744873046876
 20
61.6749267578125
 10
180.31651611328124
 20
61.7812255859375
 10
180.28663330078126
 20
61.8875244140625
 10
180.25709228515626
 20
61.9938232421875
 10
180.2282470703125
 20
62.100146484375
 10
180.20045166015626
 20
62.2064208984375
 10
180.1740478515625
 20
62.3126708984375
 10
180.14833984375
 20
62.4189208984375
 10
180.12261962890625
 20
62.5251953125
 10
180.09725341796874
 20
62.6314453125
 10
180.07291259765626
 20
62.7376708984375
 10
180.04892578125
 20
62.843896484375
 10
180.0245849609375
 20
62.9501220703125
 10
179.99920654296875
 20
63.056396484375
 10
179.97349853515624
 20
63.162646484375
 10
179.94776611328126
 20
63.268896484375
 10
179.92100830078124
 20
63.375146484375
 10
179.89217529296874
 20
63.4814453125
 10
179.8612548828125
 20
63.587744140625
 10
179.82791748046876
 20
63.694091796875
 10
179.791796875
 20
63.800439453125
 10
179.7511474609375
 20
63.9068603515625
 10
179.70528564453124
 20
64.013330078125
 10
179.65494384765626
 20
64.1198974609375
 10
179.60078125
 20
64.22646484375
 10
179.5434814453125
 20
64.333056640625
 10
179.48480224609375
 20
64.4396728515625
 10
179.4264892578125
 20
64.5463134765625
 10
179.37198486328126
 20
64.652880859375
 10
179.32408447265624
 20
64.7593505859375
 10
179.2848388671875
 20
64.8654541015625
 10
179.25667724609374
 20
64.97080078125
 10
179.2417236328125
 20
65.0747802734375
 10
179.24132080078124
 20
65.176416015625
 10
179.2572265625
 20
65.2744384765625
 10
179.2894287109375
 20
65.367041015625
 10
179.3375732421875
 20
65.4520263671875
 10
179.4009765625
 20
65.5275634765625
 10
179.47823486328124
 20
65.591162109375
 10
179.56727294921876
 20
65.6406982421875
 10
179.66563720703124
 20
65.6743408203125
 10
179.7702392578125
 20
65.690576171875
 10
179.8786376953125
 20
65.6891357421875
 10
179.9887451171875
 20
65.6700439453125
 10
180.09847412109374
 20
65.63359375
 10
180.2061279296875
 20
65.581396484375
 10
180.31131591796876
 20
65.5153076171875
 10
180.4140625
 20
65.4374755859375
 10
180.5147216796875
 20
65.3503662109375
 10
180.61363525390624
 20
65.2558837890625
 10
180.7111572265625
 20
65.1561279296875
 10
180.80867919921874
 20
65.052978515625
 10
180.9075927734375
 20
64.9476318359375
 10
181.008203125
 20
64.8410400390625
 10
181.11092529296874
 20
64.7337890625
 10
181.21607666015626
 20
64.6261962890625
 10
181.3236572265625
 20
64.518603515625
 10
181.43331298828124
 20
64.411279296875
 10
181.5433349609375
 20
64.3048583984375
 10
181.6526611328125
 20
64.1984619140625
 10
181.7585205078125
 20
64.0942626953125
 10
181.85814208984374
 20
63.9945068359375
 10
181.9594970703125
 20
63.886962890625
 10
182.04456787109376
 20
63.7947998046875
 10
182.11373291015624
 20
63.717724609375
 10
182.25337600295853
 20
63.55047823176024
 10
184.09317708628865
 20
61.89391389562625
 10
184.23265380859374
 20
61.761669921875
 10
184.3017333984375
 20
61.697705078125
 10
184.38670654296874
 20
61.6196533203125
 10
184.48826904296874
 20
61.5267333984375
 10
184.58880615234375
 20
61.4363037109375
 10
184.69664306640624
 20
61.3396484375
 10
184.80928955078124
 20
61.239208984375
 10
184.9243896484375
 20
61.1374755859375
 10
185.04156494140625
 20
61.034765625
 10
185.15977783203124
 20
60.932421875
 10
185.2783447265625
 20
60.8312255859375
 10
185.39691162109375
 20
60.7322509765625
 10
185.5155029296875
 20
60.635400390625
 10
185.63408203125
 20
60.5404541015625
 10
185.7526611328125
 20
60.447021484375
 10
185.87125244140626
 20
60.354833984375
 10
185.98984375
 20
60.2635498046875
 10
186.10809326171875
 20
60.172900390625
 10
186.22564697265625
 20
60.0820068359375
 10
186.34215087890624
 20
59.990771484375
 10
186.45726318359374
 20
59.89921875
 10
186.57032470703126
 20
59.807421875
 10
186.68056640625
 20
59.7153564453125
 10
186.78736572265626
 20
59.6229736328125
 10
186.8906982421875
 20
59.530322265625
 10
186.99053955078125
 20
59.4374267578125
 10
187.08658447265626
 20
59.3439453125
 10
187.1781005859375
 20
59.249609375
 10
187.2654541015625
 20
59.154052734375
 10
187.3486328125
 20
59.0570068359375
 10
187.42730712890625
 20
58.958154296875
 10
187.5007568359375
 20
58.857177734375
 10
187.56796875
 20
58.754443359375
 10
187.62857666015626
 20
58.6501953125
 10
187.6825927734375
 20
58.5447998046875
 10
187.72862548828124
 20
58.438623046875
 10
187.76597900390624
 20
58.3318603515625
 10
187.79462890625
 20
58.2249267578125
 10
187.8142578125
 20
58.1180908203125
 10
187.8252197265625
 20
58.0113525390625
 10
187.82750244140624
 20
57.9047119140625
 10
187.82144775390626
 20
57.7981689453125
 10
187.80845947265624
 20
57.6917236328125
 10
187.78955078125
 20
57.5853271484375
 10
187.76510009765624
 20
57.4790283203125
 10
187.73648681640626
 20
57.372705078125
 10
187.70472412109376
 20
57.2664794921875
 10
187.67091064453126
 20
57.160302734375
 10
187.63570556640624
 20
57.0540771484375
 10
187.5994384765625
 20
56.947900390625
 10
187.5625
 20
56.841748046875
 10
187.5262451171875
 20
56.735546875
 10
187.49066162109375
 20
56.629345703125
 10
187.45579833984374
 20
56.5231689453125
 10
187.42161865234374
 20
56.4169677734375
 10
187.3885009765625
 20
56.3107177734375
 10
187.3567626953125
 20
56.2044921875
 10
187.3267578125
 20
56.0982421875
 10
187.29744873046874
 20
55.9919677734375
 10
187.2691650390625
 20
55.8857177734375
 10
187.24228515625
 20
55.7794189453125
 10
187.216796875
 20
55.673095703125
 10
187.1919921875
 20
55.5667724609375
 10
187.16683349609374
 20
55.4604736328125
 10
187.14031982421875
 20
55.3541748046875
 10
187.11239013671874
 20
55.247900390625
 10
187.08204345703126
 20
55.1419677734375
 10
187.04822998046876
 20
55.0370361328125
 10
187.00955810546876
 20
54.932080078125
 10
186.9670654296875
 20
54.8294189453125
 10
186.92252197265626
 20
54.731103515625
 10
186.8681884765625
 20
54.625146484375
 10
186.8191650390625
 20
54.5343505859375
 10
186.7760986328125
 20
54.4583984375
  0
LWPOLYLINE
  5
45
330
17
100
AcDbEntity
  8
0
100
AcDbPolyline
 90
240
 70
1
 10
199.06636962890624
 20
53.827490234375
 10
198.93682861328125
 20
53.9946044921875
 10
198.8850830078125
 20
54.0715087890625
 10
198.8278076171875
 20
54.1633544921875
 10
198.7659912109375
 20
54.270458984375
 10
198.72052001953125
 20
54.3696044921875
 10
198.6802490234375
 20
54.4730224609375
 10
198.64625244140626
 20
54.5785400390625
 10
198.61849365234374
 20
54.6840087890625
 10
198.59388427734376
 20
54.7903076171875
 10
198.5713623046875
 20
54.8969482421875
 10
198.5498779296875
 20
55.003564453125
 10
198.52802734375
 20
55.1101806640625
 10
198.5048095703125
 20
55.2168212890625
 10
198.47950439453126
 20
55.3234619140625
 10
198.4528076171875
 20
55.4301513671875
 10
198.42540283203124
 20
55.5368408203125
 10
198.39765625
 20
55.643505859375
 10
198.36922607421874
 20
55.7501953125
 10
198.3407958984375
 20
55.8569091796875
 10
198.31302490234376
 20
55.9635498046875
 10
198.28634033203124
 20
56.070263671875
 10
198.2599853515625
 20
56.176904296875
 10
198.23330078125
 20
56.2835693359375
 10
198.20657958984376
 20
56.3902587890625
 10
198.18057861328126
 20
56.4968994140625
 10
198.15491943359376
 20
56.603564453125
 10
198.12926025390624
 20
56.7102294921875
 10
198.104296875
 20
56.8168701171875
 10
198.08106689453126
 20
56.923486328125
 10
198.06063232421874
 20
57.0301025390625
 10
198.04332275390624
 20
57.1366455078125
 10
198.0298095703125
 20
57.2431640625
 10
198.02119140625
 20
57.349609375
 10
198.0188232421875
 20
57.456005859375
 10
198.02340087890624
 20
57.5619873046875
 10
198.0359619140625
 20
57.6672607421875
 10
198.05792236328125
 20
57.7715087890625
 10
198.08995361328124
 20
57.8744140625
 10
198.1320556640625
 20
57.975634765625
 10
198.1845947265625
 20
58.074560546875
 10
198.2468505859375
 20
58.170263671875
 10
198.31744384765625
 20
58.2624755859375
 10
198.39566650390626
 20
58.3514892578125
 10
198.47738037109374
 20
58.435791015625
 10
198.5594482421875
 20
58.513916015625
 10
198.65191650390625
 20
58.593505859375
 10
198.73255615234376
 20
58.66015625
 10
198.80068359375
 20
58.714892578125
 10
198.9498432407735
 20
58.827925232768486
 10
200.62872950780874
 20
60.287358799004004
 10
200.77001953125
 20
60.4109375
 10
200.83509521484376
 20
60.4721923828125
 10
200.9126953125
 20
60.547509765625
 10
201.00281982421876
 20
60.6376220703125
 10
201.08565673828124
 20
60.726513671875
 10
201.17164306640626
 20
60.8212890625
 10
201.25970458984375
 20
60.9194580078125
 10
201.3488037109375
 20
61.018212890625
 10
201.44034423828126
 20
61.116650390625
 10
201.53466796875
 20
61.2131591796875
 10
201.6324462890625
 20
61.306591796875
 10
201.734765625
 20
61.3965087890625
 10
201.84158935546876
 20
61.4830078125
 10
201.95223388671874
 20
61.5660400390625
 10
202.06600341796874
 20
61.6465576171875
 10
202.18221435546874
 20
61.7255126953125
 10
202.3001708984375
 20
61.8037841796875
 10
202.4191650390625
 20
61.8823974609375
 10
202.53851318359375
 20
61.9622314453125
 10
202.65787353515626
 20
62.0442138671875
 10
202.77720947265624
 20
62.1293212890625
 10
202.8962158203125
 20
62.217529296875
 10
203.01455078125
 20
62.308837890625
 10
203.1318359375
 20
62.403271484375
 10
203.2477294921875
 20
62.500830078125
 10
203.3618896484375
 20
62.600830078125
 10
203.47396240234374
 20
62.702490234375
 10
203.5836181640625
 20
62.804736328125
 10
203.6915283203125
 20
62.90703125
 10
203.79840087890625
 20
63.008740234375
 10
203.90457763671876
 20
63.1091552734375
 10
204.01038818359376
 20
63.207763671875
 10
204.1158447265625
 20
63.30419921875
 10
204.2209716796875
 20
63.3990966796875
 10
204.32540283203124
 20
63.49306640625
 10
204.42774658203126
 20
63.5867431640625
 10
204.52659912109374
 20
63.6807861328125
 10
204.6216552734375
 20
63.7758056640625
 10
204.7125244140625
 20
63.872412109375
 10
204.79991455078124
 20
63.9709228515625
 10
204.8845458984375
 20
64.070703125
 10
204.968115234375
 20
64.1711181640625
 10
205.052734375
 20
64.2712158203125
 10
205.140478515625
 20
64.3697021484375
 10
205.2323974609375
 20
64.4650634765625
 10
205.3295166015625
 20
64.5553955078125
 10
205.4318603515625
 20
64.6394775390625
 10
205.5394287109375
 20
64.716064453125
 10
205.651123046875
 20
64.7833251953125
 10
205.765625
 20
64.8396728515625
 10
205.881494140625
 20
64.8839599609375
 10
205.997314453125
 20
64.9152099609375
 10
206.1114013671875
 20
64.9328369140625
 10
206.2219970703125
 20
64.9356201171875
 10
206.327001953125
 20
64.9226806640625
 10
206.42431640625
 20
64.8943115234375
 10
206.512255859375
 20
64.8511962890625
 10
206.5883056640625
 20
64.7942626953125
 10
206.6508056640625
 20
64.724755859375
 10
206.6983642578125
 20
64.644287109375
 10
206.730224609375
 20
64.55498046875
 10
206.7460693359375
 20
64.459375
 10
206.7462646484375
 20
64.3593017578125
 10
206.7318603515625
 20
64.2562744140625
 10
206.7052490234375
 20
64.151513671875
 10
206.6685791015625
 20
64.0459716796875
 10
206.6245849609375
 20
63.940185546875
 10
206.575390625
 20
63.8344482421875
 10
206.5237548828125
 20
63.7287353515625
 10
206.472119140625
 20
63.6230712890625
 10
206.4218505859375
 20
63.5173583984375
 10
206.373681640625
 20
63.4116455078125
 10
206.3283203125
 20
63.3058837890625
 10
206.285400390625
 20
63.2000732421875
 10
206.2455810546875
 20
63.0942626953125
 10
206.208544921875
 20
62.9884033203125
 10
206.1739501953125
 20
62.8824951171875
 10
206.141796875
 20
62.7765869140625
 10
206.1120849609375
 20
62.670654296875
 10
206.0847900390625
 20
62.564697265625
 10
206.060302734375
 20
62.4587158203125
 10
206.0378662109375
 20
62.352685546875
 10
206.0171875
 20
62.246630859375
 10
205.997900390625
 20
62.140576171875
 10
205.979296875
 20
62.0344970703125
 10
205.9610595703125
 20
61.9283935546875
 10
205.9427978515625
 20
61.822314453125
 10
205.9238525390625
 20
61.7162841796875
 10
205.9038818359375
 20
61.610205078125
 10
205.8824951171875
 20
61.5042236328125
 10
205.859033203125
 20
61.3982177734375
 10
205.83349609375
 20
61.2922119140625
 10
205.8051513671875
 20
61.186279296875
 10
205.7733642578125
 20
61.0803466796875
 10
205.7380615234375
 20
60.9744873046875
 10
205.6992919921875
 20
60.8686279296875
 10
205.6570556640625
 20
60.7628662109375
 10
205.6120361328125
 20
60.6571044921875
 10
205.564892578125
 20
60.5513671875
 10
205.516748046875
 20
60.445654296875
 10
205.468603515625
 20
60.3399169921875
 10
205.421142578125
 20
60.2342041015625
 10
205.3750732421875
 20
60.128466796875
 10
205.331103515625
 20
60.022705078125
 10
205.2895751953125
 20
59.9169189453125
 10
205.2501220703125
 20
59.8111083984375
 10
205.2123779296875
 20
59.7052490234375
 10
205.1760498046875
 20
59.5994140625
 10
205.140771484375
 20
59.4935546875
 10
205.106201171875
 20
59.3876708984375
 10
205.0719482421875
 20
59.281787109375
 10
205.038037109375
 20
59.1759033203125
 10
205.0045166015625
 20
59.0699951171875
 10
204.9712646484375
 20
58.964111328125
 10
204.938427734375
 20
58.858203125
 10
204.9059326171875
 20
58.7523193359375
 10
204.873779296875
 20
58.6464111328125
 10
204.8419677734375
 20
58.5405029296875
 10
204.809814453125
 20
58.434619140625
 10
204.7773193359375
 20
58.3287109375
 10
204.74447021484374
 20
58.222802734375
 10
204.71092529296874
 20
58.116943359375
 10
204.6766845703125
 20
58.011083984375
 10
204.64176025390626
 20
57.9052001953125
 10
204.6061279296875
 20
57.7993408203125
 10
204.5697998046875
 20
57.6934814453125
 10
204.53277587890625
 20
57.587646484375
 10
204.4950439453125
 20
57.481787109375
 10
204.45733642578125
 20
57.3759765625
 10
204.41961669921875
 20
57.2701416015625
 10
204.3819091796875
 20
57.1643310546875
 10
204.34383544921874
 20
57.0585205078125
 10
204.3061279296875
 20
56.952685546875
 10
204.26875
 20
56.8468505859375
 10
204.23173828125
 20
56.7410400390625
 10
204.19471435546876
 20
56.6351806640625
 10
204.15770263671874
 20
56.529345703125
 10
204.1206787109375
 20
56.4235107421875
 10
204.0846923828125
 20
56.3176513671875
 10
204.0494140625
 20
56.2118408203125
 10
204.01483154296875
 20
56.1059326171875
 10
203.9809326171875
 20
56.000048828125
 10
203.94774169921874
 20
55.894189453125
 10
203.91488037109374
 20
55.78828125
 10
203.88170166015624
 20
55.6823974609375
 10
203.84608154296876
 20
55.5765625
 10
203.80697021484374
 20
55.4710693359375
 10
203.76300048828125
 20
55.3662353515625
 10
203.71241455078126
 20
55.2627197265625
 10
203.6534912109375
 20
55.1611572265625
 10
203.5851806640625
 20
55.0625244140625
 10
203.50714111328125
 20
54.968017578125
 10
203.4200927734375
 20
54.8789306640625
 10
203.32432861328124
 20
54.7957763671875
 10
203.22093505859374
 20
54.7195556640625
 10
203.1116455078125
 20
54.650244140625
 10
202.99818115234376
 20
54.5880859375
 10
202.88197021484376
 20
54.532763671875
 10
202.76402587890624
 20
54.4833740234375
 10
202.64501953125
 20
54.4392578125
 10
202.52568359375
 20
54.4000732421875
 10
202.40635986328124
 20
54.3646728515625
 10
202.2870361328125
 20
54.332958984375
 10
202.16771240234374
 20
54.304345703125
 10
202.04840087890625
 20
54.2785400390625
 10
201.9291015625
 20
54.25546875
 10
201.80980224609374
 20
54.234326171875
 10
201.69051513671874
 20
54.2140625
 10
201.5712158203125
 20
54.1947509765625
 10
201.4519287109375
 20
54.1754150390625
 10
201.33262939453124
 20
54.15546875
 10
201.21331787109375
 20
54.134326171875
 10
201.09404296875
 20
54.1109619140625
 10
200.9747314453125
 20
54.0857421875
 10
200.8554443359375
 20
54.058984375
 10
200.73614501953125
 20
54.031005859375
 10
200.61685791015626
 20
54.002392578125
 10
200.49755859375
 20
53.973779296875
 10
200.37825927734374
 20
53.9457763671875
 10
200.258984375
 20
53.9199462890625
 10
200.13968505859376
 20
53.896923828125
 10
200.02076416015626
 20
53.877294921875
 10
199.90289306640625
 20
53.861083984375
 10
199.78502197265624
 20
53.8482421875
 10
199.66959228515626
 20
53.8387939453125
 10
199.5590087890625
 20
53.8326904296875
 10
199.43975830078125
 20
53.8291748046875
 10
199.33756103515626
 20
53.82734375
 10
199.25203857421874
 20
53.826513671875
  0
LWPOLYLINE
  5
46
330
17
100
AcDbEntity
  8
0
100
AcDbPolyline
 90
257
 70
1
 10
178.816455078125
 20
49.6017333984375
 10
178.69864501953126
 20
49.5963134765625
 10
178.5810546875
 20
49.594287109375
 10
178.46373291015624
 20
49.5960205078125
 10
178.34676513671874
 20
49.6015869140625
 10
178.230224609375
 20
49.611181640625
 10
178.11412353515624
 20
49.624951171875
 10
177.99854736328126
 20
49.64306640625
 10
177.88353271484374
 20
49.6656494140625
 10
177.7691162109375
 20
49.692724609375
 10
177.65535888671874
 20
49.7243896484375
 10
177.5423095703125
 20
49.7606689453125
 10
177.42996826171876
 20
49.801513671875
 10
177.31839599609376
 20
49.846923828125
 10
177.20758056640625
 20
49.89677734375
 10
177.09754638671876
 20
49.951025390625
 10
176.98829345703126
 20
50.00947265625
 10
176.8798095703125
 20
50.0720458984375
 10
176.7720703125
 20
50.13857421875
 10
176.66505126953126
 20
50.208740234375
 10
176.55870361328124
 20
50.282421875
 10
176.4530029296875
 20
50.359375
 10
176.3478759765625
 20
50.439306640625
 10
176.24329833984376
 20
50.522021484375
 10
176.1391845703125
 20
50.607275390625
 10
176.0354736328125
 20
50.6947998046875
 10
175.9321044921875
 20
50.784375
 10
175.82906494140624
 20
50.8757568359375
 10
175.726220703125
 20
50.968701171875
 10
175.6235595703125
 20
51.0630126953125
 10
175.52103271484376
 20
51.158544921875
 10
175.41856689453124
 20
51.255029296875
 10
175.31614990234374
 20
51.352294921875
 10
175.2137451171875
 20
51.4502685546875
 10
175.11131591796874
 20
51.54873046875
 10
175.008837890625
 20
51.647607421875
 10
174.9063232421875
 20
51.74677734375
 10
174.80377197265625
 20
51.8461669921875
 10
174.7011962890625
 20
51.9457275390625
 10
174.59859619140624
 20
52.045361328125
 10
174.4959716796875
 20
52.1450439453125
 10
174.3933837890625
 20
52.2447509765625
 10
174.29083251953125
 20
52.3444091796875
 10
174.18834228515624
 20
52.44404296875
 10
174.0859619140625
 20
52.5436279296875
 10
173.9837158203125
 20
52.6431884765625
 10
173.88162841796876
 20
52.7426513671875
 10
173.77972412109375
 20
52.84208984375
 10
173.67806396484374
 20
52.94140625
 10
173.57662353515624
 20
53.04072265625
 10
173.47547607421876
 20
53.13994140625
 10
173.374609375
 20
53.2390869140625
 10
173.2740478515625
 20
53.338134765625
 10
173.17379150390624
 20
53.436962890625
 10
173.07384033203124
 20
53.5357177734375
 10
172.97418212890625
 20
53.6342529296875
 10
172.87479248046876
 20
53.73251953125
 10
172.77567138671876
 20
53.83056640625
 10
172.67681884765625
 20
53.92822265625
 10
172.57818603515625
 20
54.02548828125
 10
172.4797607421875
 20
54.1222900390625
 10
172.3815185546875
 20
54.218603515625
 10
172.2833984375
 20
54.31435546875
 10
172.1853759765625
 20
54.40947265625
 10
172.087451171875
 20
54.50390625
 10
171.98958740234374
 20
54.5976806640625
 10
171.89176025390626
 20
54.6906982421875
 10
171.7939697265625
 20
54.782958984375
 10
171.69625244140624
 20
54.8744873046875
 10
171.5986083984375
 20
54.9652099609375
 10
171.5010986328125
 20
55.055224609375
 10
171.40377197265624
 20
55.14453125
 10
171.306787109375
 20
55.23310546875
 10
171.210205078125
 20
55.321044921875
 10
171.1142333984375
 20
55.408447265625
 10
171.01903076171874
 20
55.4952880859375
 10
170.924853515625
 20
55.581689453125
 10
170.8319580078125
 20
55.6676513671875
 10
170.74063720703126
 20
55.75322265625
 10
170.65123291015624
 20
55.838525390625
 10
170.56409912109376
 20
55.9234619140625
 10
170.47965087890626
 20
56.0080810546875
 10
170.3983154296875
 20
56.092333984375
 10
170.320556640625
 20
56.176171875
 10
170.24683837890626
 20
56.259521484375
 10
170.17762451171876
 20
56.3422607421875
 10
170.11341552734376
 20
56.424169921875
 10
170.05467529296874
 20
56.505126953125
 10
170.0018798828125
 20
56.5847900390625
 10
169.95545654296876
 20
56.6629638671875
 10
169.9158203125
 20
56.7393310546875
 10
169.88336181640625
 20
56.813525390625
 10
169.8583740234375
 20
56.88525390625
 10
169.841162109375
 20
56.9541748046875
 10
169.83192138671876
 20
57.0198974609375
 10
169.830810546875
 20
57.082080078125
 10
169.8379150390625
 20
57.1404052734375
 10
169.853271484375
 20
57.1945556640625
 10
169.87679443359374
 20
57.24423828125
 10
169.9083984375
 20
57.2892822265625
 10
169.9478515625
 20
57.329345703125
 10
169.99493408203125
 20
57.3644287109375
 10
170.049365234375
 20
57.3943603515625
 10
170.1107666015625
 20
57.4191162109375
 10
170.1787841796875
 20
57.43876953125
 10
170.252978515625
 20
57.453369140625
 10
170.3328857421875
 20
57.4630126953125
 10
170.41810302734376
 20
57.467919921875
 10
170.50809326171876
 20
57.46826171875
 10
170.60242919921876
 20
57.4642822265625
 10
170.700634765625
 20
57.4562744140625
 10
170.8022705078125
 20
57.44453125
 10
170.90689697265626
 20
57.4293701171875
 10
171.01414794921874
 20
57.4111083984375
 10
171.1236328125
 20
57.3900146484375
 10
171.2349853515625
 20
57.3663818359375
 10
171.34796142578125
 20
57.3405029296875
 10
171.46221923828125
 20
57.3126220703125
 10
171.5775634765625
 20
57.2830322265625
 10
171.69376220703126
 20
57.2518310546875
 10
171.81065673828124
 20
57.2192626953125
 10
171.92806396484374
 20
57.1855224609375
 10
172.0458740234375
 20
57.1507080078125
 10
172.16402587890624
 20
57.114892578125
 10
172.2823974609375
 20
57.0783447265625
 10
172.400927734375
 20
57.0408935546875
 10
172.519580078125
 20
57.0027587890625
 10
172.6383056640625
 20
56.9639892578125
 10
172.7571044921875
 20
56.9246337890625
 10
172.87591552734375
 20
56.884716796875
 10
172.99473876953124
 20
56.844287109375
 10
173.1135986328125
 20
56.8033935546875
 10
173.2324462890625
 20
56.762060546875
 10
173.351318359375
 20
56.72041015625
 10
173.470166015625
 20
56.678466796875
 10
173.58905029296875
 20
56.6362548828125
 10
173.70789794921876
 20
56.5938720703125
 10
173.82677001953124
 20
56.5513916015625
 10
173.94564208984374
 20
56.508837890625
 10
174.064501953125
 20
56.4662841796875
 10
174.1833984375
 20
56.4238037109375
 10
174.30225830078126
 20
56.3814208984375
 10
174.421142578125
 20
56.3392333984375
 10
174.5400390625
 20
56.297314453125
 10
174.6589111328125
 20
56.255615234375
 10
174.777783203125
 20
56.2142822265625
 10
174.89666748046875
 20
56.1732177734375
 10
175.0155517578125
 20
56.13251953125
 10
175.134423828125
 20
56.0921630859375
 10
175.2533203125
 20
56.052197265625
 10
175.372216796875
 20
56.01259765625
 10
175.49110107421876
 20
55.97333984375
 10
175.60999755859376
 20
55.934423828125
 10
175.72890625
 20
55.895849609375
 10
175.847802734375
 20
55.857568359375
 10
175.96668701171876
 20
55.81953125
 10
176.085595703125
 20
55.78173828125
 10
176.20450439453126
 20
55.744189453125
 10
176.32340087890626
 20
55.706787109375
 10
176.4423095703125
 20
55.6695556640625
 10
176.5612060546875
 20
55.632373046875
 10
176.68011474609375
 20
55.595263671875
 10
176.7990234375
 20
55.5582275390625
 10
176.9179443359375
 20
55.52119140625
 10
177.03685302734374
 20
55.484130859375
 10
177.15577392578126
 20
55.4469970703125
 10
177.27464599609374
 20
55.409814453125
 10
177.39354248046874
 20
55.37255859375
 10
177.51239013671875
 20
55.3351318359375
 10
177.6312255859375
 20
55.29755859375
 10
177.75001220703126
 20
55.2597900390625
 10
177.86871337890625
 20
55.221826171875
 10
177.9873046875
 20
55.1836181640625
 10
178.10577392578125
 20
55.1450927734375
 10
178.2240234375
 20
55.1062744140625
 10
178.34205322265626
 20
55.067041015625
 10
178.45975341796876
 20
55.0273193359375
 10
178.57706298828126
 20
54.9870849609375
 10
178.693798828125
 20
54.9461669921875
 10
178.80994873046876
 20
54.9044677734375
 10
178.92532958984376
 20
54.8619384765625
 10
179.039794921875
 20
54.818408203125
 10
179.15318603515624
 20
54.7737060546875
 10
179.26536865234374
 20
54.727685546875
 10
179.37613525390626
 20
54.680224609375
 10
179.48526611328126
 20
54.6311767578125
 10
179.5926025390625
 20
54.5802978515625
 10
179.69791259765626
 20
54.52744140625
 10
179.801025390625
 20
54.4725341796875
 10
179.9017333984375
 20
54.41533203125
 10
179.99984130859374
 20
54.3557373046875
 10
180.09520263671874
 20
54.293603515625
 10
180.18765869140626
 20
54.228857421875
 10
180.27706298828124
 20
54.1614013671875
 10
180.36331787109376
 20
54.0912353515625
 10
180.44635009765625
 20
54.0182861328125
 10
180.52613525390626
 20
53.9426025390625
 10
180.602587890625
 20
53.86416015625
 10
180.67579345703126
 20
53.783056640625
 10
180.745751953125
 20
53.69931640625
 10
180.81253662109376
 20
53.6131103515625
 10
180.87623291015626
 20
53.5245361328125
 10
180.9369384765625
 20
53.4336669921875
 10
180.99478759765626
 20
53.340771484375
 10
181.0499267578125
 20
53.24599609375
 10
181.10247802734375
 20
53.1494384765625
 10
181.1525634765625
 20
53.0513427734375
 10
181.20032958984376
 20
52.951953125
 10
181.245849609375
 20
52.8513916015625
 10
181.28919677734376
 20
52.749853515625
 10
181.330419921875
 20
52.6475341796875
 10
181.36951904296876
 20
52.5446044921875
 10
181.40645751953124
 20
52.44130859375
 10
181.4411865234375
 20
52.337744140625
 10
181.47354736328126
 20
52.2341552734375
 10
181.5033935546875
 20
52.13076171875
 10
181.53052978515626
 20
52.0276611328125
 10
181.55469970703126
 20
51.92509765625
 10
181.575634765625
 20
51.8232177734375
 10
181.59302978515626
 20
51.722265625
 10
181.6065673828125
 20
51.62236328125
 10
181.6158935546875
 20
51.523779296875
 10
181.62066650390625
 20
51.4266357421875
 10
181.6205810546875
 20
51.331103515625
 10
181.61529541015625
 20
51.237451171875
 10
181.604541015625
 20
51.145849609375
 10
181.58804931640626
 20
51.0564697265625
 10
181.56558837890626
 20
50.9693603515625
 10
181.5370361328125
 20
50.8848388671875
 10
181.50225830078125
 20
50.802978515625
 10
181.461181640625
 20
50.7238525390625
 10
181.4138427734375
 20
50.647607421875
 10
181.360302734375
 20
50.5742431640625
 10
181.30067138671876
 20
50.5038818359375
 10
181.23511962890626
 20
50.436474609375
 10
181.1638671875
 20
50.372119140625
 10
181.08719482421876
 20
50.310693359375
 10
181.005419921875
 20
50.252197265625
 10
180.91885986328126
 20
50.1965576171875
 10
180.82789306640626
 20
50.1437255859375
 10
180.7328857421875
 20
50.0935791015625
 10
180.634228515625
 20
50.0460205078125
 10
180.5322998046875
 20
50.0010009765625
 10
180.427490234375
 20
49.9583251953125
 10
180.32012939453125
 20
49.918017578125
 10
180.21058349609376
 20
49.87998046875
 10
180.099169921875
 20
49.8441162109375
 10
179.9861572265625
 20
49.81044921875
 10
179.8718505859375
 20
49.77890625
 10
179.75648193359376
 20
49.7495361328125
 10
179.64027099609376
 20
49.7223388671875
 10
179.5234130859375
 20
49.6974365234375
 10
179.40606689453125
 20
49.674853515625
 10
179.28836669921876
 20
49.6547119140625
 10
179.170458984375
 20
49.637158203125
 10
179.0524658203125
 20
49.6223876953125
 10
178.93441162109374
 20
49.6105224609375
  0
LWPOLYLINE
  5
47
330
17
100
AcDbEntity
  8
0
100
AcDbPolyline
 90
201
 70
1
 10
203.5922119140625
 20
49.628173828125
 10
203.5994384765625
 20
49.793505859375
 10
203.60513916015626
 20
49.8696533203125
 10
203.6136474609375
 20
49.9606201171875
 10
203.6256591796875
 20
50.0667236328125
 10
203.64112548828126
 20
50.1650146484375
 10
203.66005859375
 20
50.267626953125
 10
203.68282470703124
 20
50.3723876953125
 10
203.70977783203125
 20
50.4770751953125
 10
203.74058837890624
 20
50.5826171875
 10
203.77518310546876
 20
50.6884765625
 10
203.8135986328125
 20
50.7942626953125
 10
203.85584716796876
 20
50.9
 10
203.90194091796874
 20
51.0056884765625
 10
203.95115966796874
 20
51.111328125
 10
204.0028076171875
 20
51.2169677734375
 10
204.05616455078126
 20
51.3225830078125
 10
204.1098876953125
 20
51.428173828125
 10
204.16292724609374
 20
51.5334716796875
 10
204.21527099609375
 20
51.6378662109375
 10
204.2672607421875
 20
51.740087890625
 10
204.3196044921875
 20
51.8385498046875
 10
204.37296142578126
 20
51.931787109375
 10
204.42874755859376
 20
52.0181640625
 10
204.48870849609375
 20
52.0961181640625
 10
204.55386962890626
 20
52.1650390625
 10
204.6242431640625
 20
52.2251708984375
 10
204.69913330078126
 20
52.2784912109375
 10
204.77781982421874
 20
52.327392578125
 10
204.8599853515625
 20
52.374072265625
 10
204.9452880859375
 20
52.4204345703125
 10
205.0333984375
 20
52.4677001953125
 10
205.124267578125
 20
52.516162109375
 10
205.21826171875
 20
52.56484375
 10
205.3160888671875
 20
52.6116943359375
 10
205.4184326171875
 20
52.654443359375
 10
205.5253173828125
 20
52.691552734375
 10
205.635986328125
 20
52.722412109375
 10
205.7497802734375
 20
52.7482666015625
 10
205.866015625
 20
52.770361328125
 10
205.9840087890625
 20
52.791259765625
 10
206.1030029296875
 20
52.813671875
 10
206.222412109375
 20
52.839453125
 10
206.3417724609375
 20
52.8705322265625
 10
206.461181640625
 20
52.9074951171875
 10
206.5805908203125
 20
52.9488037109375
 10
206.7
 20
52.993798828125
 10
206.8194091796875
 20
53.040673828125
 10
206.938818359375
 20
53.0878662109375
 10
207.058203125
 20
53.134765625
 10
207.1776123046875
 20
53.1797607421875
 10
207.297021484375
 20
53.222314453125
 10
207.416455078125
 20
53.2630126953125
 10
207.5358642578125
 20
53.3011962890625
 10
207.6552734375
 20
53.3372314453125
 10
207.774658203125
 20
53.3704833984375
 10
207.8940673828125
 20
53.4003173828125
 10
208.0134521484375
 20
53.4270751953125
 10
208.1328369140625
 20
53.4507080078125
 10
208.25224609375
 20
53.4712646484375
 10
208.3716552734375
 20
53.4896240234375
 10
208.4910400390625
 20
53.5064208984375
 10
208.6104248046875
 20
53.5235595703125
 10
208.729833984375
 20
53.541943359375
 10
208.84921875
 20
53.562158203125
 10
208.9686279296875
 20
53.5848876953125
 10
209.088037109375
 20
53.6100830078125
 10
209.2074462890625
 20
53.6374267578125
 10
209.3268798828125
 20
53.6666259765625
 10
209.4462890625
 20
53.696142578125
 10
209.5656982421875
 20
53.725390625
 10
209.685107421875
 20
53.753955078125
 10
209.804541015625
 20
53.7816650390625
 10
209.9239501953125
 20
53.8080810546875
 10
210.0433837890625
 20
53.8329833984375
 10
210.1628173828125
 20
53.8563232421875
 10
210.2822265625
 20
53.879052734375
 10
210.4016357421875
 20
53.9017578125
 10
210.521044921875
 20
53.924169921875
 10
210.640478515625
 20
53.9459228515625
 10
210.7598876953125
 20
53.967431640625
 10
210.8793212890625
 20
53.9888916015625
 10
210.9987548828125
 20
54.009765625
 10
211.1181884765625
 20
54.029052734375
 10
211.2376220703125
 20
54.0458740234375
 10
211.35703125
 20
54.060205078125
 10
211.4764404296875
 20
54.072412109375
 10
211.595849609375
 20
54.0827392578125
 10
211.7152587890625
 20
54.0914794921875
 10
211.8346923828125
 20
54.100244140625
 10
211.9541259765625
 20
54.1105712890625
 10
212.07353515625
 20
54.1239990234375
 10
212.19296875
 20
54.142041015625
 10
212.3124267578125
 20
54.165380859375
 10
212.4318603515625
 20
54.193994140625
 10
212.551318359375
 20
54.227880859375
 10
212.6707763671875
 20
54.2660888671875
 10
212.7902587890625
 20
54.3077392578125
 10
212.9097412109375
 20
54.3518310546875
 10
213.0292236328125
 20
54.3965576171875
 10
213.1487060546875
 20
54.4413330078125
 10
213.2681884765625
 20
54.4857421875
 10
213.3876708984375
 20
54.529541015625
 10
213.5071533203125
 20
54.5724365234375
 10
213.6266357421875
 20
54.6137451171875
 10
213.7461181640625
 20
54.6529052734375
 10
213.8656005859375
 20
54.6902099609375
 10
213.98505859375
 20
54.7243896484375
 10
214.1041748046875
 20
54.7536376953125
 10
214.2222412109375
 20
54.7757568359375
 10
214.3382080078125
 20
54.7888916015625
 10
214.4507080078125
 20
54.791845703125
 10
214.5579345703125
 20
54.7830810546875
 10
214.65751953125
 20
54.760498046875
 10
214.7462646484375
 20
54.7234375
 10
214.8214111328125
 20
54.6728759765625
 10
214.8805419921875
 20
54.6104248046875
 10
214.92158203125
 20
54.537939453125
 10
214.9427490234375
 20
54.45703125
 10
214.943017578125
 20
54.369873046875
 10
214.9227783203125
 20
54.2792236328125
 10
214.88369140625
 20
54.187255859375
 10
214.8279052734375
 20
54.0948486328125
 10
214.7582275390625
 20
54.002587890625
 10
214.6777099609375
 20
53.910791015625
 10
214.5899169921875
 20
53.8200439453125
 10
214.4975830078125
 20
53.7305419921875
 10
214.4031494140625
 20
53.642333984375
 10
214.3084228515625
 20
53.5553466796875
 10
214.2147216796875
 20
53.469921875
 10
214.122412109375
 20
53.386328125
 10
214.031494140625
 20
53.3048828125
 10
213.9416259765625
 20
53.2253173828125
 10
213.8531494140625
 20
53.1472412109375
 10
213.7656982421875
 20
53.0704345703125
 10
213.6789794921875
 20
52.9945556640625
 10
213.5926025390625
 20
52.9189697265625
 10
213.5062255859375
 20
52.843359375
 10
213.4198486328125
 20
52.7674560546875
 10
213.333447265625
 20
52.6909423828125
 10
213.246728515625
 20
52.6137939453125
 10
213.1593017578125
 20
52.5360595703125
 10
213.0708251953125
 20
52.4576904296875
 10
212.9809814453125
 20
52.379345703125
 10
212.8900634765625
 20
52.3007080078125
 10
212.7977783203125
 20
52.221484375
 10
212.7037353515625
 20
52.141943359375
 10
212.6076171875
 20
52.0617919921875
 10
212.5097412109375
 20
51.9807861328125
 10
212.4108154296875
 20
51.898486328125
 10
212.311572265625
 20
51.8144287109375
 10
212.2123291015625
 20
51.7290771484375
 10
212.1137451171875
 20
51.6433837890625
 10
212.016943359375
 20
51.5583251953125
 10
211.9215087890625
 20
51.474169921875
 10
211.829541015625
 20
51.3930908203125
 10
211.7425048828125
 20
51.3171875
 10
211.6488037109375
 20
51.2401611328125
 10
211.5687255859375
 20
51.175634765625
 10
211.50185546875
 20
51.1230712890625
 10
211.35596579016146
 20
51.01567242693868
 10
208.3563362896597
 20
48.4081342837902
 10
208.1707763671875
 20
48.3747802734375
 10
208.0852783203125
 20
48.3626953125
 10
207.9831298828125
 20
48.350439453125
 10
207.8639404296875
 20
48.3386962890625
 10
207.753466796875
 20
48.333349609375
 10
207.638134765625
 20
48.3321044921875
 10
207.520361328125
 20
48.335546875
 10
207.402587890625
 20
48.3442626953125
 10
207.2837890625
 20
48.357275390625
 10
207.1646484375
 20
48.374365234375
 10
207.0455322265625
 20
48.3951416015625
 10
206.9263916015625
 20
48.419677734375
 10
206.807275390625
 20
48.4469482421875
 10
206.6882080078125
 20
48.476416015625
 10
206.569091796875
 20
48.5077880859375
 10
206.449951171875
 20
48.5406494140625
 10
206.330859375
 20
48.5747802734375
 10
206.211767578125
 20
48.61015625
 10
206.0926513671875
 20
48.6458251953125
 10
205.9735595703125
 20
48.681787109375
 10
205.8544677734375
 20
48.7180908203125
 10
205.7353759765625
 20
48.7540771484375
 10
205.6162841796875
 20
48.7897216796875
 10
205.4971923828125
 20
48.825390625
 10
205.3781005859375
 20
48.8604248046875
 10
205.2590087890625
 20
48.895166015625
 10
205.1399169921875
 20
48.9299072265625
 10
205.0208251953125
 20
48.9649658203125
 10
204.9017333984375
 20
49.0009521484375
 10
204.78265380859375
 20
49.0384765625
 10
204.66357421875
 20
49.0775390625
 10
204.5448486328125
 20
49.1191162109375
 10
204.42718505859375
 20
49.163720703125
 10
204.30950927734375
 20
49.213037109375
 10
204.19427490234375
 20
49.265673828125
 10
204.08389892578126
 20
49.3204833984375
 10
203.9648681640625
 20
49.387744140625
 10
203.86282958984376
 20
49.4483154296875
 10
203.77747802734376
 20
49.5015869140625
  0
LWPOLYLINE
  5
48
330
17
100
AcDbEntity
  8
0
100
AcDbPolyline
 90
339
 70
1
 10
146.52293701171874
 20
49.324853515625
 10
146.46500244140626
 20
49.30888671875
 10
146.40885009765626
 20
49.301171875
 10
146.354736328125
 20
49.3018310546875
 10
146.30277099609376
 20
49.3108642578125
 10
146.25316162109374
 20
49.3281494140625
 10
146.2060791015625
 20
49.3535888671875
 10
146.16160888671874
 20
49.386865234375
 10
146.11990966796876
 20
49.4278076171875
 10
146.0810302734375
 20
49.476025390625
 10
146.0450439453125
 20
49.5310302734375
 10
146.01195068359374
 20
49.5925048828125
 10
145.98177490234374
 20
49.65986328125
 10
145.954443359375
 20
49.73271484375
 10
145.92991943359374
 20
49.8105224609375
 10
145.90806884765624
 20
49.892724609375
 10
145.88880615234376
 20
49.97890625
 10
145.8719482421875
 20
50.0685791015625
 10
145.85738525390624
 20
50.1612060546875
 10
145.844873046875
 20
50.2564208984375
 10
145.83428955078125
 20
50.3538818359375
 10
145.8254150390625
 20
50.4531494140625
 10
145.81807861328124
 20
50.553955078125
 10
145.81207275390625
 20
50.6559814453125
 10
145.8072265625
 20
50.759033203125
 10
145.80338134765626
 20
50.862841796875
 10
145.800390625
 20
50.9672119140625
 10
145.798095703125
 20
51.072119140625
 10
145.79637451171874
 20
51.17734375
 10
145.79512939453124
 20
51.2827880859375
 10
145.79425048828125
 20
51.3885009765625
 10
145.79366455078124
 20
51.4942626953125
 10
145.7932861328125
 20
51.60009765625
 10
145.79307861328124
 20
51.7060302734375
 10
145.79298095703126
 20
51.81201171875
 10
145.79295654296874
 20
51.91796875
 10
145.793017578125
 20
52.0239501953125
 10
145.793115234375
 20
52.1299560546875
 10
145.79322509765626
 20
52.2359130859375
 10
145.79334716796876
 20
52.3419189453125
 10
145.79349365234376
 20
52.4479248046875
 10
145.7936279296875
 20
52.5538818359375
 10
145.79378662109374
 20
52.6598876953125
 10
145.7939208984375
 20
52.7658935546875
 10
145.7940673828125
 20
52.8718505859375
 10
145.7942138671875
 20
52.9778564453125
 10
145.7943603515625
 20
53.0838623046875
 10
145.7945068359375
 20
53.1898193359375
 10
145.7946533203125
 20
53.2958251953125
 10
145.79478759765624
 20
53.4018310546875
 10
145.79493408203126
 20
53.5077880859375
 10
145.79508056640626
 20
53.6137939453125
 10
145.79522705078125
 20
53.7197998046875
 10
145.79534912109375
 20
53.8257568359375
 10
145.79549560546874
 20
53.9317626953125
 10
145.79564208984374
 20
54.0377685546875
 10
145.79578857421876
 20
54.1437255859375
 10
145.79593505859376
 20
54.2497314453125
 10
145.7960693359375
 20
54.3557373046875
 10
145.79622802734374
 20
54.4616943359375
 10
145.7963623046875
 20
54.5677001953125
 10
145.79652099609376
 20
54.6737060546875
 10
145.7966552734375
 20
54.7796630859375
 10
145.7968017578125
 20
54.8856689453125
 10
145.7969482421875
 20
54.9916748046875
 10
145.7970947265625
 20
55.0976318359375
 10
145.7972412109375
 20
55.2036376953125
 10
145.7973876953125
 20
55.3096435546875
 10
145.79752197265626
 20
55.4156005859375
 10
145.79766845703125
 20
55.5216064453125
 10
145.79781494140624
 20
55.6276123046875
 10
145.79796142578124
 20
55.7335693359375
 10
145.79808349609374
 20
55.8395751953125
 10
145.79822998046876
 20
55.9455810546875
 10
145.79837646484376
 20
56.0515380859375
 10
145.79852294921875
 20
56.1575439453125
 10
145.79866943359374
 20
56.2635498046875
 10
145.7988037109375
 20
56.3695068359375
 10
145.79896240234376
 20
56.4755126953125
 10
145.7990966796875
 20
56.5815185546875
 10
145.79925537109375
 20
56.6874755859375
 10
145.7993896484375
 20
56.7934814453125
 10
145.7995361328125
 20
56.8994873046875
 10
145.7996826171875
 20
57.0054443359375
 10
145.7998291015625
 20
57.1114501953125
 10
145.7999755859375
 20
57.2174560546875
 10
145.8001220703125
 20
57.3234130859375
 10
145.80025634765624
 20
57.4294189453125
 10
145.80040283203124
 20
57.5354248046875
 10
145.80054931640626
 20
57.6413818359375
 10
145.80069580078126
 20
57.7473876953125
 10
145.80081787109376
 20
57.8533935546875
 10
145.80096435546875
 20
57.9593505859375
 10
145.80111083984374
 20
58.0653564453125
 10
145.80125732421874
 20
58.1713623046875
 10
145.80140380859376
 20
58.2773193359375
 10
145.8015380859375
 20
58.3833251953125
 10
145.80169677734375
 20
58.4893310546875
 10
145.8018310546875
 20
58.5952880859375
 10
145.80198974609374
 20
58.7012939453125
 10
145.8021240234375
 20
58.8072998046875
 10
145.8022705078125
 20
58.9132568359375
 10
145.8024169921875
 20
59.0192626953125
 10
145.8025634765625
 20
59.1252685546875
 10
145.8027099609375
 20
59.2312255859375
 10
145.8028564453125
 20
59.3372314453125
 10
145.8030029296875
 20
59.4432373046875
 10
145.80316162109375
 20
59.5491943359375
 10
145.80333251953124
 20
59.6552001953125
 10
145.803515625
 20
59.7612060546875
 10
145.80372314453126
 20
59.8671630859375
 10
145.803955078125
 20
59.9731689453125
 10
145.80426025390625
 20
60.0791748046875
 10
145.80465087890624
 20
60.1851318359375
 10
145.8051513671875
 20
60.291064453125
 10
145.80582275390626
 20
60.3969970703125
 10
145.80670166015625
 20
60.5029052734375
 10
145.80784912109374
 20
60.608740234375
 10
145.80933837890626
 20
60.7145263671875
 10
145.811279296875
 20
60.820263671875
 10
145.81378173828125
 20
60.9258056640625
 10
145.8169677734375
 20
61.0312255859375
 10
145.82095947265626
 20
61.13642578125
 10
145.82596435546876
 20
61.241357421875
 10
145.83214111328124
 20
61.3459716796875
 10
145.83966064453125
 20
61.4501708984375
 10
145.84879150390626
 20
61.55390625
 10
145.85970458984374
 20
61.65703125
 10
145.87265625
 20
61.75947265625
 10
145.88790283203124
 20
61.8611572265625
 10
145.9056884765625
 20
61.9618896484375
 10
145.9262451171875
 20
62.06162109375
 10
145.94984130859376
 20
62.1601806640625
 10
145.9766845703125
 20
62.257421875
 10
146.006982421875
 20
62.35322265625
 10
146.04095458984375
 20
62.447412109375
 10
146.07877197265626
 20
62.539892578125
 10
146.1205810546875
 20
62.6304931640625
 10
146.16651611328126
 20
62.7191162109375
 10
146.216650390625
 20
62.8055908203125
 10
146.27105712890625
 20
62.88984375
 10
146.32974853515626
 20
62.971728515625
 10
146.3927001953125
 20
63.051171875
 10
146.4598388671875
 20
63.12802734375
 10
146.531103515625
 20
63.20224609375
 10
146.606396484375
 20
63.2737060546875
 10
146.68553466796874
 20
63.3423095703125
 10
146.76837158203125
 20
63.408056640625
 10
146.85469970703124
 20
63.470751953125
 10
146.9443115234375
 20
63.530419921875
 10
147.03692626953125
 20
63.5868896484375
 10
147.13236083984376
 20
63.6402099609375
 10
147.2302978515625
 20
63.6902587890625
 10
147.33048095703126
 20
63.736962890625
 10
147.43265380859376
 20
63.780322265625
 10
147.5365234375
 20
63.8202392578125
 10
147.64180908203124
 20
63.8567626953125
 10
147.74822998046875
 20
63.8898681640625
 10
147.85550537109376
 20
63.919580078125
 10
147.9633544921875
 20
63.94599609375
 10
148.07152099609374
 20
63.9691162109375
 10
148.1797119140625
 20
63.989111328125
 10
148.28768310546874
 20
64.0061767578125
 10
148.39515380859376
 20
64.020458984375
 10
148.501904296875
 20
64.032177734375
 10
148.60767822265626
 20
64.0416259765625
 10
148.712255859375
 20
64.0490478515625
 10
148.8154541015625
 20
64.0546875
 10
148.91707763671874
 20
64.0589111328125
 10
149.0169677734375
 20
64.061962890625
 10
149.1149658203125
 20
64.0641357421875
 10
149.21090087890624
 20
64.06572265625
 10
149.3046875
 20
64.0669189453125
 10
149.39622802734374
 20
64.067919921875
 10
149.48543701171874
 20
64.068798828125
 10
149.57227783203126
 20
64.06962890625
 10
149.65667724609375
 20
64.0703857421875
 10
149.738623046875
 20
64.071044921875
 10
149.818115234375
 20
64.071337890625
 10
149.89510498046874
 20
64.07109375
 10
149.96961669921876
 20
64.0699951171875
 10
150.0416748046875
 20
64.0677001953125
 10
150.11126708984375
 20
64.0637939453125
 10
150.17835693359376
 20
64.057861328125
 10
150.2429931640625
 20
64.0493896484375
 10
150.305126953125
 20
64.037939453125
 10
150.364794921875
 20
64.0230712890625
 10
150.42193603515625
 20
64.004296875
 10
150.4765869140625
 20
63.98125
 10
150.5287353515625
 20
63.953564453125
 10
150.5783447265625
 20
63.920947265625
 10
150.62542724609375
 20
63.8831787109375
 10
150.669970703125
 20
63.8401123046875
 10
150.711962890625
 20
63.79169921875
 10
150.75142822265624
 20
63.737890625
 10
150.78836669921876
 20
63.6788330078125
 10
150.82281494140625
 20
63.6145751953125
 10
150.8548095703125
 20
63.5453857421875
 10
150.8843994140625
 20
63.4715576171875
 10
150.91168212890625
 20
63.3933349609375
 10
150.93673095703124
 20
63.3111083984375
 10
150.9596435546875
 20
63.2251708984375
 10
150.980517578125
 20
63.1359619140625
 10
150.9994873046875
 20
63.043798828125
 10
151.016650390625
 20
62.949072265625
 10
151.03211669921876
 20
62.852099609375
 10
151.04605712890626
 20
62.75322265625
 10
151.05855712890624
 20
62.6528076171875
 10
151.06976318359375
 20
62.5510986328125
 10
151.079833984375
 20
62.4483154296875
 10
151.08885498046874
 20
62.34462890625
 10
151.0969482421875
 20
62.2403076171875
 10
151.10428466796876
 20
62.135498046875
 10
151.11090087890625
 20
62.0302978515625
 10
151.11690673828124
 20
61.9247802734375
 10
151.12242431640624
 20
61.819091796875
 10
151.1275146484375
 20
61.7132568359375
 10
151.13226318359375
 20
61.6073486328125
 10
151.13675537109376
 20
61.5013427734375
 10
151.14105224609375
 20
61.3953369140625
 10
151.14517822265626
 20
61.2892822265625
 10
151.14920654296876
 20
61.183203125
 10
151.15313720703125
 20
61.0771728515625
 10
151.15703125
 20
60.97109375
 10
151.160888671875
 20
60.8650634765625
 10
151.164697265625
 20
60.758984375
 10
151.1684814453125
 20
60.6529541015625
 10
151.1721923828125
 20
60.546875
 10
151.17581787109376
 20
60.4407958984375
 10
151.1793212890625
 20
60.3347412109375
 10
151.18267822265625
 20
60.2286865234375
 10
151.1858642578125
 20
60.12265625
 10
151.18878173828125
 20
60.0166259765625
 10
151.19140625
 20
59.9105712890625
 10
151.19373779296876
 20
59.8044677734375
 10
151.195654296875
 20
59.6984375
 10
151.1971923828125
 20
59.592431640625
 10
151.19825439453126
 20
59.4863525390625
 10
151.19884033203124
 20
59.3803466796875
 10
151.1989501953125
 20
59.2743408203125
 10
151.19852294921876
 20
59.168310546875
 10
151.19764404296876
 20
59.0622802734375
 10
151.19627685546874
 20
58.9563232421875
 10
151.19444580078124
 20
58.8503173828125
 10
151.19217529296876
 20
58.7443115234375
 10
151.1894775390625
 20
58.638330078125
 10
151.1864013671875
 20
58.5323486328125
 10
151.1829833984375
 20
58.4263916015625
 10
151.17918701171874
 20
58.3203857421875
 10
151.17510986328125
 20
58.2144287109375
 10
151.1706787109375
 20
58.1084716796875
 10
151.16588134765624
 20
58.002490234375
 10
151.1607421875
 20
57.896533203125
 10
151.15516357421876
 20
57.7905517578125
 10
151.14913330078124
 20
57.684619140625
 10
151.142529296875
 20
57.578662109375
 10
151.13524169921874
 20
57.4727294921875
 10
151.1271728515625
 20
57.3668212890625
 10
151.1181884765625
 20
57.260888671875
 10
151.10809326171875
 20
57.155029296875
 10
151.09676513671874
 20
57.0491455078125
 10
151.08404541015625
 20
56.94326171875
 10
151.06973876953126
 20
56.83740234375
 10
151.05369873046874
 20
56.7315673828125
 10
151.0357421875
 20
56.62578125
 10
151.0157470703125
 20
56.5199951171875
 10
150.9935302734375
 20
56.4142333984375
 10
150.96900634765626
 20
56.30849609375
 10
150.94205322265626
 20
56.2028076171875
 10
150.91263427734376
 20
56.09716796875
 10
150.88065185546876
 20
55.99150390625
 10
150.8461181640625
 20
55.885888671875
 10
150.809033203125
 20
55.7802978515625
 10
150.76942138671876
 20
55.674755859375
 10
150.72735595703125
 20
55.56923828125
 10
150.6828857421875
 20
55.4637451171875
 10
150.6361328125
 20
55.35830078125
 10
150.58721923828125
 20
55.2528564453125
 10
150.5362548828125
 20
55.1474853515625
 10
150.48338623046874
 20
55.042041015625
 10
150.428759765625
 20
54.9366943359375
 10
150.3725341796875
 20
54.8313232421875
 10
150.3148681640625
 20
54.7260009765625
 10
150.25589599609376
 20
54.620654296875
 10
150.19576416015624
 20
54.5153564453125
 10
150.1345947265625
 20
54.410107421875
 10
150.07252197265626
 20
54.3048095703125
 10
150.0096435546875
 20
54.199560546875
 10
149.94609375
 20
54.0943115234375
 10
149.88189697265625
 20
53.9890625
 10
149.81717529296876
 20
53.883837890625
 10
149.7519775390625
 20
53.7785888671875
 10
149.6863525390625
 20
53.6733642578125
 10
149.6203369140625
 20
53.568115234375
 10
149.5539794921875
 20
53.462939453125
 10
149.4873046875
 20
53.3576904296875
 10
149.42032470703126
 20
53.252490234375
 10
149.353076171875
 20
53.1472900390625
 10
149.28555908203126
 20
53.0421142578125
 10
149.2177978515625
 20
52.9368896484375
 10
149.1498291015625
 20
52.831689453125
 10
149.081640625
 20
52.726513671875
 10
149.01329345703124
 20
52.621337890625
 10
148.94476318359375
 20
52.5161376953125
 10
148.87608642578124
 20
52.4109375
 10
148.80726318359376
 20
52.30576171875
 10
148.738330078125
 20
52.2005615234375
 10
148.6693359375
 20
52.09541015625
 10
148.6002685546875
 20
51.990234375
 10
148.53118896484375
 20
51.88505859375
 10
148.46207275390626
 20
51.7799072265625
 10
148.39296875
 20
51.6747802734375
 10
148.32388916015626
 20
51.569677734375
 10
148.2548583984375
 20
51.4646240234375
 10
148.185888671875
 20
51.35966796875
 10
148.11697998046876
 20
51.254833984375
 10
148.04815673828125
 20
51.1502197265625
 10
147.9794189453125
 20
51.04580078125
 10
147.91077880859376
 20
50.9417724609375
 10
147.842236328125
 20
50.83818359375
 10
147.77381591796876
 20
50.73525390625
 10
147.7054931640625
 20
50.63310546875
 10
147.6372802734375
 20
50.53193359375
 10
147.56917724609374
 20
50.43203125
 10
147.5011962890625
 20
50.33369140625
 10
147.43333740234374
 20
50.2371826171875
 10
147.36558837890624
 20
50.1429443359375
 10
147.297998046875
 20
50.05126953125
 10
147.23060302734376
 20
49.962646484375
 10
147.163427734375
 20
49.877490234375
 10
147.09654541015624
 20
49.7963623046875
 10
147.02999267578124
 20
49.719677734375
 10
146.96385498046874
 20
49.6479736328125
 10
146.89825439453125
 20
49.5817138671875
 10
146.83326416015626
 20
49.5214599609375
 10
146.76903076171874
 20
49.467626953125
 10
146.70572509765626
 20
49.420703125
 10
146.643505859375
 20
49.381005859375
 10
146.5824951171875
 20
49.348974609375
  0
LWPOLYLINE
  5
49
330
17
100
AcDbEntity
  8
0
100
AcDbPolyline
 90
375
 70
1
 10
174.7678466796875
 20
48.809619140625
 10
174.58260498046874
 20
48.7193603515625
 10
174.497265625
 20
48.6835693359375
 10
174.3952880859375
 20
48.644580078125
 10
174.27630615234375
 20
48.6030029296875
 10
174.16605224609376
 20
48.5734130859375
 10
174.05091552734376
 20
48.5475830078125
 10
173.9333740234375
 20
48.526416015625
 10
173.8158447265625
 20
48.509912109375
 10
173.697265625
 20
48.495263671875
 10
173.5783447265625
 20
48.480908203125
 10
173.45941162109375
 20
48.465966796875
 10
173.34051513671875
 20
48.4494384765625
 10
173.22159423828126
 20
48.430810546875
 10
173.10267333984376
 20
48.409033203125
 10
172.98372802734374
 20
48.3844970703125
 10
172.8648193359375
 20
48.357763671875
 10
172.74588623046876
 20
48.3295166015625
 10
172.62694091796874
 20
48.3003662109375
 10
172.50802001953124
 20
48.2705322265625
 10
172.3890869140625
 20
48.2404541015625
 10
172.27015380859376
 20
48.211279296875
 10
172.15125732421876
 20
48.1830078125
 10
172.03232421875
 20
48.1556884765625
 10
171.9134033203125
 20
48.1293212890625
 10
171.79449462890625
 20
48.1031982421875
 10
171.6755859375
 20
48.0774658203125
 10
171.5566650390625
 20
48.0519775390625
 10
171.4377685546875
 20
48.0259033203125
 10
171.31884765625
 20
47.9994873046875
 10
171.19993896484374
 20
47.972802734375
 10
171.08104248046874
 20
47.945751953125
 10
170.96214599609374
 20
47.9184326171875
 10
170.8432373046875
 20
47.8908203125
 10
170.72431640625
 20
47.8628662109375
 10
170.60540771484375
 20
47.8349365234375
 10
170.48651123046875
 20
47.8063720703125
 10
170.36761474609375
 20
47.7775146484375
 10
170.24871826171875
 20
47.7486328125
 10
170.1298095703125
 20
47.720703125
 10
170.0109130859375
 20
47.693994140625
 10
169.8920166015625
 20
47.6688720703125
 10
169.77313232421875
 20
47.645556640625
 10
169.6542724609375
 20
47.6244140625
 10
169.5353759765625
 20
47.6048583984375
 10
169.41649169921874
 20
47.586181640625
 10
169.29761962890626
 20
47.567822265625
 10
169.17877197265625
 20
47.549169921875
 10
169.05987548828125
 20
47.5296142578125
 10
168.94100341796874
 20
47.5084228515625
 10
168.82213134765624
 20
47.485791015625
 10
168.7032470703125
 20
47.4618896484375
 10
168.584375
 20
47.43671875
 10
168.4655029296875
 20
47.409716796875
 10
168.3466064453125
 20
47.3811767578125
 10
168.227734375
 20
47.3513916015625
 10
168.1088623046875
 20
47.3206787109375
 10
167.98997802734374
 20
47.2890380859375
 10
167.87110595703126
 20
47.2564453125
 10
167.75223388671876
 20
47.2238525390625
 10
167.63336181640625
 20
47.192529296875
 10
167.51448974609374
 20
47.162451171875
 10
167.3956298828125
 20
47.13359375
 10
167.27677001953126
 20
47.1059814453125
 10
167.15789794921875
 20
47.0795654296875
 10
167.03902587890624
 20
47.054443359375
 10
166.92015380859374
 20
47.0296142578125
 10
166.80130615234376
 20
47.0041259765625
 10
166.6824462890625
 20
46.978369140625
 10
166.5635986328125
 20
46.952587890625
 10
166.44473876953126
 20
46.9268310546875
 10
166.32589111328124
 20
46.9013671875
 10
166.2070556640625
 20
46.8765380859375
 10
166.08822021484374
 20
46.8529296875
 10
165.96939697265626
 20
46.831201171875
 10
165.85054931640624
 20
46.8107177734375
 10
165.73170166015626
 20
46.7908203125
 10
165.6128662109375
 20
46.771875
 10
165.49403076171876
 20
46.7532470703125
 10
165.3751953125
 20
46.7342529296875
 10
165.2563720703125
 20
46.7143798828125
 10
165.13753662109374
 20
46.69296875
 10
165.01871337890626
 20
46.6703125
 10
164.8998779296875
 20
46.6467041015625
 10
164.78104248046876
 20
46.6215576171875
 10
164.66221923828124
 20
46.5954833984375
 10
164.5433837890625
 20
46.5691162109375
 10
164.42454833984374
 20
46.5430419921875
 10
164.3057373046875
 20
46.5178955078125
 10
164.1869140625
 20
46.4943115234375
 10
164.0680908203125
 20
46.4725830078125
 10
163.94927978515625
 20
46.4533203125
 10
163.83046875
 20
46.4359130859375
 10
163.71165771484374
 20
46.4197509765625
 10
163.59285888671874
 20
46.4041748046875
 10
163.4740478515625
 20
46.3886474609375
 10
163.3552490234375
 20
46.3718505859375
 10
163.23642578125
 20
46.3534912109375
 10
163.11763916015624
 20
46.333349609375
 10
162.998828125
 20
46.3122314453125
 10
162.88001708984376
 20
46.2910888671875
 10
162.76121826171874
 20
46.2709228515625
 10
162.6424072265625
 20
46.2525634765625
 10
162.5236328125
 20
46.2373291015625
 10
162.4048583984375
 20
46.2258056640625
 10
162.28607177734375
 20
46.2185791015625
 10
162.16729736328125
 20
46.2154052734375
 10
162.04853515625
 20
46.2162353515625
 10
161.92978515625
 20
46.2211181640625
 10
161.8110107421875
 20
46.230029296875
 10
161.6922607421875
 20
46.242919921875
 10
161.57353515625
 20
46.2595458984375
 10
161.45479736328124
 20
46.2795166015625
 10
161.3360595703125
 20
46.3029541015625
 10
161.2173583984375
 20
46.328857421875
 10
161.0986328125
 20
46.356591796875
 10
160.97991943359375
 20
46.385595703125
 10
160.86121826171876
 20
46.415185546875
 10
160.74249267578125
 20
46.4450927734375
 10
160.62379150390626
 20
46.475
 10
160.505078125
 20
46.5046142578125
 10
160.38636474609376
 20
46.5344970703125
 10
160.26766357421874
 20
46.564697265625
 10
160.1489501953125
 20
46.595263671875
 10
160.0302490234375
 20
46.6260986328125
 10
159.9115478515625
 20
46.6569091796875
 10
159.79285888671876
 20
46.687744140625
 10
159.67415771484374
 20
46.7185791015625
 10
159.55546875
 20
46.7494384765625
 10
159.43677978515626
 20
46.7802734375
 10
159.31807861328124
 20
46.8111083984375
 10
159.1993896484375
 20
46.8422119140625
 10
159.0806884765625
 20
46.874609375
 10
158.96201171875
 20
46.908251953125
 10
158.84334716796874
 20
46.9433837890625
 10
158.72464599609376
 20
46.9794677734375
 10
158.6059814453125
 20
47.016796875
 10
158.4873046875
 20
47.0556640625
 10
158.3686279296875
 20
47.095458984375
 10
158.24996337890624
 20
47.1352783203125
 10
158.13128662109375
 20
47.175341796875
 10
158.0126220703125
 20
47.2151611328125
 10
157.89395751953126
 20
47.2549560546875
 10
157.77530517578126
 20
47.294140625
 10
157.656640625
 20
47.332080078125
 10
157.53798828125
 20
47.3691162109375
 10
157.4193115234375
 20
47.4054931640625
 10
157.30064697265624
 20
47.4406494140625
 10
157.18199462890624
 20
47.4748779296875
 10
157.06331787109374
 20
47.5081787109375
 10
156.9446533203125
 20
47.5405517578125
 10
156.82598876953125
 20
47.5719970703125
 10
156.70732421875
 20
47.602490234375
 10
156.588671875
 20
47.632080078125
 10
156.47001953125
 20
47.6610595703125
 10
156.3513427734375
 20
47.6894287109375
 10
156.23267822265626
 20
47.7174560546875
 10
156.11400146484374
 20
47.7461181640625
 10
155.99537353515626
 20
47.776318359375
 10
155.87672119140626
 20
47.808056640625
 10
155.75806884765626
 20
47.8413818359375
 10
155.63941650390626
 20
47.8761962890625
 10
155.5207763671875
 20
47.9126220703125
 10
155.4021484375
 20
47.9498779296875
 10
155.2835205078125
 20
47.9872314453125
 10
155.16488037109374
 20
48.0236083984375
 10
155.04625244140624
 20
48.059375
 10
154.9276123046875
 20
48.0947998046875
 10
154.80897216796876
 20
48.129931640625
 10
154.69033203125
 20
48.1648193359375
 10
154.5717041015625
 20
48.1996337890625
 10
154.45306396484375
 20
48.235107421875
 10
154.3344482421875
 20
48.272119140625
 10
154.2158203125
 20
48.3106689453125
 10
154.09720458984376
 20
48.351025390625
 10
153.97894287109375
 20
48.3942138671875
 10
153.86171875
 20
48.4410888671875
 10
153.7445068359375
 20
48.494140625
 10
153.6297119140625
 20
48.5521240234375
 10
153.51976318359374
 20
48.613134765625
 10
153.40123291015624
 20
48.689697265625
 10
153.299609375
 20
48.7592529296875
 10
153.21456298828124
 20
48.8208984375
 10
153.030029296875
 20
48.968115234375
 10
153.030029296875
 20
55.1177734375
 10
153.09700927734374
 20
55.2820068359375
 10
153.12757568359376
 20
55.357666015625
 10
153.16436767578125
 20
55.448046875
 10
153.2081298828125
 20
55.5535400390625
 10
153.2497802734375
 20
55.651318359375
 10
153.29559326171875
 20
55.753369140625
 10
153.34556884765624
 20
55.8575439453125
 10
153.39896240234376
 20
55.961669921875
 10
153.45587158203125
 20
56.0666748046875
 10
153.5162109375
 20
56.1719970703125
 10
153.57933349609374
 20
56.277197265625
 10
153.64453125
 20
56.382421875
 10
153.7111083984375
 20
56.487646484375
 10
153.7783935546875
 20
56.5928466796875
 10
153.84600830078125
 20
56.698046875
 10
153.91397705078126
 20
56.803271484375
 10
153.98194580078126
 20
56.908447265625
 10
154.04991455078124
 20
57.0136474609375
 10
154.1182373046875
 20
57.1188720703125
 10
154.18690185546876
 20
57.2240478515625
 10
154.25623779296876
 20
57.329248046875
 10
154.3266357421875
 20
57.4343994140625
 10
154.39805908203124
 20
57.5395751953125
 10
154.4708984375
 20
57.6447021484375
 10
154.5450927734375
 20
57.7498291015625
 10
154.61995849609374
 20
57.8549560546875
 10
154.69591064453124
 20
57.9600830078125
 10
154.77218017578124
 20
58.065185546875
 10
154.84813232421874
 20
58.1703125
 10
154.9237060546875
 20
58.2754150390625
 10
154.9982421875
 20
58.3805419921875
 10
155.07213134765624
 20
58.485693359375
 10
155.1456298828125
 20
58.5908203125
 10
155.2180908203125
 20
58.6960205078125
 10
155.2898681640625
 20
58.8011474609375
 10
155.36131591796874
 20
58.9063232421875
 10
155.43275146484376
 20
59.0114990234375
 10
155.50455322265626
 20
59.116650390625
 10
155.57598876953125
 20
59.221826171875
 10
155.64739990234375
 20
59.327001953125
 10
155.71954345703125
 20
59.432177734375
 10
155.79306640625
 20
59.5370361328125
 10
155.86865234375
 20
59.6408935546875
 10
155.9463134765625
 20
59.742919921875
 10
156.02708740234374
 20
59.841796875
 10
156.11236572265625
 20
59.935693359375
 10
156.2024658203125
 20
60.022412109375
 10
156.29775390625
 20
60.099169921875
 10
156.39786376953126
 20
60.163818359375
 10
156.5024658203125
 20
60.214501953125
 10
156.6115478515625
 20
60.2496826171875
 10
156.72406005859375
 20
60.2684326171875
 10
156.83897705078124
 20
60.2714111328125
 10
156.95562744140625
 20
60.259814453125
 10
157.07327880859376
 20
60.2364501953125
 10
157.19161376953124
 20
60.2037841796875
 10
157.31029052734374
 20
60.164990234375
 10
157.42896728515626
 20
60.1237060546875
 10
157.54765625
 20
60.0830078125
 10
157.66634521484374
 20
60.0447998046875
 10
157.7850341796875
 20
60.0106201171875
 10
157.90372314453126
 20
59.9807373046875
 10
158.0224365234375
 20
59.955517578125
 10
158.1411376953125
 20
59.934033203125
 10
158.25986328125
 20
59.9143798828125
 10
158.3785888671875
 20
59.8953125
 10
158.4972900390625
 20
59.8759765625
 10
158.616015625
 20
59.8553955078125
 10
158.73472900390624
 20
59.832958984375
 10
158.85343017578126
 20
59.8080322265625
 10
158.97216796875
 20
59.7809326171875
 10
159.09085693359376
 20
59.752294921875
 10
159.20958251953124
 20
59.7227783203125
 10
159.32830810546875
 20
59.692578125
 10
159.44700927734374
 20
59.6620849609375
 10
159.56572265625
 20
59.631298828125
 10
159.68446044921876
 20
59.6001953125
 10
159.80316162109375
 20
59.5687744140625
 10
159.92188720703126
 20
59.537060546875
 10
160.04061279296874
 20
59.5044189453125
 10
160.15933837890626
 20
59.470849609375
 10
160.27803955078124
 20
59.4363525390625
 10
160.39676513671876
 20
59.401806640625
 10
160.5155029296875
 20
59.3682861328125
 10
160.63421630859375
 20
59.3359130859375
 10
160.7529541015625
 20
59.3048095703125
 10
160.87169189453124
 20
59.2752197265625
 10
160.99041748046875
 20
59.247216796875
 10
161.1091552734375
 20
59.220751953125
 10
161.22789306640624
 20
59.1948974609375
 10
161.34664306640624
 20
59.1687255859375
 10
161.46536865234376
 20
59.141650390625
 10
161.58411865234376
 20
59.1136474609375
 10
161.7028564453125
 20
59.084716796875
 10
161.82159423828125
 20
59.055126953125
 10
161.94034423828126
 20
59.024951171875
 10
162.05909423828126
 20
58.9944580078125
 10
162.17783203125
 20
58.9639892578125
 10
162.29658203125
 20
58.9334716796875
 10
162.41533203125
 20
58.902978515625
 10
162.53408203125
 20
58.8724853515625
 10
162.65283203125
 20
58.8413818359375
 10
162.77158203125
 20
58.8099609375
 10
162.8903564453125
 20
58.7782470703125
 10
163.00911865234374
 20
58.7461669921875
 10
163.12786865234375
 20
58.7147705078125
 10
163.24664306640625
 20
58.6839599609375
 10
163.36539306640626
 20
58.653759765625
 10
163.4841552734375
 20
58.6241943359375
 10
163.60291748046876
 20
58.5943115234375
 10
163.72169189453126
 20
58.564111328125
 10
163.8404541015625
 20
58.5336181640625
 10
163.95921630859374
 20
58.5015625
 10
164.0780029296875
 20
58.4676513671875
 10
164.1967529296875
 20
58.4316162109375
 10
164.31551513671874
 20
58.393701171875
 10
164.43426513671875
 20
58.354541015625
 10
164.55301513671876
 20
58.313525390625
 10
164.67177734375
 20
58.2697509765625
 10
164.79052734375
 20
58.2234619140625
 10
164.90928955078124
 20
58.1746826171875
 10
165.02803955078124
 20
58.123486328125
 10
165.14644775390624
 20
58.069775390625
 10
165.26380615234376
 20
58.013623046875
 10
165.3811767578125
 20
57.955615234375
 10
165.4961181640625
 20
57.8982421875
 10
165.6062255859375
 20
57.8430908203125
 10
165.72496337890624
 20
57.7850830078125
 10
165.82674560546874
 20
57.7355712890625
 10
165.91190185546876
 20
57.694677734375
 10
166.09680916330407
 20
57.610470381704545
 10
169.31030392640196
 20
54.7170267006813
 10
169.4320068359375
 20
54.585498046875
 10
169.49149169921876
 20
54.521923828125
 10
169.56480712890624
 20
54.4442626953125
 10
169.65263671875
 20
54.3518310546875
 10
169.739453125
 20
54.261962890625
 10
169.83282470703125
 20
54.1655029296875
 10
169.93070068359376
 20
54.0646484375
 10
170.03101806640626
 20
53.9619140625
 10
170.13372802734375
 20
53.8575927734375
 10
170.23717041015624
 20
53.7529296875
 10
170.34093017578124
 20
53.648876953125
 10
170.4447021484375
 20
53.54609375
 10
170.5484619140625
 20
53.4451416015625
 10
170.65224609375
 20
53.3463623046875
 10
170.7560302734375
 20
53.2491455078125
 10
170.85982666015624
 20
53.1528564453125
 10
170.96396484375
 20
53.0568603515625
 10
171.0677490234375
 20
52.9605224609375
 10
171.17152099609376
 20
52.8633056640625
 10
171.27567138671876
 20
52.7645263671875
 10
171.3801513671875
 20
52.6635498046875
 10
171.48497314453124
 20
52.5607421875
 10
171.59013671875
 20
52.456396484375
 10
171.69530029296874
 20
52.3507568359375
 10
171.80047607421875
 20
52.2442626953125
 10
171.90460205078125
 20
52.137109375
 10
172.00665283203125
 20
52.0296630859375
 10
172.10662841796875
 20
51.9222412109375
 10
172.2045166015625
 20
51.81484375
 10
172.30032958984376
 20
51.707470703125
 10
172.39510498046874
 20
51.6001220703125
 10
172.4898681640625
 20
51.4927734375
 10
172.58568115234374
 20
51.3854248046875
 10
172.68358154296874
 20
51.2780029296875
 10
172.7835693359375
 20
51.1708984375
 10
172.8856201171875
 20
51.064404296875
 10
172.98975830078126
 20
50.9587890625
 10
173.0949462890625
 20
50.8543701171875
 10
173.20013427734375
 20
50.7518310546875
 10
173.30533447265626
 20
50.651806640625
 10
173.4101806640625
 20
50.5548583984375
 10
173.51470947265625
 20
50.460693359375
 10
173.6188720703125
 20
50.3689697265625
 10
173.72269287109376
 20
50.279443359375
 10
173.82652587890624
 20
50.191796875
 10
173.93035888671875
 20
50.104736328125
 10
174.03280029296874
 20
50.017041015625
 10
174.13316650390624
 20
49.9275634765625
 10
174.23040771484375
 20
49.8359619140625
 10
174.32313232421876
 20
49.7419189453125
 10
174.40960693359375
 20
49.6454833984375
 10
174.48775634765624
 20
49.5469970703125
 10
174.55621337890625
 20
49.4461181640625
 10
174.61461181640624
 20
49.3456787109375
 10
174.66226806640626
 20
49.248486328125
 10
174.69951171875
 20
49.1427490234375
 10
174.72637939453125
 20
49.0516845703125
 10
174.7446044921875
 20
48.975244140625
  0
LWPOLYLINE
  5
4A
330
17
100
AcDbEntity
  8
0
100
AcDbPolyline
 90
350
 70
1
 10
239.2954833984375
 20
45.535009765625
 10
239.245068359375
 20
45.5188232421875
 10
239.1921142578125
 20
45.51103515625
 10
239.1368408203125
 20
45.51171875
 10
239.0794677734375
 20
45.5208740234375
 10
239.020263671875
 20
45.5383544921875
 10
238.9593994140625
 20
45.5640625
 10
238.89716796875
 20
45.5977294921875
 10
238.833837890625
 20
45.639111328125
 10
238.7696044921875
 20
45.687841796875
 10
238.7046875
 20
45.74345703125
 10
238.639306640625
 20
45.8055908203125
 10
238.573583984375
 20
45.87373046875
 10
238.507861328125
 20
45.94736328125
 10
238.44208984375
 20
46.0260498046875
 10
238.3764404296875
 20
46.109130859375
 10
238.3109619140625
 20
46.1962646484375
 10
238.2457763671875
 20
46.2869384765625
 10
238.180859375
 20
46.3805908203125
 10
238.1162353515625
 20
46.4769287109375
 10
238.051904296875
 20
46.575439453125
 10
237.98779296875
 20
46.6758544921875
 10
237.9239501953125
 20
46.7778076171875
 10
237.860302734375
 20
46.8810302734375
 10
237.796826171875
 20
46.9852294921875
 10
237.7333740234375
 20
47.090234375
 10
237.67001953125
 20
47.195849609375
 10
237.6066162109375
 20
47.3019287109375
 10
237.5431884765625
 20
47.4084228515625
 10
237.479638671875
 20
47.5151123046875
 10
237.4159423828125
 20
47.6219970703125
 10
237.352099609375
 20
47.729052734375
 10
237.2881103515625
 20
47.8361572265625
 10
237.2239013671875
 20
47.9433349609375
 10
237.1594970703125
 20
48.050537109375
 10
237.094921875
 20
48.1577880859375
 10
237.0301513671875
 20
48.2650634765625
 10
236.9652099609375
 20
48.3722900390625
 10
236.90009765625
 20
48.4795654296875
 10
236.83486328125
 20
48.5867919921875
 10
236.769482421875
 20
48.6940673828125
 10
236.70400390625
 20
48.8013427734375
 10
236.6384521484375
 20
48.90859375
 10
236.5728759765625
 20
49.0158935546875
 10
236.5072509765625
 20
49.1231201171875
 10
236.4416259765625
 20
49.2303955078125
 10
236.3760009765625
 20
49.3376220703125
 10
236.310400390625
 20
49.4448974609375
 10
236.244873046875
 20
49.5521240234375
 10
236.17939453125
 20
49.6593994140625
 10
236.114013671875
 20
49.766650390625
 10
236.04873046875
 20
49.8739013671875
 10
235.98359375
 20
49.98115234375
 10
235.9186767578125
 20
50.08837890625
 10
235.8539794921875
 20
50.1956298828125
 10
235.7895263671875
 20
50.3028564453125
 10
235.7254638671875
 20
50.410107421875
 10
235.6617431640625
 20
50.517333984375
 10
235.59853515625
 20
50.624560546875
 10
235.5358642578125
 20
50.7317626953125
 10
235.4738525390625
 20
50.83896484375
 10
235.41259765625
 20
50.946142578125
 10
235.3522705078125
 20
51.0533447265625
 10
235.29296875
 20
51.160498046875
 10
235.2347900390625
 20
51.2676513671875
 10
235.1779541015625
 20
51.3748291015625
 10
235.1225341796875
 20
51.4819580078125
 10
235.0687255859375
 20
51.5890625
 10
235.0166748046875
 20
51.696142578125
 10
234.9664794921875
 20
51.80322265625
 10
234.9183349609375
 20
51.91025390625
 10
234.872314453125
 20
52.0172607421875
 10
234.828564453125
 20
52.12421875
 10
234.787158203125
 20
52.2311767578125
 10
234.748193359375
 20
52.3381103515625
 10
234.71171875
 20
52.4449951171875
 10
234.677783203125
 20
52.55185546875
 10
234.64638671875
 20
52.65869140625
 10
234.617529296875
 20
52.7655029296875
 10
234.591162109375
 20
52.872265625
 10
234.567236328125
 20
52.97900390625
 10
234.545703125
 20
53.085693359375
 10
234.5264404296875
 20
53.1924072265625
 10
234.509326171875
 20
53.299072265625
 10
234.4942626953125
 20
53.405712890625
 10
234.48115234375
 20
53.5123291015625
 10
234.4697998046875
 20
53.6188720703125
 10
234.46005859375
 20
53.7254638671875
 10
234.4518310546875
 20
53.8320068359375
 10
234.444873046875
 20
53.9385498046875
 10
234.4390869140625
 20
54.045068359375
 10
234.4343505859375
 20
54.1515869140625
 10
234.4304931640625
 20
54.25810546875
 10
234.427392578125
 20
54.36455078125
 10
234.425
 20
54.471044921875
 10
234.423095703125
 20
54.577490234375
 10
234.4216552734375
 20
54.683984375
 10
234.4206298828125
 20
54.7904541015625
 10
234.4198974609375
 20
54.896923828125
 10
234.419384765625
 20
55.0033935546875
 10
234.41904296875
 20
55.10986328125
 10
234.4188232421875
 20
55.21630859375
 10
234.41875
 20
55.3227783203125
 10
234.4187744140625
 20
55.4292236328125
 10
234.41884765625
 20
55.5356689453125
 10
234.4190185546875
 20
55.642138671875
 10
234.4192138671875
 20
55.748583984375
 10
234.4195068359375
 20
55.855029296875
 10
234.4198486328125
 20
55.961474609375
 10
234.420263671875
 20
56.0679443359375
 10
234.4207275390625
 20
56.1743896484375
 10
234.4213623046875
 20
56.2808349609375
 10
234.4220947265625
 20
56.3872802734375
 10
234.422998046875
 20
56.4937255859375
 10
234.424072265625
 20
56.6001708984375
 10
234.425341796875
 20
56.706591796875
 10
234.4268310546875
 20
56.8130126953125
 10
234.4285400390625
 20
56.9194580078125
 10
234.4304931640625
 20
57.0258544921875
 10
234.4327392578125
 20
57.13232421875
 10
234.43525390625
 20
57.238720703125
 10
234.4380126953125
 20
57.3450927734375
 10
234.44111328125
 20
57.4515625
 10
234.444482421875
 20
57.557958984375
 10
234.4481689453125
 20
57.6643798828125
 10
234.452099609375
 20
57.7707763671875
 10
234.456298828125
 20
57.8771728515625
 10
234.4607177734375
 20
57.9835693359375
 10
234.46533203125
 20
58.0899658203125
 10
234.470166015625
 20
58.196337890625
 10
234.47509765625
 20
58.3027587890625
 10
234.4801513671875
 20
58.409130859375
 10
234.4853271484375
 20
58.51552734375
 10
234.490576171875
 20
58.621923828125
 10
234.495849609375
 20
58.7283447265625
 10
234.501220703125
 20
58.834716796875
 10
234.506640625
 20
58.9410888671875
 10
234.5120849609375
 20
59.047509765625
 10
234.517626953125
 20
59.1538818359375
 10
234.52333984375
 20
59.260205078125
 10
234.5292236328125
 20
59.36650390625
 10
234.53544921875
 20
59.47275390625
 10
234.5420166015625
 20
59.57890625
 10
234.5491455078125
 20
59.6849365234375
 10
234.55693359375
 20
59.7908447265625
 10
234.56552734375
 20
59.8965087890625
 10
234.575146484375
 20
60.0019287109375
 10
234.585986328125
 20
60.10693359375
 10
234.5983154296875
 20
60.21142578125
 10
234.612255859375
 20
60.31533203125
 10
234.6281494140625
 20
60.4184814453125
 10
234.646240234375
 20
60.520703125
 10
234.6667724609375
 20
60.6217529296875
 10
234.68994140625
 20
60.7214111328125
 10
234.7160888671875
 20
60.819482421875
 10
234.74541015625
 20
60.9156494140625
 10
234.7781982421875
 20
61.0095947265625
 10
234.814599609375
 20
61.1010009765625
 10
234.8548583984375
 20
61.1895263671875
 10
234.89912109375
 20
61.2747802734375
 10
234.94755859375
 20
61.3564697265625
 10
235.0002197265625
 20
61.4341064453125
 10
235.0572021484375
 20
61.5073974609375
 10
235.11865234375
 20
61.5759521484375
 10
235.184375
 20
61.639453125
 10
235.2544677734375
 20
61.697509765625
 10
235.32890625
 20
61.7498779296875
 10
235.4074462890625
 20
61.7962646484375
 10
235.489990234375
 20
61.836474609375
 10
235.57646484375
 20
61.870361328125
 10
235.6665771484375
 20
61.8977294921875
 10
235.7602294921875
 20
61.918603515625
 10
235.8570556640625
 20
61.9328857421875
 10
235.9569091796875
 20
61.9406982421875
 10
236.0594482421875
 20
61.9421630859375
 10
236.164501953125
 20
61.9374267578125
 10
236.271826171875
 20
61.9266845703125
 10
236.38115234375
 20
61.91025390625
 10
236.4921630859375
 20
61.8884033203125
 10
236.6047119140625
 20
61.86142578125
 10
236.718505859375
 20
61.8297607421875
 10
236.833447265625
 20
61.7937744140625
 10
236.949169921875
 20
61.7537841796875
 10
237.065576171875
 20
61.7101318359375
 10
237.1824951171875
 20
61.66328125
 10
237.2996337890625
 20
61.6135498046875
 10
237.416943359375
 20
61.5611572265625
 10
237.5342041015625
 20
61.506494140625
 10
237.651171875
 20
61.4497314453125
 10
237.767724609375
 20
61.39111328125
 10
237.883740234375
 20
61.3307861328125
 10
237.9989013671875
 20
61.2688720703125
 10
238.1130615234375
 20
61.20546875
 10
238.2260498046875
 20
61.140576171875
 10
238.3375244140625
 20
61.0741943359375
 10
238.447314453125
 20
61.0063720703125
 10
238.55517578125
 20
60.937060546875
 10
238.66083984375
 20
60.8661376953125
 10
238.7640380859375
 20
60.793603515625
 10
238.86455078125
 20
60.719287109375
 10
238.962060546875
 20
60.6432373046875
 10
239.0563232421875
 20
60.5653076171875
 10
239.147119140625
 20
60.485498046875
 10
239.2342041015625
 20
60.403759765625
 10
239.3173583984375
 20
60.32001953125
 10
239.3964599609375
 20
60.234326171875
 10
239.471337890625
 20
60.146728515625
 10
239.5418212890625
 20
60.05712890625
 10
239.60791015625
 20
59.9657470703125
 10
239.6695068359375
 20
59.8726318359375
 10
239.7265869140625
 20
59.7778564453125
 10
239.77919921875
 20
59.6815185546875
 10
239.8274169921875
 20
59.5837646484375
 10
239.8713623046875
 20
59.48466796875
 10
239.911083984375
 20
59.384375
 10
239.9468505859375
 20
59.2830322265625
 10
239.9787841796875
 20
59.1807373046875
 10
240.0071044921875
 20
59.077685546875
 10
240.0320556640625
 20
58.9739013671875
 10
240.0538818359375
 20
58.8695556640625
 10
240.0727783203125
 20
58.764697265625
 10
240.0890380859375
 20
58.6594970703125
 10
240.102880859375
 20
58.553955078125
 10
240.1145263671875
 20
58.4481201171875
 10
240.12421875
 20
58.342138671875
 10
240.13212890625
 20
58.2359619140625
 10
240.13857421875
 20
58.129736328125
 10
240.1436279296875
 20
58.0233642578125
 10
240.1474853515625
 20
57.9169677734375
 10
240.150244140625
 20
57.810546875
 10
240.1520751953125
 20
57.7041259765625
 10
240.153125
 20
57.5976318359375
 10
240.1534423828125
 20
57.49111328125
 10
240.153076171875
 20
57.38466796875
 10
240.1521728515625
 20
57.278173828125
 10
240.15068359375
 20
57.1717529296875
 10
240.14873046875
 20
57.065283203125
 10
240.1463623046875
 20
56.958837890625
 10
240.1435302734375
 20
56.852392578125
 10
240.1403564453125
 20
56.7459228515625
 10
240.1368408203125
 20
56.6394775390625
 10
240.1329833984375
 20
56.533056640625
 10
240.1288818359375
 20
56.4265869140625
 10
240.12451171875
 20
56.3201904296875
 10
240.1199462890625
 20
56.2137451171875
 10
240.115234375
 20
56.10732421875
 10
240.1103271484375
 20
56.00087890625
 10
240.105419921875
 20
55.894482421875
 10
240.100390625
 20
55.788037109375
 10
240.095361328125
 20
55.6816162109375
 10
240.090380859375
 20
55.5751708984375
 10
240.0854248046875
 20
55.468798828125
 10
240.08056640625
 20
55.3623779296875
 10
240.07578125
 20
55.2559326171875
 10
240.071142578125
 20
55.14951171875
 10
240.0666259765625
 20
55.0430908203125
 10
240.0621826171875
 20
54.9366455078125
 10
240.0578857421875
 20
54.8302001953125
 10
240.053662109375
 20
54.7238037109375
 10
240.0495361328125
 20
54.617333984375
 10
240.045458984375
 20
54.5109375
 10
240.0413818359375
 20
54.4044677734375
 10
240.0373291015625
 20
54.298046875
 10
240.0332275390625
 20
54.1915771484375
 10
240.029052734375
 20
54.08515625
 10
240.0248779296875
 20
53.9787353515625
 10
240.020556640625
 20
53.8722900390625
 10
240.0161376953125
 20
53.7658935546875
 10
240.0115966796875
 20
53.6594482421875
 10
240.0069580078125
 20
53.55302734375
 10
240.0021728515625
 20
53.44658203125
 10
239.9972900390625
 20
53.340185546875
 10
239.9923583984375
 20
53.233740234375
 10
239.987353515625
 20
53.1273193359375
 10
239.9823486328125
 20
53.0208740234375
 10
239.9773193359375
 20
52.9144775390625
 10
239.97236328125
 20
52.808056640625
 10
239.9675048828125
 20
52.701611328125
 10
239.9627685546875
 20
52.5952392578125
 10
239.9581787109375
 20
52.4887939453125
 10
239.9537841796875
 20
52.382373046875
 10
239.949609375
 20
52.275927734375
 10
239.9456787109375
 20
52.169482421875
 10
239.9420166015625
 20
52.063037109375
 10
239.938623046875
 20
51.956591796875
 10
239.935546875
 20
51.8501708984375
 10
239.93271484375
 20
51.7437255859375
 10
239.9302001953125
 20
51.637255859375
 10
239.927978515625
 20
51.5308349609375
 10
239.925927734375
 20
51.42431640625
 10
239.9241943359375
 20
51.3178955078125
 10
239.92265625
 20
51.21142578125
 10
239.9212646484375
 20
51.10498046875
 10
239.9200439453125
 20
50.998486328125
 10
239.9189208984375
 20
50.892041015625
 10
239.9178955078125
 20
50.7855712890625
 10
239.91689453125
 20
50.6791259765625
 10
239.9158935546875
 20
50.572607421875
 10
239.9148681640625
 20
50.46611328125
 10
239.91376953125
 20
50.35966796875
 10
239.912548828125
 20
50.253173828125
 10
239.9111572265625
 20
50.1467529296875
 10
239.9095947265625
 20
50.0402587890625
 10
239.9078369140625
 20
49.933837890625
 10
239.905810546875
 20
49.82734375
 10
239.9034912109375
 20
49.7209228515625
 10
239.9009033203125
 20
49.6144775390625
 10
239.898046875
 20
49.5080322265625
 10
239.8948486328125
 20
49.4015625
 10
239.8913330078125
 20
49.2950927734375
 10
239.8874755859375
 20
49.188671875
 10
239.883251953125
 20
49.0822021484375
 10
239.8787353515625
 20
48.97578125
 10
239.873876953125
 20
48.8694091796875
 10
239.868798828125
 20
48.762939453125
 10
239.8634033203125
 20
48.65654296875
 10
239.8578369140625
 20
48.5501220703125
 10
239.852001953125
 20
48.4437255859375
 10
239.84599609375
 20
48.3373291015625
 10
239.8398681640625
 20
48.2308837890625
 10
239.8336181640625
 20
48.1244873046875
 10
239.8272705078125
 20
48.018115234375
 10
239.8208740234375
 20
47.911767578125
 10
239.814453125
 20
47.8054443359375
 10
239.807958984375
 20
47.699169921875
 10
239.80146484375
 20
47.59296875
 10
239.794873046875
 20
47.4868896484375
 10
239.7882080078125
 20
47.3810302734375
 10
239.781396484375
 20
47.275439453125
 10
239.7743896484375
 20
47.1701904296875
 10
239.76708984375
 20
47.0654052734375
 10
239.7593505859375
 20
46.961279296875
 10
239.7510498046875
 20
46.8579345703125
 10
239.742041015625
 20
46.755615234375
 10
239.7321044921875
 20
46.6545654296875
 10
239.72109375
 20
46.555078125
 10
239.7087646484375
 20
46.457470703125
 10
239.6949462890625
 20
46.362109375
 10
239.67939453125
 20
46.2693603515625
 10
239.6618896484375
 20
46.1797607421875
 10
239.6422119140625
 20
46.0936767578125
 10
239.6201904296875
 20
46.01162109375
 10
239.59560546875
 20
45.9340576171875
 10
239.5683349609375
 20
45.8615478515625
 10
239.5382080078125
 20
45.794580078125
 10
239.5051513671875
 20
45.733642578125
 10
239.4691650390625
 20
45.6792724609375
 10
239.4301513671875
 20
45.6318115234375
 10
239.3881591796875
 20
45.59169921875
 10
239.343212890625
 20
45.5593505859375
  0
LWPOLYLINE
  5
4B
330
17
100
AcDbEntity
  8
0
100
AcDbPolyline
 90
400
 70
1
 10
232.74136944780417
 20
52.36210587946111
 10
232.63548360031268
 20
46.2959097394325
 10
232.539892578125
 20
46.1391357421875
 10
232.4923095703125
 20
46.071142578125
 10
232.4324462890625
 20
45.993408203125
 10
232.358984375
 20
45.9071044921875
 10
232.2834716796875
 20
45.8360595703125
 10
232.19853515625
 20
45.7691650390625
 10
232.105224609375
 20
45.7088623046875
 10
232.005322265625
 20
45.657080078125
 10
231.8988037109375
 20
45.611865234375
 10
231.78740234375
 20
45.5722900390625
 10
231.672509765625
 20
45.5370849609375
 10
231.5552001953125
 20
45.505029296875
 10
231.436474609375
 20
45.4751708984375
 10
231.3170654296875
 20
45.446533203125
 10
231.197314453125
 20
45.4185546875
 10
231.0775634765625
 20
45.390869140625
 10
230.9577880859375
 20
45.3632080078125
 10
230.8380615234375
 20
45.3355224609375
 10
230.718310546875
 20
45.3078369140625
 10
230.5985595703125
 20
45.2795166015625
 10
230.4788330078125
 20
45.2509521484375
 10
230.3590576171875
 20
45.2220458984375
 10
230.2393310546875
 20
45.1927978515625
 10
230.119580078125
 20
45.1641845703125
 10
229.999853515625
 20
45.1365234375
 10
229.8801025390625
 20
45.1100830078125
 10
229.7603759765625
 20
45.085205078125
 10
229.6406494140625
 20
45.0612548828125
 10
229.5209228515625
 20
45.038525390625
 10
229.401220703125
 20
45.0170654296875
 10
229.281494140625
 20
44.9959228515625
 10
229.1617919921875
 20
44.9744384765625
 10
229.0420654296875
 20
44.9520263671875
 10
228.9223388671875
 20
44.9286865234375
 10
228.8026123046875
 20
44.904736328125
 10
228.6828857421875
 20
44.879541015625
 10
228.5631591796875
 20
44.853125
 10
228.4434326171875
 20
44.82578125
 10
228.3237548828125
 20
44.797802734375
 10
228.204052734375
 20
44.7695068359375
 10
228.084326171875
 20
44.7408935546875
 10
227.9646240234375
 20
44.711962890625
 10
227.8448974609375
 20
44.683056640625
 10
227.7251708984375
 20
44.654443359375
 10
227.60546875
 20
44.6264892578125
 10
227.4857666015625
 20
44.5990966796875
 10
227.3660400390625
 20
44.572412109375
 10
227.246337890625
 20
44.5466064453125
 10
227.1266357421875
 20
44.5217041015625
 10
227.0069580078125
 20
44.497802734375
 10
226.887255859375
 20
44.4741455078125
 10
226.7675537109375
 20
44.4501953125
 10
226.6478759765625
 20
44.4262451171875
 10
226.528173828125
 20
44.4023193359375
 10
226.4084716796875
 20
44.3777587890625
 10
226.2887939453125
 20
44.352880859375
 10
226.169091796875
 20
44.3280029296875
 10
226.0493896484375
 20
44.3037353515625
 10
225.929736328125
 20
44.280712890625
 10
225.8100341796875
 20
44.258642578125
 10
225.6903564453125
 20
44.2381103515625
 10
225.5706787109375
 20
44.2197509765625
 10
225.4510009765625
 20
44.203271484375
 10
225.33134765625
 20
44.1880126953125
 10
225.211669921875
 20
44.173388671875
 10
225.0920166015625
 20
44.158740234375
 10
224.97236328125
 20
44.143798828125
 10
224.852685546875
 20
44.1273193359375
 10
224.7330322265625
 20
44.1089599609375
 10
224.6133544921875
 20
44.088720703125
 10
224.493701171875
 20
44.067578125
 10
224.3740234375
 20
44.046435546875
 10
224.2543701171875
 20
44.026220703125
 10
224.134716796875
 20
44.007861328125
 10
224.015087890625
 20
43.9926025390625
 10
223.8954345703125
 20
43.980810546875
 10
223.7758056640625
 20
43.9726806640625
 10
223.65615234375
 20
43.96796875
 10
223.5365234375
 20
43.966357421875
 10
223.4168701171875
 20
43.967529296875
 10
223.297265625
 20
43.9715087890625
 10
223.1776611328125
 20
43.9782958984375
 10
223.058056640625
 20
43.9881591796875
 10
222.9384521484375
 20
44.0014404296875
 10
222.81884765625
 20
44.0178466796875
 10
222.699267578125
 20
44.0370361328125
 10
222.5796630859375
 20
44.058984375
 10
222.460107421875
 20
44.0828125
 10
222.3405029296875
 20
44.1075927734375
 10
222.220947265625
 20
44.1323486328125
 10
222.1013671875
 20
44.1564697265625
 10
221.981787109375
 20
44.1802978515625
 10
221.8622314453125
 20
44.2044677734375
 10
221.742626953125
 20
44.2285888671875
 10
221.623046875
 20
44.2533447265625
 10
221.503466796875
 20
44.279345703125
 10
221.3839111328125
 20
44.3074951171875
 10
221.2643310546875
 20
44.337841796875
 10
221.144775390625
 20
44.3700439453125
 10
221.025244140625
 20
44.403173828125
 10
220.9056884765625
 20
44.437255859375
 10
220.7861328125
 20
44.471923828125
 10
220.6666015625
 20
44.5072265625
 10
220.5470458984375
 20
44.5422119140625
 10
220.4275146484375
 20
44.576904296875
 10
220.307958984375
 20
44.611572265625
 10
220.1884033203125
 20
44.6465576171875
 10
220.0688720703125
 20
44.682177734375
 10
219.9493408203125
 20
44.7187255859375
 10
219.8298095703125
 20
44.7555908203125
 10
219.7102783203125
 20
44.793017578125
 10
219.5907470703125
 20
44.8311279296875
 10
219.4712158203125
 20
44.8692138671875
 10
219.351708984375
 20
44.9072998046875
 10
219.232177734375
 20
44.944482421875
 10
219.1126708984375
 20
44.9797607421875
 10
218.993115234375
 20
45.0135009765625
 10
218.873583984375
 20
45.0457275390625
 10
218.754052734375
 20
45.0766845703125
 10
218.6345458984375
 20
45.106689453125
 10
218.5150146484375
 20
45.135791015625
 10
218.3954833984375
 20
45.1648681640625
 10
218.2759521484375
 20
45.1951904296875
 10
218.1564208984375
 20
45.2267822265625
 10
218.0368896484375
 20
45.2595947265625
 10
217.9173583984375
 20
45.2927001953125
 10
217.7978515625
 20
45.326123046875
 10
217.6783447265625
 20
45.3598876953125
 10
217.5588134765625
 20
45.3939453125
 10
217.439306640625
 20
45.4273681640625
 10
217.319775390625
 20
45.4601806640625
 10
217.2002685546875
 20
45.4923583984375
 10
217.0807861328125
 20
45.5251708984375
 10
216.961279296875
 20
45.55859375
 10
216.841748046875
 20
45.592626953125
 10
216.7222412109375
 20
45.6263671875
 10
216.6027587890625
 20
45.660107421875
 10
216.483251953125
 20
45.6938232421875
 10
216.3637451171875
 20
45.7279052734375
 10
216.2442626953125
 20
45.761328125
 10
216.124755859375
 20
45.794140625
 10
216.0052490234375
 20
45.826611328125
 10
215.8857666015625
 20
45.8600830078125
 10
215.766259765625
 20
45.8944091796875
 10
215.6468017578125
 20
45.9297119140625
 10
215.5273193359375
 20
45.9653076171875
 10
215.4078369140625
 20
46.0015380859375
 10
215.288330078125
 20
46.038671875
 10
215.1688720703125
 20
46.076123046875
 10
215.0493896484375
 20
46.1129150390625
 10
214.9299072265625
 20
46.149169921875
 10
214.8104248046875
 20
46.1847412109375
 10
214.6909423828125
 20
46.2197265625
 10
214.5714599609375
 20
46.254052734375
 10
214.4519775390625
 20
46.286865234375
 10
214.3324951171875
 20
46.3181396484375
 10
214.2130126953125
 20
46.3481201171875
 10
214.0935302734375
 20
46.3768798828125
 10
213.9740478515625
 20
46.4047119140625
 10
213.85458984375
 20
46.4325439453125
 10
213.7351318359375
 20
46.460400390625
 10
213.6156494140625
 20
46.4891845703125
 10
213.49619140625
 20
46.5197998046875
 10
213.376708984375
 20
46.5523193359375
 10
213.257275390625
 20
46.5869384765625
 10
213.1378173828125
 20
46.6231689453125
 10
213.018359375
 20
46.6599853515625
 10
212.8989013671875
 20
46.6977294921875
 10
212.779443359375
 20
46.7364013671875
 10
212.6599853515625
 20
46.7750732421875
 10
212.5405517578125
 20
46.8140625
 10
212.4211181640625
 20
46.8527587890625
 10
212.3016845703125
 20
46.8917724609375
 10
212.1822509765625
 20
46.931689453125
 10
212.06279296875
 20
46.9722412109375
 10
211.943359375
 20
47.0130859375
 10
211.82392578125
 20
47.0548583984375
 10
211.7044921875
 20
47.0969482421875
 10
211.5850341796875
 20
47.139990234375
 10
211.4656005859375
 20
47.183642578125
 10
211.3461669921875
 20
47.2279052734375
 10
211.227099609375
 20
47.2730712890625
 10
211.1090576171875
 20
47.3197998046875
 10
210.9934814453125
 20
47.3686767578125
 10
210.882080078125
 20
47.4215087890625
 10
210.777294921875
 20
47.4792236328125
 10
210.682275390625
 20
47.5427001953125
 10
210.6008056640625
 20
47.6119140625
 10
210.5364013671875
 20
47.6867919921875
 10
210.4922119140625
 20
47.766748046875
 10
210.4698974609375
 20
47.8500732421875
 10
210.470947265625
 20
47.934130859375
 10
210.4952880859375
 20
48.0162841796875
 10
210.541552734375
 20
48.0948486328125
 10
210.6069580078125
 20
48.16875
 10
210.6883544921875
 20
48.2371826171875
 10
210.7819091796875
 20
48.2996337890625
 10
210.8842041015625
 20
48.356689453125
 10
210.9913330078125
 20
48.4102783203125
 10
211.099853515625
 20
48.4622802734375
 10
211.2069580078125
 20
48.5146484375
 10
211.3106201171875
 20
48.569189453125
 10
211.4090576171875
 20
48.6278564453125
 10
211.5015869140625
 20
48.6924560546875
 10
211.5885498046875
 20
48.7639892578125
 10
211.6706787109375
 20
48.8423583984375
 10
211.74931640625
 20
48.927587890625
 10
211.82587890625
 20
49.019091796875
 10
211.9017578125
 20
49.1155517578125
 10
211.9783203125
 20
49.215673828125
 10
212.0570068359375
 20
49.318310546875
 10
212.1381103515625
 20
49.4224365234375
 10
212.221630859375
 20
49.5274658203125
 10
212.307275390625
 20
49.632470703125
 10
212.394287109375
 20
49.7365478515625
 10
212.48271484375
 20
49.8406005859375
 10
212.5704345703125
 20
49.9425048828125
 10
212.6546875
 20
50.040087890625
 10
212.743798828125
 20
50.145361328125
 10
212.8200439453125
 20
50.235595703125
 10
212.8833740234375
 20
50.3111083984375
 10
213.01671295675436
 20
50.47509412499922
 10
214.6970825686505
 20
51.93581714324991
 10
214.8378662109375
 20
52.070263671875
 10
214.907568359375
 20
52.133642578125
 10
214.993310546875
 20
52.210498046875
 10
215.095751953125
 20
52.3013671875
 10
215.1968017578125
 20
52.388232421875
 10
215.3044921875
 20
52.480908203125
 10
215.416015625
 20
52.577587890625
 10
215.5285888671875
 20
52.6758056640625
 10
215.64150390625
 20
52.7755615234375
 10
215.7533935546875
 20
52.875634765625
 10
215.8631591796875
 20
52.9751220703125
 10
215.971240234375
 20
53.0734130859375
 10
216.07822265625
 20
53.169775390625
 10
216.1848876953125
 20
53.2646728515625
 10
216.2918701171875
 20
53.35859375
 10
216.3998779296875
 20
53.4522705078125
 10
216.509326171875
 20
53.546142578125
 10
216.6205322265625
 20
53.641015625
 10
216.732763671875
 20
53.737060546875
 10
216.8453125
 20
53.8346435546875
 10
216.957568359375
 20
53.9331787109375
 10
217.0687255859375
 20
54.03203125
 10
217.178173828125
 20
54.130615234375
 10
217.2862548828125
 20
54.2282958984375
 10
217.3932861328125
 20
54.3243896484375
 10
217.4999267578125
 20
54.4189697265625
 10
217.60693359375
 20
54.5116943359375
 10
217.714990234375
 20
54.6025390625
 10
217.824755859375
 20
54.6911865234375
 10
217.9369873046875
 20
54.7773193359375
 10
218.0512939453125
 20
54.8603759765625
 10
218.1673583984375
 20
54.9393310546875
 10
218.2847900390625
 20
55.0133056640625
 10
218.4032958984375
 20
55.0820068359375
 10
218.5224609375
 20
55.1447998046875
 10
218.6419677734375
 20
55.2020263671875
 10
218.761474609375
 20
55.2539794921875
 10
218.8809814453125
 20
55.3015869140625
 10
219.0004638671875
 20
55.346435546875
 10
219.119970703125
 20
55.3893798828125
 10
219.2394775390625
 20
55.4310791015625
 10
219.3589599609375
 20
55.4731201171875
 10
219.478466796875
 20
55.5157958984375
 10
219.5979736328125
 20
55.559375
 10
219.7174560546875
 20
55.603857421875
 10
219.836962890625
 20
55.6492919921875
 10
219.956494140625
 20
55.6956787109375
 10
220.0760009765625
 20
55.74296875
 10
220.1955322265625
 20
55.789990234375
 10
220.3150634765625
 20
55.836328125
 10
220.4345703125
 20
55.8818115234375
 10
220.5541015625
 20
55.926025390625
 10
220.6736083984375
 20
55.9680419921875
 10
220.7931396484375
 20
56.0076171875
 10
220.9126220703125
 20
56.0443603515625
 10
221.0321533203125
 20
56.079248046875
 10
221.1516357421875
 20
56.112939453125
 10
221.271142578125
 20
56.145654296875
 10
221.390673828125
 20
56.1781005859375
 10
221.5101806640625
 20
56.2108154296875
 10
221.6296875
 20
56.2441650390625
 10
221.74921875
 20
56.2787353515625
 10
221.8687255859375
 20
56.3139404296875
 10
221.9882568359375
 20
56.3491943359375
 10
222.107763671875
 20
56.384375
 10
222.227294921875
 20
56.418701171875
 10
222.3468017578125
 20
56.4520263671875
 10
222.4663330078125
 20
56.4844482421875
 10
222.5858642578125
 20
56.5150146484375
 10
222.7053955078125
 20
56.5440185546875
 10
222.8249267578125
 20
56.571826171875
 10
222.9444091796875
 20
56.5986572265625
 10
223.0639404296875
 20
56.625830078125
 10
223.183447265625
 20
56.6533203125
 10
223.3030029296875
 20
56.6810791015625
 10
223.422509765625
 20
56.7103759765625
 10
223.5420654296875
 20
56.741259765625
 10
223.6615966796875
 20
56.773681640625
 10
223.7811279296875
 20
56.8067626953125
 10
223.9006591796875
 20
56.8391845703125
 10
224.0201904296875
 20
56.8706787109375
 10
224.1397216796875
 20
56.900927734375
 10
224.25927734375
 20
56.9283935546875
 10
224.37880859375
 20
56.9527587890625
 10
224.49833984375
 20
56.9737060546875
 10
224.61787109375
 20
56.9918701171875
 10
224.73740234375
 20
57.0081787109375
 10
224.8569580078125
 20
57.0232666015625
 10
224.9764892578125
 20
57.0376953125
 10
225.0960205078125
 20
57.053076171875
 10
225.21552734375
 20
57.069677734375
 10
225.3350830078125
 20
57.087841796875
 10
225.4546142578125
 20
57.107568359375
 10
225.574169921875
 20
57.127880859375
 10
225.693701171875
 20
57.147900390625
 10
225.8132568359375
 20
57.1670166015625
 10
225.9327880859375
 20
57.184228515625
 10
226.0523193359375
 20
57.1996337890625
 10
226.1718505859375
 20
57.2131103515625
 10
226.29140625
 20
57.2247802734375
 10
226.4109375
 20
57.2358154296875
 10
226.5304931640625
 20
57.2474609375
 10
226.6500244140625
 20
57.2603515625
 10
226.769580078125
 20
57.2751220703125
 10
226.8891357421875
 20
57.2920166015625
 10
227.0087158203125
 20
57.3114501953125
 10
227.128271484375
 20
57.333642578125
 10
227.2478271484375
 20
57.3580322265625
 10
227.3674072265625
 20
57.383935546875
 10
227.486962890625
 20
57.4107666015625
 10
227.6065673828125
 20
57.4382568359375
 10
227.7261474609375
 20
57.4660400390625
 10
227.8457275390625
 20
57.4938232421875
 10
227.9653076171875
 20
57.5213134765625
 10
228.0848876953125
 20
57.548193359375
 10
228.2044677734375
 20
57.5738037109375
 10
228.3240478515625
 20
57.598193359375
 10
228.443603515625
 20
57.620068359375
 10
228.5632080078125
 20
57.6382080078125
 10
228.682763671875
 20
57.651123046875
 10
228.801953125
 20
57.656884765625
 10
228.920458984375
 20
57.653955078125
 10
229.0379150390625
 20
57.6414306640625
 10
229.1535888671875
 20
57.6177490234375
 10
229.266845703125
 20
57.582958984375
 10
229.376611328125
 20
57.5366943359375
 10
229.481787109375
 20
57.4793212890625
 10
229.582080078125
 20
57.4117919921875
 10
229.6771728515625
 20
57.3353271484375
 10
229.7662841796875
 20
57.2508056640625
 10
229.8498291015625
 20
57.1598876953125
 10
229.927783203125
 20
57.063427734375
 10
230.001220703125
 20
56.962939453125
 10
230.0707763671875
 20
56.859765625
 10
230.1368896484375
 20
56.7547607421875
 10
230.199853515625
 20
56.6485595703125
 10
230.2610595703125
 20
56.541748046875
 10
230.3205322265625
 20
56.434619140625
 10
230.379296875
 20
56.3275146484375
 10
230.437353515625
 20
56.2204345703125
 10
230.4954345703125
 20
56.113330078125
 10
230.554541015625
 20
56.0062255859375
 10
230.6154541015625
 20
55.8990966796875
 10
230.677685546875
 20
55.7919677734375
 10
230.7424072265625
 20
55.6847900390625
 10
230.8092041015625
 20
55.5775634765625
 10
230.8781005859375
 20
55.4703369140625
 10
230.9487060546875
 20
55.3630859375
 10
231.0200439453125
 20
55.255859375
 10
231.0920654296875
 20
55.148583984375
 10
231.164794921875
 20
55.0412841796875
 10
231.2371826171875
 20
54.934033203125
 10
231.3091796875
 20
54.8267578125
 10
231.3808837890625
 20
54.719482421875
 10
231.452197265625
 20
54.6122314453125
 10
231.5235107421875
 20
54.5049560546875
 10
231.593798828125
 20
54.397705078125
 10
231.663037109375
 20
54.290478515625
 10
231.7312255859375
 20
54.183251953125
 10
231.798388671875
 20
54.076025390625
 10
231.864501953125
 20
53.9688232421875
 10
231.929541015625
 20
53.8616455078125
 10
231.993212890625
 20
53.7544677734375
 10
232.0565185546875
 20
53.647314453125
 10
232.119140625
 20
53.5401611328125
 10
232.1814208984375
 20
53.4329833984375
 10
232.2429931640625
 20
53.325830078125
 10
232.303173828125
 20
53.218994140625
 10
232.361279296875
 20
53.113134765625
 10
232.418310546875
 20
53.007275390625
 10
232.47255859375
 20
52.9036376953125
 10
232.5233154296875
 20
52.804345703125
 10
232.576904296875
 20
52.6972900390625
 10
232.6220947265625
 20
52.605517578125
 10
232.6596435546875
 20
52.528759765625
  0
LWPOLYLINE
  5
4C
330
17
100
AcDbEntity
  8
0
100
AcDbPolyline
 90
210
 70
1
 10
179.8779541015625
 20
44.7129638671875
 10
179.7724365234375
 20
44.548388671875
 10
179.7208740234375
 20
44.4726318359375
 10
179.6575439453125
 20
44.382080078125
 10
179.58245849609375
 20
44.2767578125
 10
179.50977783203126
 20
44.180126953125
 10
179.43155517578126
 20
44.0792236328125
 10
179.3512451171875
 20
43.9783447265625
 10
179.2730224609375
 20
43.881787109375
 10
179.1888916015625
 20
43.7765869140625
 10
179.1165771484375
 20
43.686181640625
 10
179.05599365234374
 20
43.610546875
 10
178.92826726463437
 20
43.44623997843687
 10
177.25279595591883
 20
41.98977499017887
 10
177.06771240234374
 20
41.9924560546875
 10
176.98248291015625
 20
41.994482421875
 10
176.8805908203125
 20
41.99765625
 10
176.76171875
 20
42.0022705078125
 10
176.65150146484376
 20
42.008349609375
 10
176.5364501953125
 20
42.0162841796875
 10
176.41898193359376
 20
42.0267822265625
 10
176.30152587890626
 20
42.0397705078125
 10
176.1830322265625
 20
42.0552001953125
 10
176.06419677734374
 20
42.0731201171875
 10
175.94537353515625
 20
42.0935546875
 10
175.82652587890624
 20
42.1164306640625
 10
175.70770263671875
 20
42.1421142578125
 10
175.58887939453126
 20
42.169921875
 10
175.47005615234374
 20
42.1992919921875
 10
175.3512451171875
 20
42.2299072265625
 10
175.232421875
 20
42.261767578125
 10
175.11361083984374
 20
42.294873046875
 10
174.99481201171875
 20
42.329150390625
 10
174.8760009765625
 20
42.3638427734375
 10
174.7572021484375
 20
42.3987548828125
 10
174.6384033203125
 20
42.4349365234375
 10
174.51961669921874
 20
42.4723876953125
 10
174.40081787109375
 20
42.510107421875
 10
174.28203125
 20
42.547216796875
 10
174.16324462890626
 20
42.5830810546875
 10
174.04443359375
 20
42.618017578125
 10
173.92562255859374
 20
42.65234375
 10
173.8068359375
 20
42.68515625
 10
173.68804931640625
 20
42.716650390625
 10
173.56925048828126
 20
42.7482177734375
 10
173.45045166015626
 20
42.7809814453125
 10
173.3316650390625
 20
42.815625
 10
173.21287841796874
 20
42.852392578125
 10
173.09410400390624
 20
42.8907958984375
 10
172.97532958984374
 20
42.9309326171875
 10
172.8565673828125
 20
42.972412109375
 10
172.73779296875
 20
43.0141357421875
 10
172.6190185546875
 20
43.0552734375
 10
172.50025634765626
 20
43.094873046875
 10
172.38148193359376
 20
43.1322509765625
 10
172.26270751953126
 20
43.1677978515625
 10
172.14393310546876
 20
43.201513671875
 10
172.02515869140626
 20
43.233642578125
 10
171.9063720703125
 20
43.2645751953125
 10
171.78759765625
 20
43.294873046875
 10
171.6688232421875
 20
43.32578125
 10
171.55006103515626
 20
43.3576416015625
 10
171.4312744140625
 20
43.3904052734375
 10
171.31251220703126
 20
43.4244140625
 10
171.19375
 20
43.4596435546875
 10
171.075
 20
43.4964599609375
 10
170.95625
 20
43.5341796875
 10
170.8375
 20
43.5718994140625
 10
170.71875
 20
43.609912109375
 10
170.6
 20
43.6485595703125
 10
170.48125
 20
43.6871826171875
 10
170.3625
 20
43.725830078125
 10
170.24375
 20
43.7638427734375
 10
170.125
 20
43.8015625
 10
170.00625
 20
43.839599609375
 10
169.8875
 20
43.8773193359375
 10
169.76876220703124
 20
43.9140869140625
 10
169.6500244140625
 20
43.9505615234375
 10
169.53128662109376
 20
43.987060546875
 10
169.41256103515624
 20
44.023828125
 10
169.29381103515624
 20
44.0609375
 10
169.1750732421875
 20
44.097412109375
 10
169.05633544921875
 20
44.1335693359375
 10
168.93760986328124
 20
44.1700439453125
 10
168.81888427734376
 20
44.206201171875
 10
168.70015869140624
 20
44.2414306640625
 10
168.5814208984375
 20
44.275732421875
 10
168.46268310546876
 20
44.3091064453125
 10
168.3439453125
 20
44.3427734375
 10
168.2252197265625
 20
44.3767822265625
 10
168.10648193359376
 20
44.410498046875
 10
167.9881103515625
 20
44.444482421875
 10
167.87041015625
 20
44.4796875
 10
167.75411376953124
 20
44.517041015625
 10
167.6402587890625
 20
44.5577880859375
 10
167.5302490234375
 20
44.602197265625
 10
167.42574462890624
 20
44.651806640625
 10
167.3292236328125
 20
44.7084228515625
 10
167.24241943359374
 20
44.7729248046875
 10
167.16741943359375
 20
44.845703125
 10
167.10594482421874
 20
44.9262939453125
 10
167.059375
 20
45.0138427734375
 10
167.0287353515625
 20
45.107373046875
 10
167.01474609375
 20
45.2047119140625
 10
167.01669921875
 20
45.3034423828125
 10
167.0345947265625
 20
45.4009765625
 10
167.06807861328124
 20
45.494970703125
 10
167.1164306640625
 20
45.5828857421875
 10
167.17864990234375
 20
45.6622802734375
 10
167.25333251953126
 20
45.731640625
 10
167.33875732421876
 20
45.7903076171875
 10
167.43385009765626
 20
45.8383544921875
 10
167.53690185546876
 20
45.876416015625
 10
167.6458251953125
 20
45.9057373046875
 10
167.7589111328125
 20
45.928515625
 10
167.87474365234374
 20
45.9475830078125
 10
167.99234619140626
 20
45.9644287109375
 10
168.1109619140625
 20
45.980322265625
 10
168.22991943359375
 20
45.9962158203125
 10
168.3489013671875
 20
46.0130615234375
 10
168.46787109375
 20
46.0314208984375
 10
168.5868408203125
 20
46.051025390625
 10
168.7058349609375
 20
46.0712646484375
 10
168.8248046875
 20
46.0924072265625
 10
168.94378662109375
 20
46.1151611328125
 10
169.06279296875
 20
46.1400146484375
 10
169.18179931640626
 20
46.166748046875
 10
169.30078125
 20
46.1949951171875
 10
169.41978759765624
 20
46.2245361328125
 10
169.53876953125
 20
46.2550048828125
 10
169.65780029296874
 20
46.2857421875
 10
169.77679443359375
 20
46.3152587890625
 10
169.89580078125
 20
46.3423095703125
 10
170.01480712890626
 20
46.3665771484375
 10
170.1337890625
 20
46.388037109375
 10
170.25277099609374
 20
46.407373046875
 10
170.37178955078124
 20
46.4251220703125
 10
170.4907958984375
 20
46.441943359375
 10
170.60977783203126
 20
46.459716796875
 10
170.7287841796875
 20
46.4793212890625
 10
170.84779052734376
 20
46.501416015625
 10
170.96680908203126
 20
46.5256591796875
 10
171.0858154296875
 20
46.5517822265625
 10
171.20482177734374
 20
46.5797607421875
 10
171.3238525390625
 20
46.6095947265625
 10
171.4428955078125
 20
46.6400390625
 10
171.56192626953126
 20
46.67109375
 10
171.68095703125
 20
46.702783203125
 10
171.8
 20
46.7360107421875
 10
171.91903076171874
 20
46.7708251953125
 10
172.03807373046874
 20
46.8065185546875
 10
172.15711669921876
 20
46.8425537109375
 10
172.27615966796876
 20
46.8795166015625
 10
172.39520263671875
 20
46.9167724609375
 10
172.51424560546874
 20
46.9537353515625
 10
172.63328857421874
 20
46.989453125
 10
172.75233154296876
 20
47.0239013671875
 10
172.87137451171876
 20
47.0574462890625
 10
172.9904296875
 20
47.090380859375
 10
173.10947265625
 20
47.1217529296875
 10
173.228515625
 20
47.1515869140625
 10
173.34755859375
 20
47.1798828125
 10
173.4666015625
 20
47.2066162109375
 10
173.58564453125
 20
47.2315185546875
 10
173.7046875
 20
47.2539306640625
 10
173.82373046875
 20
47.2735595703125
 10
173.9427734375
 20
47.291015625
 10
174.06180419921876
 20
47.3066162109375
 10
174.18084716796875
 20
47.3209716796875
 10
174.29989013671874
 20
47.3347412109375
 10
174.4189208984375
 20
47.348486328125
 10
174.5379638671875
 20
47.3634765625
 10
174.6570068359375
 20
47.3800048828125
 10
174.7760498046875
 20
47.398388671875
 10
174.89510498046874
 20
47.4189453125
 10
175.01414794921874
 20
47.4410400390625
 10
175.133203125
 20
47.464404296875
 10
175.2522705078125
 20
47.4889892578125
 10
175.37132568359374
 20
47.5144775390625
 10
175.49039306640626
 20
47.541552734375
 10
175.60946044921874
 20
47.5698486328125
 10
175.72852783203126
 20
47.5990478515625
 10
175.84761962890624
 20
47.629833984375
 10
175.96669921875
 20
47.6618408203125
 10
176.0857666015625
 20
47.6938720703125
 10
176.2044921875
 20
47.724609375
 10
176.32218017578126
 20
47.7526123046875
 10
176.4398681640625
 20
47.7772216796875
 10
176.5551513671875
 20
47.7978515625
 10
176.66553955078126
 20
47.813525390625
 10
176.7845947265625
 20
47.82421875
 10
176.88665771484375
 20
47.8310302734375
 10
176.9720458984375
 20
47.8349853515625
 10
177.157373046875
 20
47.83712158203125
 10
178.68228759765626
 20
46.31220703125
 10
178.86778564453124
 20
46.1856689453125
 10
178.95198974609374
 20
46.1230712890625
 10
179.051171875
 20
46.046142578125
 10
179.16463623046874
 20
45.954248046875
 10
179.265234375
 20
45.8634033203125
 10
179.36478271484376
 20
45.766064453125
 10
179.4588134765625
 20
45.664501953125
 10
179.54345703125
 20
45.561181640625
 10
179.61910400390624
 20
45.4570556640625
 10
179.68397216796876
 20
45.3521484375
 10
179.7373779296875
 20
45.24921875
 10
179.77967529296876
 20
45.1507080078125
 10
179.81298828125
 20
45.0446533203125
 10
179.8372314453125
 20
44.953759765625
 10
179.85413818359376
 20
44.8777587890625
  0
LWPOLYLINE
  5
4D
330
17
100
AcDbEntity
  8
0
100
AcDbPolyline
 90
216
 70
1
 10
205.3741943359375
 20
44.07880859375
 10
205.4828369140625
 20
44.2428955078125
 10
205.5343994140625
 20
44.3181640625
 10
205.5970947265625
 20
44.4075439453125
 10
205.6719482421875
 20
44.5110107421875
 10
205.7447265625
 20
44.605224609375
 10
205.82412109375
 20
44.701513671875
 10
205.9083740234375
 20
44.797119140625
 10
205.995751953125
 20
44.8892822265625
 10
206.0859130859375
 20
44.979248046875
 10
206.1784912109375
 20
45.0666748046875
 10
206.2724853515625
 20
45.1516357421875
 10
206.3668212890625
 20
45.2353759765625
 10
206.4604248046875
 20
45.319091796875
 10
206.5537109375
 20
45.4040771484375
 10
206.647021484375
 20
45.4912109375
 10
206.7406494140625
 20
45.5804931640625
 10
206.833935546875
 20
45.6719970703125
 10
206.9265380859375
 20
45.7653076171875
 10
207.0191650390625
 20
45.8593017578125
 10
207.1124755859375
 20
45.95234375
 10
207.2061279296875
 20
46.0428955078125
 10
207.2997802734375
 20
46.1303466796875
 10
207.394091796875
 20
46.2140625
 10
207.4901611328125
 20
46.2931396484375
 10
207.589013671875
 20
46.3671875
 10
207.6906494140625
 20
46.4359375
 10
207.7950439453125
 20
46.4997314453125
 10
207.902587890625
 20
46.5581787109375
 10
208.01357421875
 20
46.609765625
 10
208.1273681640625
 20
46.6532958984375
 10
208.243212890625
 20
46.6880859375
 10
208.36044921875
 20
46.7132568359375
 10
208.4787109375
 20
46.728173828125
 10
208.5976318359375
 20
46.731982421875
 10
208.716943359375
 20
46.7251953125
 10
208.8362060546875
 20
46.7093994140625
 10
208.9554443359375
 20
46.6868408203125
 10
209.0747314453125
 20
46.6589599609375
 10
209.1939697265625
 20
46.627392578125
 10
209.3132080078125
 20
46.5939697265625
 10
209.432470703125
 20
46.5605224609375
 10
209.5517333984375
 20
46.5277099609375
 10
209.6709716796875
 20
46.4955078125
 10
209.790234375
 20
46.4630126953125
 10
209.9094970703125
 20
46.4302001953125
 10
210.028759765625
 20
46.396728515625
 10
210.147998046875
 20
46.362060546875
 10
210.26728515625
 20
46.325537109375
 10
210.3865478515625
 20
46.2868408203125
 10
210.505810546875
 20
46.2465576171875
 10
210.625048828125
 20
46.2053955078125
 10
210.7443115234375
 20
46.162939453125
 10
210.8635498046875
 20
46.1198974609375
 10
210.9828125
 20
46.0768798828125
 10
211.102099609375
 20
46.0343994140625
 10
211.2213623046875
 20
45.993212890625
 10
211.3406494140625
 20
45.9526611328125
 10
211.459912109375
 20
45.9130126953125
 10
211.5791748046875
 20
45.8749267578125
 10
211.6984619140625
 20
45.8380615234375
 10
211.8177490234375
 20
45.8021240234375
 10
211.93701171875
 20
45.7668212890625
 10
212.056298828125
 20
45.7315185546875
 10
212.1755615234375
 20
45.6968505859375
 10
212.2948486328125
 20
45.6624755859375
 10
212.4141357421875
 20
45.6281005859375
 10
212.533447265625
 20
45.593408203125
 10
212.652734375
 20
45.5584228515625
 10
212.772021484375
 20
45.523095703125
 10
212.8912841796875
 20
45.488427734375
 10
213.010595703125
 20
45.454345703125
 10
213.1299072265625
 20
45.421240234375
 10
213.2491943359375
 20
45.389013671875
 10
213.368505859375
 20
45.3586669921875
 10
213.4877685546875
 20
45.3301513671875
 10
213.607080078125
 20
45.3035400390625
 10
213.726416015625
 20
45.2778564453125
 10
213.8457275390625
 20
45.252490234375
 10
213.9650390625
 20
45.2264404296875
 10
214.084375
 20
45.1998291015625
 10
214.2036865234375
 20
45.171630859375
 10
214.3230224609375
 20
45.1422119140625
 10
214.442333984375
 20
45.1115478515625
 10
214.5616455078125
 20
45.0799560546875
 10
214.6809326171875
 20
45.0474365234375
 10
214.800244140625
 20
45.014892578125
 10
214.919580078125
 20
44.9823974609375
 10
215.0388916015625
 20
44.9501708984375
 10
215.1582275390625
 20
44.9176513671875
 10
215.2775634765625
 20
44.8851318359375
 10
215.3968994140625
 20
44.8529052734375
 10
215.5162353515625
 20
44.8222412109375
 10
215.6355712890625
 20
44.7934814453125
 10
215.7548828125
 20
44.767138671875
 10
215.87421875
 20
44.743896484375
 10
215.9935791015625
 20
44.7244140625
 10
216.1129150390625
 20
44.7080322265625
 10
216.232275390625
 20
44.693798828125
 10
216.3512939453125
 20
44.679541015625
 10
216.4696044921875
 20
44.6631591796875
 10
216.586865234375
 20
44.6421142578125
 10
216.702392578125
 20
44.613671875
 10
216.8151123046875
 20
44.575634765625
 10
216.9236328125
 20
44.526806640625
 10
217.026220703125
 20
44.4665771484375
 10
217.1218505859375
 20
44.395263671875
 10
217.2094482421875
 20
44.3141357421875
 10
217.28798828125
 20
44.2250244140625
 10
217.3571044921875
 20
44.13046875
 10
217.4171630859375
 20
44.0326416015625
 10
217.46923828125
 20
43.9333251953125
 10
217.5146728515625
 20
43.8341064453125
 10
217.5542236328125
 20
43.736181640625
 10
217.5878173828125
 20
43.639892578125
 10
217.6148193359375
 20
43.545263671875
 10
217.6338134765625
 20
43.4522705078125
 10
217.6427001953125
 20
43.3609375
 10
217.6386962890625
 20
43.2713134765625
 10
217.6194091796875
 20
43.183740234375
 10
217.5830322265625
 20
43.0985595703125
 10
217.529248046875
 20
43.01640625
 10
217.4591064453125
 20
42.938134765625
 10
217.374365234375
 20
42.8637939453125
 10
217.2774169921875
 20
42.793310546875
 10
217.171435546875
 20
42.7269775390625
 10
217.0592041015625
 20
42.6641357421875
 10
216.943115234375
 20
42.604443359375
 10
216.824951171875
 20
42.5475830078125
 10
216.7057861328125
 20
42.4926025390625
 10
216.5862548828125
 20
42.4397705078125
 10
216.4667236328125
 20
42.389453125
 10
216.34716796875
 20
42.3412353515625
 10
216.2276611328125
 20
42.2961669921875
 10
216.1081298828125
 20
42.254541015625
 10
215.988623046875
 20
42.2166015625
 10
215.869091796875
 20
42.1829833984375
 10
215.749609375
 20
42.1534423828125
 10
215.630126953125
 20
42.127880859375
 10
215.5106201171875
 20
42.106689453125
 10
215.391162109375
 20
42.0888916015625
 10
215.2716796875
 20
42.0739013671875
 10
215.1522216796875
 20
42.0611083984375
 10
215.032763671875
 20
42.0498291015625
 10
214.91328125
 20
42.0398193359375
 10
214.7938232421875
 20
42.0297607421875
 10
214.674365234375
 20
42.018505859375
 10
214.5549072265625
 20
42.006005859375
 10
214.43544921875
 20
41.992236328125
 10
214.3159912109375
 20
41.9772705078125
 10
214.196533203125
 20
41.9607177734375
 10
214.0770751953125
 20
41.942333984375
 10
213.9575927734375
 20
41.9226806640625
 10
213.838134765625
 20
41.9024169921875
 10
213.718701171875
 20
41.8812255859375
 10
213.59921875
 20
41.8587890625
 10
213.479736328125
 20
41.834521484375
 10
213.3602783203125
 20
41.8087158203125
 10
213.2407958984375
 20
41.781640625
 10
213.121337890625
 20
41.7536376953125
 10
213.0018798828125
 20
41.7249755859375
 10
212.8823974609375
 20
41.6963623046875
 10
212.762939453125
 20
41.6680419921875
 10
212.643505859375
 20
41.6409912109375
 10
212.5240234375
 20
41.6151611328125
 10
212.40458984375
 20
41.5905517578125
 10
212.285107421875
 20
41.566552734375
 10
212.165673828125
 20
41.542578125
 10
212.0462158203125
 20
41.5177001953125
 10
211.9267822265625
 20
41.4918212890625
 10
211.8073486328125
 20
41.465087890625
 10
211.687890625
 20
41.4376953125
 10
211.5684326171875
 20
41.4099609375
 10
211.4489990234375
 20
41.382275390625
 10
211.329541015625
 20
41.3549072265625
 10
211.210107421875
 20
41.3290771484375
 10
211.090673828125
 20
41.3048095703125
 10
210.971240234375
 20
41.2814453125
 10
210.8518310546875
 20
41.2584228515625
 10
210.7323974609375
 20
41.2350341796875
 10
210.6129638671875
 20
41.21171875
 10
210.4935302734375
 20
41.1883544921875
 10
210.3740966796875
 20
41.1640869140625
 10
210.2546630859375
 20
41.1391845703125
 10
210.1352294921875
 20
41.1142822265625
 10
210.0157958984375
 20
41.089697265625
 10
209.8963623046875
 20
41.0656982421875
 10
209.776953125
 20
41.0417724609375
 10
209.6575439453125
 20
41.018115234375
 10
209.538134765625
 20
40.995361328125
 10
209.4187255859375
 20
40.9732421875
 10
209.2992919921875
 20
40.9514404296875
 10
209.1798828125
 20
40.9308837890625
 10
209.060498046875
 20
40.9125244140625
 10
208.9410888671875
 20
40.8978515625
 10
208.8217041015625
 20
40.8875244140625
 10
208.702685546875
 20
40.8821533203125
 10
208.5846923828125
 20
40.8826416015625
 10
208.4667236328125
 20
40.890576171875
 10
208.3511962890625
 20
40.9047119140625
 10
208.24052734375
 20
40.9237060546875
 10
208.1211669921875
 20
40.9515380859375
 10
208.018896484375
 20
40.978173828125
 10
207.9333251953125
 20
41.0027587890625
 10
207.74758126359598
 20
41.06330722765874
 10
205.84603398927047
 20
42.89961008523987
 10
205.7525390625
 20
43.066845703125
 10
205.7111328125
 20
43.1438720703125
 10
205.6635498046875
 20
43.2355712890625
 10
205.6104736328125
 20
43.341650390625
 10
205.5656982421875
 20
43.43984375
 10
205.5237548828125
 20
43.5402099609375
 10
205.4865966796875
 20
43.6383056640625
 10
205.4537109375
 20
43.744140625
 10
205.4277099609375
 20
43.8355712890625
 10
205.4078857421875
 20
43.9123291015625
  0
LWPOLYLINE
  5
4E
330
17
100
AcDbEntity
  8
0
100
AcDbPolyline
 90
234
 70
1
 10
151.11552734375
 20
40.4035888671875
 10
150.93463134765625
 20
40.4271728515625
 10
150.85404052734376
 20
40.4455078125
 10
150.75963134765624
 20
40.47265625
 10
150.6520751953125
 20
40.510498046875
 10
150.55804443359375
 20
40.5589599609375
 10
150.4643798828125
 20
40.618896484375
 10
150.37384033203125
 20
40.68984375
 10
150.28848876953126
 20
40.7709716796875
 10
150.2069580078125
 20
40.8607421875
 10
150.12960205078124
 20
40.9569091796875
 10
150.0556884765625
 20
41.0576416015625
 10
149.98424072265624
 20
41.1614990234375
 10
149.91414794921874
 20
41.2671630859375
 10
149.8444091796875
 20
41.3737060546875
 10
149.77431640625
 20
41.4806396484375
 10
149.70321044921874
 20
41.5875244140625
 10
149.63037109375
 20
41.694482421875
 10
149.5554443359375
 20
41.801416015625
 10
149.4781005859375
 20
41.9083984375
 10
149.3990234375
 20
42.0154052734375
 10
149.3189208984375
 20
42.1224365234375
 10
149.23846435546875
 20
42.2294677734375
 10
149.15833740234376
 20
42.336474609375
 10
149.07965087890625
 20
42.4434326171875
 10
149.00299072265625
 20
42.5504150390625
 10
148.92943115234374
 20
42.657373046875
 10
148.8586669921875
 20
42.7642578125
 10
148.79031982421876
 20
42.8711181640625
 10
148.7240478515625
 20
42.9779541015625
 10
148.6594970703125
 20
43.084765625
 10
148.59566650390624
 20
43.191552734375
 10
148.5321533203125
 20
43.2983642578125
 10
148.46761474609374
 20
43.4051513671875
 10
148.40205078125
 20
43.5119873046875
 10
148.33543701171874
 20
43.6188232421875
 10
148.26778564453124
 20
43.7257080078125
 10
148.1990966796875
 20
43.8325439453125
 10
148.1297119140625
 20
43.939404296875
 10
148.05965576171874
 20
44.0462890625
 10
147.9902587890625
 20
44.1531494140625
 10
147.92156982421875
 20
44.260009765625
 10
147.8539306640625
 20
44.366845703125
 10
147.78731689453124
 20
44.473681640625
 10
147.7220947265625
 20
44.5804931640625
 10
147.65826416015625
 20
44.6873046875
 10
147.59615478515624
 20
44.794091796875
 10
147.5347412109375
 20
44.900830078125
 10
147.4743408203125
 20
45.0075927734375
 10
147.41466064453124
 20
45.114306640625
 10
147.35635986328126
 20
45.2210693359375
 10
147.2997802734375
 20
45.3277587890625
 10
147.24630126953124
 20
45.4343994140625
 10
147.1969970703125
 20
45.541015625
 10
147.15460205078125
 20
45.6475341796875
 10
147.12083740234374
 20
45.753955078125
 10
147.09815673828126
 20
45.8602294921875
 10
147.0879150390625
 20
45.966357421875
 10
147.09117431640624
 20
46.0723388671875
 10
147.10826416015624
 20
46.178125
 10
147.13916015625
 20
46.283740234375
 10
147.1818359375
 20
46.3892333984375
 10
147.23487548828126
 20
46.4945556640625
 10
147.2958740234375
 20
46.5998291015625
 10
147.36309814453125
 20
46.7050048828125
 10
147.43516845703124
 20
46.8101318359375
 10
147.5103515625
 20
46.9152099609375
 10
147.5869140625
 20
47.020263671875
 10
147.66485595703125
 20
47.1253173828125
 10
147.74349365234374
 20
47.2303466796875
 10
147.82352294921876
 20
47.3353759765625
 10
147.90494384765626
 20
47.4400634765625
 10
147.98739013671874
 20
47.5441162109375
 10
148.07052001953124
 20
47.647265625
 10
148.15469970703126
 20
47.749169921875
 10
148.23919677734375
 20
47.849462890625
 10
148.3233642578125
 20
47.9479736328125
 10
148.40545654296875
 20
48.0443115234375
 10
148.48408203125
 20
48.1388427734375
 10
148.5589111328125
 20
48.231591796875
 10
148.6306396484375
 20
48.321875
 10
148.69954833984374
 20
48.4084716796875
 10
148.76607666015624
 20
48.489599609375
 10
148.83118896484376
 20
48.562646484375
 10
148.89593505859375
 20
48.6245849609375
 10
148.96102294921874
 20
48.6717041015625
 10
149.02574462890624
 20
48.7005859375
 10
149.08765869140626
 20
48.709130859375
 10
149.14400634765624
 20
48.6967041015625
 10
149.19271240234374
 20
48.6639404296875
 10
149.23173828125
 20
48.6134033203125
 10
149.2599853515625
 20
48.5493896484375
 10
149.27752685546875
 20
48.4771484375
 10
149.2853759765625
 20
48.402880859375
 10
149.28701171875
 20
48.3327392578125
 10
149.28726806640626
 20
48.271826171875
 10
149.2909912109375
 20
48.2254150390625
 10
149.3023681640625
 20
48.1968505859375
 10
149.32413330078126
 20
48.1876220703125
 10
149.35804443359376
 20
48.1986572265625
 10
149.40546875
 20
48.229296875
 10
149.46572265625
 20
48.277685546875
 10
149.53602294921876
 20
48.341748046875
 10
149.61290283203124
 20
48.4180908203125
 10
149.69290771484376
 20
48.503955078125
 10
149.7739501953125
 20
48.5972412109375
 10
149.85433349609374
 20
48.695166015625
 10
149.9326416015625
 20
48.7952880859375
 10
150.0081787109375
 20
48.8954345703125
 10
150.08197021484375
 20
48.993115234375
 10
150.1554443359375
 20
49.0858642578125
 10
150.23062744140626
 20
49.170556640625
 10
150.308203125
 20
49.2434814453125
 10
150.38853759765624
 20
49.3015380859375
 10
150.4712646484375
 20
49.3419677734375
 10
150.55567626953126
 20
49.362255859375
 10
150.63973388671874
 20
49.3612548828125
 10
150.72099609375
 20
49.338916015625
 10
150.7966796875
 20
49.2966064453125
 10
150.86510009765624
 20
49.23671875
 10
150.92518310546876
 20
49.162109375
 10
150.97625732421875
 20
49.0759033203125
 10
151.01832275390626
 20
48.9814208984375
 10
151.05277099609376
 20
48.8814453125
 10
151.08167724609376
 20
48.7781494140625
 10
151.10714111328124
 20
48.6730712890625
 10
151.130859375
 20
48.5670654296875
 10
151.1542236328125
 20
48.4607666015625
 10
151.17794189453124
 20
48.354443359375
 10
151.20234375
 20
48.2481201171875
 10
151.2267578125
 20
48.1421142578125
 10
151.25047607421874
 20
48.03671875
 10
151.27315673828124
 20
47.932275390625
 10
151.29482421875
 20
47.8290771484375
 10
151.3154296875
 20
47.7274658203125
 10
151.33707275390626
 20
47.6276611328125
 10
151.36219482421876
 20
47.5299560546875
 10
151.3935302734375
 20
47.4337890625
 10
151.43319091796874
 20
47.338720703125
 10
151.48253173828124
 20
47.2444091796875
 10
151.54224853515626
 20
47.1509765625
 10
151.61337890625
 20
47.0583251953125
 10
151.6948974609375
 20
46.966748046875
 10
151.78507080078126
 20
46.876611328125
 10
151.88216552734374
 20
46.7891845703125
 10
151.98482666015624
 20
46.7050537109375
 10
152.09195556640626
 20
46.6255615234375
 10
152.2029052734375
 20
46.5512451171875
 10
152.3162841796875
 20
46.4830810546875
 10
152.4314208984375
 20
46.4214111328125
 10
152.54793701171874
 20
46.366455078125
 10
152.6655029296875
 20
46.3186767578125
 10
152.7837646484375
 20
46.2782470703125
 10
152.90238037109376
 20
46.2440185546875
 10
153.0210205078125
 20
46.2150390625
 10
153.13966064453126
 20
46.1894775390625
 10
153.25831298828126
 20
46.165771484375
 10
153.376953125
 20
46.14296875
 10
153.49560546875
 20
46.1195556640625
 10
153.6142578125
 20
46.0948974609375
 10
153.73291015625
 20
46.0696533203125
 10
153.85157470703126
 20
46.0443603515625
 10
153.97022705078126
 20
46.0209716796875
 10
154.08887939453126
 20
46.0012451171875
 10
154.2075439453125
 20
45.9855712890625
 10
154.32623291015625
 20
45.9745361328125
 10
154.44490966796874
 20
45.9675048828125
 10
154.5635986328125
 20
45.9635498046875
 10
154.6822998046875
 20
45.9614990234375
 10
154.8009765625
 20
45.9587890625
 10
154.91966552734374
 20
45.952685546875
 10
155.0380126953125
 20
45.941357421875
 10
155.1552978515625
 20
45.922607421875
 10
155.2705078125
 20
45.8951904296875
 10
155.38189697265625
 20
45.8576416015625
 10
155.48702392578124
 20
45.8090576171875
 10
155.5828125
 20
45.749755859375
 10
155.66541748046876
 20
45.6810546875
 10
155.7314208984375
 20
45.6044921875
 10
155.77769775390624
 20
45.522607421875
 10
155.8014404296875
 20
45.4375732421875
 10
155.80130615234376
 20
45.3525634765625
 10
155.7773193359375
 20
45.2706298828125
 10
155.7308349609375
 20
45.1939208984375
 10
155.66463623046874
 20
45.1236083984375
 10
155.5818115234375
 20
45.0609375
 10
155.48585205078126
 20
45.0061767578125
 10
155.38056640625
 20
44.9598388671875
 10
155.2690673828125
 20
44.921337890625
 10
155.15377197265624
 20
44.889404296875
 10
155.0364013671875
 20
44.863037109375
 10
154.91800537109376
 20
44.8416015625
 10
154.79927978515624
 20
44.823583984375
 10
154.6805419921875
 20
44.807763671875
 10
154.56181640625
 20
44.7919189453125
 10
154.4430908203125
 20
44.775146484375
 10
154.32435302734376
 20
44.7568359375
 10
154.20562744140625
 20
44.7360107421875
 10
154.0868896484375
 20
44.7118408203125
 10
153.96815185546876
 20
44.6845703125
 10
153.8494140625
 20
44.6545166015625
 10
153.7306640625
 20
44.6232177734375
 10
153.6119140625
 20
44.5909912109375
 10
153.4931640625
 20
44.558154296875
 10
153.3744384765625
 20
44.525927734375
 10
153.25570068359374
 20
44.4952392578125
 10
153.13697509765626
 20
44.4660888671875
 10
153.0182373046875
 20
44.4385009765625
 10
152.89951171875
 20
44.4115234375
 10
152.78077392578126
 20
44.385498046875
 10
152.6620849609375
 20
44.360693359375
 10
152.54334716796876
 20
44.336181640625
 10
152.42462158203125
 20
44.3119873046875
 10
152.30626220703124
 20
44.288134765625
 10
152.1885986328125
 20
44.2642578125
 10
152.0722900390625
 20
44.2400390625
 10
151.9580810546875
 20
44.213916015625
 10
151.84696044921876
 20
44.1843994140625
 10
151.7403564453125
 20
44.151123046875
 10
151.63858642578126
 20
44.1109619140625
 10
151.5433837890625
 20
44.0645263671875
 10
151.45645751953126
 20
44.0130615234375
 10
151.36917724609376
 20
43.9452392578125
 10
151.29678955078126
 20
43.882763671875
 10
151.23824462890624
 20
43.826904296875
 10
151.1183349609375
 20
43.690234375
 10
151.1183349609375
 20
41.2517578125
 10
151.1593017578125
 20
41.0877197265625
 10
151.1704833984375
 20
41.0127685546875
 10
151.17987060546875
 20
40.9251953125
 10
151.18717041015626
 20
40.8267822265625
 10
151.1792236328125
 20
40.728564453125
 10
151.16925048828125
 20
40.6412353515625
 10
151.1575927734375
 20
40.5665771484375
  0
LWPOLYLINE
  5
4F
330
17
100
AcDbEntity
  8
0
100
AcDbPolyline
 90
231
 70
1
 10
233.9152587890625
 20
36.2737548828125
 10
233.8703857421875
 20
36.4400634765625
 10
233.8545654296875
 20
36.5166015625
 10
233.8380615234375
 20
36.6080810546875
 10
233.821630859375
 20
36.7147216796875
 10
233.8135498046875
 20
36.813232421875
 10
233.8089599609375
 20
36.915087890625
 10
233.809228515625
 20
37.019091796875
 10
233.814404296875
 20
37.1208251953125
 10
233.823046875
 20
37.2190673828125
 10
233.840087890625
 20
37.325341796875
 10
233.857080078125
 20
37.416357421875
 10
233.8733154296875
 20
37.4924560546875
 10
233.9191162109375
 20
37.6576416015625
 10
233.9191162109375
 20
40.851171875
 10
233.7330322265625
 20
40.9176025390625
 10
233.647314453125
 20
40.9454833984375
 10
233.5448486328125
 20
40.9775634765625
 10
233.425341796875
 20
41.0138671875
 10
233.314501953125
 20
41.0441650390625
 10
233.1988037109375
 20
41.075439453125
 10
233.0806884765625
 20
41.1070556640625
 10
232.962548828125
 20
41.1384033203125
 10
232.843359375
 20
41.1703125
 10
232.7238037109375
 20
41.202880859375
 10
232.6042724609375
 20
41.2363525390625
 10
232.4847412109375
 20
41.27109375
 10
232.3652099609375
 20
41.3064697265625
 10
232.245703125
 20
41.3427490234375
 10
232.126171875
 20
41.3802734375
 10
232.0066650390625
 20
41.4193359375
 10
231.8871337890625
 20
41.460302734375
 10
231.767626953125
 20
41.502783203125
 10
231.6481201171875
 20
41.5465087890625
 10
231.5286376953125
 20
41.5911865234375
 10
231.409130859375
 20
41.6361572265625
 10
231.2896484375
 20
41.680810546875
 10
231.170166015625
 20
41.72421875
 10
231.0506591796875
 20
41.7654541015625
 10
230.9311767578125
 20
41.8035888671875
 10
230.811669921875
 20
41.8380126953125
 10
230.692138671875
 20
41.8687255859375
 10
230.5726318359375
 20
41.8956787109375
 10
230.453125
 20
41.9192138671875
 10
230.33359375
 20
41.9406005859375
 10
230.2140869140625
 20
41.961376953125
 10
230.0948974609375
 20
41.983984375
 10
229.976806640625
 20
42.0103271484375
 10
229.860791015625
 20
42.0421875
 10
229.748291015625
 20
42.0818115234375
 10
229.641015625
 20
42.1306396484375
 10
229.5410888671875
 20
42.189306640625
 10
229.45126953125
 20
42.2578125
 10
229.3739990234375
 20
42.33515625
 10
229.311083984375
 20
42.420361328125
 10
229.2635009765625
 20
42.5115966796875
 10
229.2333251953125
 20
42.6078857421875
 10
229.2195556640625
 20
42.705517578125
 10
229.22041015625
 20
42.801123046875
 10
229.2421875
 20
42.9057861328125
 10
229.2681396484375
 20
42.9961181640625
 10
229.2958251953125
 20
43.071923828125
 10
229.37939453125
 20
43.2361328125
 10
231.53193359375
 20
43.2361328125
 10
231.718115234375
 20
43.2166259765625
 10
231.8038818359375
 20
43.213037109375
 10
231.906396484375
 20
43.2116943359375
 10
232.0260009765625
 20
43.213525390625
 10
232.1369140625
 20
43.223876953125
 10
232.252685546875
 20
43.240673828125
 10
232.370947265625
 20
43.2652099609375
 10
232.489208984375
 20
43.298095703125
 10
232.6081787109375
 20
43.3390625
 10
232.72646484375
 20
43.3890380859375
 10
232.843017578125
 20
43.4483642578125
 10
232.956787109375
 20
43.5166748046875
 10
233.0663818359375
 20
43.5934326171875
 10
233.1704345703125
 20
43.6774658203125
 10
233.2675048828125
 20
43.7677001953125
 10
233.3572509765625
 20
43.863330078125
 10
233.440380859375
 20
43.9627685546875
 10
233.5175537109375
 20
44.064453125
 10
233.5902587890625
 20
44.1671630859375
 10
233.660498046875
 20
44.269873046875
 10
233.730029296875
 20
44.3719482421875
 10
233.800244140625
 20
44.4728271484375
 10
233.8711669921875
 20
44.5718017578125
 10
233.94140625
 20
44.668603515625
 10
234.0091796875
 20
44.763916015625
 10
234.0720947265625
 20
44.858349609375
 10
234.1273193359375
 20
44.9525634765625
 10
234.1727783203125
 20
45.047216796875
 10
234.207080078125
 20
45.142919921875
 10
234.2298828125
 20
45.2403076171875
 10
234.241845703125
 20
45.3400146484375
 10
234.2444580078125
 20
45.4417236328125
 10
234.2400390625
 20
45.5450439453125
 10
234.231103515625
 20
45.6496337890625
 10
234.2197265625
 20
45.755224609375
 10
234.2080078125
 20
45.8614501953125
 10
234.19765625
 20
45.9679443359375
 10
234.1901611328125
 20
46.0743896484375
 10
234.186767578125
 20
46.180810546875
 10
234.188330078125
 20
46.2868408203125
 10
234.1957763671875
 20
46.3922119140625
 10
234.210546875
 20
46.496240234375
 10
234.233349609375
 20
46.598291015625
 10
234.2652099609375
 20
46.6974609375
 10
234.3075439453125
 20
46.792431640625
 10
234.3610595703125
 20
46.88203125
 10
234.426025390625
 20
46.9656005859375
 10
234.5021728515625
 20
47.0421875
 10
234.5884033203125
 20
47.111474609375
 10
234.6840576171875
 20
47.172607421875
 10
234.7876953125
 20
47.224951171875
 10
234.897314453125
 20
47.2685302734375
 10
235.0110595703125
 20
47.3027587890625
 10
235.1275634765625
 20
47.3263916015625
 10
235.2458251953125
 20
47.338525390625
 10
235.3647705078125
 20
47.3376220703125
 10
235.483349609375
 20
47.323388671875
 10
235.6005126953125
 20
47.2957763671875
 10
235.715576171875
 20
47.2542724609375
 10
235.8274658203125
 20
47.1994384765625
 10
235.934814453125
 20
47.1325439453125
 10
236.0362548828125
 20
47.0552001953125
 10
236.1310302734375
 20
46.96953125
 10
236.2184326171875
 20
46.8771240234375
 10
236.298583984375
 20
46.779248046875
 10
236.3710205078125
 20
46.677685546875
 10
236.4361328125
 20
46.573779296875
 10
236.4952880859375
 20
46.468359375
 10
236.5495849609375
 20
46.3620849609375
 10
236.6000244140625
 20
46.2552490234375
 10
236.647314453125
 20
46.148095703125
 10
236.6922119140625
 20
46.041015625
 10
236.7360107421875
 20
45.933935546875
 10
236.7802001953125
 20
45.826806640625
 10
236.8246826171875
 20
45.7197265625
 10
236.8706298828125
 20
45.6126220703125
 10
236.9182861328125
 20
45.5054931640625
 10
236.9690673828125
 20
45.3983154296875
 10
237.0233154296875
 20
45.2911376953125
 10
237.0814697265625
 20
45.183837890625
 10
237.142724609375
 20
45.0765625
 10
237.2074951171875
 20
44.9692138671875
 10
237.275
 20
44.8617919921875
 10
237.344677734375
 20
44.7544189453125
 10
237.4146484375
 20
44.647021484375
 10
237.4843017578125
 20
44.539599609375
 10
237.552197265625
 20
44.4322021484375
 10
237.618017578125
 20
44.3248291015625
 10
237.6813720703125
 20
44.2175048828125
 10
237.7423095703125
 20
44.1101806640625
 10
237.8014404296875
 20
44.0029052734375
 10
237.8595947265625
 20
43.895654296875
 10
237.917041015625
 20
43.7883544921875
 10
237.9741455078125
 20
43.681103515625
 10
238.030859375
 20
43.5738525390625
 10
238.086181640625
 20
43.4666259765625
 10
238.138720703125
 20
43.3593994140625
 10
238.1867431640625
 20
43.2522705078125
 10
238.229150390625
 20
43.145166015625
 10
238.2649658203125
 20
43.0382080078125
 10
238.293798828125
 20
42.9312744140625
 10
238.3149169921875
 20
42.8244384765625
 10
238.3283935546875
 20
42.717724609375
 10
238.334912109375
 20
42.611083984375
 10
238.334765625
 20
42.504541015625
 10
238.327978515625
 20
42.398046875
 10
238.3142578125
 20
42.2916748046875
 10
238.2925048828125
 20
42.1853759765625
 10
238.2626953125
 20
42.0792236328125
 10
238.2252197265625
 20
41.9731201171875
 10
238.1800537109375
 20
41.867138671875
 10
238.1279541015625
 20
41.7612548828125
 10
238.06953125
 20
41.6554443359375
 10
238.00625
 20
41.549658203125
 10
237.9405517578125
 20
41.4439453125
 10
237.873388671875
 20
41.3382080078125
 10
237.8059326171875
 20
41.232470703125
 10
237.738818359375
 20
41.1267822265625
 10
237.6723876953125
 20
41.0210693359375
 10
237.6070068359375
 20
40.9153076171875
 10
237.5426513671875
 20
40.8095703125
 10
237.4783447265625
 20
40.7038330078125
 10
237.4140380859375
 20
40.598095703125
 10
237.3486328125
 20
40.4923828125
 10
237.2822021484375
 20
40.3866455078125
 10
237.2147216796875
 20
40.2809326171875
 10
237.1458740234375
 20
40.1752197265625
 10
237.0756103515625
 20
40.069580078125
 10
237.003955078125
 20
39.9639404296875
 10
236.9305419921875
 20
39.8583251953125
 10
236.8564453125
 20
39.7527099609375
 10
236.781298828125
 20
39.6470703125
 10
236.705126953125
 20
39.5414794921875
 10
236.628564453125
 20
39.435888671875
 10
236.551708984375
 20
39.330322265625
 10
236.4751953125
 20
39.2247314453125
 10
236.3997314453125
 20
39.119140625
 10
236.3249267578125
 20
39.0135498046875
 10
236.2515380859375
 20
38.9079345703125
 10
236.1791748046875
 20
38.8023193359375
 10
236.1072021484375
 20
38.6966796875
 10
236.034814453125
 20
38.5910400390625
 10
235.9614501953125
 20
38.4854248046875
 10
235.8863037109375
 20
38.379833984375
 10
235.8090576171875
 20
38.274267578125
 10
235.729052734375
 20
38.16875
 10
235.646923828125
 20
38.0632568359375
 10
235.563427734375
 20
37.957763671875
 10
235.4802734375
 20
37.8522216796875
 10
235.3981689453125
 20
37.746728515625
 10
235.3181396484375
 20
37.6412109375
 10
235.2408935546875
 20
37.5356689453125
 10
235.1671875
 20
37.4303466796875
 10
235.096240234375
 20
37.325634765625
 10
235.0277587890625
 20
37.2218505859375
 10
234.9599365234375
 20
37.119287109375
 10
234.892138671875
 20
37.0185791015625
 10
234.822607421875
 20
36.9206787109375
 10
234.7502685546875
 20
36.8268798828125
 10
234.6744873046875
 20
36.7377197265625
 10
234.5958984375
 20
36.6542236328125
 10
234.5124267578125
 20
36.5776123046875
 10
234.4265625
 20
36.509423828125
 10
234.3403076171875
 20
36.4505615234375
 10
234.2418701171875
 20
36.3983642578125
 10
234.1556884765625
 20
36.3571533203125
 10
234.08203125
 20
36.3260498046875
  0
LWPOLYLINE
  5
50
330
17
100
AcDbEntity
  8
0
100
AcDbPolyline
 90
252
 70
1
 10
170.52193603515624
 20
33.21884765625
 10
170.440478515625
 20
33.22578125
 10
170.3648193359375
 20
33.2376220703125
 10
170.29544677734376
 20
33.2545654296875
 10
170.2328125
 20
33.276806640625
 10
170.17734375
 20
33.304443359375
 10
170.12940673828126
 20
33.337548828125
 10
170.089306640625
 20
33.376123046875
 10
170.05731201171875
 20
33.4199951171875
 10
170.033642578125
 20
33.4690673828125
 10
170.0183837890625
 20
33.523046875
 10
170.01158447265624
 20
33.581689453125
 10
170.0132568359375
 20
33.6447021484375
 10
170.0232421875
 20
33.71171875
 10
170.0413818359375
 20
33.78232421875
 10
170.06741943359376
 20
33.856103515625
 10
170.1010498046875
 20
33.932666015625
 10
170.14185791015626
 20
34.0116455078125
 10
170.189453125
 20
34.0926513671875
 10
170.243359375
 20
34.1752685546875
 10
170.303076171875
 20
34.2592041015625
 10
170.36807861328126
 20
34.34404296875
 10
170.437841796875
 20
34.4296142578125
 10
170.5118408203125
 20
34.5156494140625
 10
170.58953857421875
 20
34.601953125
 10
170.67049560546874
 20
34.6884033203125
 10
170.75416259765626
 20
34.774755859375
 10
170.84014892578125
 20
34.8610107421875
 10
170.927978515625
 20
34.9470947265625
 10
171.017333984375
 20
35.032958984375
 10
171.1078369140625
 20
35.11865234375
 10
171.1991943359375
 20
35.204052734375
 10
171.29117431640626
 20
35.2893310546875
 10
171.38360595703125
 20
35.3743896484375
 10
171.4762939453125
 20
35.459326171875
 10
171.56912841796876
 20
35.544189453125
 10
171.662060546875
 20
35.6289794921875
 10
171.755029296875
 20
35.7137451171875
 10
171.8480224609375
 20
35.7985107421875
 10
171.9410400390625
 20
35.8832763671875
 10
172.03414306640624
 20
35.968017578125
 10
172.12735595703126
 20
36.052783203125
 10
172.22073974609376
 20
36.1374755859375
 10
172.31439208984375
 20
36.2221435546875
 10
172.40838623046875
 20
36.306689453125
 10
172.502783203125
 20
36.3911376953125
 10
172.59766845703126
 20
36.475390625
 10
172.69310302734374
 20
36.5594970703125
 10
172.7891357421875
 20
36.6434326171875
 10
172.88580322265625
 20
36.727099609375
 10
172.98314208984374
 20
36.8105224609375
 10
173.0811279296875
 20
36.89365234375
 10
173.1798095703125
 20
36.976513671875
 10
173.27908935546876
 20
37.05908203125
 10
173.37899169921874
 20
37.14140625
 10
173.47945556640624
 20
37.223486328125
 10
173.58040771484374
 20
37.305419921875
 10
173.68177490234376
 20
37.3872314453125
 10
173.7835205078125
 20
37.468896484375
 10
173.8855224609375
 20
37.550537109375
 10
173.98773193359375
 20
37.6322021484375
 10
174.0900634765625
 20
37.71396484375
 10
174.19244384765625
 20
37.79580078125
 10
174.29483642578126
 20
37.8778076171875
 10
174.39718017578124
 20
37.9600341796875
 10
174.49942626953126
 20
38.0424560546875
 10
174.60159912109376
 20
38.125048828125
 10
174.7036865234375
 20
38.2078125
 10
174.8056884765625
 20
38.29072265625
 10
174.9076416015625
 20
38.3737060546875
 10
175.009619140625
 20
38.4566650390625
 10
175.111669921875
 20
38.5394775390625
 10
175.2138427734375
 20
38.622119140625
 10
175.31622314453125
 20
38.7042724609375
 10
175.41890869140624
 20
38.7859130859375
 10
175.52196044921874
 20
38.8667724609375
 10
175.62550048828126
 20
38.9466064453125
 10
175.72957763671874
 20
39.025244140625
 10
175.8343017578125
 20
39.10244140625
 10
175.93970947265626
 20
39.17802734375
 10
176.04591064453126
 20
39.2516357421875
 10
176.15291748046874
 20
39.323095703125
 10
176.260791015625
 20
39.39208984375
 10
176.36954345703126
 20
39.4584228515625
 10
176.47916259765626
 20
39.521826171875
 10
176.589697265625
 20
39.5820068359375
 10
176.7010986328125
 20
39.638818359375
 10
176.81334228515624
 20
39.6920654296875
 10
176.9263916015625
 20
39.74150390625
 10
177.04019775390626
 20
39.786962890625
 10
177.1547119140625
 20
39.8283935546875
 10
177.26988525390624
 20
39.8656005859375
 10
177.38563232421876
 20
39.8985595703125
 10
177.5019287109375
 20
39.927197265625
 10
177.61871337890625
 20
39.951513671875
 10
177.735888671875
 20
39.971533203125
 10
177.85343017578126
 20
39.9873291015625
 10
177.971240234375
 20
39.9989501953125
 10
178.08931884765624
 20
40.006591796875
 10
178.207568359375
 20
40.010302734375
 10
178.3259521484375
 20
40.010302734375
 10
178.4444091796875
 20
40.0067626953125
 10
178.56292724609375
 20
39.999951171875
 10
178.68138427734374
 20
39.9899658203125
 10
178.79974365234375
 20
39.9770751953125
 10
178.917919921875
 20
39.9614501953125
 10
179.0358154296875
 20
39.9432861328125
 10
179.1533447265625
 20
39.9226806640625
 10
179.27037353515624
 20
39.89990234375
 10
179.38675537109376
 20
39.875
 10
179.50233154296876
 20
39.8480712890625
 10
179.61688232421875
 20
39.8191162109375
 10
179.7302490234375
 20
39.788232421875
 10
179.842138671875
 20
39.7553955078125
 10
179.952294921875
 20
39.720556640625
 10
180.06041259765624
 20
39.68359375
 10
180.1662109375
 20
39.6444091796875
 10
180.26934814453125
 20
39.6030029296875
 10
180.369482421875
 20
39.5591064453125
 10
180.466259765625
 20
39.51279296875
 10
180.55936279296876
 20
39.463720703125
 10
180.6484130859375
 20
39.4118408203125
 10
180.73309326171875
 20
39.3570556640625
 10
180.81309814453124
 20
39.29921875
 10
180.88814697265624
 20
39.23828125
 10
180.9579833984375
 20
39.174169921875
 10
181.02242431640624
 20
39.1069091796875
 10
181.0812744140625
 20
39.0364501953125
 10
181.13443603515626
 20
38.962890625
 10
181.1818603515625
 20
38.8862060546875
 10
181.2235107421875
 20
38.80654296875
 10
181.25946044921875
 20
38.7239990234375
 10
181.28980712890626
 20
38.6387451171875
 10
181.31466064453124
 20
38.550927734375
 10
181.33421630859374
 20
38.4607177734375
 10
181.3487060546875
 20
38.368310546875
 10
181.3583984375
 20
38.273876953125
 10
181.36353759765626
 20
38.1777099609375
 10
181.3644287109375
 20
38.079931640625
 10
181.36138916015625
 20
37.980712890625
 10
181.35469970703124
 20
37.8803466796875
 10
181.34466552734375
 20
37.77890625
 10
181.33153076171874
 20
37.67666015625
 10
181.315576171875
 20
37.5737548828125
 10
181.29700927734376
 20
37.470361328125
 10
181.276025390625
 20
37.3666259765625
 10
181.25277099609374
 20
37.262646484375
 10
181.22738037109374
 20
37.1587158203125
 10
181.1999267578125
 20
37.0548583984375
 10
181.17044677734376
 20
36.95126953125
 10
181.138916015625
 20
36.8481201171875
 10
181.1052978515625
 20
36.745556640625
 10
181.069580078125
 20
36.6437255859375
 10
181.03165283203126
 20
36.5428466796875
 10
180.9913818359375
 20
36.4430419921875
 10
180.9486572265625
 20
36.3445556640625
 10
180.90333251953126
 20
36.2475830078125
 10
180.85526123046876
 20
36.1523193359375
 10
180.804296875
 20
36.0589111328125
 10
180.75032958984374
 20
35.9676025390625
 10
180.6931884765625
 20
35.87861328125
 10
180.63280029296874
 20
35.792138671875
 10
180.56905517578124
 20
35.708349609375
 10
180.50189208984375
 20
35.6273681640625
 10
180.4312255859375
 20
35.5493408203125
 10
180.357080078125
 20
35.4744384765625
 10
180.2794677734375
 20
35.4027099609375
 10
180.19842529296875
 20
35.3342529296875
 10
180.11400146484374
 20
35.2690673828125
 10
180.0262939453125
 20
35.2071044921875
 10
179.9354248046875
 20
35.1484619140625
 10
179.84156494140626
 20
35.093017578125
 10
179.74483642578124
 20
35.0406494140625
 10
179.64539794921876
 20
34.9912841796875
 10
179.54346923828126
 20
34.9447509765625
 10
179.4392333984375
 20
34.9009521484375
 10
179.3328857421875
 20
34.85966796875
 10
179.22464599609376
 20
34.8206787109375
 10
179.114697265625
 20
34.7838623046875
 10
179.0032470703125
 20
34.748974609375
 10
178.8904541015625
 20
34.7158447265625
 10
178.77652587890626
 20
34.6842041015625
 10
178.6615966796875
 20
34.65390625
 10
178.54583740234375
 20
34.6248291015625
 10
178.4293701171875
 20
34.596728515625
 10
178.31234130859374
 20
34.5694580078125
 10
178.1948486328125
 20
34.54287109375
 10
178.07698974609374
 20
34.5169189453125
 10
177.95880126953125
 20
34.49140625
 10
177.8404052734375
 20
34.46630859375
 10
177.721826171875
 20
34.44150390625
 10
177.6031005859375
 20
34.416943359375
 10
177.4843017578125
 20
34.3925537109375
 10
177.36541748046875
 20
34.3683349609375
 10
177.24649658203126
 20
34.34423828125
 10
177.12755126953124
 20
34.3202392578125
 10
177.00858154296876
 20
34.2963623046875
 10
176.889599609375
 20
34.27255859375
 10
176.77061767578124
 20
34.248828125
 10
176.651611328125
 20
34.225244140625
 10
176.5326416015625
 20
34.201708984375
 10
176.4136474609375
 20
34.1783935546875
 10
176.2946533203125
 20
34.155126953125
 10
176.1756591796875
 20
34.13203125
 10
176.05667724609376
 20
34.1091064453125
 10
175.9376953125
 20
34.0863525390625
 10
175.8187255859375
 20
34.06376953125
 10
175.699755859375
 20
34.0413818359375
 10
175.58077392578124
 20
34.019189453125
 10
175.46177978515624
 20
33.9971923828125
 10
175.3427978515625
 20
33.975439453125
 10
175.223828125
 20
33.95390625
 10
175.10484619140624
 20
33.9325927734375
 10
174.98587646484376
 20
33.9115478515625
 10
174.8669189453125
 20
33.89072265625
 10
174.74793701171876
 20
33.870166015625
 10
174.62899169921874
 20
33.849853515625
 10
174.5100341796875
 20
33.8297607421875
 10
174.391064453125
 20
33.810009765625
 10
174.272119140625
 20
33.790478515625
 10
174.15316162109374
 20
33.771142578125
 10
174.0342041015625
 20
33.7521240234375
 10
173.9152587890625
 20
33.7333251953125
 10
173.7963134765625
 20
33.7147216796875
 10
173.67735595703124
 20
33.696240234375
 10
173.55841064453125
 20
33.6779052734375
 10
173.43946533203126
 20
33.6596435546875
 10
173.32052001953124
 20
33.64140625
 10
173.20157470703126
 20
33.623095703125
 10
173.08262939453124
 20
33.6046875
 10
172.96370849609374
 20
33.5861083984375
 10
172.8447998046875
 20
33.5672607421875
 10
172.72593994140624
 20
33.548046875
 10
172.60714111328124
 20
33.5284912109375
 10
172.48841552734376
 20
33.5084716796875
 10
172.36981201171875
 20
33.4879638671875
 10
172.251416015625
 20
33.467041015625
 10
172.133251953125
 20
33.445703125
 10
172.01544189453125
 20
33.4239990234375
 10
171.8980712890625
 20
33.4020751953125
 10
171.78128662109376
 20
33.3801025390625
 10
171.66527099609374
 20
33.3581787109375
 10
171.5502197265625
 20
33.3366455078125
 10
171.436376953125
 20
33.3156982421875
 10
171.3239990234375
 20
33.295751953125
 10
171.2134033203125
 20
33.277099609375
 10
171.10491943359375
 20
33.260205078125
 10
170.9989501953125
 20
33.2454345703125
 10
170.8958740234375
 20
33.2332763671875
 10
170.7961669921875
 20
33.2240966796875
 10
170.70028076171874
 20
33.218359375
 10
170.60872802734374
 20
33.2164794921875
  0
LWPOLYLINE
  5
51
330
17
100
AcDbEntity
  8
0
100
AcDbPolyline
 90
213
 70
1
 10
215.6221435546875
 20
31.4016357421875
 10
215.4361083984375
 20
31.3317626953125
 10
215.350439453125
 20
31.309619140625
 10
215.2480224609375
 20
31.289208984375
 10
215.128564453125
 20
31.272119140625
 10
215.0178466796875
 20
31.272314453125
 10
214.902294921875
 20
31.282470703125
 10
214.7843017578125
 20
31.3029052734375
 10
214.6662841796875
 20
31.3329345703125
 10
214.547265625
 20
31.3691650390625
 10
214.427880859375
 20
31.4100341796875
 10
214.3085205078125
 20
31.4540771484375
 10
214.1891357421875
 20
31.4987060546875
 10
214.069775390625
 20
31.542724609375
 10
213.9504150390625
 20
31.585498046875
 10
213.8310302734375
 20
31.6273193359375
 10
213.7116943359375
 20
31.6685302734375
 10
213.592333984375
 20
31.7084716796875
 10
213.4729736328125
 20
31.7468994140625
 10
213.3535888671875
 20
31.7843994140625
 10
213.234228515625
 20
31.8216064453125
 10
213.1148681640625
 20
31.858154296875
 10
212.9955078125
 20
31.8934814453125
 10
212.8761474609375
 20
31.9275390625
 10
212.7568115234375
 20
31.9615966796875
 10
212.637451171875
 20
31.9960205078125
 10
212.5180419921875
 20
32.030712890625
 10
212.3987060546875
 20
32.065087890625
 10
212.279345703125
 20
32.099462890625
 10
212.1599853515625
 20
32.1344970703125
 10
212.0406494140625
 20
32.1704345703125
 10
211.9213134765625
 20
32.2063720703125
 10
211.8019775390625
 20
32.2423095703125
 10
211.6826416015625
 20
32.2781982421875
 10
211.5633056640625
 20
32.3144775390625
 10
211.4439453125
 20
32.351025390625
 10
211.324609375
 20
32.3872802734375
 10
211.2052734375
 20
32.4225830078125
 10
211.0859375
 20
32.457275390625
 10
210.9666015625
 20
32.491357421875
 10
210.847265625
 20
32.5248046875
 10
210.7279296875
 20
32.5576416015625
 10
210.60859375
 20
32.58984375
 10
210.4892578125
 20
32.621435546875
 10
210.3698974609375
 20
32.6527099609375
 10
210.2505615234375
 20
32.6836669921875
 10
210.1312255859375
 20
32.7146484375
 10
210.0118896484375
 20
32.7459228515625
 10
209.8925537109375
 20
32.7775146484375
 10
209.7732177734375
 20
32.8093994140625
 10
209.65390625
 20
32.842236328125
 10
209.5345703125
 20
32.8760009765625
 10
209.4152587890625
 20
32.910693359375
 10
209.2959228515625
 20
32.945361328125
 10
209.1766357421875
 20
32.9791259765625
 10
209.0573486328125
 20
33.0119384765625
 10
208.9380126953125
 20
33.0438232421875
 10
208.818701171875
 20
33.074462890625
 10
208.6993896484375
 20
33.1038818359375
 10
208.5800537109375
 20
33.1320556640625
 10
208.4607421875
 20
33.1599609375
 10
208.3414306640625
 20
33.188427734375
 10
208.2220947265625
 20
33.217529296875
 10
208.102783203125
 20
33.247265625
 10
207.9834716796875
 20
33.277587890625
 10
207.8641845703125
 20
33.3085693359375
 10
207.744873046875
 20
33.3401611328125
 10
207.6255615234375
 20
33.3723388671875
 10
207.5062744140625
 20
33.4051513671875
 10
207.386962890625
 20
33.438623046875
 10
207.2676513671875
 20
33.47265625
 10
207.148388671875
 20
33.5076416015625
 10
207.0290771484375
 20
33.5435546875
 10
206.9097900390625
 20
33.580419921875
 10
206.7905029296875
 20
33.6172607421875
 10
206.6712158203125
 20
33.6531982421875
 10
206.5519287109375
 20
33.6881591796875
 10
206.4326416015625
 20
33.7222412109375
 10
206.3133544921875
 20
33.754736328125
 10
206.1940673828125
 20
33.7857177734375
 10
206.0747802734375
 20
33.8151123046875
 10
205.9554931640625
 20
33.8439208984375
 10
205.8362060546875
 20
33.873291015625
 10
205.7169189453125
 20
33.9033203125
 10
205.5976318359375
 20
33.9343017578125
 10
205.478369140625
 20
33.966796875
 10
205.359130859375
 20
34.0014892578125
 10
205.240185546875
 20
34.0392333984375
 10
205.122314453125
 20
34.081005859375
 10
205.006201171875
 20
34.127099609375
 10
204.89287109375
 20
34.179052734375
 10
204.7837158203125
 20
34.2377685546875
 10
204.6804931640625
 20
34.3041748046875
 10
204.58526611328125
 20
34.3784912109375
 10
204.49910888671874
 20
34.4604736328125
 10
204.42235107421874
 20
34.5491455078125
 10
204.3556884765625
 20
34.6438720703125
 10
204.29910888671876
 20
34.7431396484375
 10
204.25191650390624
 20
34.8456787109375
 10
204.21239013671874
 20
34.9502685546875
 10
204.17808837890624
 20
35.0560791015625
 10
204.14793701171874
 20
35.1624267578125
 10
204.1212890625
 20
35.2690673828125
 10
204.09671630859376
 20
35.375634765625
 10
204.07283935546874
 20
35.4822021484375
 10
204.04862060546876
 20
35.5887939453125
 10
204.0243896484375
 20
35.695361328125
 10
204.0008544921875
 20
35.801953125
 10
203.9773193359375
 20
35.9085205078125
 10
203.95308837890624
 20
36.015087890625
 10
203.92781982421874
 20
36.1216796875
 10
203.90184326171874
 20
36.2282958984375
 10
203.87554931640625
 20
36.3348876953125
 10
203.84820556640625
 20
36.4415283203125
 10
203.8191162109375
 20
36.5481689453125
 10
203.78896484375
 20
36.654833984375
 10
203.75848388671875
 20
36.761474609375
 10
203.7283447265625
 20
36.8681396484375
 10
203.69925537109376
 20
36.9747802734375
 10
203.6718994140625
 20
37.081396484375
 10
203.6473388671875
 20
37.1879638671875
 10
203.6269287109375
 20
37.29453125
 10
203.6110595703125
 20
37.4010009765625
 10
203.60040283203125
 20
37.507421875
 10
203.59599609375
 20
37.6137451171875
 10
203.59854736328126
 20
37.719970703125
 10
203.60909423828124
 20
37.826123046875
 10
203.6290283203125
 20
37.9318359375
 10
203.6590576171875
 20
38.036767578125
 10
203.70054931640624
 20
38.140673828125
 10
203.75421142578125
 20
38.2428466796875
 10
203.8200439453125
 20
38.342724609375
 10
203.89769287109374
 20
38.4393310546875
 10
203.9861328125
 20
38.5314697265625
 10
204.08360595703124
 20
38.6188720703125
 10
204.1886962890625
 20
38.7008544921875
 10
204.29937744140625
 20
38.7765869140625
 10
204.41385498046876
 20
38.84609375
 10
204.53074951171874
 20
38.909033203125
 10
204.6490478515625
 20
38.9658203125
 10
204.76802978515624
 20
39.0172607421875
 10
204.887353515625
 20
39.063134765625
 10
205.0066650390625
 20
39.1037841796875
 10
205.1260009765625
 20
39.1400634765625
 10
205.2453369140625
 20
39.1716796875
 10
205.3646240234375
 20
39.1989990234375
 10
205.483935546875
 20
39.2222412109375
 10
205.6032470703125
 20
39.241455078125
 10
205.722509765625
 20
39.2576171875
 10
205.841845703125
 20
39.2712646484375
 10
205.9611328125
 20
39.282763671875
 10
206.080419921875
 20
39.293310546875
 10
206.1996826171875
 20
39.303857421875
 10
206.318994140625
 20
39.3144287109375
 10
206.4383056640625
 20
39.324658203125
 10
206.5575927734375
 20
39.3340087890625
 10
206.676904296875
 20
39.341455078125
 10
206.7962158203125
 20
39.345849609375
 10
206.915478515625
 20
39.345263671875
 10
207.0347900390625
 20
39.3378173828125
 10
207.154052734375
 20
39.322314453125
 10
207.27294921875
 20
39.298193359375
 10
207.391162109375
 20
39.2647216796875
 10
207.5083251953125
 20
39.2219970703125
 10
207.624072265625
 20
39.1706298828125
 10
207.7380859375
 20
39.1117919921875
 10
207.85
 20
39.0465087890625
 10
207.95947265625
 20
38.9759765625
 10
208.0671875
 20
38.901123046875
 10
208.1738525390625
 20
38.8225830078125
 10
208.279833984375
 20
38.7406494140625
 10
208.3850830078125
 20
38.6555908203125
 10
208.4893310546875
 20
38.5677734375
 10
208.5928466796875
 20
38.4765380859375
 10
208.6939697265625
 20
38.3841064453125
 10
208.78984375
 20
38.2926513671875
 10
208.8885009765625
 20
38.190625
 10
208.971875
 20
38.1018310546875
 10
209.0403076171875
 20
38.0265625
 10
209.18027045299647
 20
37.860450576611086
 10
212.88396168727863
 20
34.52563201043294
 10
213.024169921875
 20
34.358056640625
 10
213.093603515625
 20
34.280810546875
 10
213.17900390625
 20
34.1884521484375
 10
213.2810546875
 20
34.0809814453125
 10
213.3821044921875
 20
33.9818603515625
 10
213.4904541015625
 20
33.8792724609375
 10
213.6036865234375
 20
33.7759521484375
 10
213.7193603515625
 20
33.6748046875
 10
213.837109375
 20
33.575830078125
 10
213.9559326171875
 20
33.480517578125
 10
214.0750732421875
 20
33.3895751953125
 10
214.1942626953125
 20
33.3032470703125
 10
214.3130615234375
 20
33.2218994140625
 10
214.431201171875
 20
33.144873046875
 10
214.548291015625
 20
33.071630859375
 10
214.664013671875
 20
33.000537109375
 10
214.77763671875
 20
32.9301025390625
 10
214.888134765625
 20
32.858740234375
 10
214.994091796875
 20
32.785009765625
 10
215.0948486328125
 20
32.707275390625
 10
215.189306640625
 20
32.625
 10
215.276123046875
 20
32.537548828125
 10
215.3534912109375
 20
32.4452392578125
 10
215.4204345703125
 20
32.3484130859375
 10
215.4765625
 20
32.2483154296875
 10
215.522265625
 20
32.1465087890625
 10
215.5575439453125
 20
32.04296875
 10
215.5830322265625
 20
31.940478515625
 10
215.6002197265625
 20
31.841845703125
 10
215.6111083984375
 20
31.735205078125
 10
215.6175048828125
 20
31.6438720703125
 10
215.62080078125
 20
31.567431640625
  0
LWPOLYLINE
  5
52
330
17
100
AcDbEntity
  8
0
100
AcDbPolyline
 90
329
 70
1
 10
152.96372463620742
 20
36.45733255428022
 10
153.06178805910508
 20
42.07538228946978
 10
153.20709228515625
 20
42.178125
 10
153.2773193359375
 20
42.2167236328125
 10
153.3630859375
 20
42.257861328125
 10
153.4651123046875
 20
42.3009521484375
 10
153.5643798828125
 20
42.3289306640625
 10
153.67088623046874
 20
42.352197265625
 10
153.7822265625
 20
42.370751953125
 10
153.89600830078126
 20
42.3852294921875
 10
154.0121826171875
 20
42.3994384765625
 10
154.1297607421875
 20
42.4151123046875
 10
154.24803466796874
 20
42.4332763671875
 10
154.36663818359375
 20
42.454833984375
 10
154.48529052734375
 20
42.4798095703125
 10
154.60391845703126
 20
42.5078369140625
 10
154.72255859375
 20
42.538671875
 10
154.8412109375
 20
42.571044921875
 10
154.95986328125
 20
42.6037353515625
 10
155.07850341796876
 20
42.6364501953125
 10
155.19713134765624
 20
42.6688232421875
 10
155.31575927734374
 20
42.7009033203125
 10
155.43441162109374
 20
42.7326416015625
 10
155.55306396484374
 20
42.7631591796875
 10
155.6717041015625
 20
42.7924560546875
 10
155.7903564453125
 20
42.8205078125
 10
155.9090087890625
 20
42.8469970703125
 10
156.02764892578125
 20
42.8719482421875
 10
156.14630126953125
 20
42.895068359375
 10
156.26495361328125
 20
42.9162841796875
 10
156.38360595703125
 20
42.9366455078125
 10
156.50224609375
 20
42.9566650390625
 10
156.6208984375
 20
42.977001953125
 10
156.73955078125
 20
42.9985595703125
 10
156.858203125
 20
43.021337890625
 10
156.97684326171876
 20
43.0459716796875
 10
157.0955078125
 20
43.0721923828125
 10
157.21417236328125
 20
43.0993408203125
 10
157.3328369140625
 20
43.1270751953125
 10
157.4514892578125
 20
43.155126953125
 10
157.57017822265624
 20
43.182568359375
 10
157.6888427734375
 20
43.209375
 10
157.80750732421876
 20
43.2352783203125
 10
157.926171875
 20
43.2608642578125
 10
158.04483642578126
 20
43.2867431640625
 10
158.1635009765625
 20
43.312646484375
 10
158.28216552734375
 20
43.338525390625
 10
158.40086669921874
 20
43.3644287109375
 10
158.51953125
 20
43.3900146484375
 10
158.63819580078126
 20
43.414990234375
 10
158.75687255859376
 20
43.4386962890625
 10
158.87554931640625
 20
43.4605712890625
 10
158.99423828125
 20
43.480908203125
 10
159.1129150390625
 20
43.499072265625
 10
159.23157958984376
 20
43.5150634765625
 10
159.35025634765626
 20
43.5292236328125
 10
159.4689208984375
 20
43.541796875
 10
159.58758544921875
 20
43.5531494140625
 10
159.70625
 20
43.563623046875
 10
159.82491455078124
 20
43.5734130859375
 10
159.9435791015625
 20
43.583837890625
 10
160.06224365234374
 20
43.595849609375
 10
160.18094482421876
 20
43.609375
 10
160.299609375
 20
43.624462890625
 10
160.41832275390624
 20
43.641064453125
 10
160.53699951171876
 20
43.6592529296875
 10
160.65570068359375
 20
43.6780517578125
 10
160.7743896484375
 20
43.6962158203125
 10
160.89306640625
 20
43.7125
 10
161.01175537109376
 20
43.7266357421875
 10
161.13045654296874
 20
43.7383056640625
 10
161.24913330078124
 20
43.747216796875
 10
161.36783447265626
 20
43.7527099609375
 10
161.48651123046875
 20
43.7551025390625
 10
161.60518798828124
 20
43.7544189453125
 10
161.7238525390625
 20
43.7506103515625
 10
161.84251708984374
 20
43.7434326171875
 10
161.9612060546875
 20
43.7325439453125
 10
162.07987060546876
 20
43.7173095703125
 10
162.19852294921876
 20
43.6980224609375
 10
162.3171630859375
 20
43.674755859375
 10
162.43582763671876
 20
43.648388671875
 10
162.55447998046876
 20
43.619873046875
 10
162.67313232421876
 20
43.590087890625
 10
162.7917724609375
 20
43.559716796875
 10
162.91041259765626
 20
43.5302490234375
 10
163.02906494140626
 20
43.5020263671875
 10
163.1477294921875
 20
43.4753662109375
 10
163.26639404296876
 20
43.449609375
 10
163.38504638671876
 20
43.4241943359375
 10
163.5037109375
 20
43.3984130859375
 10
163.6223876953125
 20
43.3723388671875
 10
163.74105224609374
 20
43.345068359375
 10
163.85970458984374
 20
43.3168212890625
 10
163.97838134765624
 20
43.2876708984375
 10
164.0970458984375
 20
43.2575927734375
 10
164.21571044921876
 20
43.2265869140625
 10
164.33438720703126
 20
43.1946533203125
 10
164.4530517578125
 20
43.161767578125
 10
164.57171630859375
 20
43.1282958984375
 10
164.69039306640624
 20
43.0935791015625
 10
164.8090576171875
 20
43.0576171875
 10
164.92772216796874
 20
43.021337890625
 10
165.04638671875
 20
42.985693359375
 10
165.16505126953126
 20
42.9515869140625
 10
165.28372802734376
 20
42.9193359375
 10
165.40240478515625
 20
42.8889404296875
 10
165.52109375
 20
42.8607177734375
 10
165.63978271484376
 20
42.8346435546875
 10
165.75848388671875
 20
42.809814453125
 10
165.87716064453124
 20
42.785302734375
 10
165.99586181640626
 20
42.76015625
 10
166.11455078125
 20
42.7334716796875
 10
166.23326416015624
 20
42.7052490234375
 10
166.351953125
 20
42.6754638671875
 10
166.4706298828125
 20
42.6441650390625
 10
166.5893310546875
 20
42.611572265625
 10
166.7080078125
 20
42.5781005859375
 10
166.82669677734376
 20
42.5436767578125
 10
166.94539794921874
 20
42.509228515625
 10
167.06409912109376
 20
42.4748046875
 10
167.1827880859375
 20
42.4404052734375
 10
167.3014892578125
 20
42.406298828125
 10
167.4201904296875
 20
42.3724853515625
 10
167.5388916015625
 20
42.3389892578125
 10
167.6575927734375
 20
42.3064208984375
 10
167.7762939453125
 20
42.274462890625
 10
167.89500732421874
 20
42.242822265625
 10
168.01370849609376
 20
42.2112060546875
 10
168.132421875
 20
42.1786376953125
 10
168.25113525390626
 20
42.1451171875
 10
168.36983642578124
 20
42.1103759765625
 10
168.48856201171876
 20
42.0741455078125
 10
168.60726318359374
 20
42.0359619140625
 10
168.7259765625
 20
41.9966064453125
 10
168.84468994140624
 20
41.956591796875
 10
168.96339111328126
 20
41.9166015625
 10
169.0821044921875
 20
41.876318359375
 10
169.20081787109376
 20
41.8363037109375
 10
169.31953125
 20
41.7963134765625
 10
169.4382568359375
 20
41.7569091796875
 10
169.5569580078125
 20
41.7175537109375
 10
169.67568359375
 20
41.6775390625
 10
169.7944091796875
 20
41.6372314453125
 10
169.9131103515625
 20
41.5972412109375
 10
170.0318359375
 20
41.5569091796875
 10
170.1505615234375
 20
41.5169189453125
 10
170.26929931640626
 20
41.4769287109375
 10
170.3880126953125
 20
41.4378662109375
 10
170.50675048828126
 20
41.400341796875
 10
170.62548828125
 20
41.3640380859375
 10
170.74423828125
 20
41.3283447265625
 10
170.8629638671875
 20
41.2939453125
 10
170.98170166015626
 20
41.2604248046875
 10
171.10042724609374
 20
41.2275390625
 10
171.21917724609375
 20
41.1940185546875
 10
171.3379150390625
 20
41.1595947265625
 10
171.4566650390625
 20
41.12421875
 10
171.57540283203124
 20
41.0885498046875
 10
171.69415283203125
 20
41.051953125
 10
171.81290283203126
 20
41.014111328125
 10
171.93165283203126
 20
40.975634765625
 10
172.05040283203124
 20
40.9375
 10
172.169140625
 20
40.899365234375
 10
172.28790283203125
 20
40.860888671875
 10
172.406640625
 20
40.8218017578125
 10
172.525390625
 20
40.7830078125
 10
172.64415283203124
 20
40.7454833984375
 10
172.76292724609374
 20
40.7091796875
 10
172.88170166015624
 20
40.6741455078125
 10
173.00045166015624
 20
40.6412353515625
 10
173.11922607421874
 20
40.611474609375
 10
173.23800048828124
 20
40.5847412109375
 10
173.35679931640624
 20
40.5598876953125
 10
173.4752197265625
 20
40.5353515625
 10
173.59263916015624
 20
40.5095703125
 10
173.7079345703125
 20
40.4807861328125
 10
173.81978759765624
 20
40.4467041015625
 10
173.92640380859376
 20
40.4049560546875
 10
174.02540283203126
 20
40.3540771484375
 10
174.11397705078124
 20
40.293408203125
 10
174.18970947265626
 20
40.222998046875
 10
174.25052490234376
 20
40.1437744140625
 10
174.29503173828124
 20
40.0576416015625
 10
174.32254638671876
 20
39.966796875
 10
174.3313232421875
 20
39.873388671875
 10
174.32381591796874
 20
39.7811279296875
 10
174.30313720703126
 20
39.693359375
 10
174.26131591796874
 20
39.6036865234375
 10
174.21846923828124
 20
39.5282958984375
 10
174.17705078125
 20
39.4668212890625
 10
174.06680250564028
 20
39.342965215574125
 10
166.17421894445033
 20
32.48204699872535
 10
166.02821044921876
 20
32.3937744140625
 10
165.95762939453124
 20
32.3528564453125
 10
165.8714599609375
 20
32.3046875
 10
165.7689453125
 20
32.2493408203125
 10
165.6692138671875
 20
32.1991943359375
 10
165.56219482421875
 20
32.1497802734375
 10
165.45032958984376
 20
32.103173828125
 10
165.3360595703125
 20
32.0606201171875
 10
165.2193603515625
 20
32.021826171875
 10
165.10128173828124
 20
31.9861572265625
 10
164.98251953125
 20
31.95390625
 10
164.86341552734376
 20
31.9244140625
 10
164.74432373046875
 20
31.8961669921875
 10
164.62520751953124
 20
31.867919921875
 10
164.50609130859374
 20
31.8393798828125
 10
164.38701171875
 20
31.810205078125
 10
164.26790771484374
 20
31.7813720703125
 10
164.14881591796876
 20
31.7525146484375
 10
164.02972412109375
 20
31.7236572265625
 10
163.9106201171875
 20
31.6950927734375
 10
163.7915283203125
 20
31.6671630859375
 10
163.6724365234375
 20
31.63984375
 10
163.5533447265625
 20
31.613134765625
 10
163.43426513671875
 20
31.5861572265625
 10
163.31517333984374
 20
31.559130859375
 10
163.19609375
 20
31.5324462890625
 10
163.0770263671875
 20
31.506396484375
 10
162.9579345703125
 20
31.480908203125
 10
162.83885498046874
 20
31.456396484375
 10
162.7197998046875
 20
31.4331298828125
 10
162.60072021484376
 20
31.411669921875
 10
162.4816650390625
 20
31.3917724609375
 10
162.36258544921876
 20
31.3731201171875
 10
162.2435302734375
 20
31.3551025390625
 10
162.12447509765624
 20
31.3380126953125
 10
162.00540771484376
 20
31.321533203125
 10
161.8863525390625
 20
31.305029296875
 10
161.76729736328124
 20
31.287939453125
 10
161.6482421875
 20
31.269921875
 10
161.52919921875
 20
31.250634765625
 10
161.41014404296874
 20
31.2307373046875
 10
161.2910888671875
 20
31.209619140625
 10
161.17203369140626
 20
31.186962890625
 10
161.05296630859374
 20
31.1633544921875
 10
160.9339111328125
 20
31.1391845703125
 10
160.81485595703126
 20
31.1146484375
 10
160.69581298828126
 20
31.0901123046875
 10
160.57677001953124
 20
31.0649658203125
 10
160.45771484375
 20
31.03984375
 10
160.338671875
 20
31.0150146484375
 10
160.21962890625
 20
30.9898681640625
 10
160.1005859375
 20
30.9647216796875
 10
159.98154296875
 20
30.939892578125
 10
159.8625
 20
30.9156982421875
 10
159.74345703125
 20
30.8923828125
 10
159.6244140625
 20
30.8694091796875
 10
159.50537109375
 20
30.8467529296875
 10
159.38634033203124
 20
30.8247314453125
 10
159.2673095703125
 20
30.802685546875
 10
159.14827880859374
 20
30.780029296875
 10
159.02926025390624
 20
30.756103515625
 10
158.9102294921875
 20
30.7312744140625
 10
158.79119873046875
 20
30.705859375
 10
158.67215576171876
 20
30.6801025390625
 10
158.553125
 20
30.654345703125
 10
158.43409423828126
 20
30.6292236328125
 10
158.3150634765625
 20
30.6052734375
 10
158.19608154296876
 20
30.583251953125
 10
158.07705078125
 20
30.5627685546875
 10
157.9580322265625
 20
30.5444091796875
 10
157.83902587890626
 20
30.528271484375
 10
157.72003173828125
 20
30.5145751953125
 10
157.60103759765624
 20
30.503662109375
 10
157.48204345703124
 20
30.4961669921875
 10
157.3634033203125
 20
30.4929931640625
 10
157.24547119140624
 20
30.4956787109375
 10
157.12857666015626
 20
30.505126953125
 10
157.01341552734374
 20
30.5229248046875
 10
156.90072021484374
 20
30.5499755859375
 10
156.79149169921874
 20
30.5874755859375
 10
156.68677978515626
 20
30.6360595703125
 10
156.5869140625
 20
30.695703125
 10
156.49227294921874
 20
30.7657958984375
 10
156.40318603515624
 20
30.845361328125
 10
156.31929931640624
 20
30.932958984375
 10
156.24024658203126
 20
31.0272705078125
 10
156.1650390625
 20
31.1264892578125
 10
156.09259033203125
 20
31.2290283203125
 10
156.02222900390626
 20
31.333740234375
 10
155.9532470703125
 20
31.4396484375
 10
155.88531494140625
 20
31.5462158203125
 10
155.81805419921875
 20
31.6530029296875
 10
155.75115966796875
 20
31.7598388671875
 10
155.6845947265625
 20
31.866650390625
 10
155.61839599609374
 20
31.973486328125
 10
155.55252685546876
 20
32.0802734375
 10
155.48702392578124
 20
32.1870849609375
 10
155.42081298828126
 20
32.293896484375
 10
155.35391845703126
 20
32.4007080078125
 10
155.286328125
 20
32.5074951171875
 10
155.2177001953125
 20
32.6143310546875
 10
155.148046875
 20
32.7212158203125
 10
155.07701416015624
 20
32.8281005859375
 10
155.00457763671875
 20
32.9349609375
 10
154.93214111328126
 20
33.041845703125
 10
154.85970458984374
 20
33.1487060546875
 10
154.78726806640626
 20
33.255615234375
 10
154.71588134765625
 20
33.3625
 10
154.6455322265625
 20
33.4693603515625
 10
154.57724609375
 20
33.576171875
 10
154.5110595703125
 20
33.6829833984375
 10
154.44591064453124
 20
33.7897705078125
 10
154.38177490234375
 20
33.896533203125
 10
154.31868896484374
 20
34.0033203125
 10
154.25560302734374
 20
34.1100830078125
 10
154.19287109375
 20
34.216796875
 10
154.12945556640625
 20
34.323583984375
 10
154.06531982421876
 20
34.430322265625
 10
154.00086669921876
 20
34.5371337890625
 10
153.93604736328126
 20
34.643896484375
 10
153.87122802734376
 20
34.7506591796875
 10
153.8067626953125
 20
34.857421875
 10
153.74195556640626
 20
34.964208984375
 10
153.6771484375
 20
35.0709716796875
 10
153.6126953125
 20
35.177734375
 10
153.54892578125
 20
35.284521484375
 10
153.48653564453124
 20
35.3912353515625
 10
153.4251953125
 20
35.4979736328125
 10
153.36558837890624
 20
35.604345703125
 10
153.30872802734376
 20
35.7097900390625
 10
153.25465087890626
 20
35.815185546875
 10
153.20404052734375
 20
35.9183837890625
 10
153.15758056640624
 20
36.0172119140625
 10
153.1090087890625
 20
36.123779296875
 10
153.06844482421874
 20
36.215087890625
 10
153.03515625
 20
36.291455078125
  0
LWPOLYLINE
  5
53
330
17
100
AcDbEntity
  8
0
100
AcDbPolyline
 90
350
 70
1
 10
232.1171875
 20
33.3162109375
 10
232.0124267578125
 20
33.152294921875
 10
231.9654296875
 20
33.0767822265625
 10
231.9097412109375
 20
32.9864990234375
 10
231.8449951171875
 20
32.8811767578125
 10
231.7861572265625
 20
32.7834716796875
 10
231.724560546875
 20
32.6815185546875
 10
231.6615478515625
 20
32.5774658203125
 10
231.597509765625
 20
32.4733154296875
 10
231.5317138671875
 20
32.3683349609375
 10
231.4645263671875
 20
32.2630615234375
 10
231.3959716796875
 20
32.1577880859375
 10
231.3260009765625
 20
32.0525390625
 10
231.254638671875
 20
31.9472900390625
 10
231.1818603515625
 20
31.8420654296875
 10
231.1087890625
 20
31.7368896484375
 10
231.0349609375
 20
31.6316650390625
 10
230.9604736328125
 20
31.5264892578125
 10
230.8859619140625
 20
31.4212890625
 10
230.8114501953125
 20
31.3160888671875
 10
230.7376708984375
 20
31.210888671875
 10
230.6641845703125
 20
31.1056884765625
 10
230.590771484375
 20
31.0005126953125
 10
230.518017578125
 20
30.8952880859375
 10
230.445947265625
 20
30.7900634765625
 10
230.3742431640625
 20
30.6848388671875
 10
230.3025634765625
 20
30.5796630859375
 10
230.2304931640625
 20
30.4744384765625
 10
230.1587646484375
 20
30.3692138671875
 10
230.0874267578125
 20
30.2639892578125
 10
230.0160400390625
 20
30.1587646484375
 10
229.9447021484375
 20
30.0535400390625
 10
229.87333984375
 20
29.9483154296875
 10
229.8027099609375
 20
29.8430908203125
 10
229.732763671875
 20
29.737841796875
 10
229.6631591796875
 20
29.6325927734375
 10
229.5935302734375
 20
29.5273681640625
 10
229.5239501953125
 20
29.422119140625
 10
229.4539794921875
 20
29.3168701171875
 10
229.3836669921875
 20
29.2116943359375
 10
229.3126708984375
 20
29.1064453125
 10
229.240625
 20
29.0012451171875
 10
229.1671630859375
 20
28.89609375
 10
229.0927001953125
 20
28.7908935546875
 10
229.016455078125
 20
28.686083984375
 10
228.9385009765625
 20
28.581884765625
 10
228.8577392578125
 20
28.478955078125
 10
228.77314453125
 20
28.3782958984375
 10
228.684375
 20
28.281396484375
 10
228.5910888671875
 20
28.190087890625
 10
228.492578125
 20
28.1066650390625
 10
228.389208984375
 20
28.0325927734375
 10
228.28095703125
 20
27.970068359375
 10
228.1689208984375
 20
27.920947265625
 10
228.0541015625
 20
27.8864501953125
 10
227.9371826171875
 20
27.8662353515625
 10
227.8189208984375
 20
27.859375
 10
227.6999755859375
 20
27.864306640625
 10
227.580712890625
 20
27.879833984375
 10
227.4614501953125
 20
27.9033935546875
 10
227.3421630859375
 20
27.9319091796875
 10
227.222900390625
 20
27.9626708984375
 10
227.103662109375
 20
27.994287109375
 10
226.9843994140625
 20
28.025927734375
 10
226.8651611328125
 20
28.0569580078125
 10
226.7458984375
 20
28.0870361328125
 10
226.6266357421875
 20
28.1161865234375
 10
226.507373046875
 20
28.1453369140625
 10
226.388134765625
 20
28.175439453125
 10
226.2688720703125
 20
28.2064208984375
 10
226.1496337890625
 20
28.2383544921875
 10
226.0303955078125
 20
28.2715576171875
 10
225.9111572265625
 20
28.3053955078125
 10
225.79189453125
 20
28.339794921875
 10
225.67265625
 20
28.374560546875
 10
225.55341796875
 20
28.4092529296875
 10
225.4341796875
 20
28.443994140625
 10
225.3149658203125
 20
28.4787109375
 10
225.1957275390625
 20
28.512548828125
 10
225.0764892578125
 20
28.5454345703125
 10
224.9572998046875
 20
28.5770751953125
 10
224.8380615234375
 20
28.6074462890625
 10
224.7188232421875
 20
28.636572265625
 10
224.5995849609375
 20
28.664501953125
 10
224.4803466796875
 20
28.6911865234375
 10
224.3611083984375
 20
28.717529296875
 10
224.2418701171875
 20
28.7441650390625
 10
224.12265625
 20
28.7720703125
 10
224.0034423828125
 20
28.801220703125
 10
223.884228515625
 20
28.8316162109375
 10
223.764990234375
 20
28.8629150390625
 10
223.6457763671875
 20
28.895166015625
 10
223.5265625
 20
28.9280029296875
 10
223.4073486328125
 20
28.961181640625
 10
223.288134765625
 20
28.9937744140625
 10
223.1689453125
 20
29.0257080078125
 10
223.0497314453125
 20
29.0570068359375
 10
222.930517578125
 20
29.088330078125
 10
222.8113037109375
 20
29.1196533203125
 10
222.692138671875
 20
29.1509521484375
 10
222.5729248046875
 20
29.182275390625
 10
222.4536865234375
 20
29.213916015625
 10
222.3344970703125
 20
29.245849609375
 10
222.2153076171875
 20
29.2781005859375
 10
222.0961181640625
 20
29.3106201171875
 10
221.9769287109375
 20
29.343505859375
 10
221.8577392578125
 20
29.3766357421875
 10
221.7385498046875
 20
29.4104248046875
 10
221.6193359375
 20
29.444873046875
 10
221.500146484375
 20
29.4798828125
 10
221.3809814453125
 20
29.5155517578125
 10
221.2617919921875
 20
29.5511962890625
 10
221.1426025390625
 20
29.586865234375
 10
221.0234130859375
 20
29.6228271484375
 10
220.904248046875
 20
29.6584716796875
 10
220.7850341796875
 20
29.693798828125
 10
220.665869140625
 20
29.729150390625
 10
220.5467041015625
 20
29.764794921875
 10
220.4275146484375
 20
29.8013671875
 10
220.308349609375
 20
29.839208984375
 10
220.1895263671875
 20
29.8776123046875
 10
220.0717529296875
 20
29.9169677734375
 10
219.9539794921875
 20
29.957861328125
 10
219.8386474609375
 20
29.9990234375
 10
219.7281494140625
 20
30.039208984375
 10
219.6090087890625
 20
30.0829345703125
 10
219.506884765625
 20
30.1204833984375
 10
219.421435546875
 20
30.1521728515625
 10
219.23593535360948
 20
30.220806706941765
 10
213.20656433236454
 20
35.649676759042904
 10
213.0735107421875
 20
35.814306640625
 10
213.0097412109375
 20
35.888525390625
 10
212.9328125
 20
35.9760009765625
 10
212.8427001953125
 20
36.0763671875
 10
212.757080078125
 20
36.1658203125
 10
212.6676513671875
 20
36.256884765625
 10
212.576806640625
 20
36.34765625
 10
212.487060546875
 20
36.4362060546875
 10
212.397607421875
 20
36.523876953125
 10
212.3085205078125
 20
36.611181640625
 10
212.2197998046875
 20
36.699169921875
 10
212.1310791015625
 20
36.7889892578125
 10
212.041650390625
 20
36.8809326171875
 10
211.9511962890625
 20
36.975439453125
 10
211.8593505859375
 20
37.072705078125
 10
211.7668212890625
 20
37.173095703125
 10
211.674267578125
 20
37.2759765625
 10
211.581396484375
 20
37.380712890625
 10
211.4888671875
 20
37.486669921875
 10
211.397705078125
 20
37.5935791015625
 10
211.3083251953125
 20
37.701025390625
 10
211.2213623046875
 20
37.8087890625
 10
211.137548828125
 20
37.9165283203125
 10
211.058251953125
 20
38.024169921875
 10
210.98662109375
 20
38.1314453125
 10
210.9250732421875
 20
38.237646484375
 10
210.8757080078125
 20
38.3418212890625
 10
210.8412841796875
 20
38.442724609375
 10
210.8242431640625
 20
38.538720703125
 10
210.826708984375
 20
38.6280029296875
 10
210.8493408203125
 20
38.7083251953125
 10
210.8910888671875
 20
38.777880859375
 10
210.9505615234375
 20
38.835400390625
 10
211.026025390625
 20
38.8806640625
 10
211.115087890625
 20
38.9139404296875
 10
211.2148681640625
 20
38.936279296875
 10
211.3223388671875
 20
38.9494873046875
 10
211.435009765625
 20
38.9561279296875
 10
211.5511474609375
 20
38.9596435546875
 10
211.669384765625
 20
38.9631103515625
 10
211.788671875
 20
38.9684326171875
 10
211.9082763671875
 20
38.977490234375
 10
212.0279296875
 20
38.991796875
 10
212.147607421875
 20
39.0116943359375
 10
212.2672607421875
 20
39.037451171875
 10
212.3869384765625
 20
39.067578125
 10
212.5066162109375
 20
39.10078125
 10
212.6262939453125
 20
39.1367919921875
 10
212.745947265625
 20
39.1743896484375
 10
212.865625
 20
39.212255859375
 10
212.9853271484375
 20
39.250146484375
 10
213.1050048828125
 20
39.287109375
 10
213.2246826171875
 20
39.3234130859375
 10
213.344384765625
 20
39.3585205078125
 10
213.4640625
 20
39.391748046875
 10
213.583740234375
 20
39.4234375
 10
213.7034423828125
 20
39.453857421875
 10
213.8231201171875
 20
39.4833740234375
 10
213.9427978515625
 20
39.512255859375
 10
214.0624755859375
 20
39.5405029296875
 10
214.1821533203125
 20
39.569091796875
 10
214.3018310546875
 20
39.598291015625
 10
214.421533203125
 20
39.6283935546875
 10
214.5412353515625
 20
39.659765625
 10
214.6609130859375
 20
39.6917724609375
 10
214.780615234375
 20
39.7246826171875
 10
214.9002685546875
 20
39.7588623046875
 10
215.019970703125
 20
39.794287109375
 10
215.139697265625
 20
39.8312255859375
 10
215.2593994140625
 20
39.869091796875
 10
215.3791259765625
 20
39.9075927734375
 10
215.4988525390625
 20
39.947314453125
 10
215.6185791015625
 20
39.9876953125
 10
215.7383056640625
 20
40.0280517578125
 10
215.8580078125
 20
40.0677734375
 10
215.977734375
 20
40.106005859375
 10
216.0974609375
 20
40.14296875
 10
216.2171630859375
 20
40.178076171875
 10
216.3368896484375
 20
40.2103759765625
 10
216.456591796875
 20
40.2398681640625
 10
216.576318359375
 20
40.2669189453125
 10
216.6960205078125
 20
40.2921142578125
 10
216.8157470703125
 20
40.3166748046875
 10
216.93544921875
 20
40.3406005859375
 10
217.0551513671875
 20
40.36484375
 10
217.174853515625
 20
40.3903076171875
 10
217.294580078125
 20
40.41796875
 10
217.4142822265625
 20
40.447802734375
 10
217.534033203125
 20
40.4788818359375
 10
217.653759765625
 20
40.5099609375
 10
217.7735107421875
 20
40.5406982421875
 10
217.893212890625
 20
40.570849609375
 10
218.0129638671875
 20
40.6000732421875
 10
218.1326904296875
 20
40.627099609375
 10
218.2524169921875
 20
40.6516845703125
 10
218.3721435546875
 20
40.674658203125
 10
218.4918701171875
 20
40.6970458984375
 10
218.6115966796875
 20
40.7194580078125
 10
218.7313232421875
 20
40.741552734375
 10
218.8510498046875
 20
40.7629638671875
 10
218.9707763671875
 20
40.7847412109375
 10
219.0905029296875
 20
40.8074462890625
 10
219.2102783203125
 20
40.8304443359375
 10
219.330029296875
 20
40.853173828125
 10
219.449755859375
 20
40.875244140625
 10
219.5695068359375
 20
40.897314453125
 10
219.6892333984375
 20
40.9200439453125
 10
219.8089599609375
 20
40.943017578125
 10
219.9287109375
 20
40.9660400390625
 10
220.0484619140625
 20
40.9896728515625
 10
220.1681884765625
 20
41.0145263671875
 10
220.287939453125
 20
41.0403564453125
 10
220.4077392578125
 20
41.066455078125
 10
220.527490234375
 20
41.0922607421875
 10
220.647216796875
 20
41.1171630859375
 10
220.7669677734375
 20
41.1404541015625
 10
220.8867431640625
 20
41.1615966796875
 10
221.006494140625
 20
41.1799560546875
 10
221.126220703125
 20
41.1958740234375
 10
221.2459716796875
 20
41.2098876953125
 10
221.3657470703125
 20
41.22265625
 10
221.4854736328125
 20
41.2354248046875
 10
221.605224609375
 20
41.249755859375
 10
221.7246337890625
 20
41.2662841796875
 10
221.8429931640625
 20
41.285595703125
 10
221.961376953125
 20
41.308935546875
 10
222.0773193359375
 20
41.3353759765625
 10
222.1883544921875
 20
41.3640869140625
 10
222.308154296875
 20
41.4001220703125
 10
222.4108642578125
 20
41.4326171875
 10
222.49677734375
 20
41.4612548828125
 10
222.68326657120065
 20
41.52888605016792
 10
224.71470703930328
 20
41.493427124899384
 10
224.900634765625
 20
41.4217041015625
 10
224.9863037109375
 20
41.3908935546875
 10
225.088671875
 20
41.3552490234375
 10
225.2081298828125
 20
41.314697265625
 10
225.318896484375
 20
41.2802001953125
 10
225.4344970703125
 20
41.2455810546875
 10
225.552587890625
 20
41.2115966796875
 10
225.6706298828125
 20
41.178564453125
 10
225.7897705078125
 20
41.1454833984375
 10
225.9092041015625
 20
41.1124267578125
 10
226.0286865234375
 20
41.0790283203125
 10
226.14814453125
 20
41.0450439453125
 10
226.267626953125
 20
41.010107421875
 10
226.3870849609375
 20
40.973876953125
 10
226.50654296875
 20
40.937109375
 10
226.626025390625
 20
40.899365234375
 10
226.7454833984375
 20
40.8603759765625
 10
226.864990234375
 20
40.8207763671875
 10
226.9844482421875
 20
40.7805908203125
 10
227.1038818359375
 20
40.740673828125
 10
227.223388671875
 20
40.7017333984375
 10
227.3428466796875
 20
40.663330078125
 10
227.4623291015625
 20
40.626220703125
 10
227.5818115234375
 20
40.5909912109375
 10
227.701318359375
 20
40.557275390625
 10
227.8207763671875
 20
40.5248046875
 10
227.940283203125
 20
40.4923583984375
 10
228.059765625
 20
40.4595703125
 10
228.1792724609375
 20
40.426171875
 10
228.2987548828125
 20
40.391845703125
 10
228.4182373046875
 20
40.3559814453125
 10
228.537744140625
 20
40.3182373046875
 10
228.6572265625
 20
40.279248046875
 10
228.776708984375
 20
40.2399658203125
 10
228.8962158203125
 20
40.200048828125
 10
229.0156982421875
 20
40.16015625
 10
229.135205078125
 20
40.119921875
 10
229.2546875
 20
40.080029296875
 10
229.374169921875
 20
40.0406982421875
 10
229.4936767578125
 20
40.0013916015625
 10
229.6131591796875
 20
39.9614990234375
 10
229.732666015625
 20
39.9215576171875
 10
229.8521728515625
 20
39.8813232421875
 10
229.9716552734375
 20
39.8414306640625
 10
230.0911865234375
 20
39.8014892578125
 10
230.210693359375
 20
39.7621826171875
 10
230.3302001953125
 20
39.7244384765625
 10
230.4497314453125
 20
39.6891845703125
 10
230.5692626953125
 20
39.656396484375
 10
230.68876953125
 20
39.6263916015625
 10
230.8083251953125
 20
39.5994873046875
 10
230.9278564453125
 20
39.5763427734375
 10
231.047412109375
 20
39.5562744140625
 10
231.166943359375
 20
39.5384033203125
 10
231.286474609375
 20
39.521435546875
 10
231.4056884765625
 20
39.504150390625
 10
231.523828125
 20
39.4850341796875
 10
231.6398681640625
 20
39.4616455078125
 10
231.7524658203125
 20
39.4310791015625
 10
231.859765625
 20
39.3916259765625
 10
231.9597900390625
 20
39.3420166015625
 10
232.0499755859375
 20
39.281689453125
 10
232.1286865234375
 20
39.210595703125
 10
232.194775390625
 20
39.1294677734375
 10
232.247998046875
 20
39.039794921875
 10
232.2886474609375
 20
38.94375
 10
232.3177978515625
 20
38.8431884765625
 10
232.3371337890625
 20
38.7396484375
 10
232.3491943359375
 20
38.634375
 10
232.3560302734375
 20
38.5281982421875
 10
232.359326171875
 20
38.4218017578125
 10
232.360546875
 20
38.3154052734375
 10
232.360400390625
 20
38.2090087890625
 10
232.3591796875
 20
38.1029541015625
 10
232.3569091796875
 20
37.9978271484375
 10
232.3522216796875
 20
37.8927490234375
 10
232.3450927734375
 20
37.78984375
 10
232.3355224609375
 20
37.691357421875
 10
232.3182861328125
 20
37.5851806640625
 10
232.3013916015625
 20
37.4942138671875
 10
232.2852294921875
 20
37.4181396484375
 10
232.2396728515625
 20
37.253076171875
 10
232.2396728515625
 20
33.8468994140625
 10
232.1195068359375
 20
33.7419921875
 10
232.1189208984375
 20
33.635546875
 10
232.1183349609375
 20
33.5291015625
 10
232.1177734375
 20
33.42265625
  0
LWPOLYLINE
  5
54
330
17
100
AcDbEntity
  8
0
100
AcDbPolyline
 90
317
 70
1
 10
150.7547607421875
 20
27.31455078125
 10
150.69300537109376
 20
27.2804931640625
 10
150.6265380859375
 20
27.253076171875
 10
150.555419921875
 20
27.232373046875
 10
150.47977294921876
 20
27.2182861328125
 10
150.3997314453125
 20
27.210888671875
 10
150.3154541015625
 20
27.2099365234375
 10
150.227197265625
 20
27.21533203125
 10
150.13519287109375
 20
27.226806640625
 10
150.039697265625
 20
27.2440673828125
 10
149.941015625
 20
27.266748046875
 10
149.839404296875
 20
27.2945556640625
 10
149.73515625
 20
27.3270751953125
 10
149.62857666015626
 20
27.3639404296875
 10
149.51993408203126
 20
27.404736328125
 10
149.4094970703125
 20
27.4490966796875
 10
149.29754638671875
 20
27.496533203125
 10
149.1843505859375
 20
27.5467529296875
 10
149.07010498046876
 20
27.5993896484375
 10
148.95506591796874
 20
27.65419921875
 10
148.839453125
 20
27.710791015625
 10
148.72347412109374
 20
27.768994140625
 10
148.60733642578126
 20
27.8285400390625
 10
148.49119873046874
 20
27.8893310546875
 10
148.37525634765626
 20
27.951220703125
 10
148.25975341796874
 20
28.014111328125
 10
148.144873046875
 20
28.077978515625
 10
148.030810546875
 20
28.1427490234375
 10
147.91781005859374
 20
28.20849609375
 10
147.80611572265624
 20
28.2752197265625
 10
147.69600830078124
 20
28.34296875
 10
147.5876708984375
 20
28.4118408203125
 10
147.4814208984375
 20
28.4819091796875
 10
147.3775390625
 20
28.55322265625
 10
147.2762939453125
 20
28.6259033203125
 10
147.1779541015625
 20
28.7000244140625
 10
147.08284912109374
 20
28.7757080078125
 10
146.99122314453126
 20
28.8530029296875
 10
146.90333251953126
 20
28.9319091796875
 10
146.8194091796875
 20
29.0125732421875
 10
146.73970947265624
 20
29.094970703125
 10
146.66434326171876
 20
29.1791259765625
 10
146.59351806640626
 20
29.2650146484375
 10
146.527294921875
 20
29.3526611328125
 10
146.465771484375
 20
29.442041015625
 10
146.408935546875
 20
29.533056640625
 10
146.356787109375
 20
29.6256591796875
 10
146.30924072265626
 20
29.7197998046875
 10
146.2662353515625
 20
29.81533203125
 10
146.227587890625
 20
29.9122314453125
 10
146.19312744140626
 20
30.0103759765625
 10
146.16263427734376
 20
30.1095947265625
 10
146.13587646484376
 20
30.20986328125
 10
146.1126220703125
 20
30.31103515625
 10
146.09254150390626
 20
30.413037109375
 10
146.07540283203124
 20
30.51572265625
 10
146.06092529296876
 20
30.6190673828125
 10
146.0488037109375
 20
30.72294921875
 10
146.03875732421875
 20
30.8272705078125
 10
146.0305419921875
 20
30.93193359375
 10
146.02391357421874
 20
31.0368896484375
 10
146.0186279296875
 20
31.142138671875
 10
146.0144775390625
 20
31.24755859375
 10
146.011279296875
 20
31.353125
 10
146.00885009765625
 20
31.458837890625
 10
146.00704345703124
 20
31.5646240234375
 10
146.0057373046875
 20
31.670458984375
 10
146.00484619140624
 20
31.7763427734375
 10
146.004248046875
 20
31.88232421875
 10
146.003857421875
 20
31.98828125
 10
146.00364990234374
 20
32.09423828125
 10
146.00355224609376
 20
32.200244140625
 10
146.00355224609376
 20
32.3062255859375
 10
146.0035888671875
 20
32.4122314453125
 10
146.00369873046876
 20
32.5182373046875
 10
146.00382080078126
 20
32.6242431640625
 10
146.00394287109376
 20
32.730224609375
 10
146.0040771484375
 20
32.83623046875
 10
146.0042236328125
 20
32.9422119140625
 10
146.00435791015624
 20
33.0482666015625
 10
146.00450439453124
 20
33.15419921875
 10
146.00465087890626
 20
33.260205078125
 10
146.00479736328126
 20
33.3662353515625
 10
146.00491943359376
 20
33.4721923828125
 10
146.00506591796875
 20
33.578173828125
 10
146.00521240234374
 20
33.6842041015625
 10
146.00535888671874
 20
33.790185546875
 10
146.00550537109376
 20
33.896142578125
 10
146.0056396484375
 20
34.002197265625
 10
146.00579833984375
 20
34.1081787109375
 10
146.0059326171875
 20
34.2141357421875
 10
146.00609130859374
 20
34.320166015625
 10
146.0062255859375
 20
34.4261474609375
 10
146.0063720703125
 20
34.5321533203125
 10
146.0065185546875
 20
34.6381591796875
 10
146.0066650390625
 20
34.744140625
 10
146.0068115234375
 20
34.8501220703125
 10
146.0069580078125
 20
34.9561279296875
 10
146.00709228515626
 20
35.0621337890625
 10
146.00723876953126
 20
35.168115234375
 10
146.00738525390625
 20
35.27412109375
 10
146.00753173828124
 20
35.3801025390625
 10
146.00765380859374
 20
35.4861572265625
 10
146.00780029296874
 20
35.59208984375
 10
146.00794677734376
 20
35.698095703125
 10
146.00809326171876
 20
35.8041259765625
 10
146.00823974609375
 20
35.9100830078125
 10
146.0083740234375
 20
36.016064453125
 10
146.00853271484374
 20
36.1220947265625
 10
146.0086669921875
 20
36.2280517578125
 10
146.00882568359376
 20
36.334033203125
 10
146.0089599609375
 20
36.4400634765625
 10
146.0091064453125
 20
36.546044921875
 10
146.0092529296875
 20
36.6520263671875
 10
146.0093994140625
 20
36.7580322265625
 10
146.0095458984375
 20
36.8640380859375
 10
146.0096923828125
 20
36.97001953125
 10
146.00982666015625
 20
37.076025390625
 10
146.00997314453124
 20
37.1820068359375
 10
146.01011962890624
 20
37.2880126953125
 10
146.01026611328126
 20
37.3940185546875
 10
146.01038818359376
 20
37.5
 10
146.01053466796876
 20
37.6059814453125
 10
146.01068115234375
 20
37.7119873046875
 10
146.01082763671874
 20
37.8179931640625
 10
146.01097412109374
 20
37.9239990234375
 10
146.0111083984375
 20
38.02998046875
 10
146.01126708984376
 20
38.1359619140625
 10
146.0114013671875
 20
38.2420166015625
 10
146.01156005859374
 20
38.34794921875
 10
146.0116943359375
 20
38.453955078125
 10
146.0118408203125
 20
38.5599853515625
 10
146.0119873046875
 20
38.6659423828125
 10
146.01214599609375
 20
38.771923828125
 10
146.01231689453124
 20
38.8779541015625
 10
146.0125
 20
38.983935546875
 10
146.0127197265625
 20
39.089892578125
 10
146.01297607421876
 20
39.195849609375
 10
146.0133056640625
 20
39.30185546875
 10
146.013720703125
 20
39.407763671875
 10
146.0142822265625
 20
39.5135986328125
 10
146.0150146484375
 20
39.6194091796875
 10
146.01597900390624
 20
39.7250244140625
 10
146.01724853515626
 20
39.83046875
 10
146.0189208984375
 20
39.9356689453125
 10
146.0210693359375
 20
40.0405029296875
 10
146.023828125
 20
40.1448486328125
 10
146.027294921875
 20
40.2485595703125
 10
146.0316162109375
 20
40.35146484375
 10
146.0369140625
 20
40.453369140625
 10
146.04339599609375
 20
40.5539794921875
 10
146.05120849609375
 20
40.653076171875
 10
146.0605224609375
 20
40.75029296875
 10
146.071484375
 20
40.8452392578125
 10
146.0842529296875
 20
40.937548828125
 10
146.09898681640624
 20
41.0268310546875
 10
146.11578369140625
 20
41.1125
 10
146.134814453125
 20
41.1942138671875
 10
146.15614013671876
 20
41.2714599609375
 10
146.17982177734376
 20
41.34365234375
 10
146.20587158203125
 20
41.4103271484375
 10
146.2343017578125
 20
41.4710693359375
 10
146.265087890625
 20
41.525341796875
 10
146.29813232421876
 20
41.5726806640625
 10
146.3333740234375
 20
41.6127197265625
 10
146.370654296875
 20
41.6451416015625
 10
146.40982666015626
 20
41.6696044921875
 10
146.45074462890625
 20
41.6859619140625
 10
146.49320068359376
 20
41.694091796875
 10
146.53704833984375
 20
41.6938720703125
 10
146.58206787109376
 20
41.6853759765625
 10
146.62813720703124
 20
41.6686279296875
 10
146.67508544921876
 20
41.64384765625
 10
146.722802734375
 20
41.6113037109375
 10
146.77115478515626
 20
41.5712646484375
 10
146.82010498046876
 20
41.5241455078125
 10
146.86959228515624
 20
41.4703125
 10
146.9196533203125
 20
41.4102294921875
 10
146.970263671875
 20
41.34443359375
 10
147.02152099609376
 20
41.273388671875
 10
147.07349853515626
 20
41.197607421875
 10
147.126318359375
 20
41.1176025390625
 10
147.18006591796876
 20
41.0338623046875
 10
147.23485107421874
 20
40.946826171875
 10
147.290869140625
 20
40.8570068359375
 10
147.348193359375
 20
40.7647705078125
 10
147.4069091796875
 20
40.670458984375
 10
147.467138671875
 20
40.5744873046875
 10
147.52889404296874
 20
40.4770263671875
 10
147.59224853515624
 20
40.3784423828125
 10
147.6572021484375
 20
40.278857421875
 10
147.723681640625
 20
40.1784912109375
 10
147.791650390625
 20
40.07744140625
 10
147.86104736328124
 20
39.9758544921875
 10
147.9317138671875
 20
39.873828125
 10
148.0035888671875
 20
39.7714111328125
 10
148.0764892578125
 20
39.6685791015625
 10
148.150244140625
 20
39.565380859375
 10
148.22471923828124
 20
39.4619384765625
 10
148.29971923828126
 20
39.358154296875
 10
148.37508544921874
 20
39.254150390625
 10
148.45069580078126
 20
39.1497802734375
 10
148.52637939453126
 20
39.04521484375
 10
148.60203857421874
 20
38.94033203125
 10
148.6775634765625
 20
38.835205078125
 10
148.752880859375
 20
38.7298583984375
 10
148.82791748046876
 20
38.62431640625
 10
148.90260009765626
 20
38.5185791015625
 10
148.9769287109375
 20
38.41259765625
 10
149.05084228515625
 20
38.306494140625
 10
149.1243896484375
 20
38.2002197265625
 10
149.1975341796875
 20
38.093798828125
 10
149.27032470703125
 20
37.987255859375
 10
149.3427490234375
 20
37.8806884765625
 10
149.41484375
 20
37.7739990234375
 10
149.48663330078125
 20
37.6672607421875
 10
149.55811767578126
 20
37.560498046875
 10
149.629296875
 20
37.453662109375
 10
149.7001708984375
 20
37.346826171875
 10
149.77069091796875
 20
37.2399658203125
 10
149.84085693359376
 20
37.1330810546875
 10
149.91058349609375
 20
37.0261962890625
 10
149.9798095703125
 20
36.9193115234375
 10
150.0484375
 20
36.812451171875
 10
150.11634521484376
 20
36.705517578125
 10
150.18341064453125
 20
36.5986572265625
 10
150.2494873046875
 20
36.491796875
 10
150.314404296875
 20
36.3849365234375
 10
150.37801513671874
 20
36.2781005859375
 10
150.44012451171875
 20
36.1712646484375
 10
150.50054931640625
 20
36.0644775390625
 10
150.55909423828126
 20
35.9577392578125
 10
150.615576171875
 20
35.851025390625
 10
150.66983642578126
 20
35.7442626953125
 10
150.72166748046874
 20
35.63759765625
 10
150.7709716796875
 20
35.5309326171875
 10
150.8176025390625
 20
35.4242919921875
 10
150.86146240234376
 20
35.3177001953125
 10
150.9024658203125
 20
35.2111572265625
 10
150.9405517578125
 20
35.1046630859375
 10
150.97569580078124
 20
34.9981689453125
 10
151.00789794921874
 20
34.8917236328125
 10
151.0372314453125
 20
34.7853271484375
 10
151.06373291015626
 20
34.6789794921875
 10
151.08751220703124
 20
34.5726318359375
 10
151.10865478515626
 20
34.466357421875
 10
151.12735595703126
 20
34.360107421875
 10
151.143701171875
 20
34.2538818359375
 10
151.1578857421875
 20
34.14765625
 10
151.1700927734375
 20
34.0414794921875
 10
151.18046875
 20
33.9353271484375
 10
151.189208984375
 20
33.82919921875
 10
151.196484375
 20
33.7230712890625
 10
151.202490234375
 20
33.616943359375
 10
151.20738525390624
 20
33.5108642578125
 10
151.211328125
 20
33.40478515625
 10
151.21444091796874
 20
33.2987548828125
 10
151.2168701171875
 20
33.19267578125
 10
151.21875
 20
33.0866455078125
 10
151.22012939453126
 20
32.9805908203125
 10
151.22115478515624
 20
32.8745849609375
 10
151.221875
 20
32.768505859375
 10
151.22235107421875
 20
32.6624755859375
 10
151.22266845703126
 20
32.556494140625
 10
151.22283935546875
 20
32.4504638671875
 10
151.22291259765626
 20
32.34443359375
 10
151.22291259765626
 20
32.2384033203125
 10
151.2228759765625
 20
32.132373046875
 10
151.22279052734376
 20
32.0263427734375
 10
151.2226806640625
 20
31.9203369140625
 10
151.22254638671876
 20
31.8143310546875
 10
151.22242431640626
 20
31.7082763671875
 10
151.22227783203124
 20
31.6022705078125
 10
151.22213134765624
 20
31.4962158203125
 10
151.2219970703125
 20
31.3902099609375
 10
151.2218505859375
 20
31.2842041015625
 10
151.2217041015625
 20
31.178173828125
 10
151.2215576171875
 20
31.0721435546875
 10
151.22142333984374
 20
30.96611328125
 10
151.22127685546874
 20
30.8600830078125
 10
151.221142578125
 20
30.7540283203125
 10
151.22098388671876
 20
30.6480224609375
 10
151.22086181640626
 20
30.542041015625
 10
151.22071533203126
 20
30.4360107421875
 10
151.22056884765624
 20
30.3300048828125
 10
151.22042236328124
 20
30.2239501953125
 10
151.220263671875
 20
30.1179443359375
 10
151.2200927734375
 20
30.0119384765625
 10
151.21990966796875
 20
29.9059326171875
 10
151.2197021484375
 20
29.7999267578125
 10
151.2194091796875
 20
29.693994140625
 10
151.219091796875
 20
29.5880615234375
 10
151.2186279296875
 20
29.4822509765625
 10
151.218017578125
 20
29.3765380859375
 10
151.21719970703126
 20
29.2709716796875
 10
151.21607666015626
 20
29.1656005859375
 10
151.21461181640626
 20
29.060546875
 10
151.212646484375
 20
28.955908203125
 10
151.2100830078125
 20
28.8517333984375
 10
151.2067626953125
 20
28.748291015625
 10
151.2025390625
 20
28.64560546875
 10
151.19718017578126
 20
28.5439697265625
 10
151.19049072265625
 20
28.4435791015625
 10
151.1822509765625
 20
28.344677734375
 10
151.172216796875
 20
28.24765625
 10
151.1600830078125
 20
28.1527099609375
 10
151.14559326171874
 20
28.060205078125
 10
151.12850341796874
 20
27.9705810546875
 10
151.10845947265625
 20
27.8841552734375
 10
151.08521728515626
 20
27.801318359375
 10
151.0584716796875
 20
27.722509765625
 10
151.027978515625
 20
27.648095703125
 10
150.99349365234374
 20
27.5784912109375
 10
150.95477294921875
 20
27.5140625
 10
150.91170654296874
 20
27.4551513671875
 10
150.8640625
 20
27.402099609375
 10
150.811767578125
 20
27.35517578125
  0
LWPOLYLINE
  5
55
330
17
100
AcDbEntity
  8
0
100
AcDbPolyline
 90
244
 70
1
 10
179.8142822265625
 20
24.636474609375
 10
179.74696044921876
 20
24.6368408203125
 10
179.68455810546874
 20
24.644873046875
 10
179.62730712890624
 20
24.6605224609375
 10
179.57542724609374
 20
24.6837158203125
 10
179.5291015625
 20
24.714404296875
 10
179.48841552734376
 20
24.75234375
 10
179.45343017578125
 20
24.797265625
 10
179.42413330078125
 20
24.8488525390625
 10
179.40047607421874
 20
24.906787109375
 10
179.38236083984376
 20
24.9706787109375
 10
179.3696044921875
 20
25.0400634765625
 10
179.36199951171875
 20
25.114501953125
 10
179.35926513671876
 20
25.1935791015625
 10
179.3611328125
 20
25.276806640625
 10
179.367236328125
 20
25.3636962890625
 10
179.37725830078125
 20
25.4538330078125
 10
179.3908203125
 20
25.5468505859375
 10
179.407568359375
 20
25.64228515625
 10
179.4271240234375
 20
25.739794921875
 10
179.44915771484375
 20
25.8390380859375
 10
179.47327880859376
 20
25.93974609375
 10
179.49921875
 20
26.041650390625
 10
179.52664794921876
 20
26.1444580078125
 10
179.555322265625
 20
26.2480712890625
 10
179.5849853515625
 20
26.35224609375
 10
179.61544189453124
 20
26.4568603515625
 10
179.64652099609376
 20
26.56181640625
 10
179.67808837890624
 20
26.6670654296875
 10
179.710009765625
 20
26.7724365234375
 10
179.74222412109376
 20
26.8780029296875
 10
179.774609375
 20
26.9836181640625
 10
179.807177734375
 20
27.0892822265625
 10
179.83985595703126
 20
27.194970703125
 10
179.87265625
 20
27.3007080078125
 10
179.90555419921876
 20
27.4064208984375
 10
179.9385498046875
 20
27.512158203125
 10
179.9716552734375
 20
27.6178955078125
 10
180.0048828125
 20
27.723583984375
 10
180.03824462890626
 20
27.8293701171875
 10
180.07171630859375
 20
27.9350830078125
 10
180.105322265625
 20
28.0407958984375
 10
180.13909912109375
 20
28.146533203125
 10
180.1730224609375
 20
28.252294921875
 10
180.2071044921875
 20
28.3579833984375
 10
180.24134521484376
 20
28.4637451171875
 10
180.275732421875
 20
28.569482421875
 10
180.3102783203125
 20
28.6751708984375
 10
180.34498291015626
 20
28.780908203125
 10
180.37984619140624
 20
28.88662109375
 10
180.41484375
 20
28.992333984375
 10
180.4499755859375
 20
29.098046875
 10
180.48521728515624
 20
29.203759765625
 10
180.52056884765625
 20
29.30947265625
 10
180.55604248046876
 20
29.4152099609375
 10
180.59156494140626
 20
29.5208740234375
 10
180.6271484375
 20
29.626611328125
 10
180.6627685546875
 20
29.73232421875
 10
180.69840087890626
 20
29.8380126953125
 10
180.73399658203124
 20
29.94375
 10
180.76954345703126
 20
30.049462890625
 10
180.80501708984374
 20
30.15517578125
 10
180.84039306640625
 20
30.2609130859375
 10
180.87562255859376
 20
30.3665771484375
 10
180.91070556640625
 20
30.4723388671875
 10
180.94556884765626
 20
30.578076171875
 10
180.98023681640626
 20
30.6838134765625
 10
181.0146484375
 20
30.789501953125
 10
181.048828125
 20
30.895263671875
 10
181.08277587890626
 20
31.0010009765625
 10
181.1164794921875
 20
31.1066650390625
 10
181.15001220703124
 20
31.212353515625
 10
181.1833740234375
 20
31.3180419921875
 10
181.21661376953125
 20
31.423681640625
 10
181.24984130859374
 20
31.5292236328125
 10
181.283154296875
 20
31.6346923828125
 10
181.3166259765625
 20
31.739990234375
 10
181.3504150390625
 20
31.8451416015625
 10
181.38465576171876
 20
31.950048828125
 10
181.41954345703124
 20
32.0546875
 10
181.4552490234375
 20
32.1589599609375
 10
181.49197998046876
 20
32.2627685546875
 10
181.5299560546875
 20
32.366015625
 10
181.56939697265625
 20
32.4685791015625
 10
181.610546875
 20
32.5703369140625
 10
181.6536376953125
 20
32.67119140625
 10
181.698876953125
 20
32.77099609375
 10
181.7465087890625
 20
32.8695068359375
 10
181.79676513671876
 20
32.966650390625
 10
181.84986572265626
 20
33.0621337890625
 10
181.90594482421875
 20
33.1559326171875
 10
181.9652099609375
 20
33.2478271484375
 10
182.02777099609375
 20
33.337646484375
 10
182.09375
 20
33.425244140625
 10
182.1632080078125
 20
33.5104248046875
 10
182.23619384765624
 20
33.59306640625
 10
182.3127197265625
 20
33.6730712890625
 10
182.3927734375
 20
33.750341796875
 10
182.47628173828124
 20
33.824755859375
 10
182.56314697265626
 20
33.896337890625
 10
182.65328369140624
 20
33.964990234375
 10
182.746533203125
 20
34.030712890625
 10
182.8427490234375
 20
34.09345703125
 10
182.941748046875
 20
34.153271484375
 10
183.04332275390624
 20
34.2101806640625
 10
183.147265625
 20
34.2642333984375
 10
183.253369140625
 20
34.3154541015625
 10
183.36143798828124
 20
34.3638427734375
 10
183.47120361328126
 20
34.4095458984375
 10
183.58245849609375
 20
34.4525146484375
 10
183.69503173828124
 20
34.4927490234375
 10
183.8086669921875
 20
34.5302978515625
 10
183.92320556640624
 20
34.565087890625
 10
184.0384033203125
 20
34.5970458984375
 10
184.15406494140626
 20
34.6261962890625
 10
184.27000732421874
 20
34.6523193359375
 10
184.38607177734374
 20
34.6753662109375
 10
184.50201416015625
 20
34.695166015625
 10
184.61768798828126
 20
34.711474609375
 10
184.73287353515624
 20
34.72421875
 10
184.847412109375
 20
34.7331298828125
 10
184.961083984375
 20
34.73798828125
 10
185.073681640625
 20
34.7385986328125
 10
185.18502197265624
 20
34.7347412109375
 10
185.2948974609375
 20
34.7261962890625
 10
185.4031005859375
 20
34.7128173828125
 10
185.50941162109376
 20
34.6944580078125
 10
185.613623046875
 20
34.6708740234375
 10
185.7155517578125
 20
34.642041015625
 10
185.81492919921874
 20
34.60791015625
 10
185.91168212890625
 20
34.5684814453125
 10
186.0055419921875
 20
34.5237548828125
 10
186.0964111328125
 20
34.473779296875
 10
186.184130859375
 20
34.4187255859375
 10
186.268603515625
 20
34.3586669921875
 10
186.349755859375
 20
34.2938232421875
 10
186.427490234375
 20
34.2244384765625
 10
186.50179443359374
 20
34.1507080078125
 10
186.5726318359375
 20
34.07294921875
 10
186.64005126953126
 20
33.991455078125
 10
186.70406494140624
 20
33.906494140625
 10
186.7647216796875
 20
33.8183837890625
 10
186.822119140625
 20
33.72744140625
 10
186.87633056640624
 20
33.6340087890625
 10
186.92742919921875
 20
33.5383056640625
 10
186.975537109375
 20
33.440673828125
 10
187.020703125
 20
33.3413818359375
 10
187.06304931640625
 20
33.2406494140625
 10
187.102587890625
 20
33.138671875
 10
187.13939208984374
 20
33.035693359375
 10
187.17347412109376
 20
32.9319580078125
 10
187.204833984375
 20
32.8275634765625
 10
187.23341064453126
 20
32.722607421875
 10
187.25914306640624
 20
32.61728515625
 10
187.28194580078124
 20
32.511669921875
 10
187.3016357421875
 20
32.4058349609375
 10
187.31812744140626
 20
32.2999267578125
 10
187.3311767578125
 20
32.1939697265625
 10
187.34056396484374
 20
32.087939453125
 10
187.3461181640625
 20
31.9819580078125
 10
187.34759521484375
 20
31.87607421875
 10
187.34473876953126
 20
31.7703125
 10
187.33734130859375
 20
31.664697265625
 10
187.32520751953126
 20
31.5592529296875
 10
187.30809326171874
 20
31.4540283203125
 10
187.285888671875
 20
31.3490966796875
 10
187.25841064453124
 20
31.24443359375
 10
187.2256103515625
 20
31.1401123046875
 10
187.1874267578125
 20
31.036083984375
 10
187.1438232421875
 20
30.9324951171875
 10
187.0948974609375
 20
30.829345703125
 10
187.04071044921875
 20
30.72666015625
 10
186.98143310546874
 20
30.6244873046875
 10
186.9172119140625
 20
30.522802734375
 10
186.848291015625
 20
30.4217041015625
 10
186.77493896484376
 20
30.321142578125
 10
186.6974365234375
 20
30.22119140625
 10
186.61612548828126
 20
30.121826171875
 10
186.53131103515625
 20
30.023046875
 10
186.44337158203126
 20
29.924853515625
 10
186.3526611328125
 20
29.82724609375
 10
186.2594970703125
 20
29.730224609375
 10
186.16422119140626
 20
29.6337646484375
 10
186.06717529296876
 20
29.537890625
 10
185.96864013671876
 20
29.4425048828125
 10
185.868896484375
 20
29.3476806640625
 10
185.76817626953124
 20
29.2533447265625
 10
185.6667236328125
 20
29.159375
 10
185.5646728515625
 20
29.065869140625
 10
185.46221923828125
 20
28.9727294921875
 10
185.35943603515625
 20
28.879931640625
 10
185.25645751953124
 20
28.7874267578125
 10
185.1533447265625
 20
28.69521484375
 10
185.05013427734374
 20
28.60322265625
 10
184.946826171875
 20
28.511474609375
 10
184.84342041015626
 20
28.4198974609375
 10
184.7399169921875
 20
28.328466796875
 10
184.636279296875
 20
28.237158203125
 10
184.53245849609374
 20
28.1459716796875
 10
184.4283935546875
 20
28.0548095703125
 10
184.32408447265624
 20
27.9636962890625
 10
184.21947021484374
 20
27.8725830078125
 10
184.11448974609374
 20
27.781494140625
 10
184.0091552734375
 20
27.6903564453125
 10
183.9033935546875
 20
27.5992431640625
 10
183.7972412109375
 20
27.50810546875
 10
183.69063720703124
 20
27.4168701171875
 10
183.58358154296874
 20
27.325634765625
 10
183.47611083984376
 20
27.2343505859375
 10
183.36822509765625
 20
27.143017578125
 10
183.2599853515625
 20
27.0516845703125
 10
183.15137939453126
 20
26.9603271484375
 10
183.0425048828125
 20
26.868994140625
 10
182.9333984375
 20
26.7776611328125
 10
182.82410888671876
 20
26.68642578125
 10
182.7147216796875
 20
26.5953125
 10
182.60528564453125
 20
26.5043212890625
 10
182.495849609375
 20
26.4135009765625
 10
182.38651123046876
 20
26.3229248046875
 10
182.2772705078125
 20
26.2325927734375
 10
182.1681884765625
 20
26.14267578125
 10
182.0593505859375
 20
26.053173828125
 10
181.9507568359375
 20
25.964208984375
 10
181.84249267578124
 20
25.87587890625
 10
181.7345703125
 20
25.7883544921875
 10
181.62706298828124
 20
25.7017333984375
 10
181.51998291015624
 20
25.61630859375
 10
181.4134033203125
 20
25.532177734375
 10
181.30738525390626
 20
25.449658203125
 10
181.20196533203125
 20
25.3689697265625
 10
181.09727783203124
 20
25.2904541015625
 10
180.99342041015626
 20
25.21435546875
 10
180.8905029296875
 20
25.1411376953125
 10
180.78873291015626
 20
25.07119140625
 10
180.68826904296876
 20
25.004931640625
 10
180.58931884765624
 20
24.9427001953125
 10
180.492138671875
 20
24.8850341796875
 10
180.3969970703125
 20
24.8323486328125
 10
180.304150390625
 20
24.785107421875
 10
180.21395263671874
 20
24.7436767578125
 10
180.12672119140626
 20
24.7084716796875
 10
180.0427978515625
 20
24.679833984375
 10
179.9625244140625
 20
24.6581298828125
 10
179.88624267578126
 20
24.643603515625
  0
LWPOLYLINE
  5
56
330
17
100
AcDbEntity
  8
0
100
AcDbPolyline
 90
312
 70
1
 10
234.452734375
 20
23.8379638671875
 10
234.368017578125
 20
23.8492431640625
 10
234.2875244140625
 20
23.8669677734375
 10
234.21142578125
 20
23.891259765625
 10
234.1399169921875
 20
23.9220458984375
 10
234.0730712890625
 20
23.959375
 10
234.0109375
 20
24.0030517578125
 10
233.953564453125
 20
24.0529052734375
 10
233.900927734375
 20
24.1087646484375
 10
233.852978515625
 20
24.1703369140625
 10
233.8095947265625
 20
24.2372314453125
 10
233.7706298828125
 20
24.309228515625
 10
233.7359375
 20
24.3858642578125
 10
233.7053466796875
 20
24.466748046875
 10
233.6785400390625
 20
24.5514892578125
 10
233.6553466796875
 20
24.6397216796875
 10
233.63544921875
 20
24.731005859375
 10
233.6186279296875
 20
24.8249755859375
 10
233.6046142578125
 20
24.9213134765625
 10
233.593115234375
 20
25.01962890625
 10
233.5839111328125
 20
25.1196533203125
 10
233.5767333984375
 20
25.22109375
 10
233.5714111328125
 20
25.323681640625
 10
233.567626953125
 20
25.4272216796875
 10
233.5652587890625
 20
25.531494140625
 10
233.564111328125
 20
25.636328125
 10
233.5640380859375
 20
25.741650390625
 10
233.564892578125
 20
25.847265625
 10
233.56650390625
 20
25.9531494140625
 10
233.5688232421875
 20
26.059228515625
 10
233.571728515625
 20
26.165380859375
 10
233.5751220703125
 20
26.271630859375
 10
233.578955078125
 20
26.3780029296875
 10
233.5830810546875
 20
26.4843505859375
 10
233.5875244140625
 20
26.5906982421875
 10
233.592138671875
 20
26.697119140625
 10
233.596923828125
 20
26.8034912109375
 10
233.601806640625
 20
26.9098876953125
 10
233.606689453125
 20
27.0162841796875
 10
233.61162109375
 20
27.1226806640625
 10
233.6164306640625
 20
27.2290771484375
 10
233.6211669921875
 20
27.33544921875
 10
233.6257568359375
 20
27.441845703125
 10
233.630126953125
 20
27.5482177734375
 10
233.6343505859375
 20
27.654638671875
 10
233.63828125
 20
27.76103515625
 10
233.6420166015625
 20
27.8674560546875
 10
233.645458984375
 20
27.973876953125
 10
233.648681640625
 20
28.0802490234375
 10
233.6516357421875
 20
28.186669921875
 10
233.6543701171875
 20
28.29306640625
 10
233.6569091796875
 20
28.39951171875
 10
233.6592529296875
 20
28.505908203125
 10
233.661474609375
 20
28.612353515625
 10
233.663623046875
 20
28.71875
 10
233.66572265625
 20
28.8252197265625
 10
233.6678466796875
 20
28.931640625
 10
233.6700439453125
 20
29.038037109375
 10
233.6723876953125
 20
29.144482421875
 10
233.6749267578125
 20
29.2509033203125
 10
233.6777099609375
 20
29.35732421875
 10
233.680859375
 20
29.4637451171875
 10
233.6843994140625
 20
29.570166015625
 10
233.68837890625
 20
29.6765380859375
 10
233.6928955078125
 20
29.78291015625
 10
233.6980224609375
 20
29.8893310546875
 10
233.7037841796875
 20
29.995703125
 10
233.71025390625
 20
30.1020751953125
 10
233.7175048828125
 20
30.208447265625
 10
233.7255615234375
 20
30.3147705078125
 10
233.7344970703125
 20
30.4211181640625
 10
233.744384765625
 20
30.5274169921875
 10
233.7552001953125
 20
30.633740234375
 10
233.76708984375
 20
30.7400634765625
 10
233.7800537109375
 20
30.8463623046875
 10
233.7941650390625
 20
30.9526123046875
 10
233.8094482421875
 20
31.0588623046875
 10
233.8260009765625
 20
31.1651123046875
 10
233.843798828125
 20
31.271337890625
 10
233.8629638671875
 20
31.3775634765625
 10
233.883544921875
 20
31.4837158203125
 10
233.9055419921875
 20
31.589892578125
 10
233.92900390625
 20
31.6960693359375
 10
233.9539794921875
 20
31.8022216796875
 10
233.9804931640625
 20
31.9083251953125
 10
234.00859375
 20
32.014404296875
 10
234.038330078125
 20
32.120458984375
 10
234.0696533203125
 20
32.226513671875
 10
234.1026123046875
 20
32.33251953125
 10
234.137158203125
 20
32.4385498046875
 10
234.1733154296875
 20
32.5445068359375
 10
234.2110107421875
 20
32.65048828125
 10
234.2502685546875
 20
32.7564208984375
 10
234.290966796875
 20
32.8623779296875
 10
234.33310546875
 20
32.968310546875
 10
234.3766357421875
 20
33.07421875
 10
234.421435546875
 20
33.1801025390625
 10
234.4674560546875
 20
33.2859619140625
 10
234.5146240234375
 20
33.391796875
 10
234.562890625
 20
33.4976318359375
 10
234.6121337890625
 20
33.603466796875
 10
234.6623779296875
 20
33.70927734375
 10
234.7134521484375
 20
33.815087890625
 10
234.765380859375
 20
33.920849609375
 10
234.81806640625
 20
34.0266357421875
 10
234.8715087890625
 20
34.1323974609375
 10
234.9256591796875
 20
34.2382080078125
 10
234.9804931640625
 20
34.3439697265625
 10
235.03603515625
 20
34.44970703125
 10
235.09228515625
 20
34.5554443359375
 10
235.1492431640625
 20
34.661181640625
 10
235.206884765625
 20
34.7668701171875
 10
235.265234375
 20
34.8725830078125
 10
235.3243408203125
 20
34.9782958984375
 10
235.384228515625
 20
35.083984375
 10
235.444921875
 20
35.1896240234375
 10
235.5064697265625
 20
35.2952880859375
 10
235.5688720703125
 20
35.40087890625
 10
235.632275390625
 20
35.506396484375
 10
235.69658203125
 20
35.61181640625
 10
235.7618896484375
 20
35.7171875
 10
235.8282958984375
 20
35.82236328125
 10
235.895849609375
 20
35.9273681640625
 10
235.96455078125
 20
36.03212890625
 10
236.034521484375
 20
36.136572265625
 10
236.1058349609375
 20
36.24052734375
 10
236.178564453125
 20
36.3439208984375
 10
236.252783203125
 20
36.446630859375
 10
236.32861328125
 20
36.5484619140625
 10
236.4060791015625
 20
36.6491943359375
 10
236.4852783203125
 20
36.7486572265625
 10
236.5662841796875
 20
36.846533203125
 10
236.64912109375
 20
36.942578125
 10
236.73388671875
 20
37.036474609375
 10
236.820556640625
 20
37.127880859375
 10
236.9091064453125
 20
37.2164306640625
 10
236.999609375
 20
37.30166015625
 10
237.0919189453125
 20
37.383251953125
 10
237.1859619140625
 20
37.4607666015625
 10
237.2815673828125
 20
37.533642578125
 10
237.37861328125
 20
37.6015869140625
 10
237.4768798828125
 20
37.664111328125
 10
237.576123046875
 20
37.72080078125
 10
237.676025390625
 20
37.7712158203125
 10
237.77626953125
 20
37.815087890625
 10
237.8765625
 20
37.8519775390625
 10
237.9764404296875
 20
37.8816650390625
 10
238.0755615234375
 20
37.9038818359375
 10
238.17353515625
 20
37.91845703125
 10
238.2699462890625
 20
37.92529296875
 10
238.3643310546875
 20
37.9242431640625
 10
238.45625
 20
37.915380859375
 10
238.54541015625
 20
37.89873046875
 10
238.6313232421875
 20
37.8744873046875
 10
238.71376953125
 20
37.8427490234375
 10
238.7923095703125
 20
37.80380859375
 10
238.8667724609375
 20
37.75791015625
 10
238.936865234375
 20
37.7054931640625
 10
239.0024169921875
 20
37.646826171875
 10
239.0633056640625
 20
37.582373046875
 10
239.119482421875
 20
37.5125
 10
239.1708251953125
 20
37.4377197265625
 10
239.2174072265625
 20
37.3584228515625
 10
239.25927734375
 20
37.275048828125
 10
239.2966064453125
 20
37.188037109375
 10
239.3294677734375
 20
37.097802734375
 10
239.3580810546875
 20
37.00478515625
 10
239.382666015625
 20
36.9093505859375
 10
239.4034423828125
 20
36.81181640625
 10
239.420751953125
 20
36.7125
 10
239.434814453125
 20
36.611669921875
 10
239.445947265625
 20
36.509619140625
 10
239.4544189453125
 20
36.406591796875
 10
239.460595703125
 20
36.302685546875
 10
239.464697265625
 20
36.1981689453125
 10
239.467041015625
 20
36.0931396484375
 10
239.4678955078125
 20
35.9877685546875
 10
239.4675048828125
 20
35.8820556640625
 10
239.466064453125
 20
35.776123046875
 10
239.4638427734375
 20
35.67001953125
 10
239.46103515625
 20
35.5637939453125
 10
239.4577392578125
 20
35.4575439453125
 10
239.4541259765625
 20
35.351220703125
 10
239.4502685546875
 20
35.2448486328125
 10
239.446337890625
 20
35.1384033203125
 10
239.4423583984375
 20
35.0320068359375
 10
239.43837890625
 20
34.9255615234375
 10
239.434375
 20
34.819140625
 10
239.430517578125
 20
34.7127197265625
 10
239.426611328125
 20
34.60625
 10
239.4228271484375
 20
34.4998291015625
 10
239.41904296875
 20
34.3933837890625
 10
239.4152587890625
 20
34.2869384765625
 10
239.4114501953125
 20
34.1804931640625
 10
239.4076416015625
 20
34.0740966796875
 10
239.4036865234375
 20
33.9676513671875
 10
239.3996826171875
 20
33.8612548828125
 10
239.395556640625
 20
33.754833984375
 10
239.391259765625
 20
33.6484130859375
 10
239.3868408203125
 20
33.541943359375
 10
239.3822998046875
 20
33.4355224609375
 10
239.3776123046875
 20
33.3290771484375
 10
239.372802734375
 20
33.22265625
 10
239.3679443359375
 20
33.1162841796875
 10
239.36298828125
 20
33.0098388671875
 10
239.3580322265625
 20
32.9034423828125
 10
239.35302734375
 20
32.7969970703125
 10
239.348095703125
 20
32.690576171875
 10
239.34326171875
 20
32.5841552734375
 10
239.338525390625
 20
32.477734375
 10
239.333935546875
 20
32.371337890625
 10
239.329541015625
 20
32.264892578125
 10
239.3253662109375
 20
32.1584716796875
 10
239.321435546875
 20
32.05205078125
 10
239.3177490234375
 20
31.9456298828125
 10
239.314404296875
 20
31.83916015625
 10
239.3113037109375
 20
31.7327392578125
 10
239.3085205078125
 20
31.62626953125
 10
239.30595703125
 20
31.5198486328125
 10
239.3037353515625
 20
31.4133544921875
 10
239.3017333984375
 20
31.30693359375
 10
239.3000732421875
 20
31.200439453125
 10
239.298583984375
 20
31.093994140625
 10
239.297314453125
 20
30.9875244140625
 10
239.296240234375
 20
30.881103515625
 10
239.2953369140625
 20
30.774609375
 10
239.2946044921875
 20
30.6680908203125
 10
239.293994140625
 20
30.5616455078125
 10
239.29345703125
 20
30.4551513671875
 10
239.2930419921875
 20
30.3487060546875
 10
239.29267578125
 20
30.242236328125
 10
239.2923095703125
 20
30.1357666015625
 10
239.2920166015625
 20
30.0292724609375
 10
239.291748046875
 20
29.9227783203125
 10
239.2914306640625
 20
29.8163330078125
 10
239.2910888671875
 20
29.7098388671875
 10
239.29072265625
 20
29.6033447265625
 10
239.290283203125
 20
29.496875
 10
239.2897705078125
 20
29.3903564453125
 10
239.2891357421875
 20
29.2839111328125
 10
239.28837890625
 20
29.1774169921875
 10
239.287451171875
 20
29.0709716796875
 10
239.286328125
 20
28.9644775390625
 10
239.2849853515625
 20
28.8580322265625
 10
239.283349609375
 20
28.7515869140625
 10
239.281396484375
 20
28.6451416015625
 10
239.2790771484375
 20
28.538671875
 10
239.2762939453125
 20
28.4322509765625
 10
239.273046875
 20
28.3258544921875
 10
239.269189453125
 20
28.21953125
 10
239.2646240234375
 20
28.1132080078125
 10
239.2593017578125
 20
28.0070068359375
 10
239.2530517578125
 20
27.9009033203125
 10
239.2457275390625
 20
27.794921875
 10
239.23720703125
 20
27.6890625
 10
239.22734375
 20
27.583447265625
 10
239.2159423828125
 20
27.478076171875
 10
239.202783203125
 20
27.372998046875
 10
239.1876708984375
 20
27.268310546875
 10
239.170458984375
 20
27.1641357421875
 10
239.1507568359375
 20
27.0605224609375
 10
239.12841796875
 20
26.9575439453125
 10
239.1031982421875
 20
26.855322265625
 10
239.0748779296875
 20
26.7539794921875
 10
239.0431884765625
 20
26.653662109375
 10
239.007861328125
 20
26.554443359375
 10
238.9688232421875
 20
26.4564208984375
 10
238.92578125
 20
26.3598388671875
 10
238.8785888671875
 20
26.2647216796875
 10
238.8271240234375
 20
26.1711669921875
 10
238.771337890625
 20
26.0793701171875
 10
238.7110595703125
 20
25.9893798828125
 10
238.64638671875
 20
25.9012939453125
 10
238.5772216796875
 20
25.815185546875
 10
238.5036865234375
 20
25.731103515625
 10
238.42587890625
 20
25.64912109375
 10
238.3438720703125
 20
25.569189453125
 10
238.257861328125
 20
25.491357421875
 10
238.16806640625
 20
25.415576171875
 10
238.0746826171875
 20
25.341796875
 10
237.9779052734375
 20
25.2699951171875
 10
237.8780517578125
 20
25.2000732421875
 10
237.775341796875
 20
25.13193359375
 10
237.6700439453125
 20
25.065478515625
 10
237.562451171875
 20
25.0005615234375
 10
237.4528076171875
 20
24.937109375
 10
237.34140625
 20
24.8749755859375
 10
237.2284423828125
 20
24.8140625
 10
237.1141357421875
 20
24.754248046875
 10
236.9987548828125
 20
24.69541015625
 10
236.882421875
 20
24.6375244140625
 10
236.7654541015625
 20
24.5804931640625
 10
236.6478759765625
 20
24.52431640625
 10
236.5299560546875
 20
24.4689697265625
 10
236.41181640625
 20
24.4144775390625
 10
236.2936279296875
 20
24.3609375
 10
236.17548828125
 20
24.3084716796875
 10
236.0575439453125
 20
24.257275390625
 10
235.9400634765625
 20
24.2073974609375
 10
235.8230712890625
 20
24.1592041015625
 10
235.7068603515625
 20
24.112890625
 10
235.59150390625
 20
24.06884765625
 10
235.4773193359375
 20
24.027392578125
 10
235.3644775390625
 20
23.988818359375
 10
235.25322265625
 20
23.95361328125
 10
235.1438232421875
 20
23.922119140625
 10
235.0364990234375
 20
23.8947509765625
 10
234.931591796875
 20
23.871875
 10
234.829345703125
 20
23.8539306640625
 10
234.730078125
 20
23.8412841796875
 10
234.6340087890625
 20
23.8342041015625
 10
234.5414794921875
 20
23.8330322265625
  0
LWPOLYLINE
  5
57
330
17
100
AcDbEntity
  8
0
100
AcDbPolyline
 90
235
 70
1
 10
205.7043701171875
 20
22.919482421875
 10
205.540771484375
 20
22.9717041015625
 10
205.469580078125
 20
23.002783203125
 10
205.386572265625
 20
23.043994140625
 10
205.291796875
 20
23.096826171875
 10
205.2091796875
 20
23.156884765625
 10
205.1251708984375
 20
23.226904296875
 10
205.0412109375
 20
23.305908203125
 10
204.957568359375
 20
23.3923583984375
 10
204.8715576171875
 20
23.4850830078125
 10
204.7830810546875
 20
23.5827392578125
 10
204.6918212890625
 20
23.683544921875
 10
204.5970947265625
 20
23.7859375
 10
204.4992431640625
 20
23.8886962890625
 10
204.39862060546875
 20
23.9908447265625
 10
204.29696044921874
 20
24.091796875
 10
204.19493408203124
 20
24.190576171875
 10
204.0928955078125
 20
24.2871826171875
 10
203.9912109375
 20
24.3819580078125
 10
203.89058837890624
 20
24.4751220703125
 10
203.7913330078125
 20
24.567041015625
 10
203.6938232421875
 20
24.6576904296875
 10
203.5969970703125
 20
24.7470947265625
 10
203.50123291015626
 20
24.836181640625
 10
203.4068603515625
 20
24.924609375
 10
203.31456298828124
 20
25.0117919921875
 10
203.2243408203125
 20
25.0968017578125
 10
203.1351806640625
 20
25.179248046875
 10
203.04842529296874
 20
25.2579833984375
 10
202.96654052734374
 20
25.3316650390625
 10
202.87945556640625
 20
25.4060546875
 10
202.80518798828126
 20
25.4681884765625
 10
202.74307861328126
 20
25.5186767578125
 10
202.60950200249528
 20
25.621605043064257
 10
200.3405937486913
 20
27.664539210930116
 10
200.21982421875
 20
27.791357421875
 10
200.16220703125
 20
27.848828125
 10
200.09244384765626
 20
27.9169921875
 10
200.01016845703126
 20
27.996484375
 10
199.9313720703125
 20
28.0697265625
 10
199.84874267578124
 20
28.146728515625
 10
199.7636962890625
 20
28.2262451171875
 10
199.6776123046875
 20
28.307373046875
 10
199.58980712890624
 20
28.391552734375
 10
199.5002197265625
 20
28.4791748046875
 10
199.40860595703126
 20
28.5699462890625
 10
199.31419677734374
 20
28.6638671875
 10
199.21597900390626
 20
28.7609130859375
 10
199.11392822265626
 20
28.8611083984375
 10
199.00841064453124
 20
28.963818359375
 10
198.8997802734375
 20
29.068115234375
 10
198.78905029296874
 20
29.1730712890625
 10
198.6772705078125
 20
29.2780517578125
 10
198.5658447265625
 20
29.3823974609375
 10
198.45616455078124
 20
29.485498046875
 10
198.349609375
 20
29.586669921875
 10
198.24688720703125
 20
29.6856201171875
 10
198.14866943359374
 20
29.7829833984375
 10
198.0556640625
 20
29.879296875
 10
197.96890869140626
 20
29.9752685546875
 10
197.88876953125
 20
30.0714599609375
 10
197.81593017578126
 20
30.1684814453125
 10
197.75072021484374
 20
30.266943359375
 10
197.69388427734376
 20
30.367431640625
 10
197.64642333984375
 20
30.469677734375
 10
197.6090576171875
 20
30.5733642578125
 10
197.58173828125
 20
30.678125
 10
197.56485595703126
 20
30.7837158203125
 10
197.55841064453125
 20
30.8897705078125
 10
197.5616943359375
 20
30.9960205078125
 10
197.57401123046876
 20
31.1021484375
 10
197.5943359375
 20
31.208154296875
 10
197.6208984375
 20
31.3140869140625
 10
197.6526611328125
 20
31.4199462890625
 10
197.68861083984376
 20
31.52578125
 10
197.72701416015624
 20
31.6315673828125
 10
197.76746826171876
 20
31.7373291015625
 10
197.80966796875
 20
31.8430419921875
 10
197.85257568359376
 20
31.9488037109375
 10
197.89652099609376
 20
32.0544921875
 10
197.9408203125
 20
32.160205078125
 10
197.98511962890626
 20
32.2659423828125
 10
198.0301025390625
 20
32.371630859375
 10
198.07509765625
 20
32.4773193359375
 10
198.11973876953124
 20
32.5830078125
 10
198.16473388671875
 20
32.688720703125
 10
198.20936279296876
 20
32.7944091796875
 10
198.25400390625
 20
32.9001220703125
 10
198.29830322265624
 20
33.0058349609375
 10
198.34154052734374
 20
33.1115478515625
 10
198.38409423828125
 20
33.217333984375
 10
198.42559814453125
 20
33.323046875
 10
198.46572265625
 20
33.428857421875
 10
198.50550537109376
 20
33.5345947265625
 10
198.54598388671874
 20
33.6400634765625
 10
198.58851318359376
 20
33.7445556640625
 10
198.6348876953125
 20
33.8471435546875
 10
198.68682861328125
 20
33.9465576171875
 10
198.7464111328125
 20
34.0412353515625
 10
198.8150146484375
 20
34.128955078125
 10
198.8926513671875
 20
34.2070068359375
 10
198.9785888671875
 20
34.2731689453125
 10
199.07216796875
 20
34.3255859375
 10
199.17198486328124
 20
34.363037109375
 10
199.2759765625
 20
34.3849365234375
 10
199.38201904296875
 20
34.391015625
 10
199.48839111328124
 20
34.382568359375
 10
199.5947509765625
 20
34.3619873046875
 10
199.70107421875
 20
34.3315185546875
 10
199.80740966796876
 20
34.293896484375
 10
199.9140869140625
 20
34.2516357421875
 10
200.02181396484374
 20
34.2069091796875
 10
200.1312744140625
 20
34.1624755859375
 10
200.2431640625
 20
34.1197998046875
 10
200.35714111328124
 20
34.0802490234375
 10
200.4728759765625
 20
34.0447021484375
 10
200.5900146484375
 20
34.013134765625
 10
200.70819091796875
 20
33.985595703125
 10
200.82706298828126
 20
33.961767578125
 10
200.9462890625
 20
33.9404296875
 10
201.06552734375
 20
33.9206298828125
 10
201.184765625
 20
33.900537109375
 10
201.3039794921875
 20
33.8791748046875
 10
201.42320556640624
 20
33.8559814453125
 10
201.54241943359375
 20
33.8302734375
 10
201.66165771484376
 20
33.8024169921875
 10
201.78089599609376
 20
33.772998046875
 10
201.9001220703125
 20
33.7423583984375
 10
202.01934814453125
 20
33.71171875
 10
202.13822021484376
 20
33.6810546875
 10
202.25643310546874
 20
33.6501220703125
 10
202.3732177734375
 20
33.6182373046875
 10
202.48758544921876
 20
33.5836181640625
 10
202.5981201171875
 20
33.5441162109375
 10
202.70343017578125
 20
33.4981689453125
 10
202.80177001953126
 20
33.4439208984375
 10
202.8921142578125
 20
33.38046875
 10
202.9734130859375
 20
33.3075439453125
 10
203.0452880859375
 20
33.225439453125
 10
203.10811767578124
 20
33.135400390625
 10
203.16295166015624
 20
33.0392333984375
 10
203.2104736328125
 20
32.9385498046875
 10
203.2520751953125
 20
32.834814453125
 10
203.28914794921874
 20
32.7293212890625
 10
203.32275390625
 20
32.622900390625
 10
203.35355224609376
 20
32.5162353515625
 10
203.38194580078124
 20
32.4095947265625
 10
203.40791015625
 20
32.302978515625
 10
203.4324951171875
 20
32.1963623046875
 10
203.45635986328125
 20
32.089794921875
 10
203.47918701171875
 20
31.983203125
 10
203.50133056640624
 20
31.8766357421875
 10
203.52344970703126
 20
31.7700927734375
 10
203.54627685546876
 20
31.6635009765625
 10
203.5704833984375
 20
31.5569091796875
 10
203.5957275390625
 20
31.4503173828125
 10
203.62169189453124
 20
31.343701171875
 10
203.6493896484375
 20
31.237060546875
 10
203.67950439453125
 20
31.1303466796875
 10
203.7120849609375
 20
31.0236572265625
 10
203.7470703125
 20
30.9169189453125
 10
203.7844970703125
 20
30.81015625
 10
203.82471923828126
 20
30.7033447265625
 10
203.86806640625
 20
30.5965087890625
 10
203.91348876953126
 20
30.4896484375
 10
203.96031494140624
 20
30.3827392578125
 10
204.00782470703126
 20
30.2758056640625
 10
204.0553466796875
 20
30.1689208984375
 10
204.1021728515625
 20
30.0620361328125
 10
204.14725341796876
 20
29.955126953125
 10
204.18955078125
 20
29.8483154296875
 10
204.2294189453125
 20
29.7414794921875
 10
204.26617431640625
 20
29.6347412109375
 10
204.2997802734375
 20
29.5280029296875
 10
204.33026123046875
 20
29.421337890625
 10
204.35794677734376
 20
29.314697265625
 10
204.3839111328125
 20
29.208056640625
 10
204.40916748046874
 20
29.1014404296875
 10
204.43372802734376
 20
28.9948486328125
 10
204.45865478515626
 20
28.888232421875
 10
204.4845947265625
 20
28.7816162109375
 10
204.51229248046874
 20
28.674951171875
 10
204.5417236328125
 20
28.5682861328125
 10
204.57255859375
 20
28.461572265625
 10
204.6044189453125
 20
28.3548828125
 10
204.63734130859376
 20
28.2481689453125
 10
204.67095947265625
 20
28.14140625
 10
204.7049072265625
 20
28.0346923828125
 10
204.73887939453124
 20
27.9279541015625
 10
204.7728271484375
 20
27.821240234375
 10
204.806787109375
 20
27.714501953125
 10
204.8407470703125
 20
27.607763671875
 10
204.8746826171875
 20
27.501025390625
 10
204.908642578125
 20
27.394287109375
 10
204.9426025390625
 20
27.287548828125
 10
204.9765380859375
 20
27.180810546875
 10
205.0101806640625
 20
27.074072265625
 10
205.0434326171875
 20
26.9673583984375
 10
205.0763427734375
 20
26.8606201171875
 10
205.108544921875
 20
26.75390625
 10
205.140087890625
 20
26.647216796875
 10
205.1709228515625
 20
26.5405029296875
 10
205.2010498046875
 20
26.433837890625
 10
205.2315185546875
 20
26.3271240234375
 10
205.262353515625
 20
26.2204345703125
 10
205.2935302734375
 20
26.113720703125
 10
205.326123046875
 20
26.0070068359375
 10
205.36005859375
 20
25.900244140625
 10
205.39541015625
 20
25.793505859375
 10
205.4324951171875
 20
25.6866943359375
 10
205.470263671875
 20
25.5799072265625
 10
205.5087646484375
 20
25.4731201171875
 10
205.5479248046875
 20
25.3662841796875
 10
205.5864013671875
 20
25.2594970703125
 10
205.6241943359375
 20
25.1527099609375
 10
205.6613037109375
 20
25.0459228515625
 10
205.6966552734375
 20
24.9391845703125
 10
205.730615234375
 20
24.8323974609375
 10
205.7632080078125
 20
24.7257080078125
 10
205.794384765625
 20
24.6189697265625
 10
205.8252197265625
 20
24.5122802734375
 10
205.855322265625
 20
24.4055908203125
 10
205.884423828125
 20
24.2989013671875
 10
205.9131591796875
 20
24.1922119140625
 10
205.9405029296875
 20
24.085546875
 10
205.965087890625
 20
23.97890625
 10
205.98515625
 20
23.8723388671875
 10
205.998583984375
 20
23.7661865234375
 10
206.0043701171875
 20
23.6610595703125
 10
205.9993896484375
 20
23.5560791015625
 10
205.983251953125
 20
23.4533935546875
 10
205.9573974609375
 20
23.3552490234375
 10
205.9113525390625
 20
23.249560546875
 10
205.8656982421875
 20
23.1590576171875
 10
205.8221435546875
 20
23.0834228515625
  0
LWPOLYLINE
  5
58
330
17
100
AcDbEntity
  8
0
100
AcDbPolyline
 90
190
 70
1
 10
158.92623291015624
 20
22.5924072265625
 10
158.74144287109374
 20
22.576025390625
 10
158.6563232421875
 20
22.571923828125
 10
158.5549560546875
 20
22.5698974609375
 10
158.4373046875
 20
22.5708740234375
 10
158.3293701171875
 20
22.5787841796875
 10
158.21798095703124
 20
22.5926513671875
 10
158.10592041015624
 20
22.6139892578125
 10
157.99593505859374
 20
22.643603515625
 10
157.88734130859376
 20
22.68125
 10
157.7801513671875
 20
22.725927734375
 10
157.67401123046875
 20
22.7768798828125
 10
157.5682373046875
 20
22.8330322265625
 10
157.46212158203124
 20
22.8928955078125
 10
157.35496826171874
 20
22.9543212890625
 10
157.24605712890624
 20
23.0154541015625
 10
157.13475341796874
 20
23.0748046875
 10
157.02137451171876
 20
23.131982421875
 10
156.90623779296874
 20
23.187646484375
 10
156.78973388671875
 20
23.2423828125
 10
156.67218017578125
 20
23.2971435546875
 10
156.55394287109374
 20
23.3528564453125
 10
156.4353759765625
 20
23.4107177734375
 10
156.31680908203126
 20
23.4719970703125
 10
156.1982421875
 20
23.5366455078125
 10
156.0796875
 20
23.603759765625
 10
155.9611328125
 20
23.6724609375
 10
155.842578125
 20
23.741748046875
 10
155.7240234375
 20
23.811669921875
 10
155.60546875
 20
23.8812744140625
 10
155.4869140625
 20
23.9496337890625
 10
155.368359375
 20
24.0167724609375
 10
155.2498046875
 20
24.0829833984375
 10
155.13125
 20
24.148876953125
 10
155.0126953125
 20
24.214794921875
 10
154.89415283203124
 20
24.280078125
 10
154.7756103515625
 20
24.3453125
 10
154.65706787109374
 20
24.4112060546875
 10
154.53853759765624
 20
24.4780517578125
 10
154.4199951171875
 20
24.54609375
 10
154.30146484375
 20
24.615087890625
 10
154.1829345703125
 20
24.685595703125
 10
154.06474609375
 20
24.7583251953125
 10
153.94759521484374
 20
24.8325439453125
 10
153.83045654296876
 20
24.9092041015625
 10
153.71573486328126
 20
24.9864990234375
 10
153.60587158203126
 20
25.0624755859375
 10
153.48736572265625
 20
25.1481201171875
 10
153.38577880859376
 20
25.2227783203125
 10
153.30079345703126
 20
25.2860595703125
 10
153.11632080078124
 20
25.4276123046875
 10
153.11632080078124
 20
30.7292724609375
 10
153.29754638671875
 20
30.8208251953125
 10
153.3779052734375
 20
30.848486328125
 10
153.47108154296876
 20
30.872265625
 10
153.57568359375
 20
30.8890869140625
 10
153.6639892578125
 20
30.8801513671875
 10
153.74847412109375
 20
30.854296875
 10
153.8253173828125
 20
30.8105712890625
 10
153.89140625
 20
30.7493896484375
 10
153.94779052734376
 20
30.6743896484375
 10
153.9944580078125
 20
30.5880859375
 10
154.03282470703124
 20
30.4935546875
 10
154.06529541015624
 20
30.3935546875
 10
154.09293212890626
 20
30.2902099609375
 10
154.11741943359374
 20
30.185009765625
 10
154.14019775390625
 20
30.0789306640625
 10
154.16229248046875
 20
29.9725830078125
 10
154.18470458984376
 20
29.866796875
 10
154.2074951171875
 20
29.7625732421875
 10
154.23060302734376
 20
29.6611328125
 10
154.25546875
 20
29.564013671875
 10
154.28345947265626
 20
29.472705078125
 10
154.3159423828125
 20
29.3887451171875
 10
154.3546875
 20
29.313671875
 10
154.40035400390624
 20
29.2471923828125
 10
154.45362548828126
 20
29.188037109375
 10
154.51419677734376
 20
29.1340087890625
 10
154.5802978515625
 20
29.082080078125
 10
154.64952392578124
 20
29.0291748046875
 10
154.7197998046875
 20
28.9722412109375
 10
154.78829345703124
 20
28.908544921875
 10
154.85369873046875
 20
28.8371337890625
 10
154.915625
 20
28.758349609375
 10
154.9751220703125
 20
28.6734375
 10
155.0345947265625
 20
28.5844970703125
 10
155.0968505859375
 20
28.4939453125
 10
155.16395263671876
 20
28.404296875
 10
155.23831787109376
 20
28.317333984375
 10
155.32135009765625
 20
28.2345703125
 10
155.41337890625
 20
28.1569580078125
 10
155.51373291015625
 20
28.0853759765625
 10
155.6206787109375
 20
28.021142578125
 10
155.73248291015625
 20
27.965234375
 10
155.84774169921874
 20
27.9188232421875
 10
155.9651123046875
 20
27.883544921875
 10
156.08353271484376
 20
27.8602783203125
 10
156.2023193359375
 20
27.8493896484375
 10
156.32110595703125
 20
27.8505615234375
 10
156.43994140625
 20
27.8619140625
 10
156.5587646484375
 20
27.8813232421875
 10
156.6776123046875
 20
27.906005859375
 10
156.7964599609375
 20
27.933447265625
 10
156.91529541015626
 20
27.9615234375
 10
157.03411865234375
 20
27.9892822265625
 10
157.15296630859376
 20
28.0160888671875
 10
157.27181396484374
 20
28.0429443359375
 10
157.39068603515625
 20
28.070703125
 10
157.50953369140626
 20
28.1006103515625
 10
157.62838134765624
 20
28.1330322265625
 10
157.74725341796875
 20
28.1681884765625
 10
157.86612548828126
 20
28.2052490234375
 10
157.98497314453124
 20
28.2431884765625
 10
158.10384521484374
 20
28.280224609375
 10
158.2227294921875
 20
28.315087890625
 10
158.34158935546876
 20
28.346875
 10
158.46046142578126
 20
28.3755615234375
 10
158.5793212890625
 20
28.401171875
 10
158.69818115234375
 20
28.424609375
 10
158.81705322265626
 20
28.447119140625
 10
158.93590087890624
 20
28.4699462890625
 10
159.05477294921874
 20
28.4943115234375
 10
159.17364501953125
 20
28.5208251953125
 10
159.2925048828125
 20
28.550146484375
 10
159.4114013671875
 20
28.5828369140625
 10
159.53028564453126
 20
28.619580078125
 10
159.64918212890626
 20
28.6600341796875
 10
159.76807861328126
 20
28.7044921875
 10
159.88699951171876
 20
28.7523681640625
 10
160.00589599609376
 20
28.8027099609375
 10
160.12481689453125
 20
28.853662109375
 10
160.24373779296874
 20
28.903076171875
 10
160.3622802734375
 20
28.9475830078125
 10
160.47979736328125
 20
28.9843017578125
 10
160.59521484375
 20
29.0099609375
 10
160.7068115234375
 20
29.021728515625
 10
160.81214599609376
 20
29.0181640625
 10
160.9084716796875
 20
28.998291015625
 10
160.9923095703125
 20
28.9618896484375
 10
161.0608642578125
 20
28.910205078125
 10
161.11175537109375
 20
28.844873046875
 10
161.1428955078125
 20
28.7679931640625
 10
161.15360107421876
 20
28.6821533203125
 10
161.1445556640625
 20
28.589453125
 10
161.11712646484375
 20
28.4926513671875
 10
161.07447509765626
 20
28.3945068359375
 10
161.01729736328124
 20
28.2965576171875
 10
160.95006103515624
 20
28.2018310546875
 10
160.87763671875
 20
28.1130615234375
 10
160.7892822265625
 20
28.0232666015625
 10
160.7099609375
 20
27.948193359375
 10
160.641015625
 20
27.8871826171875
 10
160.48133911834242
 20
27.76431612705046
 10
158.68938620803647
 20
26.20659522733026
 10
158.55506591796876
 20
26.072412109375
 10
158.4937744140625
 20
26.0091552734375
 10
158.42279052734375
 20
25.932373046875
 10
158.34385986328124
 20
25.8414306640625
 10
158.27735595703126
 20
25.7543701171875
 10
158.21744384765626
 20
25.6613525390625
 10
158.16826171875
 20
25.5638671875
 10
158.13223876953126
 20
25.4640380859375
 10
158.1090087890625
 20
25.3615478515625
 10
158.0982666015625
 20
25.257373046875
 10
158.09857177734375
 20
25.152099609375
 10
158.1075439453125
 20
25.0460693359375
 10
158.12171630859376
 20
24.9396728515625
 10
158.13831787109376
 20
24.8332763671875
 10
158.15594482421875
 20
24.7268310546875
 10
158.17357177734374
 20
24.6204345703125
 10
158.19049072265625
 20
24.514013671875
 10
158.20673828125
 20
24.4075927734375
 10
158.22298583984374
 20
24.301171875
 10
158.24129638671874
 20
24.1947509765625
 10
158.2630859375
 20
24.0885498046875
 10
158.2897216796875
 20
23.983251953125
 10
158.3229248046875
 20
23.8794189453125
 10
158.364453125
 20
23.777587890625
 10
158.4149658203125
 20
23.6784912109375
 10
158.4741455078125
 20
23.5826171875
 10
158.54027099609374
 20
23.4906982421875
 10
158.61124267578126
 20
23.402392578125
 10
158.68394775390624
 20
23.3168701171875
 10
158.7542236328125
 20
23.2335693359375
 10
158.81688232421874
 20
23.150341796875
 10
158.8691650390625
 20
23.0681640625
 10
158.90933837890626
 20
22.988037109375
 10
158.9318359375
 20
22.8966796875
 10
158.9439453125
 20
22.8166259765625
 10
158.9473876953125
 20
22.7481689453125
  0
LWPOLYLINE
  5
59
330
17
100
AcDbEntity
  8
0
100
AcDbPolyline
 90
247
 70
1
 10
192.58072509765626
 20
21.0364990234375
 10
192.52762451171876
 20
21.020458984375
 10
192.4743896484375
 20
21.01279296875
 10
192.42117919921876
 20
21.0135009765625
 10
192.36820068359376
 20
21.022607421875
 10
192.3156494140625
 20
21.039990234375
 10
192.26370849609376
 20
21.065625
 10
192.2125244140625
 20
21.0991943359375
 10
192.162255859375
 20
21.1403564453125
 10
192.113037109375
 20
21.1888916015625
 10
192.06497802734376
 20
21.2442138671875
 10
192.0181640625
 20
21.3060302734375
 10
191.97266845703126
 20
21.3738525390625
 10
191.928515625
 20
21.447119140625
 10
191.88572998046874
 20
21.525341796875
 10
191.84427490234376
 20
21.6080322265625
 10
191.80416259765624
 20
21.694677734375
 10
191.76534423828124
 20
21.784814453125
 10
191.72772216796875
 20
21.8780517578125
 10
191.69124755859374
 20
21.9738525390625
 10
191.6558349609375
 20
22.0718994140625
 10
191.6214111328125
 20
22.17177734375
 10
191.58785400390624
 20
22.27314453125
 10
191.5550537109375
 20
22.37578125
 10
191.52296142578126
 20
22.47939453125
 10
191.49141845703124
 20
22.583837890625
 10
191.4603759765625
 20
22.6888427734375
 10
191.42972412109376
 20
22.794384765625
 10
191.39940185546874
 20
22.9002197265625
 10
191.36932373046875
 20
23.0063232421875
 10
191.339404296875
 20
23.1126220703125
 10
191.3095703125
 20
23.2190673828125
 10
191.2798095703125
 20
23.325537109375
 10
191.25006103515625
 20
23.43212890625
 10
191.2202880859375
 20
23.538720703125
 10
191.1904296875
 20
23.6453369140625
 10
191.16051025390624
 20
23.751953125
 10
191.13046875
 20
23.85859375
 10
191.1003173828125
 20
23.965234375
 10
191.07005615234374
 20
24.071875
 10
191.03968505859376
 20
24.178515625
 10
191.0092041015625
 20
24.28515625
 10
190.978662109375
 20
24.391796875
 10
190.9480224609375
 20
24.4984375
 10
190.9173095703125
 20
24.605078125
 10
190.88656005859374
 20
24.71171875
 10
190.85577392578125
 20
24.818359375
 10
190.825
 20
24.925
 10
190.79422607421876
 20
25.031640625
 10
190.7635009765625
 20
25.13828125
 10
190.7328369140625
 20
25.244921875
 10
190.7022216796875
 20
25.3515625
 10
190.6717041015625
 20
25.458203125
 10
190.6412841796875
 20
25.56484375
 10
190.61097412109376
 20
25.671484375
 10
190.58077392578124
 20
25.778125
 10
190.55067138671876
 20
25.884765625
 10
190.5207275390625
 20
25.99140625
 10
190.49090576171875
 20
26.0980224609375
 10
190.46124267578125
 20
26.204638671875
 10
190.43170166015625
 20
26.31123046875
 10
190.40230712890624
 20
26.4178466796875
 10
190.37305908203126
 20
26.5244873046875
 10
190.34398193359374
 20
26.631103515625
 10
190.31507568359376
 20
26.7377197265625
 10
190.2863525390625
 20
26.8443115234375
 10
190.2578369140625
 20
26.950927734375
 10
190.22952880859376
 20
27.05751953125
 10
190.20147705078125
 20
27.164111328125
 10
190.17369384765624
 20
27.2707275390625
 10
190.146240234375
 20
27.3773193359375
 10
190.1191162109375
 20
27.483935546875
 10
190.0923828125
 20
27.5905029296875
 10
190.06610107421875
 20
27.6970458984375
 10
190.0403564453125
 20
27.8036376953125
 10
190.01514892578126
 20
27.9101806640625
 10
189.9906005859375
 20
28.016748046875
 10
189.966796875
 20
28.123291015625
 10
189.94381103515624
 20
28.22978515625
 10
189.92181396484375
 20
28.336328125
 10
189.90089111328126
 20
28.442822265625
 10
189.88116455078125
 20
28.5492919921875
 10
189.8628173828125
 20
28.655810546875
 10
189.84600830078125
 20
28.76220703125
 10
189.830908203125
 20
28.8686279296875
 10
189.817724609375
 20
28.9749755859375
 10
189.80667724609376
 20
29.0812744140625
 10
189.79801025390626
 20
29.1875244140625
 10
189.791943359375
 20
29.293701171875
 10
189.788720703125
 20
29.3997802734375
 10
189.788623046875
 20
29.5057861328125
 10
189.79190673828126
 20
29.6115478515625
 10
189.7988037109375
 20
29.7171630859375
 10
189.80958251953126
 20
29.82255859375
 10
189.82449951171876
 20
29.92763671875
 10
189.84376220703126
 20
30.0323974609375
 10
189.86761474609375
 20
30.13671875
 10
189.8962158203125
 20
30.240576171875
 10
189.92969970703126
 20
30.34384765625
 10
189.96822509765624
 20
30.446435546875
 10
190.0118896484375
 20
30.548193359375
 10
190.06070556640626
 20
30.64912109375
 10
190.1146728515625
 20
30.7489013671875
 10
190.1738037109375
 20
30.8475341796875
 10
190.23800048828124
 20
30.9447509765625
 10
190.30714111328126
 20
31.040380859375
 10
190.38106689453124
 20
31.134326171875
 10
190.45963134765626
 20
31.22626953125
 10
190.54259033203124
 20
31.316064453125
 10
190.62969970703125
 20
31.40341796875
 10
190.72069091796874
 20
31.4881103515625
 10
190.81527099609374
 20
31.569873046875
 10
190.9131591796875
 20
31.6484130859375
 10
191.01405029296876
 20
31.7234619140625
 10
191.11761474609375
 20
31.794775390625
 10
191.223583984375
 20
31.86201171875
 10
191.33162841796874
 20
31.9248779296875
 10
191.44149169921874
 20
31.983056640625
 10
191.552880859375
 20
32.036279296875
 10
191.66553955078126
 20
32.0843017578125
 10
191.7792236328125
 20
32.1267822265625
 10
191.8936767578125
 20
32.1634521484375
 10
192.0087158203125
 20
32.1941162109375
 10
192.1241455078125
 20
32.2185791015625
 10
192.23980712890625
 20
32.2365966796875
 10
192.355517578125
 20
32.248046875
 10
192.471142578125
 20
32.2528076171875
 10
192.5865234375
 20
32.25078125
 10
192.7015625
 20
32.241943359375
 10
192.81612548828124
 20
32.2262939453125
 10
192.93006591796876
 20
32.2038818359375
 10
193.0432861328125
 20
32.174755859375
 10
193.15565185546876
 20
32.1390869140625
 10
193.267041015625
 20
32.0970947265625
 10
193.37734375
 20
32.04892578125
 10
193.48638916015625
 20
31.994873046875
 10
193.59403076171876
 20
31.935205078125
 10
193.700146484375
 20
31.870263671875
 10
193.8044921875
 20
31.800341796875
 10
193.90692138671875
 20
31.7258056640625
 10
194.00723876953126
 20
31.647021484375
 10
194.105224609375
 20
31.56435546875
 10
194.20062255859375
 20
31.4781494140625
 10
194.2932861328125
 20
31.38876953125
 10
194.38294677734376
 20
31.29658203125
 10
194.469384765625
 20
31.201953125
 10
194.55240478515626
 20
31.105126953125
 10
194.63177490234375
 20
31.0064697265625
 10
194.707275390625
 20
30.9062255859375
 10
194.77874755859375
 20
30.8046142578125
 10
194.84598388671876
 20
30.7019287109375
 10
194.9088623046875
 20
30.59833984375
 10
194.9672607421875
 20
30.493994140625
 10
195.02108154296874
 20
30.3890869140625
 10
195.07022705078126
 20
30.2837158203125
 10
195.1146728515625
 20
30.1780029296875
 10
195.15443115234376
 20
30.072021484375
 10
195.18951416015625
 20
29.9658935546875
 10
195.219970703125
 20
29.859619140625
 10
195.24586181640626
 20
29.7533447265625
 10
195.2673095703125
 20
29.6469970703125
 10
195.28443603515626
 20
29.5406494140625
 10
195.2973876953125
 20
29.4343017578125
 10
195.30633544921875
 20
29.3280029296875
 10
195.31148681640624
 20
29.2217041015625
 10
195.31302490234376
 20
29.1154052734375
 10
195.3111328125
 20
29.0092041015625
 10
195.30606689453126
 20
28.9030029296875
 10
195.29803466796875
 20
28.796875
 10
195.28724365234376
 20
28.6907470703125
 10
195.273876953125
 20
28.58466796875
 10
195.2581787109375
 20
28.47861328125
 10
195.2403564453125
 20
28.3725830078125
 10
195.2205810546875
 20
28.2666259765625
 10
195.199072265625
 20
28.1606201171875
 10
195.1759765625
 20
28.0546630859375
 10
195.15147705078124
 20
27.9487548828125
 10
195.12572021484374
 20
27.842822265625
 10
195.09886474609374
 20
27.736962890625
 10
195.07100830078124
 20
27.631103515625
 10
195.04227294921876
 20
27.5252197265625
 10
195.01278076171874
 20
27.4193603515625
 10
194.98265380859374
 20
27.3135009765625
 10
194.95194091796876
 20
27.2076416015625
 10
194.9207275390625
 20
27.1017822265625
 10
194.88909912109375
 20
26.995947265625
 10
194.85711669921875
 20
26.8901123046875
 10
194.8248046875
 20
26.7843017578125
 10
194.792236328125
 20
26.6784912109375
 10
194.75943603515626
 20
26.5726806640625
 10
194.72647705078126
 20
26.466845703125
 10
194.69334716796874
 20
26.36103515625
 10
194.66004638671876
 20
26.2552001953125
 10
194.62664794921875
 20
26.1493896484375
 10
194.5931640625
 20
26.043603515625
 10
194.55955810546874
 20
25.93779296875
 10
194.52586669921874
 20
25.831982421875
 10
194.4921142578125
 20
25.726171875
 10
194.458251953125
 20
25.620361328125
 10
194.4243408203125
 20
25.51455078125
 10
194.39036865234374
 20
25.4087646484375
 10
194.3563232421875
 20
25.3030029296875
 10
194.32222900390624
 20
25.1971923828125
 10
194.28804931640624
 20
25.09140625
 10
194.25382080078126
 20
24.9855712890625
 10
194.21951904296876
 20
24.8798095703125
 10
194.18516845703124
 20
24.7740478515625
 10
194.15076904296876
 20
24.6682373046875
 10
194.11629638671874
 20
24.562451171875
 10
194.081787109375
 20
24.456640625
 10
194.0472412109375
 20
24.3508544921875
 10
194.01268310546874
 20
24.245068359375
 10
193.978076171875
 20
24.139306640625
 10
193.94346923828124
 20
24.0335205078125
 10
193.90885009765626
 20
23.9277099609375
 10
193.87425537109374
 20
23.8219482421875
 10
193.83966064453125
 20
23.716162109375
 10
193.80511474609375
 20
23.610400390625
 10
193.770556640625
 20
23.504638671875
 10
193.73604736328124
 20
23.398876953125
 10
193.7015380859375
 20
23.2931396484375
 10
193.6670166015625
 20
23.1875
 10
193.632470703125
 20
23.0819091796875
 10
193.5978759765625
 20
22.97646484375
 10
193.56319580078124
 20
22.8712158203125
 10
193.528369140625
 20
22.7662353515625
 10
193.4933349609375
 20
22.6615966796875
 10
193.4580322265625
 20
22.557421875
 10
193.42235107421874
 20
22.4539306640625
 10
193.38626708984376
 20
22.351220703125
 10
193.3496337890625
 20
22.2495361328125
 10
193.31236572265624
 20
22.1490966796875
 10
193.274365234375
 20
22.0501708984375
 10
193.235546875
 20
21.9531494140625
 10
193.1958251953125
 20
21.858349609375
 10
193.155078125
 20
21.7661865234375
 10
193.11326904296874
 20
21.6771240234375
 10
193.07034912109376
 20
21.5915771484375
 10
193.02623291015624
 20
21.5100341796875
 10
192.9809326171875
 20
21.432958984375
 10
192.93443603515624
 20
21.3609130859375
 10
192.886767578125
 20
21.294384765625
 10
192.83797607421874
 20
21.233837890625
 10
192.788134765625
 20
21.17978515625
 10
192.73736572265625
 20
21.1326416015625
 10
192.6857666015625
 20
21.092822265625
 10
192.63350830078124
 20
21.0606689453125
  0
LWPOLYLINE
  5
5A
330
17
100
AcDbEntity
  8
0
100
AcDbPolyline
 90
177
 70
1
 10
225.523095703125
 20
19.567626953125
 10
225.4435791015625
 20
19.7341552734375
 10
225.4196533203125
 20
19.8095703125
 10
225.3992431640625
 20
19.897998046875
 10
225.385107421875
 20
19.9987548828125
 10
225.3939697265625
 20
20.0876953125
 10
225.4181640625
 20
20.176123046875
 10
225.4576904296875
 20
20.2609375
 10
225.5114990234375
 20
20.339990234375
 10
225.5750732421875
 20
20.415185546875
 10
225.64453125
 20
20.4878173828125
 10
225.7150634765625
 20
20.5594970703125
 10
225.7817626953125
 20
20.632177734375
 10
225.8411376953125
 20
20.7076904296875
 10
225.8910888671875
 20
20.788037109375
 10
225.9309814453125
 20
20.874072265625
 10
225.961083984375
 20
20.965869140625
 10
225.982861328125
 20
21.0624267578125
 10
225.999072265625
 20
21.1628173828125
 10
226.012841796875
 20
21.265966796875
 10
226.027294921875
 20
21.3709716796875
 10
226.0455810546875
 20
21.4768798828125
 10
226.0697998046875
 20
21.5830078125
 10
226.1020263671875
 20
21.6890380859375
 10
226.1444091796875
 20
21.794921875
 10
226.1971923828125
 20
21.9006591796875
 10
226.2597412109375
 20
22.006298828125
 10
226.330322265625
 20
22.1117919921875
 10
226.40576171875
 20
22.217236328125
 10
226.4826171875
 20
22.3226806640625
 10
226.5559814453125
 20
22.4281494140625
 10
226.6199462890625
 20
22.5337646484375
 10
226.6702880859375
 20
22.6392333984375
 10
226.703564453125
 20
22.7443115234375
 10
226.7169921875
 20
22.8487060546875
 10
226.7098388671875
 20
22.9521240234375
 10
226.6828369140625
 20
23.0540283203125
 10
226.638720703125
 20
23.1533203125
 10
226.581396484375
 20
23.2487548828125
 10
226.5128662109375
 20
23.3406005859375
 10
226.4380859375
 20
23.4272705078125
 10
226.362255859375
 20
23.5071044921875
 10
226.2777099609375
 20
23.5874267578125
 10
226.204296875
 20
23.6542236328125
 10
226.1423583984375
 20
23.7084228515625
 10
226.00836332230475
 20
23.81950498624501
 10
224.45306487716692
 20
25.21990199633724
 10
224.420166015625
 20
25.3860595703125
 10
224.4070068359375
 20
25.462548828125
 10
224.3931884765625
 20
25.553955078125
 10
224.379736328125
 20
25.6605712890625
 10
224.3728515625
 20
25.7593505859375
 10
224.3716064453125
 20
25.8623779296875
 10
224.3783203125
 20
25.9674560546875
 10
224.3951904296875
 20
26.072119140625
 10
224.4228271484375
 20
26.1769287109375
 10
224.4627197265625
 20
26.2806640625
 10
224.5154541015625
 20
26.382080078125
 10
224.5810791015625
 20
26.4798828125
 10
224.6589111328125
 20
26.5725830078125
 10
224.747509765625
 20
26.6582763671875
 10
224.845166015625
 20
26.7358154296875
 10
224.9504638671875
 20
26.8035888671875
 10
225.0613525390625
 20
26.860791015625
 10
225.1760498046875
 20
26.906787109375
 10
225.2931640625
 20
26.9415771484375
 10
225.411669921875
 20
26.965771484375
 10
225.530859375
 20
26.9806396484375
 10
225.650390625
 20
26.986865234375
 10
225.7698974609375
 20
26.985595703125
 10
225.8894287109375
 20
26.9775390625
 10
226.008935546875
 20
26.9638671875
 10
226.1284423828125
 20
26.945556640625
 10
226.2479248046875
 20
26.9229248046875
 10
226.367431640625
 20
26.895947265625
 10
226.4869384765625
 20
26.8652099609375
 10
226.6064453125
 20
26.8310791015625
 10
226.725927734375
 20
26.794482421875
 10
226.8453857421875
 20
26.7553466796875
 10
226.964892578125
 20
26.7137939453125
 10
227.0843505859375
 20
26.670654296875
 10
227.2038330078125
 20
26.6265869140625
 10
227.3233154296875
 20
26.5822265625
 10
227.442822265625
 20
26.5381591796875
 10
227.5623046875
 20
26.4950439453125
 10
227.681787109375
 20
26.453759765625
 10
227.8012451171875
 20
26.4149658203125
 10
227.920751953125
 20
26.3783447265625
 10
228.040283203125
 20
26.3448486328125
 10
228.1597900390625
 20
26.3150390625
 10
228.2793212890625
 20
26.2898681640625
 10
228.3988525390625
 20
26.2699951171875
 10
228.518408203125
 20
26.2560546875
 10
228.6379638671875
 20
26.2498291015625
 10
228.7574951171875
 20
26.253564453125
 10
228.877099609375
 20
26.2675537109375
 10
228.9966796875
 20
26.29140625
 10
229.1162841796875
 20
26.3239990234375
 10
229.235888671875
 20
26.3636962890625
 10
229.355517578125
 20
26.408984375
 10
229.475146484375
 20
26.456787109375
 10
229.594775390625
 20
26.503955078125
 10
229.7143798828125
 20
26.5486328125
 10
229.8340087890625
 20
26.5898681640625
 10
229.9536376953125
 20
26.6277587890625
 10
230.0732666015625
 20
26.661865234375
 10
230.1928955078125
 20
26.691943359375
 10
230.3125
 20
26.7177001953125
 10
230.4321044921875
 20
26.7387451171875
 10
230.551708984375
 20
26.7542724609375
 10
230.6713134765625
 20
26.7626708984375
 10
230.790869140625
 20
26.76171875
 10
230.910107421875
 20
26.7505615234375
 10
231.0285888671875
 20
26.7279052734375
 10
231.145703125
 20
26.694091796875
 10
231.2603515625
 20
26.6494384765625
 10
231.3725341796875
 20
26.5933837890625
 10
231.479833984375
 20
26.5290283203125
 10
231.579833984375
 20
26.4600830078125
 10
231.6825439453125
 20
26.3755859375
 10
231.7689208984375
 20
26.2996337890625
 10
231.839599609375
 20
26.233251953125
 10
231.9858642578125
 20
26.0796142578125
 10
231.9858642578125
 20
22.354052734375
 10
231.799462890625
 20
22.2556640625
 10
231.7135986328125
 20
22.2099853515625
 10
231.6109619140625
 20
22.155224609375
 10
231.4912353515625
 20
22.091650390625
 10
231.3802490234375
 20
22.0329345703125
 10
231.2643798828125
 20
21.9718017578125
 10
231.146044921875
 20
21.9103759765625
 10
231.027734375
 20
21.8499267578125
 10
230.9083740234375
 20
21.790673828125
 10
230.7886474609375
 20
21.7330078125
 10
230.6689208984375
 20
21.6759765625
 10
230.5491943359375
 20
21.6195556640625
 10
230.4295166015625
 20
21.5640625
 10
230.3097900390625
 20
21.5085693359375
 10
230.190087890625
 20
21.4534423828125
 10
230.0703857421875
 20
21.39765625
 10
229.9507080078125
 20
21.3412353515625
 10
229.8309814453125
 20
21.2854248046875
 10
229.711279296875
 20
21.2305419921875
 10
229.5915771484375
 20
21.1760009765625
 10
229.4718994140625
 20
21.122412109375
 10
229.352197265625
 20
21.069091796875
 10
229.2325439453125
 20
21.01640625
 10
229.112841796875
 20
20.9646240234375
 10
228.9931396484375
 20
20.9128662109375
 10
228.873486328125
 20
20.8601806640625
 10
228.7537841796875
 20
20.806591796875
 10
228.6341064453125
 20
20.7510986328125
 10
228.514404296875
 20
20.6940673828125
 10
228.3947265625
 20
20.635498046875
 10
228.275048828125
 20
20.5747314453125
 10
228.1553466796875
 20
20.5121337890625
 10
228.0356689453125
 20
20.4488525390625
 10
227.915966796875
 20
20.3862548828125
 10
227.7962890625
 20
20.3255126953125
 10
227.676611328125
 20
20.2666015625
 10
227.55693359375
 20
20.209912109375
 10
227.437255859375
 20
20.1556884765625
 10
227.3176025390625
 20
20.104248046875
 10
227.1979248046875
 20
20.0550048828125
 10
227.078271484375
 20
20.006640625
 10
226.958642578125
 20
19.9586181640625
 10
226.8389892578125
 20
19.9115478515625
 10
226.7193359375
 20
19.8654052734375
 10
226.5996826171875
 20
19.82109375
 10
226.4803955078125
 20
19.778955078125
 10
226.3621337890625
 20
19.7396240234375
 10
226.243896484375
 20
19.7040283203125
 10
226.128125
 20
19.672998046875
 10
226.0172119140625
 20
19.6465576171875
 10
225.897607421875
 20
19.6233642578125
 10
225.7950927734375
 20
19.6052001953125
 10
225.7093017578125
 20
19.591455078125
  0
LWPOLYLINE
  5
5B
330
17
100
AcDbEntity
  8
0
100
AcDbPolyline
 90
235
 70
1
 10
147.06356201171874
 20
17.1380126953125
 10
146.97156982421876
 20
17.13994140625
 10
146.883349609375
 20
17.1478759765625
 10
146.79913330078125
 20
17.1618896484375
 10
146.719140625
 20
17.1822021484375
 10
146.64356689453126
 20
17.2088134765625
 10
146.57254638671876
 20
17.2416259765625
 10
146.50618896484374
 20
17.2806884765625
 10
146.4445556640625
 20
17.3258056640625
 10
146.38768310546874
 20
17.3768798828125
 10
146.335546875
 20
17.4336181640625
 10
146.28809814453126
 20
17.49580078125
 10
146.24517822265625
 20
17.563134765625
 10
146.20667724609376
 20
17.635205078125
 10
146.17239990234376
 20
17.7117919921875
 10
146.14212646484376
 20
17.7924560546875
 10
146.115625
 20
17.8768798828125
 10
146.092626953125
 20
17.964599609375
 10
146.07283935546874
 20
18.0553466796875
 10
146.05599365234374
 20
18.148681640625
 10
146.0417724609375
 20
18.2443115234375
 10
146.0299072265625
 20
18.3419189453125
 10
146.02012939453124
 20
18.4412353515625
 10
146.012158203125
 20
18.541943359375
 10
146.00577392578126
 20
18.6438720703125
 10
146.0007080078125
 20
18.746728515625
 10
145.99674072265626
 20
18.850341796875
 10
145.99371337890625
 20
18.95458984375
 10
145.99141845703124
 20
19.05927734375
 10
145.98975830078126
 20
19.1643798828125
 10
145.98856201171876
 20
19.269775390625
 10
145.9877197265625
 20
19.3753173828125
 10
145.98717041015624
 20
19.4810302734375
 10
145.98685302734376
 20
19.586865234375
 10
145.9866943359375
 20
19.6927490234375
 10
145.9866455078125
 20
19.7987060546875
 10
145.98665771484374
 20
19.9046630859375
 10
145.98671875
 20
20.01064453125
 10
145.9868408203125
 20
20.1166259765625
 10
145.986962890625
 20
20.2226318359375
 10
145.98709716796876
 20
20.3286376953125
 10
145.98724365234375
 20
20.434619140625
 10
145.9873779296875
 20
20.5406005859375
 10
145.9875244140625
 20
20.6466064453125
 10
145.9876708984375
 20
20.7526123046875
 10
145.9878173828125
 20
20.85859375
 10
145.98795166015626
 20
20.9645751953125
 10
145.98809814453125
 20
21.07060546875
 10
145.98824462890624
 20
21.176611328125
 10
145.98839111328124
 20
21.2825927734375
 10
145.98851318359374
 20
21.3885986328125
 10
145.98865966796876
 20
21.4946044921875
 10
145.98880615234376
 20
21.6005615234375
 10
145.9889404296875
 20
21.706591796875
 10
145.98907470703125
 20
21.8125732421875
 10
145.9891845703125
 20
21.9185791015625
 10
145.9892822265625
 20
22.0245849609375
 10
145.98934326171874
 20
22.1305908203125
 10
145.9893798828125
 20
22.236572265625
 10
145.9893310546875
 20
22.3425537109375
 10
145.989208984375
 20
22.4485595703125
 10
145.9889892578125
 20
22.5545654296875
 10
145.988623046875
 20
22.6605712890625
 10
145.98807373046876
 20
22.7665771484375
 10
145.9873046875
 20
22.872607421875
 10
145.98626708984375
 20
22.97861328125
 10
145.98489990234376
 20
23.0846435546875
 10
145.9831787109375
 20
23.1906494140625
 10
145.98101806640625
 20
23.2967041015625
 10
145.978369140625
 20
23.402685546875
 10
145.9751953125
 20
23.5087158203125
 10
145.97147216796876
 20
23.614794921875
 10
145.967138671875
 20
23.7208251953125
 10
145.96219482421876
 20
23.826904296875
 10
145.95665283203124
 20
23.932958984375
 10
145.95054931640624
 20
24.039013671875
 10
145.94393310546874
 20
24.14501953125
 10
145.936865234375
 20
24.2510498046875
 10
145.9294921875
 20
24.35693359375
 10
145.92193603515625
 20
24.462744140625
 10
145.91444091796876
 20
24.568408203125
 10
145.90718994140624
 20
24.6738525390625
 10
145.90045166015625
 20
24.7790283203125
 10
145.89456787109376
 20
24.88388671875
 10
145.88984375
 20
24.988232421875
 10
145.88663330078126
 20
25.091943359375
 10
145.88531494140625
 20
25.194921875
 10
145.88631591796874
 20
25.296923828125
 10
145.8900146484375
 20
25.39775390625
 10
145.89683837890624
 20
25.49716796875
 10
145.90714111328126
 20
25.594921875
 10
145.921337890625
 20
25.69072265625
 10
145.939794921875
 20
25.7843017578125
 10
145.96280517578126
 20
25.875244140625
 10
145.990673828125
 20
25.9632568359375
 10
146.0236083984375
 20
26.0479736328125
 10
146.06182861328125
 20
26.12900390625
 10
146.10545654296874
 20
26.2059814453125
 10
146.154541015625
 20
26.278564453125
 10
146.20914306640626
 20
26.3464111328125
 10
146.2691650390625
 20
26.4091552734375
 10
146.33455810546874
 20
26.4665283203125
 10
146.40513916015624
 20
26.51826171875
 10
146.48074951171876
 20
26.564111328125
 10
146.5611328125
 20
26.6039306640625
 10
146.64603271484376
 20
26.637548828125
 10
146.7351318359375
 20
26.6648681640625
 10
146.828125
 20
26.685888671875
 10
146.92467041015624
 20
26.700634765625
 10
147.02442626953126
 20
26.7091552734375
 10
147.12703857421874
 20
26.7115966796875
 10
147.23216552734374
 20
26.70810546875
 10
147.3394287109375
 20
26.6989013671875
 10
147.4485595703125
 20
26.68427734375
 10
147.55921630859376
 20
26.6644775390625
 10
147.67113037109374
 20
26.63974609375
 10
147.7840087890625
 20
26.61044921875
 10
147.89759521484376
 20
26.5769287109375
 10
148.0116455078125
 20
26.539453125
 10
148.125927734375
 20
26.4983642578125
 10
148.240234375
 20
26.453955078125
 10
148.3543701171875
 20
26.40654296875
 10
148.46820068359375
 20
26.3563232421875
 10
148.5815185546875
 20
26.3035888671875
 10
148.69420166015624
 20
26.2485595703125
 10
148.8060791015625
 20
26.1914306640625
 10
148.91700439453126
 20
26.1322998046875
 10
149.02684326171874
 20
26.0713623046875
 10
149.135498046875
 20
26.0086181640625
 10
149.24281005859376
 20
25.94423828125
 10
149.34866943359376
 20
25.878271484375
 10
149.45294189453125
 20
25.8107177734375
 10
149.55548095703125
 20
25.741650390625
 10
149.65618896484375
 20
25.671044921875
 10
149.7548583984375
 20
25.5988525390625
 10
149.851416015625
 20
25.5250732421875
 10
149.94569091796876
 20
25.4497802734375
 10
150.03756103515624
 20
25.37294921875
 10
150.12684326171876
 20
25.294482421875
 10
150.21343994140625
 20
25.214404296875
 10
150.29715576171876
 20
25.132763671875
 10
150.377880859375
 20
25.0494873046875
 10
150.45546875
 20
24.9645751953125
 10
150.52977294921874
 20
24.878125
 10
150.6007080078125
 20
24.7901123046875
 10
150.66812744140626
 20
24.7005615234375
 10
150.7319580078125
 20
24.6095947265625
 10
150.79212646484376
 20
24.517138671875
 10
150.848583984375
 20
24.4233154296875
 10
150.90130615234375
 20
24.32822265625
 10
150.95028076171874
 20
24.2319091796875
 10
150.9955322265625
 20
24.134423828125
 10
151.0370849609375
 20
24.0358642578125
 10
151.07503662109374
 20
23.936328125
 10
151.10946044921874
 20
23.835888671875
 10
151.140478515625
 20
23.7346435546875
 10
151.16824951171876
 20
23.6326416015625
 10
151.19293212890625
 20
23.52998046875
 10
151.214697265625
 20
23.4267822265625
 10
151.23372802734374
 20
23.323046875
 10
151.250244140625
 20
23.21884765625
 10
151.26446533203125
 20
23.114306640625
 10
151.2765625
 20
23.009423828125
 10
151.28677978515626
 20
22.904296875
 10
151.29532470703126
 20
22.798974609375
 10
151.3023681640625
 20
22.69345703125
 10
151.30809326171874
 20
22.5878173828125
 10
151.31270751953124
 20
22.482080078125
 10
151.31634521484375
 20
22.3762451171875
 10
151.31910400390626
 20
22.2703857421875
 10
151.32115478515624
 20
22.1644287109375
 10
151.32259521484374
 20
22.0584716796875
 10
151.3234619140625
 20
21.9524658203125
 10
151.32384033203124
 20
21.846484375
 10
151.32371826171874
 20
21.7405029296875
 10
151.32310791015624
 20
21.63447265625
 10
151.32198486328124
 20
21.5284912109375
 10
151.32030029296874
 20
21.42255859375
 10
151.31795654296874
 20
21.3166259765625
 10
151.3148681640625
 20
21.2107177734375
 10
151.310888671875
 20
21.1048583984375
 10
151.30589599609374
 20
20.999169921875
 10
151.29967041015624
 20
20.893505859375
 10
151.29202880859376
 20
20.7880126953125
 10
151.282763671875
 20
20.6827392578125
 10
151.271630859375
 20
20.5776611328125
 10
151.25836181640625
 20
20.4728759765625
 10
151.242724609375
 20
20.36845703125
 10
151.22445068359374
 20
20.264404296875
 10
151.20328369140626
 20
20.1609130859375
 10
151.17891845703124
 20
20.0579833984375
 10
151.1511474609375
 20
19.9557861328125
 10
151.11971435546874
 20
19.854345703125
 10
151.08438720703126
 20
19.7538330078125
 10
151.04498291015625
 20
19.654296875
 10
151.0013427734375
 20
19.5559326171875
 10
150.9532958984375
 20
19.4587646484375
 10
150.90076904296876
 20
19.36298828125
 10
150.8436767578125
 20
19.26865234375
 10
150.78201904296876
 20
19.1758544921875
 10
150.71578369140624
 20
19.084716796875
 10
150.6450927734375
 20
18.9953369140625
 10
150.5699951171875
 20
18.907763671875
 10
150.49063720703126
 20
18.822021484375
 10
150.40718994140624
 20
18.7382080078125
 10
150.31981201171874
 20
18.656298828125
 10
150.22874755859374
 20
18.5762939453125
 10
150.13424072265624
 20
18.4982177734375
 10
150.03653564453126
 20
18.4220947265625
 10
149.93592529296876
 20
18.347802734375
 10
149.8326416015625
 20
18.2753662109375
 10
149.7269775390625
 20
18.2046875
 10
149.619189453125
 20
18.135693359375
 10
149.50955810546876
 20
18.068408203125
 10
149.39827880859374
 20
18.0027587890625
 10
149.28565673828126
 20
17.938671875
 10
149.171875
 20
17.8761474609375
 10
149.057177734375
 20
17.815185546875
 10
148.9417236328125
 20
17.7557861328125
 10
148.82576904296874
 20
17.6979736328125
 10
148.7094482421875
 20
17.641845703125
 10
148.5929931640625
 20
17.5875
 10
148.4765625
 20
17.5350341796875
 10
148.36036376953126
 20
17.48466796875
 10
148.2445556640625
 20
17.436572265625
 10
148.12935791015624
 20
17.3909423828125
 10
148.014990234375
 20
17.3480712890625
 10
147.90164794921876
 20
17.308251953125
 10
147.78961181640625
 20
17.2718017578125
 10
147.6791015625
 20
17.2390380859375
 10
147.5703857421875
 20
17.2102294921875
 10
147.463720703125
 20
17.1858154296875
 10
147.359423828125
 20
17.1660888671875
 10
147.25777587890624
 20
17.151318359375
 10
147.15904541015624
 20
17.14189453125
  0
LWPOLYLINE
  5
5C
330
17
100
AcDbEntity
  8
0
100
AcDbPolyline
 90
443
 70
1
 10
170.2696044921875
 20
16.669677734375
 10
170.15865478515624
 20
16.6425048828125
 10
170.0469482421875
 20
16.62080078125
 10
169.93446044921876
 20
16.6047119140625
 10
169.82125244140624
 20
16.594287109375
 10
169.70733642578125
 20
16.589501953125
 10
169.5927490234375
 20
16.5903076171875
 10
169.47755126953126
 20
16.5966064453125
 10
169.36180419921874
 20
16.60830078125
 10
169.2455322265625
 20
16.6251708984375
 10
169.128857421875
 20
16.647021484375
 10
169.011767578125
 20
16.6736083984375
 10
168.89434814453125
 20
16.7046630859375
 10
168.77664794921876
 20
16.7398681640625
 10
168.6587158203125
 20
16.7789794921875
 10
168.540576171875
 20
16.8216064453125
 10
168.422265625
 20
16.8675048828125
 10
168.3038330078125
 20
16.91630859375
 10
168.185302734375
 20
16.9677001953125
 10
168.06668701171876
 20
17.021435546875
 10
167.94803466796876
 20
17.0772216796875
 10
167.82933349609374
 20
17.134814453125
 10
167.71060791015626
 20
17.193896484375
 10
167.5918701171875
 20
17.254345703125
 10
167.4731201171875
 20
17.3159423828125
 10
167.3543701171875
 20
17.378466796875
 10
167.23560791015626
 20
17.4417724609375
 10
167.116845703125
 20
17.505810546875
 10
166.99808349609376
 20
17.5704345703125
 10
166.87933349609375
 20
17.6355712890625
 10
166.76060791015624
 20
17.701171875
 10
166.64190673828125
 20
17.7671875
 10
166.52320556640626
 20
17.833642578125
 10
166.40455322265626
 20
17.900439453125
 10
166.2859619140625
 20
17.967724609375
 10
166.16744384765624
 20
18.03544921875
 10
166.04903564453124
 20
18.1036376953125
 10
165.93077392578124
 20
18.1723388671875
 10
165.81265869140626
 20
18.2415771484375
 10
165.69478759765624
 20
18.3114501953125
 10
165.57720947265625
 20
18.3821044921875
 10
165.45997314453126
 20
18.453515625
 10
165.34317626953126
 20
18.5258056640625
 10
165.22689208984374
 20
18.5990478515625
 10
165.11119384765624
 20
18.6732666015625
 10
164.99625244140626
 20
18.7486083984375
 10
164.8821044921875
 20
18.8251220703125
 10
164.7689208984375
 20
18.9029052734375
 10
164.65679931640625
 20
18.981982421875
 10
164.5458740234375
 20
19.0624755859375
 10
164.4362548828125
 20
19.144384765625
 10
164.328076171875
 20
19.2277587890625
 10
164.22147216796876
 20
19.3126708984375
 10
164.1165283203125
 20
19.399072265625
 10
164.01334228515626
 20
19.48701171875
 10
163.91202392578126
 20
19.5764404296875
 10
163.812646484375
 20
19.667333984375
 10
163.71524658203126
 20
19.7597412109375
 10
163.61986083984374
 20
19.8535400390625
 10
163.526513671875
 20
19.94873046875
 10
163.4351806640625
 20
20.04521484375
 10
163.345849609375
 20
20.14296875
 10
163.2584716796875
 20
20.241845703125
 10
163.17301025390626
 20
20.3418212890625
 10
163.0893310546875
 20
20.4427490234375
 10
163.0073974609375
 20
20.5446044921875
 10
162.92708740234374
 20
20.6472412109375
 10
162.8482666015625
 20
20.7506103515625
 10
162.7708251953125
 20
20.8546142578125
 10
162.69464111328125
 20
20.959130859375
 10
162.61956787109375
 20
21.06416015625
 10
162.54549560546874
 20
21.1696044921875
 10
162.47230224609376
 20
21.275390625
 10
162.39989013671874
 20
21.3814697265625
 10
162.32816162109376
 20
21.4877685546875
 10
162.2570068359375
 20
21.594189453125
 10
162.18636474609374
 20
21.7007568359375
 10
162.11617431640624
 20
21.807470703125
 10
162.04639892578126
 20
21.9142822265625
 10
161.97696533203126
 20
22.021142578125
 10
161.9078857421875
 20
22.128076171875
 10
161.83914794921876
 20
22.2350341796875
 10
161.77076416015626
 20
22.3420166015625
 10
161.702783203125
 20
22.4489501953125
 10
161.63524169921874
 20
22.5559326171875
 10
161.56820068359374
 20
22.662890625
 10
161.5017578125
 20
22.7698486328125
 10
161.435986328125
 20
22.8767333984375
 10
161.37105712890624
 20
22.98369140625
 10
161.30706787109375
 20
23.0905517578125
 10
161.24422607421874
 20
23.1973388671875
 10
161.18270263671874
 20
23.3041259765625
 10
161.122705078125
 20
23.410791015625
 10
161.064453125
 20
23.5174072265625
 10
161.0082275390625
 20
23.62392578125
 10
160.95428466796875
 20
23.730322265625
 10
160.9029296875
 20
23.8365478515625
 10
160.85447998046874
 20
23.9426025390625
 10
160.80924072265626
 20
24.0484130859375
 10
160.76756591796874
 20
24.15400390625
 10
160.729736328125
 20
24.259375
 10
160.6961181640625
 20
24.3644775390625
 10
160.66700439453126
 20
24.46923828125
 10
160.64266357421874
 20
24.5736083984375
 10
160.6234130859375
 20
24.6776611328125
 10
160.6094482421875
 20
24.7812744140625
 10
160.60101318359375
 20
24.88447265625
 10
160.59825439453124
 20
24.987255859375
 10
160.6012939453125
 20
25.0895263671875
 10
160.610205078125
 20
25.19130859375
 10
160.6250244140625
 20
25.292529296875
 10
160.64571533203124
 20
25.3932373046875
 10
160.67220458984374
 20
25.493310546875
 10
160.704345703125
 20
25.592822265625
 10
160.74200439453125
 20
25.6917236328125
 10
160.78494873046876
 20
25.7900634765625
 10
160.832958984375
 20
25.8877197265625
 10
160.88575439453126
 20
25.984716796875
 10
160.94307861328124
 20
26.081103515625
 10
161.0046142578125
 20
26.176806640625
 10
161.07008056640626
 20
26.271826171875
 10
161.13909912109375
 20
26.3661376953125
 10
161.21143798828126
 20
26.4598388671875
 10
161.28675537109376
 20
26.55283203125
 10
161.364794921875
 20
26.6451416015625
 10
161.4452880859375
 20
26.736767578125
 10
161.527978515625
 20
26.8277099609375
 10
161.6126953125
 20
26.9179931640625
 10
161.69921875
 20
27.0076416015625
 10
161.7873779296875
 20
27.09658203125
 10
161.87703857421874
 20
27.18486328125
 10
161.96810302734374
 20
27.27255859375
 10
162.06041259765624
 20
27.3596435546875
 10
162.1539306640625
 20
27.4461181640625
 10
162.24854736328126
 20
27.5319580078125
 10
162.344189453125
 20
27.6171875
 10
162.440869140625
 20
27.701806640625
 10
162.5384765625
 20
27.7858154296875
 10
162.6370361328125
 20
27.8691650390625
 10
162.73651123046875
 20
27.951904296875
 10
162.83687744140624
 20
28.0339111328125
 10
162.938134765625
 20
28.1152587890625
 10
163.0402587890625
 20
28.19580078125
 10
163.14322509765626
 20
28.2755615234375
 10
163.2470458984375
 20
28.354443359375
 10
163.35164794921874
 20
28.4323974609375
 10
163.45709228515625
 20
28.5093017578125
 10
163.563330078125
 20
28.58515625
 10
163.67037353515624
 20
28.6598388671875
 10
163.7781982421875
 20
28.7332275390625
 10
163.88682861328124
 20
28.8052978515625
 10
163.99617919921874
 20
28.875927734375
 10
164.10631103515624
 20
28.9450439453125
 10
164.2171630859375
 20
29.01259765625
 10
164.32872314453124
 20
29.078515625
 10
164.440966796875
 20
29.1427001953125
 10
164.553857421875
 20
29.2051513671875
 10
164.6673828125
 20
29.265771484375
 10
164.78150634765626
 20
29.324609375
 10
164.8962158203125
 20
29.381640625
 10
165.01146240234374
 20
29.43681640625
 10
165.1271728515625
 20
29.490234375
 10
165.24337158203124
 20
29.5418701171875
 10
165.35994873046874
 20
29.5918212890625
 10
165.47689208984374
 20
29.6401611328125
 10
165.59415283203126
 20
29.6868896484375
 10
165.71171875
 20
29.7321533203125
 10
165.82952880859375
 20
29.7760498046875
 10
165.94757080078125
 20
29.8185791015625
 10
166.065771484375
 20
29.8598388671875
 10
166.18414306640625
 20
29.8999755859375
 10
166.3026123046875
 20
29.9390869140625
 10
166.4212158203125
 20
29.9772216796875
 10
166.53988037109374
 20
30.0144287109375
 10
166.65859375
 20
30.050830078125
 10
166.7773681640625
 20
30.08642578125
 10
166.89620361328124
 20
30.121240234375
 10
167.0150390625
 20
30.155419921875
 10
167.1339111328125
 20
30.1888916015625
 10
167.25277099609374
 20
30.221728515625
 10
167.37166748046874
 20
30.253857421875
 10
167.49056396484374
 20
30.2853759765625
 10
167.6094482421875
 20
30.3162353515625
 10
167.7283447265625
 20
30.3464599609375
 10
167.8472412109375
 20
30.376025390625
 10
167.96614990234374
 20
30.4049560546875
 10
168.0850341796875
 20
30.433203125
 10
168.2039306640625
 20
30.46083984375
 10
168.3228271484375
 20
30.487841796875
 10
168.44173583984374
 20
30.5142822265625
 10
168.5606201171875
 20
30.540087890625
 10
168.67952880859374
 20
30.5653564453125
 10
168.79842529296874
 20
30.590185546875
 10
168.917333984375
 20
30.614501953125
 10
169.03624267578124
 20
30.638525390625
 10
169.155126953125
 20
30.6621337890625
 10
169.27403564453124
 20
30.6854736328125
 10
169.3929443359375
 20
30.70859375
 10
169.511865234375
 20
30.73154296875
 10
169.63077392578126
 20
30.7544189453125
 10
169.74967041015626
 20
30.7772705078125
 10
169.8685791015625
 20
30.8000732421875
 10
169.98748779296875
 20
30.82294921875
 10
170.10640869140624
 20
30.845849609375
 10
170.22532958984374
 20
30.8688232421875
 10
170.34422607421874
 20
30.891943359375
 10
170.463134765625
 20
30.915185546875
 10
170.5820556640625
 20
30.938525390625
 10
170.7009765625
 20
30.9619873046875
 10
170.81988525390625
 20
30.9854736328125
 10
170.93880615234374
 20
31.00908203125
 10
171.0577392578125
 20
31.03271484375
 10
171.17664794921876
 20
31.05634765625
 10
171.29559326171875
 20
31.080029296875
 10
171.4145263671875
 20
31.1036376953125
 10
171.533447265625
 20
31.1271728515625
 10
171.652392578125
 20
31.150537109375
 10
171.77132568359374
 20
31.1738525390625
 10
171.8902587890625
 20
31.19697265625
 10
172.0092041015625
 20
31.2199462890625
 10
172.1281494140625
 20
31.242724609375
 10
172.24708251953126
 20
31.26533203125
 10
172.36602783203125
 20
31.2877685546875
 10
172.48497314453124
 20
31.310009765625
 10
172.60391845703126
 20
31.33203125
 10
172.72286376953124
 20
31.3539306640625
 10
172.84180908203126
 20
31.37568359375
 10
172.96075439453125
 20
31.397265625
 10
173.07969970703124
 20
31.41875
 10
173.19864501953126
 20
31.44013671875
 10
173.31759033203124
 20
31.4614013671875
 10
173.4365234375
 20
31.482666015625
 10
173.55548095703125
 20
31.50390625
 10
173.6744384765625
 20
31.5251708984375
 10
173.79339599609375
 20
31.546435546875
 10
173.912353515625
 20
31.5677001953125
 10
174.0313232421875
 20
31.5890380859375
 10
174.15028076171876
 20
31.6103759765625
 10
174.26922607421875
 20
31.631787109375
 10
174.38819580078126
 20
31.6532470703125
 10
174.50714111328125
 20
31.6747802734375
 10
174.626123046875
 20
31.6963623046875
 10
174.7450927734375
 20
31.71806640625
 10
174.8640625
 20
31.739794921875
 10
174.9830322265625
 20
31.761572265625
 10
175.102001953125
 20
31.7833251953125
 10
175.22098388671876
 20
31.8051025390625
 10
175.33995361328124
 20
31.826904296875
 10
175.458935546875
 20
31.848681640625
 10
175.57791748046876
 20
31.8703857421875
 10
175.69688720703124
 20
31.8920654296875
 10
175.8158447265625
 20
31.913623046875
 10
175.93477783203124
 20
31.935009765625
 10
176.0536865234375
 20
31.956201171875
 10
176.1725341796875
 20
31.9771728515625
 10
176.29132080078125
 20
31.997802734375
 10
176.40997314453125
 20
32.0180419921875
 10
176.52847900390626
 20
32.0378173828125
 10
176.6467529296875
 20
32.0570068359375
 10
176.76473388671874
 20
32.0754638671875
 10
176.88233642578126
 20
32.0930908203125
 10
176.99940185546876
 20
32.1096435546875
 10
177.11583251953124
 20
32.1249755859375
 10
177.23145751953126
 20
32.1388916015625
 10
177.34609375
 20
32.1510986328125
 10
177.45950927734376
 20
32.161376953125
 10
177.57147216796875
 20
32.169482421875
 10
177.68170166015625
 20
32.1751220703125
 10
177.78992919921876
 20
32.1780029296875
 10
177.8958740234375
 20
32.1778076171875
 10
177.99915771484376
 20
32.1742919921875
 10
178.09947509765624
 20
32.1671142578125
 10
178.196484375
 20
32.156005859375
 10
178.28983154296876
 20
32.14072265625
 10
178.3791748046875
 20
32.1210693359375
 10
178.464208984375
 20
32.0968017578125
 10
178.54459228515626
 20
32.0677490234375
 10
178.62008056640624
 20
32.033837890625
 10
178.69041748046874
 20
31.9949462890625
 10
178.75538330078126
 20
31.9510498046875
 10
178.81480712890624
 20
31.9021240234375
 10
178.86859130859375
 20
31.848291015625
 10
178.91663818359376
 20
31.789599609375
 10
178.95899658203126
 20
31.7262451171875
 10
178.995654296875
 20
31.6583740234375
 10
179.02672119140624
 20
31.586181640625
 10
179.05230712890625
 20
31.509912109375
 10
179.072607421875
 20
31.4298583984375
 10
179.08785400390624
 20
31.3463623046875
 10
179.098291015625
 20
31.25966796875
 10
179.1042236328125
 20
31.1700439453125
 10
179.1059326171875
 20
31.0778564453125
 10
179.1037841796875
 20
30.983349609375
 10
179.09808349609375
 20
30.88681640625
 10
179.08914794921876
 20
30.788623046875
 10
179.07733154296875
 20
30.6888427734375
 10
179.062939453125
 20
30.5878662109375
 10
179.0462890625
 20
30.4858154296875
 10
179.0276611328125
 20
30.3828857421875
 10
179.00731201171874
 20
30.279248046875
 10
178.985498046875
 20
30.175048828125
 10
178.9624267578125
 20
30.0704345703125
 10
178.93829345703125
 20
29.9655029296875
 10
178.91329345703124
 20
29.8602783203125
 10
178.887548828125
 20
29.7548583984375
 10
178.86121826171876
 20
29.64931640625
 10
178.834375
 20
29.543701171875
 10
178.8071044921875
 20
29.4380126953125
 10
178.7795166015625
 20
29.332275390625
 10
178.7516357421875
 20
29.226513671875
 10
178.72354736328126
 20
29.120703125
 10
178.69525146484375
 20
29.0149169921875
 10
178.666796875
 20
28.9091064453125
 10
178.63822021484376
 20
28.8033447265625
 10
178.60950927734376
 20
28.69755859375
 10
178.5806884765625
 20
28.591748046875
 10
178.55177001953126
 20
28.4859619140625
 10
178.52274169921876
 20
28.38017578125
 10
178.49361572265624
 20
28.2743896484375
 10
178.4644287109375
 20
28.1686279296875
 10
178.43514404296874
 20
28.0628173828125
 10
178.40579833984376
 20
27.95703125
 10
178.37635498046876
 20
27.8512451171875
 10
178.34683837890626
 20
27.7454833984375
 10
178.317236328125
 20
27.6397216796875
 10
178.28756103515624
 20
27.5339111328125
 10
178.25782470703126
 20
27.4281494140625
 10
178.22801513671874
 20
27.32236328125
 10
178.19813232421876
 20
27.2165771484375
 10
178.168212890625
 20
27.1108154296875
 10
178.13822021484376
 20
27.0050537109375
 10
178.108154296875
 20
26.8992919921875
 10
178.07806396484375
 20
26.7935302734375
 10
178.047900390625
 20
26.687744140625
 10
178.017724609375
 20
26.5820068359375
 10
177.9874755859375
 20
26.4762451171875
 10
177.95721435546875
 20
26.370458984375
 10
177.926904296875
 20
26.2647216796875
 10
177.8965576171875
 20
26.1589599609375
 10
177.8661865234375
 20
26.0531982421875
 10
177.83575439453125
 20
25.9474365234375
 10
177.80528564453124
 20
25.8417236328125
 10
177.774755859375
 20
25.7359619140625
 10
177.7441650390625
 20
25.6302001953125
 10
177.713525390625
 20
25.5243896484375
 10
177.68280029296875
 20
25.4186767578125
 10
177.6519775390625
 20
25.3129150390625
 10
177.62108154296874
 20
25.2071533203125
 10
177.5900634765625
 20
25.1014404296875
 10
177.5589111328125
 20
24.9956787109375
 10
177.52760009765626
 20
24.8899169921875
 10
177.49613037109376
 20
24.7842041015625
 10
177.4644775390625
 20
24.678466796875
 10
177.4326416015625
 20
24.572705078125
 10
177.4005859375
 20
24.4669677734375
 10
177.3682861328125
 20
24.36123046875
 10
177.33572998046876
 20
24.2554931640625
 10
177.302880859375
 20
24.1498291015625
 10
177.26971435546875
 20
24.044091796875
 10
177.2361572265625
 20
23.9384033203125
 10
177.202197265625
 20
23.832763671875
 10
177.16778564453125
 20
23.727099609375
 10
177.13287353515625
 20
23.621484375
 10
177.09737548828124
 20
23.5159423828125
 10
177.06119384765626
 20
23.41044921875
 10
177.02432861328126
 20
23.30498046875
 10
176.9865966796875
 20
23.199658203125
 10
176.94796142578124
 20
23.094482421875
 10
176.90826416015625
 20
22.9894287109375
 10
176.867431640625
 20
22.884619140625
 10
176.82532958984376
 20
22.780029296875
 10
176.78182373046874
 20
22.675732421875
 10
176.73682861328126
 20
22.57177734375
 10
176.690185546875
 20
22.46826171875
 10
176.64180908203124
 20
22.3651611328125
 10
176.5915771484375
 20
22.2625732421875
 10
176.5393798828125
 20
22.1605712890625
 10
176.4851318359375
 20
22.0592529296875
 10
176.42874755859376
 20
21.958642578125
 10
176.37017822265625
 20
21.8588623046875
 10
176.309423828125
 20
21.759912109375
 10
176.246435546875
 20
21.6619384765625
 10
176.1812255859375
 20
21.564892578125
 10
176.11380615234376
 20
21.468896484375
 10
176.04425048828125
 20
21.3739501953125
 10
175.9725830078125
 20
21.280126953125
 10
175.89891357421874
 20
21.187451171875
 10
175.82335205078124
 20
21.095849609375
 10
175.7459716796875
 20
21.005419921875
 10
175.66690673828126
 20
20.916064453125
 10
175.58626708984374
 20
20.827783203125
 10
175.5041748046875
 20
20.740576171875
 10
175.42076416015624
 20
20.6543701171875
 10
175.33612060546875
 20
20.5690673828125
 10
175.25037841796876
 20
20.484619140625
 10
175.16361083984376
 20
20.4008544921875
 10
175.07589111328124
 20
20.317822265625
 10
174.98726806640624
 20
20.23525390625
 10
174.897802734375
 20
20.153173828125
 10
174.80748291015624
 20
20.0714111328125
 10
174.7163818359375
 20
19.98984375
 10
174.624462890625
 20
19.908349609375
 10
174.53172607421874
 20
19.82685546875
 10
174.43812255859376
 20
19.7451904296875
 10
174.34368896484375
 20
19.6633056640625
 10
174.24835205078125
 20
19.5811279296875
 10
174.1520751953125
 20
19.4985107421875
 10
174.0548583984375
 20
19.4154541015625
 10
173.95670166015626
 20
19.331787109375
 10
173.85758056640626
 20
19.247607421875
 10
173.7574951171875
 20
19.162841796875
 10
173.65648193359374
 20
19.0774169921875
 10
173.55457763671876
 20
18.99140625
 10
173.4518310546875
 20
18.90478515625
 10
173.348291015625
 20
18.817626953125
 10
173.24407958984375
 20
18.72998046875
 10
173.1392578125
 20
18.6418701171875
 10
173.0339111328125
 20
18.5534912109375
 10
172.92813720703126
 20
18.464794921875
 10
172.82208251953125
 20
18.375927734375
 10
172.71580810546874
 20
18.287060546875
 10
172.60943603515625
 20
18.1983154296875
 10
172.50306396484376
 20
18.109765625
 10
172.3967529296875
 20
18.0216064453125
 10
172.290576171875
 20
17.9340087890625
 10
172.1845458984375
 20
17.847119140625
 10
172.07874755859376
 20
17.7611083984375
 10
171.97313232421874
 20
17.6761962890625
 10
171.86776123046874
 20
17.592626953125
 10
171.762548828125
 20
17.5105224609375
 10
171.65748291015626
 20
17.430224609375
 10
171.5525146484375
 20
17.3519287109375
 10
171.4475341796875
 20
17.2758544921875
 10
171.3425048828125
 20
17.20234375
 10
171.2373046875
 20
17.1316162109375
 10
171.13184814453126
 20
17.064013671875
 10
171.02606201171875
 20
16.9998291015625
 10
170.9198486328125
 20
16.9393310546875
 10
170.81312255859376
 20
16.8828369140625
 10
170.705810546875
 20
16.8305908203125
 10
170.59783935546875
 20
16.7829345703125
 10
170.4891845703125
 20
16.7401123046875
 10
170.37977294921876
 20
16.702294921875
  0
LWPOLYLINE
  5
5D
330
17
100
AcDbEntity
  8
0
100
AcDbPolyline
 90
444
 70
1
 10
215.299462890625
 20
14.848828125
 10
215.1878173828125
 20
14.8459228515625
 10
215.0758056640625
 20
14.8485107421875
 10
214.9634033203125
 20
14.8568115234375
 10
214.850634765625
 20
14.870947265625
 10
214.737548828125
 20
14.890966796875
 10
214.6241455078125
 20
14.9169189453125
 10
214.5104736328125
 20
14.948828125
 10
214.3965576171875
 20
14.9865478515625
 10
214.282470703125
 20
15.02998046875
 10
214.1682861328125
 20
15.078955078125
 10
214.0540283203125
 20
15.1333251953125
 10
213.939794921875
 20
15.1927490234375
 10
213.8256591796875
 20
15.25703125
 10
213.711669921875
 20
15.3257568359375
 10
213.597900390625
 20
15.3986083984375
 10
213.4844482421875
 20
15.4752685546875
 10
213.371337890625
 20
15.555322265625
 10
213.25869140625
 20
15.63837890625
 10
213.1465087890625
 20
15.72412109375
 10
213.0348388671875
 20
15.8121337890625
 10
212.923779296875
 20
15.90205078125
 10
212.8133544921875
 20
15.9936279296875
 10
212.7035888671875
 20
16.086474609375
 10
212.59453125
 20
16.18037109375
 10
212.486181640625
 20
16.2749755859375
 10
212.3785888671875
 20
16.3700927734375
 10
212.27177734375
 20
16.465625
 10
212.16572265625
 20
16.561279296875
 10
212.0604248046875
 20
16.6569580078125
 10
211.955859375
 20
16.7525146484375
 10
211.8520263671875
 20
16.8479736328125
 10
211.7488525390625
 20
16.9432373046875
 10
211.6463134765625
 20
17.0382080078125
 10
211.5443603515625
 20
17.1329833984375
 10
211.4428955078125
 20
17.227490234375
 10
211.3418701171875
 20
17.321826171875
 10
211.241162109375
 20
17.416064453125
 10
211.1407470703125
 20
17.510205078125
 10
211.04052734375
 20
17.60439453125
 10
210.9403564453125
 20
17.6986572265625
 10
210.8402099609375
 20
17.79306640625
 10
210.7399658203125
 20
17.887744140625
 10
210.639599609375
 20
17.9827880859375
 10
210.5390380859375
 20
18.0782470703125
 10
210.4383056640625
 20
18.1742431640625
 10
210.3373291015625
 20
18.270751953125
 10
210.236181640625
 20
18.367919921875
 10
210.134912109375
 20
18.4657470703125
 10
210.0336181640625
 20
18.5643310546875
 10
209.932373046875
 20
18.6635986328125
 10
209.83134765625
 20
18.763623046875
 10
209.7306884765625
 20
18.86435546875
 10
209.6305908203125
 20
18.9658447265625
 10
209.5313232421875
 20
19.068017578125
 10
209.433056640625
 20
19.1708251953125
 10
209.33603515625
 20
19.2742919921875
 10
209.2405517578125
 20
19.3783447265625
 10
209.146875
 20
19.4828857421875
 10
209.055224609375
 20
19.5878662109375
 10
208.965869140625
 20
19.693310546875
 10
208.8789794921875
 20
19.7990966796875
 10
208.7947998046875
 20
19.90517578125
 10
208.7135498046875
 20
20.011474609375
 10
208.6353271484375
 20
20.1179931640625
 10
208.5602294921875
 20
20.224658203125
 10
208.48837890625
 20
20.3314697265625
 10
208.41982421875
 20
20.4383544921875
 10
208.3545654296875
 20
20.5452880859375
 10
208.2926025390625
 20
20.6522705078125
 10
208.233837890625
 20
20.75927734375
 10
208.1781982421875
 20
20.866259765625
 10
208.125537109375
 20
20.9732666015625
 10
208.0757568359375
 20
21.08017578125
 10
208.0286376953125
 20
21.1871337890625
 10
207.9840576171875
 20
21.29404296875
 10
207.9417724609375
 20
21.4009033203125
 10
207.901611328125
 20
21.5077880859375
 10
207.863330078125
 20
21.6146240234375
 10
207.8267333984375
 20
21.7214599609375
 10
207.7916259765625
 20
21.8282470703125
 10
207.7578125
 20
21.935009765625
 10
207.7250732421875
 20
22.041748046875
 10
207.6932861328125
 20
22.1485107421875
 10
207.6622314453125
 20
22.2552490234375
 10
207.6317626953125
 20
22.36201171875
 10
207.601806640625
 20
22.4687255859375
 10
207.5721923828125
 20
22.5754150390625
 10
207.5428466796875
 20
22.68212890625
 10
207.513671875
 20
22.7888427734375
 10
207.4845947265625
 20
22.8955810546875
 10
207.45556640625
 20
23.002294921875
 10
207.4265625
 20
23.108984375
 10
207.397509765625
 20
23.215673828125
 10
207.3683837890625
 20
23.32236328125
 10
207.33916015625
 20
23.4291259765625
 10
207.3098876953125
 20
23.5358154296875
 10
207.280517578125
 20
23.642529296875
 10
207.251025390625
 20
23.74921875
 10
207.221435546875
 20
23.85595703125
 10
207.1917724609375
 20
23.9626708984375
 10
207.1620361328125
 20
24.0694091796875
 10
207.1322021484375
 20
24.1760986328125
 10
207.1022705078125
 20
24.2828125
 10
207.072265625
 20
24.3895263671875
 10
207.0422119140625
 20
24.4962646484375
 10
207.0120849609375
 20
24.6030029296875
 10
206.98193359375
 20
24.7096923828125
 10
206.9517333984375
 20
24.8163818359375
 10
206.921533203125
 20
24.9231201171875
 10
206.8912841796875
 20
25.029833984375
 10
206.86103515625
 20
25.136572265625
 10
206.8307861328125
 20
25.2432861328125
 10
206.8006103515625
 20
25.35
 10
206.7704345703125
 20
25.4567138671875
 10
206.7403564453125
 20
25.5634521484375
 10
206.7103515625
 20
25.670166015625
 10
206.6804443359375
 20
25.7768798828125
 10
206.6507080078125
 20
25.88359375
 10
206.621142578125
 20
25.990283203125
 10
206.5917236328125
 20
26.09697265625
 10
206.562548828125
 20
26.203662109375
 10
206.53359375
 20
26.3103759765625
 10
206.5048828125
 20
26.4170654296875
 10
206.47646484375
 20
26.523779296875
 10
206.44833984375
 20
26.63046875
 10
206.4205078125
 20
26.7371337890625
 10
206.39296875
 20
26.843798828125
 10
206.365771484375
 20
26.9504638671875
 10
206.3388427734375
 20
27.05712890625
 10
206.3122314453125
 20
27.16376953125
 10
206.2859375
 20
27.2704345703125
 10
206.259912109375
 20
27.3770751953125
 10
206.2341552734375
 20
27.4837158203125
 10
206.2086669921875
 20
27.590380859375
 10
206.1834228515625
 20
27.697021484375
 10
206.1583740234375
 20
27.803662109375
 10
206.1335693359375
 20
27.910302734375
 10
206.1089111328125
 20
28.016943359375
 10
206.0844482421875
 20
28.1235595703125
 10
206.0601318359375
 20
28.2302001953125
 10
206.0359619140625
 20
28.33681640625
 10
206.0119384765625
 20
28.44345703125
 10
205.9881103515625
 20
28.5500732421875
 10
205.9644775390625
 20
28.656689453125
 10
205.9410400390625
 20
28.7633056640625
 10
205.9179443359375
 20
28.869921875
 10
205.8951904296875
 20
28.976513671875
 10
205.872900390625
 20
29.083056640625
 10
205.851123046875
 20
29.18955078125
 10
205.830078125
 20
29.29599609375
 10
205.8098876953125
 20
29.402294921875
 10
205.7906982421875
 20
29.508447265625
 10
205.77275390625
 20
29.6144287109375
 10
205.7562255859375
 20
29.720166015625
 10
205.741455078125
 20
29.8255126953125
 10
205.728662109375
 20
29.93046875
 10
205.7181396484375
 20
30.0348876953125
 10
205.710205078125
 20
30.138671875
 10
205.70517578125
 20
30.2415771484375
 10
205.703369140625
 20
30.343505859375
 10
205.705126953125
 20
30.44423828125
 10
205.7107421875
 20
30.5435302734375
 10
205.7205322265625
 20
30.6412353515625
 10
205.7347900390625
 20
30.736962890625
 10
205.75380859375
 20
30.8305419921875
 10
205.777783203125
 20
30.921728515625
 10
205.80693359375
 20
31.0100830078125
 10
205.8414306640625
 20
31.09541015625
 10
205.881396484375
 20
31.1774169921875
 10
205.9269287109375
 20
31.2557861328125
 10
205.977978515625
 20
31.3302001953125
 10
206.034521484375
 20
31.4004150390625
 10
206.096533203125
 20
31.4662353515625
 10
206.1638671875
 20
31.52734375
 10
206.2363525390625
 20
31.5836181640625
 10
206.31376953125
 20
31.6348876953125
 10
206.3958740234375
 20
31.681005859375
 10
206.4824462890625
 20
31.7218994140625
 10
206.5731201171875
 20
31.757568359375
 10
206.6676513671875
 20
31.7880126953125
 10
206.7656494140625
 20
31.8132568359375
 10
206.8668212890625
 20
31.8334228515625
 10
206.970849609375
 20
31.8486572265625
 10
207.077392578125
 20
31.8590576171875
 10
207.186181640625
 20
31.864892578125
 10
207.2968505859375
 20
31.8663818359375
 10
207.4091796875
 20
31.8637451171875
 10
207.52294921875
 20
31.85732421875
 10
207.6378662109375
 20
31.847314453125
 10
207.753759765625
 20
31.834033203125
 10
207.8704345703125
 20
31.817822265625
 10
207.98779296875
 20
31.79892578125
 10
208.105615234375
 20
31.777685546875
 10
208.2238525390625
 20
31.754345703125
 10
208.3424072265625
 20
31.7292236328125
 10
208.4611572265625
 20
31.7024658203125
 10
208.5801025390625
 20
31.6744384765625
 10
208.6991455078125
 20
31.6452880859375
 10
208.8182861328125
 20
31.6152587890625
 10
208.9374755859375
 20
31.58447265625
 10
209.05673828125
 20
31.5531982421875
 10
209.1760009765625
 20
31.521484375
 10
209.2952880859375
 20
31.4894775390625
 10
209.41455078125
 20
31.4572998046875
 10
209.5338623046875
 20
31.4250244140625
 10
209.653173828125
 20
31.3927978515625
 10
209.7724853515625
 20
31.3606201171875
 10
209.8917724609375
 20
31.328564453125
 10
210.011083984375
 20
31.2966552734375
 10
210.1303955078125
 20
31.2649658203125
 10
210.24970703125
 20
31.2334716796875
 10
210.368994140625
 20
31.202197265625
 10
210.488330078125
 20
31.171142578125
 10
210.6076416015625
 20
31.14033203125
 10
210.7269287109375
 20
31.1097900390625
 10
210.846240234375
 20
31.0794677734375
 10
210.9655517578125
 20
31.049365234375
 10
211.08486328125
 20
31.0195068359375
 10
211.2041748046875
 20
30.9898681640625
 10
211.3235107421875
 20
30.96044921875
 10
211.4428466796875
 20
30.93125
 10
211.5621826171875
 20
30.902294921875
 10
211.6815185546875
 20
30.8735595703125
 10
211.80087890625
 20
30.845068359375
 10
211.9202392578125
 20
30.8168212890625
 10
212.03955078125
 20
30.788818359375
 10
212.1589111328125
 20
30.7611083984375
 10
212.278271484375
 20
30.73369140625
 10
212.397607421875
 20
30.7065673828125
 10
212.516943359375
 20
30.6797607421875
 10
212.636279296875
 20
30.6533447265625
 10
212.755615234375
 20
30.6272216796875
 10
212.874951171875
 20
30.60146484375
 10
212.9943115234375
 20
30.57607421875
 10
213.113671875
 20
30.551025390625
 10
213.2330322265625
 20
30.526318359375
 10
213.352392578125
 20
30.5019775390625
 10
213.4717529296875
 20
30.47802734375
 10
213.59111328125
 20
30.4543701171875
 10
213.7104736328125
 20
30.43095703125
 10
213.829833984375
 20
30.4078369140625
 10
213.9491943359375
 20
30.384912109375
 10
214.0685791015625
 20
30.3621337890625
 10
214.1879150390625
 20
30.339404296875
 10
214.3072998046875
 20
30.316748046875
 10
214.4266845703125
 20
30.2940185546875
 10
214.546044921875
 20
30.27119140625
 10
214.6654052734375
 20
30.24814453125
 10
214.7847900390625
 20
30.2247802734375
 10
214.9041748046875
 20
30.20107421875
 10
215.02353515625
 20
30.17685546875
 10
215.142919921875
 20
30.15205078125
 10
215.2622802734375
 20
30.1265869140625
 10
215.381689453125
 20
30.100341796875
 10
215.5010498046875
 20
30.0732177734375
 10
215.6204345703125
 20
30.0451416015625
 10
215.7398193359375
 20
30.015966796875
 10
215.8591796875
 20
29.98564453125
 10
215.9785400390625
 20
29.9540771484375
 10
216.0978759765625
 20
29.921240234375
 10
216.2172119140625
 20
29.8870361328125
 10
216.336474609375
 20
29.851318359375
 10
216.455712890625
 20
29.814111328125
 10
216.57490234375
 20
29.7753173828125
 10
216.6940185546875
 20
29.7348876953125
 10
216.813037109375
 20
29.692822265625
 10
216.9319091796875
 20
29.6489990234375
 10
217.0506591796875
 20
29.6034912109375
 10
217.169189453125
 20
29.556201171875
 10
217.2875244140625
 20
29.5071533203125
 10
217.40556640625
 20
29.4562744140625
 10
217.52333984375
 20
29.40361328125
 10
217.640771484375
 20
29.3491943359375
 10
217.7577880859375
 20
29.292919921875
 10
217.8743896484375
 20
29.2348388671875
 10
217.9905517578125
 20
29.1749755859375
 10
218.1061767578125
 20
29.11328125
 10
218.2212890625
 20
29.0498291015625
 10
218.3358154296875
 20
28.9845947265625
 10
218.449755859375
 20
28.9176025390625
 10
218.5631103515625
 20
28.8489013671875
 10
218.6758056640625
 20
28.778466796875
 10
218.7879150390625
 20
28.706298828125
 10
218.899462890625
 20
28.632470703125
 10
219.0103271484375
 20
28.55693359375
 10
219.120703125
 20
28.4797119140625
 10
219.2304931640625
 20
28.40087890625
 10
219.339794921875
 20
28.3203857421875
 10
219.4486083984375
 20
28.2383056640625
 10
219.55703125
 20
28.1546142578125
 10
219.6650146484375
 20
28.0693603515625
 10
219.7726806640625
 20
27.9825439453125
 10
219.8800048828125
 20
27.8942138671875
 10
219.9870361328125
 20
27.8043701171875
 10
220.0938232421875
 20
27.713134765625
 10
220.2003662109375
 20
27.6204345703125
 10
220.3067138671875
 20
27.526416015625
 10
220.412890625
 20
27.431103515625
 10
220.5188720703125
 20
27.33447265625
 10
220.6246826171875
 20
27.2366943359375
 10
220.7303466796875
 20
27.1378173828125
 10
220.835791015625
 20
27.037890625
 10
220.941064453125
 20
26.9370361328125
 10
221.046142578125
 20
26.8352783203125
 10
221.1510009765625
 20
26.7327392578125
 10
221.255615234375
 20
26.6295166015625
 10
221.3600341796875
 20
26.5256591796875
 10
221.4641357421875
 20
26.4213134765625
 10
221.56796875
 20
26.316455078125
 10
221.6715087890625
 20
26.211328125
 10
221.774658203125
 20
26.1059326171875
 10
221.87744140625
 20
26.000341796875
 10
221.9798095703125
 20
25.89462890625
 10
222.0817138671875
 20
25.788916015625
 10
222.183056640625
 20
25.6831787109375
 10
222.283837890625
 20
25.5775146484375
 10
222.3839599609375
 20
25.472021484375
 10
222.48330078125
 20
25.3666748046875
 10
222.581787109375
 20
25.261474609375
 10
222.6793212890625
 20
25.15654296875
 10
222.775732421875
 20
25.0518310546875
 10
222.8708740234375
 20
24.94736328125
 10
222.9645751953125
 20
24.843115234375
 10
223.056640625
 20
24.739111328125
 10
223.146875
 20
24.635302734375
 10
223.235009765625
 20
24.531689453125
 10
223.3207763671875
 20
24.42822265625
 10
223.4039794921875
 20
24.32490234375
 10
223.484326171875
 20
24.2216552734375
 10
223.561474609375
 20
24.1184814453125
 10
223.6352294921875
 20
24.0153076171875
 10
223.705224609375
 20
23.912158203125
 10
223.77119140625
 20
23.8089599609375
 10
223.8328125
 20
23.705712890625
 10
223.8898681640625
 20
23.6023193359375
 10
223.942041015625
 20
23.4988037109375
 10
223.9890869140625
 20
23.395166015625
 10
224.0308349609375
 20
23.29130859375
 10
224.067041015625
 20
23.1872802734375
 10
224.097607421875
 20
23.08310546875
 10
224.12236328125
 20
22.978759765625
 10
224.14130859375
 20
22.8741943359375
 10
224.154345703125
 20
22.769482421875
 10
224.1615478515625
 20
22.6645751953125
 10
224.162890625
 20
22.5595947265625
 10
224.158544921875
 20
22.454443359375
 10
224.1486083984375
 20
22.349169921875
 10
224.1332763671875
 20
22.243798828125
 10
224.11279296875
 20
22.1383544921875
 10
224.0872802734375
 20
22.0328369140625
 10
224.0571533203125
 20
21.9272705078125
 10
224.0226318359375
 20
21.821630859375
 10
223.9840087890625
 20
21.716015625
 10
223.9416259765625
 20
21.610400390625
 10
223.895751953125
 20
21.50478515625
 10
223.84677734375
 20
21.39912109375
 10
223.7949462890625
 20
21.29345703125
 10
223.7406005859375
 20
21.1878662109375
 10
223.683984375
 20
21.082275390625
 10
223.6254150390625
 20
20.97666015625
 10
223.5651123046875
 20
20.87109375
 10
223.503271484375
 20
20.7655517578125
 10
223.44013671875
 20
20.660009765625
 10
223.3758544921875
 20
20.554443359375
 10
223.3105712890625
 20
20.4489501953125
 10
223.2444580078125
 20
20.34345703125
 10
223.1775634765625
 20
20.2380126953125
 10
223.1099365234375
 20
20.1326416015625
 10
223.0416748046875
 20
20.02724609375
 10
222.9727783203125
 20
19.921923828125
 10
222.903271484375
 20
19.816650390625
 10
222.8331787109375
 20
19.7114990234375
 10
222.76240234375
 20
19.60654296875
 10
222.6909423828125
 20
19.5017822265625
 10
222.618701171875
 20
19.3971923828125
 10
222.5456298828125
 20
19.2928955078125
 10
222.471630859375
 20
19.1889404296875
 10
222.3966552734375
 20
19.085400390625
 10
222.32060546875
 20
18.9823486328125
 10
222.2432861328125
 20
18.8798583984375
 10
222.164697265625
 20
18.7780517578125
 10
222.0846923828125
 20
18.6769775390625
 10
222.003173828125
 20
18.5768310546875
 10
221.920068359375
 20
18.4776123046875
 10
221.8352783203125
 20
18.3795166015625
 10
221.74873046875
 20
18.282568359375
 10
221.6603271484375
 20
18.18701171875
 10
221.570068359375
 20
18.0928466796875
 10
221.4779052734375
 20
18.0001708984375
 10
221.3837646484375
 20
17.90908203125
 10
221.2877197265625
 20
17.8196533203125
 10
221.18974609375
 20
17.731982421875
 10
221.08984375
 20
17.6460693359375
 10
220.988134765625
 20
17.5619873046875
 10
220.8845947265625
 20
17.479736328125
 10
220.7793212890625
 20
17.3993408203125
 10
220.672412109375
 20
17.32080078125
 10
220.564013671875
 20
17.24404296875
 10
220.4541748046875
 20
17.16904296875
 10
220.3429931640625
 20
17.095751953125
 10
220.2305908203125
 20
17.0240966796875
 10
220.117138671875
 20
16.9539794921875
 10
220.0027099609375
 20
16.8853271484375
 10
219.8874267578125
 20
16.8180419921875
 10
219.77138671875
 20
16.75205078125
 10
219.6547119140625
 20
16.68720703125
 10
219.5375
 20
16.6234375
 10
219.41982421875
 20
16.5606201171875
 10
219.301806640625
 20
16.4986572265625
 10
219.1835205078125
 20
16.4374755859375
 10
219.0650146484375
 20
16.3769775390625
 10
218.9464599609375
 20
16.31708984375
 10
218.8278076171875
 20
16.25771484375
 10
218.709130859375
 20
16.198828125
 10
218.590576171875
 20
16.140380859375
 10
218.472119140625
 20
16.0822998046875
 10
218.35380859375
 20
16.0245849609375
 10
218.2357666015625
 20
15.967138671875
 10
218.1179931640625
 20
15.9099853515625
 10
218.0005615234375
 20
15.8531494140625
 10
217.8834716796875
 20
15.79658203125
 10
217.7668212890625
 20
15.7404052734375
 10
217.650634765625
 20
15.684521484375
 10
217.5348876953125
 20
15.6290771484375
 10
217.419677734375
 20
15.57412109375
 10
217.30498046875
 20
15.5197021484375
 10
217.1907958984375
 20
15.4659912109375
 10
217.0771728515625
 20
15.4130126953125
 10
216.9640869140625
 20
15.3609375
 10
216.85146484375
 20
15.3099853515625
 10
216.73935546875
 20
15.2602294921875
 10
216.627685546875
 20
15.211962890625
 10
216.51640625
 20
15.1653564453125
 10
216.40546875
 20
15.120751953125
 10
216.2947998046875
 20
15.078369140625
 10
216.184326171875
 20
15.038525390625
 10
216.073974609375
 20
15.0014892578125
 10
215.963720703125
 20
14.9676025390625
 10
215.85341796875
 20
14.93720703125
 10
215.74306640625
 20
14.91064453125
 10
215.6325439453125
 20
14.8882080078125
 10
215.5218017578125
 20
14.8702392578125
 10
215.410791015625
 20
14.8570068359375
  0
LWPOLYLINE
  5
5E
330
17
100
AcDbEntity
  8
0
100
AcDbPolyline
 90
173
 70
1
 10
238.552001953125
 20
13.0019775390625
 10
238.365673828125
 20
13.0300537109375
 10
238.279833984375
 20
13.047998046875
 10
238.1772705078125
 20
13.0723388671875
 10
238.0575927734375
 20
13.104443359375
 10
237.9466552734375
 20
13.1423095703125
 10
237.830859375
 20
13.186474609375
 10
237.7126220703125
 20
13.2362060546875
 10
237.5943603515625
 20
13.2912353515625
 10
237.4750732421875
 20
13.3506103515625
 10
237.35546875
 20
13.4134521484375
 10
237.2358154296875
 20
13.478125
 10
237.1162109375
 20
13.5443359375
 10
236.996630859375
 20
13.6121337890625
 10
236.877001953125
 20
13.6814453125
 10
236.757421875
 20
13.7513916015625
 10
236.637841796875
 20
13.821337890625
 10
236.518212890625
 20
13.8916015625
 10
236.3986083984375
 20
13.9624755859375
 10
236.279052734375
 20
14.0330322265625
 10
236.159423828125
 20
14.10234375
 10
236.03984375
 20
14.1695068359375
 10
235.9202392578125
 20
14.2347900390625
 10
235.800634765625
 20
14.2985107421875
 10
235.6810302734375
 20
14.359765625
 10
235.5614013671875
 20
14.4185302734375
 10
235.441796875
 20
14.4760498046875
 10
235.322216796875
 20
14.53359375
 10
235.202587890625
 20
14.5926513671875
 10
235.0830322265625
 20
14.65390625
 10
234.9634521484375
 20
14.7179443359375
 10
234.8438720703125
 20
14.7863037109375
 10
234.724267578125
 20
14.8596435546875
 10
234.6047119140625
 20
14.937646484375
 10
234.48515625
 20
15.0199951171875
 10
234.365966796875
 20
15.1057373046875
 10
234.2478271484375
 20
15.194287109375
 10
234.1317626953125
 20
15.2849609375
 10
234.019189453125
 20
15.3771484375
 10
233.9118408203125
 20
15.4705078125
 10
233.8118408203125
 20
15.564990234375
 10
233.721240234375
 20
15.6605712890625
 10
233.6414794921875
 20
15.7575927734375
 10
233.573193359375
 20
15.856298828125
 10
233.516455078125
 20
15.95703125
 10
233.4705078125
 20
16.059423828125
 10
233.4340087890625
 20
16.163330078125
 10
233.404833984375
 20
16.268310546875
 10
233.3812255859375
 20
16.3741455078125
 10
233.3617919921875
 20
16.4805419921875
 10
233.3455322265625
 20
16.587255859375
 10
233.3316650390625
 20
16.693896484375
 10
233.319921875
 20
16.8005126953125
 10
233.31025390625
 20
16.907080078125
 10
233.3030517578125
 20
17.0136474609375
 10
233.2979248046875
 20
17.120166015625
 10
233.294921875
 20
17.2266845703125
 10
233.293994140625
 20
17.3331298828125
 10
233.2951416015625
 20
17.4395751953125
 10
233.2983642578125
 20
17.545947265625
 10
233.3036865234375
 20
17.65234375
 10
233.3111083984375
 20
17.7586669921875
 10
233.321337890625
 20
17.8650146484375
 10
233.3340087890625
 20
17.9713134765625
 10
233.348779296875
 20
18.0775390625
 10
233.365283203125
 20
18.1837646484375
 10
233.3831787109375
 20
18.2900146484375
 10
233.4017822265625
 20
18.3962158203125
 10
233.420361328125
 20
18.502392578125
 10
233.43720703125
 20
18.6086181640625
 10
233.4512451171875
 20
18.7148681640625
 10
233.4614990234375
 20
18.8212158203125
 10
233.4668212890625
 20
18.9275634765625
 10
233.4662353515625
 20
19.034033203125
 10
233.4597412109375
 20
19.140576171875
 10
233.4472900390625
 20
19.2471923828125
 10
233.4299560546875
 20
19.3538818359375
 10
233.4094970703125
 20
19.4606201171875
 10
233.3876220703125
 20
19.5673828125
 10
233.3660888671875
 20
19.6741455078125
 10
233.3467041015625
 20
19.7808349609375
 10
233.3300537109375
 20
19.8875244140625
 10
233.316943359375
 20
19.9941650390625
 10
233.3079833984375
 20
20.100732421875
 10
233.3028564453125
 20
20.2072509765625
 10
233.3015380859375
 20
20.313720703125
 10
233.3041015625
 20
20.4201416015625
 10
233.3108154296875
 20
20.526513671875
 10
233.322802734375
 20
20.6328125
 10
233.3413818359375
 20
20.739013671875
 10
233.367333984375
 20
20.844775390625
 10
233.4019775390625
 20
20.9498291015625
 10
233.4460205078125
 20
21.0538330078125
 10
233.500537109375
 20
21.1564208984375
 10
233.5658447265625
 20
21.257373046875
 10
233.6416259765625
 20
21.3562744140625
 10
233.7268310546875
 20
21.4529052734375
 10
233.8207275390625
 20
21.547509765625
 10
233.9219970703125
 20
21.6405029296875
 10
234.0294921875
 20
21.732177734375
 10
234.141552734375
 20
21.8225341796875
 10
234.2567626953125
 20
21.911328125
 10
234.3739990234375
 20
21.9982177734375
 10
234.4926513671875
 20
22.082568359375
 10
234.6120361328125
 20
22.1635009765625
 10
234.7317138671875
 20
22.2401611328125
 10
234.8514404296875
 20
22.3111572265625
 10
234.971142578125
 20
22.3762939453125
 10
235.0908203125
 20
22.4358154296875
 10
235.2105224609375
 20
22.490087890625
 10
235.3302001953125
 20
22.5400146484375
 10
235.4498779296875
 20
22.5868408203125
 10
235.5695556640625
 20
22.6314697265625
 10
235.6892333984375
 20
22.6755126953125
 10
235.808935546875
 20
22.7195068359375
 10
235.9285888671875
 20
22.7638916015625
 10
236.048291015625
 20
22.8085205078125
 10
236.16796875
 20
22.8531494140625
 10
236.287646484375
 20
22.896533203125
 10
236.4073486328125
 20
22.938427734375
 10
236.5270263671875
 20
22.9781005859375
 10
236.6467041015625
 20
23.014990234375
 10
236.766357421875
 20
23.0484375
 10
236.8860595703125
 20
23.078515625
 10
237.0056884765625
 20
23.1048583984375
 10
237.1253662109375
 20
23.1281005859375
 10
237.245068359375
 20
23.147607421875
 10
237.364697265625
 20
23.1624267578125
 10
237.484375
 20
23.1719970703125
 10
237.6040283203125
 20
23.175390625
 10
237.7236328125
 20
23.1709716796875
 10
237.842919921875
 20
23.1578857421875
 10
237.9614990234375
 20
23.1345703125
 10
238.078662109375
 20
23.1003662109375
 10
238.193359375
 20
23.055712890625
 10
238.305615234375
 20
22.9995849609375
 10
238.4129638671875
 20
22.9347900390625
 10
238.5130126953125
 20
22.8648681640625
 10
238.6157958984375
 20
22.7784423828125
 10
238.7022216796875
 20
22.7002685546875
 10
238.7729248046875
 20
22.6319580078125
 10
238.91923828125
 20
22.4738525390625
 10
238.91923828125
 20
16.2979248046875
 10
238.8734619140625
 20
16.1327880859375
 10
238.8572021484375
 20
16.0566162109375
 10
238.840234375
 20
15.9656005859375
 10
238.8228759765625
 20
15.859375
 10
238.813232421875
 20
15.7607421875
 10
238.8056396484375
 20
15.6577880859375
 10
238.7998046875
 20
15.5526611328125
 10
238.7953369140625
 20
15.4474609375
 10
238.7905517578125
 20
15.3413330078125
 10
238.784716796875
 20
15.2349365234375
 10
238.7771240234375
 20
15.128564453125
 10
238.7670654296875
 20
15.022216796875
 10
238.7552978515625
 20
14.9158935546875
 10
238.7424560546875
 20
14.8095703125
 10
238.729296875
 20
14.7032958984375
 10
238.716455078125
 20
14.5969482421875
 10
238.7050537109375
 20
14.4906494140625
 10
238.6960693359375
 20
14.3843017578125
 10
238.690576171875
 20
14.2778564453125
 10
238.688525390625
 20
14.1714111328125
 10
238.6896728515625
 20
14.0649169921875
 10
238.6932373046875
 20
13.9583984375
 10
238.6985595703125
 20
13.8521240234375
 10
238.7038818359375
 20
13.746826171875
 10
238.705712890625
 20
13.641552734375
 10
238.7030029296875
 20
13.538525390625
 10
238.6951416015625
 20
13.4399169921875
 10
238.6728515625
 20
13.3337158203125
 10
238.6495849609375
 20
13.2427734375
 10
238.6256591796875
 20
13.166748046875
  0
LWPOLYLINE
  5
5F
330
17
100
AcDbEntity
  8
0
100
AcDbPolyline
 90
177
 70
1
 10
174.47841796875
 20
10.1759521484375
 10
174.29315185546875
 20
10.1010986328125
 10
174.20780029296876
 20
10.0725341796875
 10
174.10579833984374
 20
10.0417236328125
 10
173.98717041015624
 20
10.0091796875
 10
173.87825927734374
 20
9.9876708984375
 10
173.76451416015624
 20
9.9705810546875
 10
173.6507568359375
 20
9.9584228515625
 10
173.54185791015624
 20
9.951806640625
 10
173.42325439453126
 20
9.9520751953125
 10
173.3213134765625
 20
9.954638671875
 10
173.23602294921875
 20
9.958935546875
 10
173.05091512520912
 20
9.978122473282202
 10
169.72193681125677
 20
10.036230005896869
 10
169.57828369140626
 20
10.1681396484375
 10
169.5166748046875
 20
10.2318115234375
 10
169.4457275390625
 20
10.309521484375
 10
169.36544189453124
 20
10.4018798828125
 10
169.2976318359375
 20
10.4915771484375
 10
169.23050537109376
 20
10.5877685546875
 10
169.1658447265625
 20
10.68828125
 10
169.104296875
 20
10.790869140625
 10
169.04447021484376
 20
10.895654296875
 10
168.98570556640624
 20
11.0016357421875
 10
168.9279541015625
 20
11.1082275390625
 10
168.87022705078124
 20
11.2151611328125
 10
168.81146240234375
 20
11.3220458984375
 10
168.7506103515625
 20
11.428955078125
 10
168.68802490234376
 20
11.5359375
 10
168.62266845703124
 20
11.6429443359375
 10
168.5548828125
 20
11.7499755859375
 10
168.48468017578125
 20
11.85703125
 10
168.41239013671876
 20
11.964111328125
 10
168.33941650390625
 20
12.0712158203125
 10
168.26712646484376
 20
12.1783203125
 10
168.19588623046874
 20
12.2853759765625
 10
168.12706298828124
 20
12.3924072265625
 10
168.0606689453125
 20
12.4994140625
 10
167.99705810546874
 20
12.606396484375
 10
167.9365478515625
 20
12.713330078125
 10
167.8784912109375
 20
12.8202392578125
 10
167.82247314453124
 20
12.927099609375
 10
167.7685546875
 20
13.033935546875
 10
167.7167236328125
 20
13.1407470703125
 10
167.668359375
 20
13.2474853515625
 10
167.6244873046875
 20
13.3541748046875
 10
167.5864990234375
 20
13.460498046875
 10
167.55648193359374
 20
13.5657470703125
 10
167.53619384765625
 20
13.668701171875
 10
167.5276611328125
 20
13.7674560546875
 10
167.53262939453126
 20
13.8598388671875
 10
167.5521484375
 20
13.943701171875
 10
167.58690185546874
 20
14.016796875
 10
167.63687744140626
 20
14.0776611328125
 10
167.7013916015625
 20
14.1255859375
 10
167.77940673828124
 20
14.1615966796875
 10
167.8692138671875
 20
14.1881591796875
 10
167.96868896484375
 20
14.2083984375
 10
168.07545166015626
 20
14.225146484375
 10
168.18739013671876
 20
14.240869140625
 10
168.30281982421874
 20
14.257470703125
 10
168.42032470703126
 20
14.2756103515625
 10
168.5388671875
 20
14.294677734375
 10
168.65775146484376
 20
14.3127685546875
 10
168.77664794921876
 20
14.3278564453125
 10
168.8955322265625
 20
14.338232421875
 10
169.01441650390626
 20
14.3433349609375
 10
169.1332763671875
 20
14.3435302734375
 10
169.2521484375
 20
14.339990234375
 10
169.3706787109375
 20
14.3345947265625
 10
169.4885009765625
 20
14.3298583984375
 10
169.6052978515625
 20
14.328515625
 10
169.72071533203126
 20
14.3333740234375
 10
169.83441162109375
 20
14.3462890625
 10
169.94605712890626
 20
14.3685302734375
 10
170.05528564453124
 20
14.401025390625
 10
170.16243896484374
 20
14.4440673828125
 10
170.26788330078125
 20
14.497314453125
 10
170.37196044921876
 20
14.5595703125
 10
170.475
 20
14.628955078125
 10
170.57734375
 20
14.7036376953125
 10
170.6793701171875
 20
14.781396484375
 10
170.7813720703125
 20
14.860400390625
 10
170.88372802734375
 20
14.9390869140625
 10
170.98643798828124
 20
15.0162353515625
 10
171.0894775390625
 20
15.0918212890625
 10
171.19288330078126
 20
15.1661865234375
 10
171.2962890625
 20
15.2405029296875
 10
171.3993408203125
 20
15.31640625
 10
171.50169677734374
 20
15.394775390625
 10
171.60198974609375
 20
15.476611328125
 10
171.69986572265626
 20
15.5628173828125
 10
171.79495849609376
 20
15.653369140625
 10
171.88697509765626
 20
15.7482666015625
 10
171.9765380859375
 20
15.846630859375
 10
172.06436767578126
 20
15.9471923828125
 10
172.15118408203125
 20
16.048681640625
 10
172.23902587890626
 20
16.149853515625
 10
172.32894287109374
 20
16.249169921875
 10
172.42198486328124
 20
16.3450439453125
 10
172.51917724609376
 20
16.4355712890625
 10
172.62052001953126
 20
16.5189208984375
 10
172.72601318359375
 20
16.5938720703125
 10
172.83565673828124
 20
16.6594482421875
 10
172.9484130859375
 20
16.714501953125
 10
173.06357421875
 20
16.7580810546875
 10
173.18046875
 20
16.7895751953125
 10
173.2983642578125
 20
16.8086181640625
 10
173.4169677734375
 20
16.8153564453125
 10
173.53553466796876
 20
16.8090087890625
 10
173.65303955078124
 20
16.7894287109375
 10
173.76844482421876
 20
16.7565673828125
 10
173.88038330078126
 20
16.7107177734375
 10
173.987109375
 20
16.652587890625
 10
174.0865234375
 20
16.5830810546875
 10
174.17657470703125
 20
16.503515625
 10
174.255859375
 20
16.415771484375
 10
174.32369384765624
 20
16.321337890625
 10
174.37972412109374
 20
16.2220947265625
 10
174.42431640625
 20
16.1196533203125
 10
174.45850830078126
 20
16.0151123046875
 10
174.48369140625
 20
15.909521484375
 10
174.50087890625
 20
15.8033935546875
 10
174.51077880859376
 20
15.6970947265625
 10
174.51376953125
 20
15.5908935546875
 10
174.51051025390626
 20
15.4847412109375
 10
174.5013427734375
 20
15.3786865234375
 10
174.48629150390624
 20
15.272705078125
 10
174.46602783203124
 20
15.1668212890625
 10
174.4419677734375
 20
15.0609619140625
 10
174.41512451171874
 20
14.9552001953125
 10
174.3865478515625
 20
14.8493896484375
 10
174.35728759765624
 20
14.743603515625
 10
174.32835693359374
 20
14.6378173828125
 10
174.30047607421875
 20
14.53203125
 10
174.27327880859374
 20
14.426220703125
 10
174.24610595703126
 20
14.3203857421875
 10
174.2192626953125
 20
14.214599609375
 10
174.19312744140626
 20
14.1087890625
 10
174.1669677734375
 20
14.0029541015625
 10
174.14012451171874
 20
13.8971435546875
 10
174.11292724609376
 20
13.791357421875
 10
174.0857421875
 20
13.685546875
 10
174.0589111328125
 20
13.5797119140625
 10
174.03172607421874
 20
13.473974609375
 10
174.0034912109375
 20
13.3681396484375
 10
173.97457275390624
 20
13.2623779296875
 10
173.94564208984374
 20
13.156591796875
 10
173.9167236328125
 20
13.0508056640625
 10
173.88919677734376
 20
12.9453369140625
 10
173.86478271484376
 20
12.8404296875
 10
173.8455810546875
 20
12.736328125
 10
173.83399658203126
 20
12.633740234375
 10
173.83282470703125
 20
12.5331298828125
 10
173.84378662109376
 20
12.43515625
 10
173.8679443359375
 20
12.3404052734375
 10
173.9042236328125
 20
12.248583984375
 10
173.95057373046876
 20
12.1593994140625
 10
174.00489501953126
 20
12.0725830078125
 10
174.06407470703124
 20
11.9868896484375
 10
174.12359619140625
 20
11.901220703125
 10
174.17998046875
 20
11.814404296875
 10
174.2308349609375
 20
11.725146484375
 10
174.27474365234374
 20
11.633203125
 10
174.31173095703124
 20
11.5382568359375
 10
174.3417724609375
 20
11.439990234375
 10
174.36590576171875
 20
11.3390380859375
 10
174.3855224609375
 20
11.235986328125
 10
174.40167236328125
 20
11.1314697265625
 10
174.41505126953126
 20
11.0263427734375
 10
174.42705078125
 20
10.921533203125
 10
174.43765869140626
 20
10.81640625
 10
174.44688720703124
 20
10.7135009765625
 10
174.45438232421876
 20
10.6149658203125
 10
174.46116943359374
 20
10.5086669921875
 10
174.4666015625
 20
10.4176025390625
 10
174.47100830078125
 20
10.3413818359375
  0
LWPOLYLINE
  5
60
330
17
100
AcDbEntity
  8
0
100
AcDbPolyline
 90
351
 70
1
 10
181.49534229945726
 20
9.434052623022808
 10
181.31031494140626
 20
9.5453125
 10
181.2250732421875
 20
9.5956787109375
 10
181.12318115234376
 20
9.6556640625
 10
181.0043212890625
 20
9.7253173828125
 10
180.8941162109375
 20
9.7891845703125
 10
180.77906494140626
 20
9.8559326171875
 10
180.6615966796875
 20
9.9236572265625
 10
180.54412841796875
 20
9.9914306640625
 10
180.4256103515625
 20
10.060107421875
 10
180.30675048828124
 20
10.1288330078125
 10
180.18790283203126
 20
10.197509765625
 10
180.06905517578124
 20
10.2656005859375
 10
179.95020751953126
 20
10.3333740234375
 10
179.83135986328125
 20
10.401123046875
 10
179.71251220703124
 20
10.4682861328125
 10
179.59366455078126
 20
10.534814453125
 10
179.4748291015625
 20
10.600732421875
 10
179.35599365234376
 20
10.666015625
 10
179.23714599609374
 20
10.7309814453125
 10
179.11829833984376
 20
10.7947021484375
 10
178.99947509765624
 20
10.8572021484375
 10
178.88062744140626
 20
10.9184814453125
 10
178.7617919921875
 20
10.9784912109375
 10
178.6429443359375
 20
11.0382080078125
 10
178.5240966796875
 20
11.0976318359375
 10
178.4052490234375
 20
11.1567138671875
 10
178.28641357421876
 20
11.21640625
 10
178.16756591796874
 20
11.2767333984375
 10
178.04873046875
 20
11.338623046875
 10
177.9299072265625
 20
11.4020263671875
 10
177.81107177734376
 20
11.466064453125
 10
177.69224853515624
 20
11.5310791015625
 10
177.57342529296875
 20
11.597265625
 10
177.45460205078126
 20
11.664697265625
 10
177.33577880859374
 20
11.7337158203125
 10
177.2169677734375
 20
11.8033203125
 10
177.09814453125
 20
11.8738525390625
 10
176.97933349609374
 20
11.945654296875
 10
176.86053466796875
 20
12.018017578125
 10
176.74208984375
 20
12.0904052734375
 10
176.62432861328125
 20
12.162451171875
 10
176.50794677734376
 20
12.2338623046875
 10
176.39400634765624
 20
12.3055908203125
 10
176.2835205078125
 20
12.3775390625
 10
176.1779052734375
 20
12.4507080078125
 10
176.07886962890626
 20
12.5261962890625
 10
175.9875
 20
12.6052978515625
 10
175.90513916015624
 20
12.6886474609375
 10
175.8328125
 20
12.7767822265625
 10
175.7709228515625
 20
12.8694091796875
 10
175.7201416015625
 20
12.966552734375
 10
175.68079833984376
 20
13.0672119140625
 10
175.6525634765625
 20
13.1705078125
 10
175.63543701171875
 20
13.275537109375
 10
175.62906494140626
 20
13.3816162109375
 10
175.6323974609375
 20
13.488232421875
 10
175.64473876953124
 20
13.594970703125
 10
175.66470947265626
 20
13.7016357421875
 10
175.69056396484376
 20
13.808203125
 10
175.72095947265626
 20
13.9147216796875
 10
175.75445556640625
 20
14.0212158203125
 10
175.7889892578125
 20
14.127685546875
 10
175.82352294921876
 20
14.234130859375
 10
175.8573486328125
 20
14.3406005859375
 10
175.8901611328125
 20
14.4470947265625
 10
175.92159423828124
 20
14.5535888671875
 10
175.95159912109375
 20
14.660107421875
 10
175.9802490234375
 20
14.7666259765625
 10
176.00855712890626
 20
14.873193359375
 10
176.0371826171875
 20
14.979736328125
 10
176.06617431640626
 20
15.0863037109375
 10
176.09552001953125
 20
15.1927734375
 10
176.12589111328126
 20
15.2993408203125
 10
176.15731201171874
 20
15.405810546875
 10
176.18975830078125
 20
15.5123046875
 10
176.2229248046875
 20
15.618798828125
 10
176.2567626953125
 20
15.7252685546875
 10
176.29129638671876
 20
15.8317626953125
 10
176.3265380859375
 20
15.9382080078125
 10
176.362109375
 20
16.0446533203125
 10
176.39803466796874
 20
16.1510986328125
 10
176.43431396484374
 20
16.2574951171875
 10
176.47095947265626
 20
16.3639404296875
 10
176.50687255859376
 20
16.4703857421875
 10
176.54210205078124
 20
16.5768310546875
 10
176.57664794921874
 20
16.6833251953125
 10
176.61048583984376
 20
16.789794921875
 10
176.64329833984374
 20
16.8962646484375
 10
176.67508544921876
 20
17.0028076171875
 10
176.70579833984374
 20
17.109326171875
 10
176.7365234375
 20
17.2158203125
 10
176.76724853515626
 20
17.3223388671875
 10
176.79798583984376
 20
17.4288818359375
 10
176.8287109375
 20
17.535400390625
 10
176.86011962890626
 20
17.6419189453125
 10
176.8922119140625
 20
17.7484130859375
 10
176.92503662109374
 20
17.8549072265625
 10
176.958203125
 20
17.9614013671875
 10
176.99169921875
 20
18.0678955078125
 10
177.02554931640626
 20
18.174365234375
 10
177.0597412109375
 20
18.2808349609375
 10
177.09393310546875
 20
18.3873291015625
 10
177.12813720703124
 20
18.493798828125
 10
177.1623291015625
 20
18.6002685546875
 10
177.19652099609374
 20
18.706787109375
 10
177.23037109375
 20
18.8132568359375
 10
177.26385498046875
 20
18.9197509765625
 10
177.29700927734376
 20
19.026220703125
 10
177.32982177734374
 20
19.132763671875
 10
177.36229248046874
 20
19.2392578125
 10
177.3944091796875
 20
19.345751953125
 10
177.4265380859375
 20
19.4522216796875
 10
177.4596923828125
 20
19.558740234375
 10
177.4942138671875
 20
19.665234375
 10
177.53084716796874
 20
19.7716796875
 10
177.5702392578125
 20
19.878076171875
 10
177.61309814453125
 20
19.984423828125
 10
177.66048583984374
 20
20.0907470703125
 10
177.7127197265625
 20
20.1969970703125
 10
177.76981201171876
 20
20.3031494140625
 10
177.8321044921875
 20
20.4092529296875
 10
177.8992431640625
 20
20.5153076171875
 10
177.9712646484375
 20
20.6212646484375
 10
178.04813232421876
 20
20.7271728515625
 10
178.12916259765626
 20
20.8327392578125
 10
178.21365966796876
 20
20.9373046875
 10
178.30091552734376
 20
21.039990234375
 10
178.3919921875
 20
21.1404296875
 10
178.48480224609375
 20
21.2364990234375
 10
178.5765625
 20
21.326025390625
 10
178.68013916015624
 20
21.41640625
 10
178.7704833984375
 20
21.4920166015625
 10
178.84761962890624
 20
21.5534423828125
 10
179.02095881436986
 20
21.677364657316957
 10
184.35290549568478
 20
26.312355194127257
 10
184.53128662109376
 20
26.4354248046875
 10
184.61060791015626
 20
26.4964599609375
 10
184.70347900390624
 20
26.5716064453125
 10
184.80958251953126
 20
26.6614501953125
 10
184.90316162109374
 20
26.7505126953125
 10
184.9978271484375
 20
26.8460693359375
 10
185.09111328125
 20
26.9456787109375
 10
185.18160400390624
 20
27.046875
 10
185.27105712890625
 20
27.1490234375
 10
185.35948486328124
 20
27.2508544921875
 10
185.44720458984375
 20
27.351513671875
 10
185.53492431640626
 20
27.4502685546875
 10
185.62332763671876
 20
27.546875
 10
185.71314697265626
 20
27.6416015625
 10
185.80399169921876
 20
27.734765625
 10
185.8965576171875
 20
27.8266845703125
 10
185.99156494140624
 20
27.9173095703125
 10
186.08968505859374
 20
28.0063232421875
 10
186.1909423828125
 20
28.0931640625
 10
186.29530029296876
 20
28.1768798828125
 10
186.40279541015624
 20
28.2561767578125
 10
186.51375732421874
 20
28.329541015625
 10
186.6274658203125
 20
28.395166015625
 10
186.74327392578124
 20
28.4517822265625
 10
186.86044921875
 20
28.4984375
 10
186.97830810546876
 20
28.5345947265625
 10
187.09613037109375
 20
28.559912109375
 10
187.21328125
 20
28.5737548828125
 10
187.32901611328126
 20
28.5758544921875
 10
187.4429931640625
 20
28.5662353515625
 10
187.55452880859374
 20
28.5442626953125
 10
187.66258544921874
 20
28.5095947265625
 10
187.76712646484376
 20
28.4623291015625
 10
187.86785888671875
 20
28.402685546875
 10
187.96405029296875
 20
28.3316650390625
 10
188.05467529296874
 20
28.2504638671875
 10
188.1386962890625
 20
28.1607177734375
 10
188.21575927734375
 20
28.0645751953125
 10
188.28624267578124
 20
27.9638427734375
 10
188.34908447265624
 20
27.8601318359375
 10
188.40426025390624
 20
27.754638671875
 10
188.45250244140624
 20
27.648291015625
 10
188.49517822265625
 20
27.5417724609375
 10
188.53369140625
 20
27.4352294921875
 10
188.5690673828125
 20
27.3287841796875
 10
188.60238037109374
 20
27.2223388671875
 10
188.63568115234375
 20
27.1159423828125
 10
188.66968994140626
 20
27.0094970703125
 10
188.70472412109376
 20
26.9030029296875
 10
188.74117431640624
 20
26.796533203125
 10
188.77899169921875
 20
26.6900634765625
 10
188.81820068359374
 20
26.583544921875
 10
188.85811767578124
 20
26.477001953125
 10
188.8976806640625
 20
26.3704833984375
 10
188.93690185546876
 20
26.2639892578125
 10
188.9757568359375
 20
26.1574462890625
 10
189.01322021484376
 20
26.0509521484375
 10
189.04931640625
 20
25.944482421875
 10
189.0840087890625
 20
25.838037109375
 10
189.11732177734376
 20
25.731591796875
 10
189.1492431640625
 20
25.6251708984375
 10
189.17977294921874
 20
25.51875
 10
189.2089111328125
 20
25.412353515625
 10
189.23770751953126
 20
25.3059814453125
 10
189.26614990234376
 20
25.199609375
 10
189.2942626953125
 20
25.0932373046875
 10
189.32269287109375
 20
24.9868896484375
 10
189.35220947265626
 20
24.8804931640625
 10
189.38272705078126
 20
24.774072265625
 10
189.41431884765626
 20
24.6676513671875
 10
189.44656982421876
 20
24.5612548828125
 10
189.47952880859376
 20
24.4548095703125
 10
189.51319580078126
 20
24.3483642578125
 10
189.54720458984374
 20
24.2419189453125
 10
189.58155517578126
 20
24.1354248046875
 10
189.61624755859376
 20
24.028955078125
 10
189.65130615234375
 20
23.922509765625
 10
189.68707275390625
 20
23.816015625
 10
189.7235107421875
 20
23.709521484375
 10
189.76064453125
 20
23.6030029296875
 10
189.7984619140625
 20
23.4965087890625
 10
189.8363037109375
 20
23.3900390625
 10
189.87413330078124
 20
23.2835205078125
 10
189.91195068359374
 20
23.1769775390625
 10
189.94873046875
 20
23.0704833984375
 10
189.98447265625
 20
22.9639892578125
 10
190.0191650390625
 20
22.8575439453125
 10
190.05283203125
 20
22.7510986328125
 10
190.08544921875
 20
22.6446533203125
 10
190.1170166015625
 20
22.5382080078125
 10
190.14755859375
 20
22.431787109375
 10
190.1781005859375
 20
22.325390625
 10
190.2082763671875
 20
22.218994140625
 10
190.23812255859374
 20
22.1125732421875
 10
190.2676025390625
 20
22.0061767578125
 10
190.2974609375
 20
21.8997802734375
 10
190.32730712890626
 20
21.7933837890625
 10
190.35714111328124
 20
21.686962890625
 10
190.38663330078126
 20
21.5805908203125
 10
190.41649169921874
 20
21.474169921875
 10
190.4466796875
 20
21.3677490234375
 10
190.47720947265626
 20
21.261328125
 10
190.50772705078126
 20
21.1548828125
 10
190.53897705078126
 20
21.0484619140625
 10
190.5708984375
 20
20.942041015625
 10
190.603515625
 20
20.835595703125
 10
190.63648681640626
 20
20.7291259765625
 10
190.6697998046875
 20
20.6226806640625
 10
190.70345458984374
 20
20.5162353515625
 10
190.7374755859375
 20
20.409765625
 10
190.771484375
 20
20.3032958984375
 10
190.8054931640625
 20
20.196826171875
 10
190.83951416015626
 20
20.0903564453125
 10
190.87352294921874
 20
19.9838623046875
 10
190.90718994140624
 20
19.877392578125
 10
190.9401611328125
 20
19.7709228515625
 10
190.9724365234375
 20
19.664501953125
 10
191.00401611328124
 20
19.5580810546875
 10
191.03455810546876
 20
19.4516845703125
 10
191.0636962890625
 20
19.345263671875
 10
191.09111328125
 20
19.2388671875
 10
191.11748046875
 20
19.1324951171875
 10
191.14351806640624
 20
19.026171875
 10
191.16883544921876
 20
18.9197998046875
 10
191.1931396484375
 20
18.8134765625
 10
191.21707763671876
 20
18.7071044921875
 10
191.24136962890626
 20
18.60078125
 10
191.26668701171874
 20
18.4944091796875
 10
191.2927001953125
 20
18.3880615234375
 10
191.3190673828125
 20
18.281689453125
 10
191.346484375
 20
18.1753173828125
 10
191.37562255859376
 20
18.068896484375
 10
191.40582275390625
 20
17.9624755859375
 10
191.4363525390625
 20
17.8560302734375
 10
191.46656494140626
 20
17.749609375
 10
191.495703125
 20
17.6431884765625
 10
191.52276611328125
 20
17.5368408203125
 10
191.54637451171874
 20
17.4304931640625
 10
191.5651123046875
 20
17.32421875
 10
191.5782958984375
 20
17.218017578125
 10
191.58521728515626
 20
17.1119140625
 10
191.5851806640625
 20
17.005908203125
 10
191.57821044921874
 20
16.9
 10
191.56533203125
 20
16.7941650390625
 10
191.5472412109375
 20
16.6884033203125
 10
191.5246337890625
 20
16.582666015625
 10
191.49892578125
 20
16.4770751953125
 10
191.4714599609375
 20
16.3714111328125
 10
191.4432861328125
 20
16.2658203125
 10
191.41512451171874
 20
16.1601806640625
 10
191.38662109375
 20
16.0545654296875
 10
191.35811767578124
 20
15.9489501953125
 10
191.3299560546875
 20
15.843310546875
 10
191.30145263671875
 20
15.7376953125
 10
191.27188720703126
 20
15.632080078125
 10
191.24129638671874
 20
15.526513671875
 10
191.20966796875
 20
15.4209228515625
 10
191.17735595703124
 20
15.3153564453125
 10
191.1443359375
 20
15.2097900390625
 10
191.1106201171875
 20
15.1042724609375
 10
191.07655029296876
 20
14.9987060546875
 10
191.04212646484376
 20
14.8931640625
 10
191.0073974609375
 20
14.787646484375
 10
190.9722900390625
 20
14.6821044921875
 10
190.9368408203125
 20
14.576611328125
 10
190.90103759765626
 20
14.4711181640625
 10
190.86488037109376
 20
14.3656005859375
 10
190.82840576171876
 20
14.260107421875
 10
190.7922607421875
 20
14.1546142578125
 10
190.75645751953124
 20
14.0490478515625
 10
190.72100830078125
 20
13.9435546875
 10
190.6859130859375
 20
13.8380615234375
 10
190.65115966796876
 20
13.7325439453125
 10
190.61676025390625
 20
13.6269775390625
 10
190.5826904296875
 20
13.5214599609375
 10
190.5486328125
 20
13.4158935546875
 10
190.51456298828126
 20
13.3103759765625
 10
190.48050537109376
 20
13.2048583984375
 10
190.44610595703125
 20
13.0993408203125
 10
190.4113525390625
 20
12.9937744140625
 10
190.37625732421876
 20
12.8882568359375
 10
190.34080810546874
 20
12.782763671875
 10
190.3050048828125
 20
12.6772705078125
 10
190.26885986328125
 20
12.571728515625
 10
190.23236083984375
 20
12.4662353515625
 10
190.19622802734375
 20
12.3607421875
 10
190.16043701171876
 20
12.2552490234375
 10
190.12498779296874
 20
12.149755859375
 10
190.0898681640625
 20
12.0442138671875
 10
190.05511474609375
 20
11.9386962890625
 10
190.02071533203124
 20
11.8331787109375
 10
189.98665771484374
 20
11.7276611328125
 10
189.95260009765624
 20
11.622119140625
 10
189.91854248046874
 20
11.5166015625
 10
189.88448486328124
 20
11.411083984375
 10
189.85008544921874
 20
11.3055419921875
 10
189.81533203125
 20
11.200048828125
 10
189.7798828125
 20
11.0945556640625
 10
189.74339599609374
 20
10.9890625
 10
189.70587158203125
 20
10.88359375
 10
189.66695556640624
 20
10.778125
 10
189.6262939453125
 20
10.6726806640625
 10
189.5845947265625
 20
10.5672607421875
 10
189.54150390625
 20
10.461865234375
 10
189.49737548828125
 20
10.3564697265625
 10
189.4522216796875
 20
10.2511474609375
 10
189.4052978515625
 20
10.14609375
 10
189.3570068359375
 20
10.0419921875
 10
189.3055908203125
 20
9.9379638671875
 10
189.25140380859375
 20
9.8361328125
 10
189.19581298828126
 20
9.7386474609375
 10
189.12703857421874
 20
9.63359375
 10
189.0652099609375
 20
9.5435791015625
 10
189.01102294921876
 20
9.4683349609375
 10
188.88007316220674
 20
9.305151666336133
  0
LWPOLYLINE
  5
61
330
17
100
AcDbEntity
  8
0
100
AcDbPolyline
 90
424
 70
1
 10
208.7916015625
 20
11.3947509765625
 10
208.60576171875
 20
11.333154296875
 10
208.5201416015625
 20
11.3020751953125
 10
208.417822265625
 20
11.2632568359375
 10
208.2984375
 20
11.21640625
 10
208.187744140625
 20
11.169091796875
 10
208.0721923828125
 20
11.117822265625
 10
207.95419921875
 20
11.0629150390625
 10
207.836181640625
 20
11.0054931640625
 10
207.7171630859375
 20
10.9468505859375
 10
207.5977783203125
 20
10.887646484375
 10
207.4783935546875
 20
10.8283935546875
 10
207.358984375
 20
10.769482421875
 10
207.239599609375
 20
10.7108642578125
 10
207.1201904296875
 20
10.6538330078125
 10
207.000830078125
 20
10.598291015625
 10
206.8814697265625
 20
10.5433837890625
 10
206.7620849609375
 20
10.489111328125
 10
206.642724609375
 20
10.4348388671875
 10
206.5233642578125
 20
10.3805908203125
 10
206.4039794921875
 20
10.3266357421875
 10
206.284619140625
 20
10.2720703125
 10
206.1652587890625
 20
10.2171630859375
 10
206.0458740234375
 20
10.1622802734375
 10
205.926513671875
 20
10.1073974609375
 10
205.8071533203125
 20
10.0528564453125
 10
205.6877685546875
 20
9.998876953125
 10
205.568408203125
 20
9.944921875
 10
205.449072265625
 20
9.891259765625
 10
205.3297119140625
 20
9.8373046875
 10
205.2103759765625
 20
9.783056640625
 10
205.0909912109375
 20
9.7287841796875
 10
204.9716552734375
 20
9.6748291015625
 10
204.852294921875
 20
9.6205810546875
 10
204.7329345703125
 20
9.5663330078125
 10
204.61358642578125
 20
9.512353515625
 10
204.49425048828124
 20
9.459326171875
 10
204.37491455078126
 20
9.407568359375
 10
204.25557861328124
 20
9.356689453125
 10
204.13624267578126
 20
9.3061767578125
 10
204.01689453125
 20
9.25625
 10
203.89791259765624
 20
9.2072265625
 10
203.77996826171875
 20
9.1588623046875
 10
203.66202392578126
 20
9.1092041015625
 10
203.54652099609376
 20
9.058935546875
 10
203.43590087890624
 20
9.0088134765625
 10
203.31656494140626
 20
8.9505615234375
 10
203.21427001953126
 20
8.899365234375
 10
203.1286865234375
 20
8.854931640625
 10
202.94286553987766
 20
8.750914092910715
 10
197.21826148425038
 20
8.850837428390014
 10
197.03275146484376
 20
8.8939453125
 10
196.9472900390625
 20
8.909521484375
 10
196.8451416015625
 20
8.925927734375
 10
196.72596435546876
 20
8.942919921875
 10
196.61546630859374
 20
8.953271484375
 10
196.50010986328124
 20
8.962451171875
 10
196.38232421875
 20
8.9713623046875
 10
196.2645263671875
 20
8.981201171875
 10
196.14603271484376
 20
8.9947509765625
 10
196.02828369140624
 20
9.0142333984375
 10
195.91224365234376
 20
9.0419921875
 10
195.7990234375
 20
9.0800048828125
 10
195.68997802734376
 20
9.129052734375
 10
195.58687744140624
 20
9.189501953125
 10
195.49140625
 20
9.260986328125
 10
195.4046630859375
 20
9.342578125
 10
195.32694091796876
 20
9.4326904296875
 10
195.25897216796875
 20
9.5292236328125
 10
195.20037841796875
 20
9.630224609375
 10
195.1501220703125
 20
9.734228515625
 10
195.10648193359376
 20
9.839990234375
 10
195.06773681640624
 20
9.9466064453125
 10
195.032421875
 20
10.0534912109375
 10
194.99954833984376
 20
10.1603515625
 10
194.9673828125
 20
10.2671875
 10
194.9352294921875
 20
10.3740234375
 10
194.9027099609375
 20
10.480859375
 10
194.86983642578124
 20
10.5877197265625
 10
194.83662109375
 20
10.694580078125
 10
194.80306396484374
 20
10.8014404296875
 10
194.7691650390625
 20
10.9083251953125
 10
194.73525390625
 20
11.015185546875
 10
194.7013427734375
 20
11.1220458984375
 10
194.66744384765624
 20
11.2288818359375
 10
194.63353271484374
 20
11.3357421875
 10
194.5999755859375
 20
11.442578125
 10
194.56710205078124
 20
11.5494140625
 10
194.53492431640626
 20
11.6562744140625
 10
194.5034423828125
 20
11.7630859375
 10
194.4730224609375
 20
11.869921875
 10
194.44364013671876
 20
11.976708984375
 10
194.41527099609374
 20
12.0835205078125
 10
194.38729248046874
 20
12.190283203125
 10
194.35894775390625
 20
12.2970703125
 10
194.3305908203125
 20
12.403857421875
 10
194.30224609375
 20
12.5106201171875
 10
194.27320556640626
 20
12.6174072265625
 10
194.2438232421875
 20
12.7241943359375
 10
194.2140869140625
 20
12.831005859375
 10
194.1843505859375
 20
12.9377685546875
 10
194.15496826171875
 20
13.0445556640625
 10
194.1252197265625
 20
13.1513427734375
 10
194.0951416015625
 20
13.258154296875
 10
194.0650634765625
 20
13.3649658203125
 10
194.0343017578125
 20
13.471728515625
 10
194.00316162109374
 20
13.5785400390625
 10
193.9720458984375
 20
13.6853759765625
 10
193.94090576171874
 20
13.7921875
 10
193.9101318359375
 20
13.8989990234375
 10
193.8800537109375
 20
14.005810546875
 10
193.85101318359375
 20
14.112548828125
 10
193.82369384765624
 20
14.2193359375
 10
193.79744873046874
 20
14.3260986328125
 10
193.77152099609376
 20
14.4328125
 10
193.74630126953124
 20
14.5395751953125
 10
193.7221435546875
 20
14.6462890625
 10
193.6983154296875
 20
14.752978515625
 10
193.67413330078125
 20
14.859716796875
 10
193.64891357421874
 20
14.966455078125
 10
193.62301025390624
 20
15.0731689453125
 10
193.5967529296875
 20
15.1799072265625
 10
193.56944580078124
 20
15.286669921875
 10
193.54041748046876
 20
15.3934326171875
 10
193.5103271484375
 20
15.500244140625
 10
193.47989501953126
 20
15.6070556640625
 10
193.44947509765626
 20
15.7138427734375
 10
193.41939697265624
 20
15.820654296875
 10
193.39000244140624
 20
15.927392578125
 10
193.36199951171875
 20
16.0341796875
 10
193.33609619140626
 20
16.1408935546875
 10
193.31192626953126
 20
16.2476318359375
 10
193.2891357421875
 20
16.354296875
 10
193.26844482421876
 20
16.4609619140625
 10
193.2501708984375
 20
16.5676025390625
 10
193.23466796875
 20
16.6741943359375
 10
193.22230224609376
 20
16.780712890625
 10
193.21341552734376
 20
16.8872314453125
 10
193.20869140625
 20
16.9936767578125
 10
193.20919189453124
 20
17.100048828125
 10
193.21488037109376
 20
17.2063720703125
 10
193.22510986328126
 20
17.3125732421875
 10
193.23914794921876
 20
17.4187744140625
 10
193.25631103515624
 20
17.5249267578125
 10
193.27625732421876
 20
17.6310302734375
 10
193.2986328125
 20
17.737109375
 10
193.32205810546876
 20
17.8431396484375
 10
193.34547119140626
 20
17.94921875
 10
193.36923828125
 20
18.0552734375
 10
193.39368896484376
 20
18.1613037109375
 10
193.41917724609374
 20
18.267333984375
 10
193.4450439453125
 20
18.3733642578125
 10
193.4708984375
 20
18.4793701171875
 10
193.4974365234375
 20
18.5853759765625
 10
193.5257080078125
 20
18.691357421875
 10
193.55537109375
 20
18.797314453125
 10
193.5861083984375
 20
18.9032958984375
 10
193.61751708984374
 20
19.009228515625
 10
193.65067138671876
 20
19.1151611328125
 10
193.68553466796874
 20
19.2210693359375
 10
193.7218017578125
 20
19.326953125
 10
193.7584228515625
 20
19.4328369140625
 10
193.79539794921874
 20
19.5386962890625
 10
193.83270263671875
 20
19.6446044921875
 10
193.87034912109374
 20
19.7505126953125
 10
193.90732421875
 20
19.8563720703125
 10
193.94361572265626
 20
19.9622314453125
 10
193.97919921875
 20
20.0681396484375
 10
194.01444091796876
 20
20.1740478515625
 10
194.04931640625
 20
20.2799560546875
 10
194.08385009765624
 20
20.385888671875
 10
194.1180419921875
 20
20.491796875
 10
194.15223388671876
 20
20.5976806640625
 10
194.18641357421876
 20
20.7036376953125
 10
194.22059326171876
 20
20.8095458984375
 10
194.25478515625
 20
20.9154541015625
 10
194.28897705078126
 20
21.0213623046875
 10
194.3231689453125
 20
21.127294921875
 10
194.35771484375
 20
21.233203125
 10
194.3926025390625
 20
21.339111328125
 10
194.42783203125
 20
21.4450439453125
 10
194.46376953125
 20
21.550927734375
 10
194.50037841796876
 20
21.6568115234375
 10
194.53768310546874
 20
21.7626953125
 10
194.5760498046875
 20
21.8685546875
 10
194.61475830078126
 20
21.9744140625
 10
194.65380859375
 20
22.0802734375
 10
194.69320068359374
 20
22.1861328125
 10
194.73226318359374
 20
22.2919921875
 10
194.7709716796875
 20
22.3978515625
 10
194.80933837890626
 20
22.5037109375
 10
194.84630126953124
 20
22.6095947265625
 10
194.8822265625
 20
22.7155029296875
 10
194.9171142578125
 20
22.821435546875
 10
194.95096435546876
 20
22.92734375
 10
194.9841064453125
 20
23.0332763671875
 10
195.01654052734375
 20
23.1392333984375
 10
195.04832763671874
 20
23.2451904296875
 10
195.0804443359375
 20
23.3511474609375
 10
195.11290283203124
 20
23.4571044921875
 10
195.145703125
 20
23.5630615234375
 10
195.17919921875
 20
23.6689697265625
 10
195.21339111328126
 20
23.7749267578125
 10
195.24827880859374
 20
23.8808349609375
 10
195.2842041015625
 20
23.9867431640625
 10
195.32117919921876
 20
24.0926513671875
 10
195.35919189453125
 20
24.1985107421875
 10
195.3986083984375
 20
24.3043701171875
 10
195.4386962890625
 20
24.4102294921875
 10
195.4794921875
 20
24.5160888671875
 10
195.52098388671874
 20
24.621923828125
 10
195.56212158203124
 20
24.7277587890625
 10
195.6022216796875
 20
24.83359375
 10
195.64127197265626
 20
24.9394775390625
 10
195.6782470703125
 20
25.045361328125
 10
195.71314697265626
 20
25.1512939453125
 10
195.74593505859374
 20
25.2572265625
 10
195.77667236328125
 20
25.3632080078125
 10
195.80633544921875
 20
25.4692138671875
 10
195.83531494140624
 20
25.5751953125
 10
195.86361083984374
 20
25.6812255859375
 10
195.89224853515626
 20
25.787255859375
 10
195.922265625
 20
25.893212890625
 10
195.95367431640625
 20
25.9991943359375
 10
195.9864990234375
 20
26.1051513671875
 10
196.020703125
 20
26.211083984375
 10
196.0562744140625
 20
26.3170166015625
 10
196.0932373046875
 20
26.4229248046875
 10
196.13160400390626
 20
26.5288330078125
 10
196.1703125
 20
26.6346923828125
 10
196.209375
 20
26.740576171875
 10
196.24879150390626
 20
26.8464599609375
 10
196.28785400390626
 20
26.9523193359375
 10
196.3265625
 20
27.0581787109375
 10
196.36527099609376
 20
27.1640380859375
 10
196.40330810546874
 20
27.2699462890625
 10
196.4409912109375
 20
27.375830078125
 10
196.47830810546876
 20
27.4817138671875
 10
196.51563720703126
 20
27.5876220703125
 10
196.55364990234375
 20
27.693505859375
 10
196.59306640625
 20
27.799072265625
 10
196.6338623046875
 20
27.9037109375
 10
196.67742919921875
 20
28.0064208984375
 10
196.7251708984375
 20
28.1056884765625
 10
196.77882080078126
 20
28.199267578125
 10
196.83939208984376
 20
28.284423828125
 10
196.90794677734374
 20
28.3576904296875
 10
196.9848388671875
 20
28.416015625
 10
197.07071533203126
 20
28.4565185546875
 10
197.16492919921876
 20
28.476806640625
 10
197.26607666015624
 20
28.4759033203125
 10
197.37203369140624
 20
28.4541748046875
 10
197.48109130859376
 20
28.413232421875
 10
197.5915283203125
 20
28.3558349609375
 10
197.701953125
 20
28.285400390625
 10
197.81099853515624
 20
28.205712890625
 10
197.91864013671875
 20
28.1207763671875
 10
198.0252197265625
 20
28.0330810546875
 10
198.1314453125
 20
27.9444580078125
 10
198.23804931640626
 20
27.856103515625
 10
198.34566650390624
 20
27.7686767578125
 10
198.45504150390624
 20
27.6815673828125
 10
198.56649169921874
 20
27.59375
 10
198.67935791015626
 20
27.5041015625
 10
198.79288330078126
 20
27.412548828125
 10
198.9064208984375
 20
27.319189453125
 10
199.01890869140624
 20
27.2239501953125
 10
199.12930908203126
 20
27.126904296875
 10
199.2365966796875
 20
27.0289306640625
 10
199.34073486328126
 20
26.931005859375
 10
199.4421142578125
 20
26.8343505859375
 10
199.54105224609376
 20
26.739013671875
 10
199.6379150390625
 20
26.6448974609375
 10
199.73375244140624
 20
26.5520263671875
 10
199.82957763671874
 20
26.4607421875
 10
199.92642822265626
 20
26.370947265625
 10
200.02432861328126
 20
26.2827392578125
 10
200.12330322265626
 20
26.1950927734375
 10
200.2233154296875
 20
26.108056640625
 10
200.32435302734376
 20
26.0216552734375
 10
200.42646484375
 20
25.9358154296875
 10
200.52958984375
 20
25.8500244140625
 10
200.63377685546874
 20
25.7635498046875
 10
200.73897705078124
 20
25.675830078125
 10
200.84525146484376
 20
25.587158203125
 10
200.9525634765625
 20
25.4978759765625
 10
201.06092529296876
 20
25.408251953125
 10
201.1692626953125
 20
25.3186279296875
 10
201.27657470703124
 20
25.229638671875
 10
201.3818115234375
 20
25.1418701171875
 10
201.48497314453124
 20
25.0560546875
 10
201.58603515625
 20
24.9724365234375
 10
201.68502197265624
 20
24.890380859375
 10
201.78192138671875
 20
24.8092529296875
 10
201.87777099609374
 20
24.7284912109375
 10
201.97362060546874
 20
24.6473876953125
 10
202.07052001953124
 20
24.5653564453125
 10
202.16845703125
 20
24.4817138671875
 10
202.2674560546875
 20
24.395947265625
 10
202.36746826171876
 20
24.3082763671875
 10
202.4685302734375
 20
24.2190673828125
 10
202.57064208984374
 20
24.128564453125
 10
202.6738037109375
 20
24.0368408203125
 10
202.77799072265626
 20
23.9438232421875
 10
202.8835693359375
 20
23.849609375
 10
202.99090576171875
 20
23.7540771484375
 10
203.0999755859375
 20
23.656982421875
 10
203.21075439453125
 20
23.5580078125
 10
203.32259521484374
 20
23.4572021484375
 10
203.43477783203124
 20
23.3551025390625
 10
203.54627685546876
 20
23.2523681640625
 10
203.6560302734375
 20
23.15
 10
203.76300048828125
 20
23.0489013671875
 10
203.8672119140625
 20
22.9500244140625
 10
203.9686279296875
 20
22.854248046875
 10
204.0676025390625
 20
22.7616455078125
 10
204.16451416015624
 20
22.671826171875
 10
204.2607421875
 20
22.584521484375
 10
204.35765380859374
 20
22.4987060546875
 10
204.45665283203124
 20
22.413525390625
 10
204.55809326171874
 20
22.3280517578125
 10
204.6623046875
 20
22.2412109375
 10
204.76964111328124
 20
22.1531005859375
 10
204.8804931640625
 20
22.0637451171875
 10
204.994091796875
 20
21.9730712890625
 10
205.1097900390625
 20
21.881201171875
 10
205.2265625
 20
21.7880126953125
 10
205.3436279296875
 20
21.6935791015625
 10
205.4603759765625
 20
21.597900390625
 10
205.57607421875
 20
21.5007080078125
 10
205.6900146484375
 20
21.401708984375
 10
205.801904296875
 20
21.300537109375
 10
205.911328125
 20
21.1974853515625
 10
206.0186767578125
 20
21.0929443359375
 10
206.124267578125
 20
20.9871826171875
 10
206.228466796875
 20
20.8805419921875
 10
206.331298828125
 20
20.7732666015625
 10
206.4323974609375
 20
20.6656982421875
 10
206.5313720703125
 20
20.558203125
 10
206.627587890625
 20
20.450732421875
 10
206.719970703125
 20
20.343310546875
 10
206.8071533203125
 20
20.2359375
 10
206.8873779296875
 20
20.128662109375
 10
206.9595947265625
 20
20.021484375
 10
207.0234619140625
 20
19.9144287109375
 10
207.078271484375
 20
19.8074951171875
 10
207.1240478515625
 20
19.700732421875
 10
207.160791015625
 20
19.593994140625
 10
207.189501953125
 20
19.487451171875
 10
207.2119873046875
 20
19.380908203125
 10
207.2296142578125
 20
19.2744873046875
 10
207.243359375
 20
19.1681396484375
 10
207.2553955078125
 20
19.0617919921875
 10
207.2674560546875
 20
18.955419921875
 10
207.2812255859375
 20
18.8490234375
 10
207.2974365234375
 20
18.742626953125
 10
207.316455078125
 20
18.636181640625
 10
207.3385498046875
 20
18.5296875
 10
207.3641845703125
 20
18.4231689453125
 10
207.3921875
 20
18.3165771484375
 10
207.4219970703125
 20
18.2099609375
 10
207.4528076171875
 20
18.103369140625
 10
207.483984375
 20
17.9967529296875
 10
207.5151611328125
 20
17.8901611328125
 10
207.5459716796875
 20
17.783544921875
 10
207.576123046875
 20
17.6769287109375
 10
207.60625
 20
17.5703369140625
 10
207.636376953125
 20
17.4637451171875
 10
207.66650390625
 20
17.3571533203125
 10
207.697314453125
 20
17.250537109375
 10
207.728857421875
 20
17.1439208984375
 10
207.7610595703125
 20
17.0373046875
 10
207.7939697265625
 20
16.9306640625
 10
207.8272216796875
 20
16.8240234375
 10
207.8604736328125
 20
16.7173828125
 10
207.8937744140625
 20
16.6107177734375
 10
207.9266845703125
 20
16.5040771484375
 10
207.9588623046875
 20
16.3974365234375
 10
207.9900390625
 20
16.2908447265625
 10
208.020166015625
 20
16.1842041015625
 10
208.049267578125
 20
16.077587890625
 10
208.077978515625
 20
15.971044921875
 10
208.1060302734375
 20
15.864453125
 10
208.1333740234375
 20
15.7578369140625
 10
208.1607421875
 20
15.651318359375
 10
208.1887939453125
 20
15.5447265625
 10
208.2171630859375
 20
15.438134765625
 10
208.2455810546875
 20
15.3315185546875
 10
208.2732666015625
 20
15.2249755859375
 10
208.3009521484375
 20
15.1183837890625
 10
208.328271484375
 20
15.0118408203125
 10
208.35458984375
 20
14.9052734375
 10
208.379150390625
 20
14.7987060546875
 10
208.402685546875
 20
14.6921875
 10
208.425830078125
 20
14.585693359375
 10
208.449365234375
 20
14.479150390625
 10
208.4725341796875
 20
14.37265625
 10
208.495703125
 20
14.2661376953125
 10
208.51923828125
 20
14.159619140625
 10
208.543798828125
 20
14.0531005859375
 10
208.5687255859375
 20
13.9465576171875
 10
208.5936279296875
 20
13.8400146484375
 10
208.618212890625
 20
13.7334716796875
 10
208.643115234375
 20
13.6269287109375
 10
208.6690673828125
 20
13.520361328125
 10
208.6967529296875
 20
13.4137939453125
 10
208.7258544921875
 20
13.3072021484375
 10
208.75703125
 20
13.2005615234375
 10
208.7899658203125
 20
13.0939208984375
 10
208.824267578125
 20
12.9872802734375
 10
208.8592529296875
 20
12.8805908203125
 10
208.893212890625
 20
12.7739013671875
 10
208.9243896484375
 20
12.6673095703125
 10
208.952099609375
 20
12.5607177734375
 10
208.9749267578125
 20
12.4541748046875
 10
208.9921875
 20
12.3477294921875
 10
209.003173828125
 20
12.2416748046875
 10
209.0072021484375
 20
12.136669921875
 10
209.0029052734375
 20
12.031787109375
 10
208.9912841796875
 20
11.9291259765625
 10
208.9730712890625
 20
11.830908203125
 10
208.940234375
 20
11.7251708984375
 10
208.907763671875
 20
11.6345947265625
 10
208.876708984375
 20
11.5588623046875
  0
LWPOLYLINE
  5
62
330
17
100
AcDbEntity
  8
0
100
AcDbPolyline
 90
254
 70
1
 10
214.994775390625
 20
8.117236328125
 10
214.8089599609375
 20
8.0919677734375
 10
214.7233642578125
 20
8.084033203125
 10
214.6210693359375
 20
8.077001953125
 10
214.5017333984375
 20
8.0714599609375
 10
214.3910888671875
 20
8.072314453125
 10
214.2756103515625
 20
8.0774169921875
 10
214.157666015625
 20
8.0869873046875
 10
214.0397705078125
 20
8.1003173828125
 10
213.9207763671875
 20
8.1158447265625
 10
213.8014892578125
 20
8.1326416015625
 10
213.682177734375
 20
8.149755859375
 10
213.562890625
 20
8.1665771484375
 10
213.4439453125
 20
8.1824462890625
 10
213.326025390625
 20
8.1969970703125
 10
213.2081298828125
 20
8.2118408203125
 10
213.0926513671875
 20
8.2271728515625
 10
212.982080078125
 20
8.2431884765625
 10
212.8628173828125
 20
8.265576171875
 10
212.7605712890625
 20
8.2861328125
 10
212.6750244140625
 20
8.3048583984375
 10
212.4893203176854
 20
8.354927049253774
 10
207.83143674140632
 20
8.436230709505798
 10
207.7248779296875
 20
8.6039306640625
 10
207.687060546875
 20
8.6810546875
 10
207.649609375
 20
8.7730712890625
 10
207.6153076171875
 20
8.880029296875
 10
207.6046875
 20
8.9781982421875
 10
207.608984375
 20
9.0793212890625
 10
207.6306884765625
 20
9.1802001953125
 10
207.671533203125
 20
9.277685546875
 10
207.729052734375
 20
9.371533203125
 10
207.801904296875
 20
9.459912109375
 10
207.887939453125
 20
9.5419189453125
 10
207.984423828125
 20
9.6166259765625
 10
208.089208984375
 20
9.6837890625
 10
208.1999267578125
 20
9.7440673828125
 10
208.3144775390625
 20
9.7977294921875
 10
208.4314208984375
 20
9.8458251953125
 10
208.5497802734375
 20
9.8892333984375
 10
208.6688232421875
 20
9.9289306640625
 10
208.7882080078125
 20
9.966748046875
 10
208.9075927734375
 20
10.0045166015625
 10
209.02666015625
 20
10.0433349609375
 10
209.14501953125
 20
10.0848876953125
 10
209.2619873046875
 20
10.131103515625
 10
209.376904296875
 20
10.183837890625
 10
209.4890380859375
 20
10.244384765625
 10
209.5973388671875
 20
10.3130859375
 10
209.700439453125
 20
10.3895751953125
 10
209.7976318359375
 20
10.473876953125
 10
209.887890625
 20
10.5651611328125
 10
209.9708251953125
 20
10.6617431640625
 10
210.0457763671875
 20
10.7622314453125
 10
210.1116943359375
 20
10.865283203125
 10
210.168212890625
 20
10.9699951171875
 10
210.215673828125
 20
11.0758056640625
 10
210.253759765625
 20
11.1820556640625
 10
210.2827880859375
 20
11.288427734375
 10
210.3027587890625
 20
11.394921875
 10
210.3143798828125
 20
11.5015380859375
 10
210.3190673828125
 20
11.6082275390625
 10
210.3177978515625
 20
11.7150146484375
 10
210.3109619140625
 20
11.821875
 10
210.3
 20
11.9288330078125
 10
210.285546875
 20
12.035791015625
 10
210.268310546875
 20
12.1427734375
 10
210.2486083984375
 20
12.2498291015625
 10
210.2264892578125
 20
12.3569091796875
 10
210.2019287109375
 20
12.4640380859375
 10
210.175634765625
 20
12.5711669921875
 10
210.1472412109375
 20
12.6783447265625
 10
210.1174560546875
 20
12.7855224609375
 10
210.0869873046875
 20
12.892724609375
 10
210.056494140625
 20
12.9999267578125
 10
210.0267333984375
 20
13.107080078125
 10
209.9983154296875
 20
13.2142578125
 10
209.972021484375
 20
13.3213623046875
 10
209.9485107421875
 20
13.4284912109375
 10
209.92744140625
 20
13.5355712890625
 10
209.908447265625
 20
13.642578125
 10
209.890869140625
 20
13.7495849609375
 10
209.873974609375
 20
13.856591796875
 10
209.8570556640625
 20
13.963623046875
 10
209.838427734375
 20
14.070654296875
 10
209.817333984375
 20
14.1777099609375
 10
209.7934814453125
 20
14.2847900390625
 10
209.7664794921875
 20
14.3919189453125
 10
209.73671875
 20
14.4990966796875
 10
209.7044921875
 20
14.6063232421875
 10
209.6701904296875
 20
14.7135498046875
 10
209.6351806640625
 20
14.8208251953125
 10
209.599853515625
 20
14.928076171875
 10
209.564501953125
 20
15.0353271484375
 10
209.529150390625
 20
15.1425537109375
 10
209.4938232421875
 20
15.2498291015625
 10
209.4584716796875
 20
15.357080078125
 10
209.4231201171875
 20
15.4643310546875
 10
209.388134765625
 20
15.5716064453125
 10
209.3541748046875
 20
15.6788330078125
 10
209.322314453125
 20
15.7860107421875
 10
209.294970703125
 20
15.8931640625
 10
209.2742431640625
 20
15.9998779296875
 10
209.2625732421875
 20
16.1055908203125
 10
209.2627197265625
 20
16.209228515625
 10
209.2760498046875
 20
16.309326171875
 10
209.3043701171875
 20
16.40390625
 10
209.348681640625
 20
16.4905517578125
 10
209.4082763671875
 20
16.5661376953125
 10
209.4821533203125
 20
16.627880859375
 10
209.5684814453125
 20
16.6732666015625
 10
209.6645751953125
 20
16.7003173828125
 10
209.7682861328125
 20
16.7080078125
 10
209.87685546875
 20
16.6958251953125
 10
209.987451171875
 20
16.664306640625
 10
210.098046875
 20
16.6155029296875
 10
210.2069091796875
 20
16.551513671875
 10
210.3125732421875
 20
16.4748779296875
 10
210.41513671875
 20
16.388330078125
 10
210.5141845703125
 20
16.2941162109375
 10
210.609765625
 20
16.194921875
 10
210.702880859375
 20
16.093017578125
 10
210.794287109375
 20
15.989892578125
 10
210.884619140625
 20
15.8867919921875
 10
210.974609375
 20
15.784619140625
 10
211.0639404296875
 20
15.6840087890625
 10
211.1529052734375
 20
15.585546875
 10
211.2418701171875
 20
15.4889892578125
 10
211.3301513671875
 20
15.3939208984375
 10
211.418115234375
 20
15.3004638671875
 10
211.5060302734375
 20
15.208544921875
 10
211.5943359375
 20
15.1181396484375
 10
211.683642578125
 20
15.029296875
 10
211.7747314453125
 20
14.9423095703125
 10
211.8682373046875
 20
14.857421875
 10
211.964892578125
 20
14.775
 10
212.0643310546875
 20
14.6943603515625
 10
212.1662353515625
 20
14.6149658203125
 10
212.2701904296875
 20
14.5361328125
 10
212.3759033203125
 20
14.457275390625
 10
212.4822998046875
 20
14.3768798828125
 10
212.5880126953125
 20
14.293994140625
 10
212.6926513671875
 20
14.2076904296875
 10
212.7962646484375
 20
14.118017578125
 10
212.898486328125
 20
14.0249755859375
 10
212.9989501953125
 20
13.928515625
 10
213.097314453125
 20
13.8286865234375
 10
213.1936279296875
 20
13.7263916015625
 10
213.2888427734375
 20
13.6222412109375
 10
213.383056640625
 20
13.5168701171875
 10
213.476220703125
 20
13.4109375
 10
213.5693603515625
 20
13.3052734375
 10
213.6635986328125
 20
13.2011474609375
 10
213.7598876953125
 20
13.1000732421875
 10
213.8593017578125
 20
13.0039794921875
 10
213.9618896484375
 20
12.9149169921875
 10
214.06796875
 20
12.8357666015625
 10
214.177880859375
 20
12.768603515625
 10
214.290966796875
 20
12.7150634765625
 10
214.4064697265625
 20
12.6763671875
 10
214.523779296875
 20
12.6534912109375
 10
214.642138671875
 20
12.645751953125
 10
214.7612060546875
 20
12.652294921875
 10
214.8806396484375
 20
12.6706298828125
 10
215.0001220703125
 20
12.6985107421875
 10
215.119580078125
 20
12.7345458984375
 10
215.2390625
 20
12.776708984375
 10
215.358544921875
 20
12.8226318359375
 10
215.4780029296875
 20
12.8712890625
 10
215.597509765625
 20
12.921240234375
 10
215.7169921875
 20
12.9724365234375
 10
215.836474609375
 20
13.0251708984375
 10
215.9559814453125
 20
13.0788330078125
 10
216.0754638671875
 20
13.1331298828125
 10
216.194970703125
 20
13.1886474609375
 10
216.3141357421875
 20
13.2451171875
 10
216.4326171875
 20
13.3034423828125
 10
216.550048828125
 20
13.3636474609375
 10
216.6660888671875
 20
13.4248291015625
 10
216.780029296875
 20
13.4872314453125
 10
216.8911865234375
 20
13.551220703125
 10
216.998876953125
 20
13.6168701171875
 10
217.1034423828125
 20
13.6843994140625
 10
217.2052001953125
 20
13.752880859375
 10
217.3045166015625
 20
13.821435546875
 10
217.4017822265625
 20
13.8899658203125
 10
217.4983154296875
 20
13.9572998046875
 10
217.595556640625
 20
14.021533203125
 10
217.6948974609375
 20
14.080419921875
 10
217.7962890625
 20
14.1312744140625
 10
217.899462890625
 20
14.171826171875
 10
218.0035888671875
 20
14.2003173828125
 10
218.107763671875
 20
14.2141845703125
 10
218.2094482421875
 20
14.211669921875
 10
218.305908203125
 20
14.1921630859375
 10
218.3939697265625
 20
14.155712890625
 10
218.4712158203125
 20
14.1035888671875
 10
218.5359130859375
 20
14.0373779296875
 10
218.5866455078125
 20
13.958984375
 10
218.6227294921875
 20
13.870849609375
 10
218.6442138671875
 20
13.775732421875
 10
218.6514404296875
 20
13.6758544921875
 10
218.6453857421875
 20
13.5731201171875
 10
218.627490234375
 20
13.4686767578125
 10
218.5988037109375
 20
13.3634765625
 10
218.5607177734375
 20
13.2580322265625
 10
218.5142822265625
 20
13.152734375
 10
218.4608642578125
 20
13.047509765625
 10
218.4025634765625
 20
12.9424072265625
 10
218.3407958984375
 20
12.837353515625
 10
218.276611328125
 20
12.7322509765625
 10
218.2110107421875
 20
12.6272216796875
 10
218.1447021484375
 20
12.522216796875
 10
218.0780517578125
 20
12.4172119140625
 10
218.0114013671875
 20
12.3122314453125
 10
217.9437255859375
 20
12.2072265625
 10
217.875
 20
12.102197265625
 10
217.805224609375
 20
11.9972412109375
 10
217.7340576171875
 20
11.8923095703125
 10
217.661474609375
 20
11.7873779296875
 10
217.588232421875
 20
11.682470703125
 10
217.513916015625
 20
11.5775634765625
 10
217.4392822265625
 20
11.4726806640625
 10
217.3639404296875
 20
11.3677978515625
 10
217.287548828125
 20
11.2629150390625
 10
217.2108154296875
 20
11.158056640625
 10
217.1333740234375
 20
11.053173828125
 10
217.054931640625
 20
10.948388671875
 10
216.9760986328125
 20
10.8435546875
 10
216.897607421875
 20
10.738720703125
 10
216.820166015625
 20
10.6338623046875
 10
216.744482421875
 20
10.5289794921875
 10
216.6701904296875
 20
10.4240966796875
 10
216.5979736328125
 20
10.3191650390625
 10
216.5275390625
 20
10.214208984375
 10
216.458447265625
 20
10.1092529296875
 10
216.389404296875
 20
10.004296875
 10
216.31962890625
 20
9.899365234375
 10
216.248486328125
 20
9.7944091796875
 10
216.1755615234375
 20
9.689501953125
 10
216.100244140625
 20
9.5846435546875
 10
216.02314453125
 20
9.4798095703125
 10
215.9439697265625
 20
9.3749755859375
 10
215.8637939453125
 20
9.2701904296875
 10
215.7832275390625
 20
9.1654052734375
 10
215.7030029296875
 20
9.060595703125
 10
215.6238525390625
 20
8.9560791015625
 10
215.5467529296875
 20
8.8524658203125
 10
215.4700439453125
 20
8.748876953125
 10
215.395751953125
 20
8.6473876953125
 10
215.3249755859375
 20
8.5501953125
 10
215.246875
 20
8.4453369140625
 10
215.179541015625
 20
8.3554931640625
 10
215.122705078125
 20
8.280322265625
  0
LWPOLYLINE
  5
63
330
17
100
AcDbEntity
  8
0
100
AcDbPolyline
 90
353
 70
1
 10
166.27547607421874
 20
10.503515625
 10
166.09345703125
 20
10.4220703125
 10
166.0119873046875
 20
10.3888671875
 10
165.9187255859375
 20
10.3520263671875
 10
165.7998046875
 20
10.3072998046875
 10
165.70654296875
 20
10.2751220703125
 10
165.6250732421875
 20
10.2477783203125
 10
165.44308814429897
 20
10.190452042182642
 10
161.64146989052594
 20
10.256809535634511
 10
161.5044677734375
 20
10.0935546875
 10
161.4437744140625
 20
10.018310546875
 10
161.37266845703124
 20
9.9283447265625
 10
161.2907958984375
 20
9.823388671875
 10
161.2182861328125
 20
9.726025390625
 10
161.14371337890626
 20
9.624365234375
 10
161.06844482421874
 20
9.5205322265625
 10
160.99454345703126
 20
9.4166748046875
 10
160.9203125
 20
9.3119140625
 10
160.84571533203126
 20
9.2068603515625
 10
160.77147216796874
 20
9.101806640625
 10
160.696875
 20
8.9967529296875
 10
160.6226318359375
 20
8.8917236328125
 10
160.54840087890625
 20
8.7866455078125
 10
160.47381591796875
 20
8.681591796875
 10
160.3995849609375
 20
8.576513671875
 10
160.32569580078126
 20
8.4714599609375
 10
160.25181884765624
 20
8.36640625
 10
160.17862548828126
 20
8.261328125
 10
160.10576171875
 20
8.15625
 10
160.03394775390626
 20
8.0511474609375
 10
159.96282958984375
 20
7.946044921875
 10
159.89205322265624
 20
7.840966796875
 10
159.8212890625
 20
7.7358642578125
 10
159.7505126953125
 20
7.630712890625
 10
159.67939453125
 20
7.525634765625
 10
159.6079345703125
 20
7.4205322265625
 10
159.53577880859376
 20
7.3154541015625
 10
159.46397705078124
 20
7.2103759765625
 10
159.39251708984375
 20
7.105322265625
 10
159.3220947265625
 20
7.0001953125
 10
159.2523681640625
 20
6.8953857421875
 10
159.18299560546876
 20
6.7915283203125
 10
159.1132568359375
 20
6.689501953125
 10
159.04249267578126
 20
6.590576171875
 10
158.9686279296875
 20
6.4966552734375
 10
158.890625
 20
6.4102294921875
 10
158.80709228515624
 20
6.334375
 10
158.71802978515626
 20
6.271923828125
 10
158.62344970703126
 20
6.225341796875
 10
158.52440185546874
 20
6.1967041015625
 10
158.42193603515625
 20
6.1879150390625
 10
158.31844482421874
 20
6.199560546875
 10
158.216015625
 20
6.2309814453125
 10
158.11671142578126
 20
6.2802734375
 10
158.0216064453125
 20
6.3453369140625
 10
157.9317138671875
 20
6.423583984375
 10
157.84703369140624
 20
6.512255859375
 10
157.7675537109375
 20
6.6083251953125
 10
157.6918701171875
 20
6.709228515625
 10
157.61895751953125
 20
6.8132080078125
 10
157.54779052734375
 20
6.9189697265625
 10
157.47767333984376
 20
7.0256591796875
 10
157.40789794921875
 20
7.1326904296875
 10
157.3381103515625
 20
7.2397216796875
 10
157.2679931640625
 20
7.3467529296875
 10
157.19857177734374
 20
7.453759765625
 10
157.12982177734375
 20
7.560791015625
 10
157.0617919921875
 20
7.6677734375
 10
156.9944580078125
 20
7.7747802734375
 10
156.92779541015625
 20
7.8817138671875
 10
156.86181640625
 20
7.988671875
 10
156.7965576171875
 20
8.0956298828125
 10
156.7305908203125
 20
8.202587890625
 10
156.6639404296875
 20
8.3095703125
 10
156.59659423828126
 20
8.416552734375
 10
156.5285400390625
 20
8.5235107421875
 10
156.45982666015624
 20
8.630517578125
 10
156.3904052734375
 20
8.7375244140625
 10
156.3202880859375
 20
8.84453125
 10
156.25052490234376
 20
8.9515625
 10
156.18109130859375
 20
9.0585693359375
 10
156.11201171875
 20
9.165576171875
 10
156.04327392578125
 20
9.2725341796875
 10
155.97490234375
 20
9.379541015625
 10
155.9068603515625
 20
9.4865234375
 10
155.83917236328125
 20
9.593505859375
 10
155.771484375
 20
9.700439453125
 10
155.70380859375
 20
9.807421875
 10
155.63612060546876
 20
9.9144287109375
 10
155.5684326171875
 20
10.0213623046875
 10
155.50074462890626
 20
10.1283447265625
 10
155.43304443359375
 20
10.2353271484375
 10
155.3653564453125
 20
10.3423095703125
 10
155.29766845703125
 20
10.449267578125
 10
155.22999267578126
 20
10.55625
 10
155.16231689453124
 20
10.663232421875
 10
155.09429931640625
 20
10.770166015625
 10
155.02557373046875
 20
10.8771484375
 10
154.95546875
 20
10.9841552734375
 10
154.88328857421874
 20
11.091162109375
 10
154.80833740234374
 20
11.197900390625
 10
154.72958984375
 20
11.3041015625
 10
154.64598388671874
 20
11.409130859375
 10
154.55718994140625
 20
11.5123291015625
 10
154.46282958984375
 20
11.6132080078125
 10
154.3633056640625
 20
11.7107421875
 10
154.25892333984376
 20
11.8036865234375
 10
154.15006103515626
 20
11.8917236328125
 10
154.0376953125
 20
11.9745849609375
 10
153.9229248046875
 20
12.0528076171875
 10
153.80643310546876
 20
12.1267578125
 10
153.68885498046876
 20
12.1967041015625
 10
153.57060546875
 20
12.263525390625
 10
153.45201416015624
 20
12.329150390625
 10
153.33341064453126
 20
12.394482421875
 10
153.21483154296874
 20
12.4600830078125
 10
153.0962158203125
 20
12.5253662109375
 10
152.97763671875
 20
12.590673828125
 10
152.85938720703126
 20
12.6562744140625
 10
152.74183349609376
 20
12.722216796875
 10
152.62532958984374
 20
12.7875
 10
152.51019287109375
 20
12.8511962890625
 10
152.39678955078125
 20
12.913330078125
 10
152.2858154296875
 20
12.975146484375
 10
152.1779541015625
 20
13.036572265625
 10
152.07286376953124
 20
13.09765625
 10
151.9701904296875
 20
13.1584228515625
 10
151.86959228515624
 20
13.219140625
 10
151.77108154296874
 20
13.2810791015625
 10
151.67464599609374
 20
13.3442138671875
 10
151.5792724609375
 20
13.4076416015625
 10
151.48387451171874
 20
13.471337890625
 10
151.3884765625
 20
13.5353759765625
 10
151.2930908203125
 20
13.6000732421875
 10
151.19769287109375
 20
13.665380859375
 10
151.10126953125
 20
13.7300537109375
 10
151.0027587890625
 20
13.7941162109375
 10
150.90218505859374
 20
13.8579345703125
 10
150.79952392578124
 20
13.9217529296875
 10
150.6944580078125
 20
13.9859375
 10
150.58662109375
 20
14.050146484375
 10
150.47567138671874
 20
14.1150390625
 10
150.3623046875
 20
14.182421875
 10
150.24755859375
 20
14.2531982421875
 10
150.13248291015626
 20
14.3283447265625
 10
150.0184326171875
 20
14.4080810546875
 10
149.90716552734375
 20
14.4927734375
 10
149.8007568359375
 20
14.5829345703125
 10
149.70159912109375
 20
14.6781982421875
 10
149.61217041015624
 20
14.777392578125
 10
149.53414306640624
 20
14.8795166015625
 10
149.46854248046876
 20
14.9836181640625
 10
149.41575927734374
 20
15.089111328125
 10
149.37579345703125
 20
15.1953369140625
 10
149.3482666015625
 20
15.3013916015625
 10
149.33216552734376
 20
15.406689453125
 10
149.32608642578126
 20
15.5109130859375
 10
149.32933349609374
 20
15.6137451171875
 10
149.34195556640626
 20
15.7149169921875
 10
149.3645751953125
 20
15.814111328125
 10
149.39757080078124
 20
15.910693359375
 10
149.4409423828125
 20
16.0049072265625
 10
149.4953857421875
 20
16.0968505859375
 10
149.56124267578124
 20
16.1864990234375
 10
149.6381591796875
 20
16.2738037109375
 10
149.72510986328126
 20
16.3585205078125
 10
149.8203369140625
 20
16.439990234375
 10
149.92252197265626
 20
16.518603515625
 10
150.03055419921876
 20
16.5934326171875
 10
150.14273681640626
 20
16.664501953125
 10
150.25767822265624
 20
16.7318115234375
 10
150.3743408203125
 20
16.7950927734375
 10
150.4920654296875
 20
16.854638671875
 10
150.61046142578124
 20
16.9117431640625
 10
150.72921142578124
 20
16.9662841796875
 10
150.84794921875
 20
17.019677734375
 10
150.96668701171876
 20
17.0720947265625
 10
151.08543701171874
 20
17.1236083984375
 10
151.2041748046875
 20
17.1751220703125
 10
151.32291259765626
 20
17.2275390625
 10
151.4416748046875
 20
17.2808837890625
 10
151.56041259765624
 20
17.3364501953125
 10
151.67916259765624
 20
17.394384765625
 10
151.7979248046875
 20
17.4554931640625
 10
151.91669921875
 20
17.5212158203125
 10
152.0351318359375
 20
17.592236328125
 10
152.1525390625
 20
17.668505859375
 10
152.26787109375
 20
17.750341796875
 10
152.3797607421875
 20
17.8371826171875
 10
152.4864501953125
 20
17.9287353515625
 10
152.58590087890624
 20
18.0246826171875
 10
152.6756591796875
 20
18.1239501953125
 10
152.75433349609375
 20
18.225439453125
 10
152.8212646484375
 20
18.3283447265625
 10
152.87642822265624
 20
18.4314453125
 10
152.9215576171875
 20
18.5352783203125
 10
152.95767822265626
 20
18.6373779296875
 10
152.9865478515625
 20
18.7352783203125
 10
153.01575927734376
 20
18.8408935546875
 10
153.0394287109375
 20
18.9314208984375
 10
153.05889892578125
 20
19.0072021484375
 10
153.105859375
 20
19.17158203125
 10
153.105859375
 20
21.504345703125
 10
153.21854248046876
 20
21.6487548828125
 10
153.2753662109375
 20
21.7119384765625
 10
153.3464111328125
 20
21.785498046875
 10
153.43270263671874
 20
21.8687255859375
 10
153.52034912109374
 20
21.9395751953125
 10
153.61700439453125
 20
22.0087646484375
 10
153.7209228515625
 20
22.0735107421875
 10
153.82967529296874
 20
22.1304931640625
 10
153.94256591796875
 20
22.1800048828125
 10
154.058203125
 20
22.2201416015625
 10
154.1755859375
 20
22.2501220703125
 10
154.2939697265625
 20
22.26953125
 10
154.41268310546874
 20
22.2775146484375
 10
154.53138427734376
 20
22.2734375
 10
154.65009765625
 20
22.2582275390625
 10
154.7687744140625
 20
22.2324951171875
 10
154.8874267578125
 20
22.1975341796875
 10
155.0060791015625
 20
22.1538818359375
 10
155.12474365234374
 20
22.1028076171875
 10
155.24339599609374
 20
22.0461669921875
 10
155.3620361328125
 20
21.986474609375
 10
155.48067626953124
 20
21.924560546875
 10
155.59931640625
 20
21.8614501953125
 10
155.71796875
 20
21.79765625
 10
155.83662109375
 20
21.7348388671875
 10
155.9552734375
 20
21.673291015625
 10
156.07392578125
 20
21.6132568359375
 10
156.19256591796875
 20
21.5541259765625
 10
156.31121826171875
 20
21.4962890625
 10
156.42987060546875
 20
21.4396240234375
 10
156.54853515625
 20
21.384228515625
 10
156.66719970703124
 20
21.3291259765625
 10
156.7858642578125
 20
21.2743408203125
 10
156.90452880859374
 20
21.2189453125
 10
157.02320556640626
 20
21.1623046875
 10
157.1418701171875
 20
21.1037841796875
 10
157.26053466796876
 20
21.0434326171875
 10
157.37918701171876
 20
20.9815185546875
 10
157.4978515625
 20
20.918701171875
 10
157.61651611328125
 20
20.8552490234375
 10
157.7351806640625
 20
20.7927490234375
 10
157.8538330078125
 20
20.732373046875
 10
157.9725341796875
 20
20.6748046875
 10
158.0912109375
 20
20.6206298828125
 10
158.20989990234375
 20
20.56953125
 10
158.3285888671875
 20
20.521240234375
 10
158.44727783203126
 20
20.475390625
 10
158.5659912109375
 20
20.430517578125
 10
158.6846923828125
 20
20.3859130859375
 10
158.8033935546875
 20
20.3409912109375
 10
158.92210693359374
 20
20.29453125
 10
159.04080810546876
 20
20.2462646484375
 10
159.15950927734374
 20
20.195751953125
 10
159.27821044921876
 20
20.1427978515625
 10
159.3968994140625
 20
20.088330078125
 10
159.5156005859375
 20
20.031982421875
 10
159.63427734375
 20
19.974072265625
 10
159.75299072265625
 20
19.9149658203125
 10
159.8716796875
 20
19.8545654296875
 10
159.99036865234376
 20
19.7926513671875
 10
160.10906982421875
 20
19.7288818359375
 10
160.22774658203124
 20
19.6617431640625
 10
160.34642333984374
 20
19.5905029296875
 10
160.4651123046875
 20
19.5146728515625
 10
160.5837890625
 20
19.4342041015625
 10
160.7024658203125
 20
19.349072265625
 10
160.82078857421874
 20
19.2599609375
 10
160.9384033203125
 20
19.1674072265625
 10
161.05499267578125
 20
19.073046875
 10
161.17021484375
 20
18.9781005859375
 10
161.2833251953125
 20
18.882861328125
 10
161.3936767578125
 20
18.7873046875
 10
161.5002197265625
 20
18.691552734375
 10
161.6029541015625
 20
18.5951904296875
 10
161.7015380859375
 20
18.497998046875
 10
161.79560546875
 20
18.399267578125
 10
161.8848388671875
 20
18.2984619140625
 10
161.9695556640625
 20
18.1958740234375
 10
162.0497802734375
 20
18.091748046875
 10
162.1265380859375
 20
17.986474609375
 10
162.19981689453124
 20
17.880322265625
 10
162.27069091796875
 20
17.773583984375
 10
162.34017333984374
 20
17.666845703125
 10
162.4093017578125
 20
17.5607421875
 10
162.47879638671876
 20
17.4555908203125
 10
162.5503662109375
 20
17.3515869140625
 10
162.62435302734374
 20
17.2491455078125
 10
162.70146484375
 20
17.148486328125
 10
162.78101806640626
 20
17.0499755859375
 10
162.86229248046874
 20
16.9529541015625
 10
162.9442626953125
 20
16.8568603515625
 10
163.02586669921874
 20
16.761083984375
 10
163.1050537109375
 20
16.6650634765625
 10
163.1807861328125
 20
16.5681396484375
 10
163.2520263671875
 20
16.4697509765625
 10
163.31876220703126
 20
16.3692138671875
 10
163.3809814453125
 20
16.2669189453125
 10
163.4393798828125
 20
16.1630859375
 10
163.49501953125
 20
16.0581298828125
 10
163.54891357421874
 20
15.952197265625
 10
163.60213623046874
 20
15.8456787109375
 10
163.65570068359375
 20
15.7388671875
 10
163.71029052734374
 20
15.6320068359375
 10
163.76661376953126
 20
15.5251708984375
 10
163.8250244140625
 20
15.4182861328125
 10
163.88515625
 20
15.311328125
 10
163.94737548828124
 20
15.2043701171875
 10
164.011328125
 20
15.097412109375
 10
164.07666015625
 20
14.9904052734375
 10
164.14305419921874
 20
14.8833984375
 10
164.2101318359375
 20
14.7763671875
 10
164.27786865234376
 20
14.6693359375
 10
164.34632568359376
 20
14.5623046875
 10
164.41549072265624
 20
14.4552490234375
 10
164.4856689453125
 20
14.348193359375
 10
164.5569091796875
 20
14.2410888671875
 10
164.6295166015625
 20
14.133984375
 10
164.70386962890626
 20
14.026806640625
 10
164.77923583984375
 20
13.9197021484375
 10
164.85601806640625
 20
13.8125244140625
 10
164.93382568359374
 20
13.705322265625
 10
165.01199951171876
 20
13.5981689453125
 10
165.0908447265625
 20
13.490966796875
 10
165.1700439453125
 20
13.3837646484375
 10
165.2489013671875
 20
13.2765625
 10
165.3281005859375
 20
13.1693603515625
 10
165.4069580078125
 20
13.062158203125
 10
165.48477783203126
 20
12.9549560546875
 10
165.56190185546876
 20
12.847802734375
 10
165.63729248046874
 20
12.7406494140625
 10
165.70989990234375
 20
12.633544921875
 10
165.77940673828124
 20
12.5264892578125
 10
165.8440673828125
 20
12.4194580078125
 10
165.9031982421875
 20
12.3125
 10
165.95711669921874
 20
12.2056884765625
 10
166.00478515625
 20
12.0989013671875
 10
166.04622802734374
 20
11.9922119140625
 10
166.08214111328124
 20
11.885595703125
 10
166.11282958984376
 20
11.779052734375
 10
166.13970947265625
 20
11.6725830078125
 10
166.1638427734375
 20
11.5661376953125
 10
166.1848388671875
 20
11.459716796875
 10
166.20341796875
 20
11.3536865234375
 10
166.21990966796875
 20
11.2485595703125
 10
166.2343505859375
 20
11.143505859375
 10
166.24669189453124
 20
11.0406494140625
 10
166.2566162109375
 20
10.9421142578125
 10
166.26376953125
 20
10.8359130859375
 10
166.26884765625
 20
10.7448974609375
 10
166.27222900390626
 20
10.66875
  0
LWPOLYLINE
  5
64
330
17
100
AcDbEntity
  8
0
100
AcDbPolyline
 90
144
 70
1
 10
156.17095947265625
 20
4.600341796875
 10
156.05251085243026
 20
4.520255532958163
 10
155.9342209236105
 20
4.54622395654128
 10
155.81578451041574
 20
4.466137692624398
 10
155.69734809722098
 20
4.38605142870756
 10
146.43871624798493
 20
4.5476614487824465
 10
146.30719226724878
 20
4.677179259915556
 10
146.1756804935439
 20
4.8066726569861205
 10
146.04415651280777
 20
4.936190468119184
 10
145.91264473910286
 20
5.065683865189794
 10
146.02917654624153
 20
11.74178662492559
 10
146.07373046875
 20
11.906201171875
 10
146.089453125
 20
11.9820068359375
 10
146.10584716796876
 20
12.0726318359375
 10
146.12252197265624
 20
12.1783935546875
 10
146.13160400390626
 20
12.2765625
 10
146.13828125
 20
12.3790771484375
 10
146.14251708984375
 20
12.4837890625
 10
146.14468994140626
 20
12.588525390625
 10
146.1468505859375
 20
12.694189453125
 10
146.150390625
 20
12.8001708984375
 10
146.15704345703125
 20
12.9060791015625
 10
146.16890869140624
 20
13.011572265625
 10
146.18800048828126
 20
13.11640625
 10
146.21678466796874
 20
13.2197998046875
 10
146.25697021484376
 20
13.3209228515625
 10
146.30960693359376
 20
13.418505859375
 10
146.37506103515625
 20
13.510888671875
 10
146.45291748046876
 20
13.596337890625
 10
146.5421875
 20
13.673291015625
 10
146.64111328125
 20
13.739892578125
 10
146.74730224609374
 20
13.794677734375
 10
146.8586669921875
 20
13.83671875
 10
146.9734619140625
 20
13.8654052734375
 10
147.09031982421874
 20
13.88046875
 10
147.20819091796875
 20
13.8822265625
 10
147.3263916015625
 20
13.8713134765625
 10
147.44459228515626
 20
13.848974609375
 10
147.5627685546875
 20
13.8167236328125
 10
147.6809326171875
 20
13.7755126953125
 10
147.79908447265626
 20
13.7265869140625
 10
147.91722412109374
 20
13.671826171875
 10
148.0353759765625
 20
13.6123779296875
 10
148.15318603515624
 20
13.5491943359375
 10
148.2702880859375
 20
13.4830078125
 10
148.38634033203124
 20
13.414013671875
 10
148.5010009765625
 20
13.343505859375
 10
148.61396484375
 20
13.2723876953125
 10
148.7248291015625
 20
13.2003662109375
 10
148.8332763671875
 20
13.1281005859375
 10
148.94000244140625
 20
13.056103515625
 10
149.04569091796876
 20
12.985107421875
 10
149.1510498046875
 20
12.9156494140625
 10
149.25675048828126
 20
12.8470947265625
 10
149.3634765625
 20
12.779150390625
 10
149.47193603515626
 20
12.7127197265625
 10
149.58282470703125
 20
12.647509765625
 10
149.69580078125
 20
12.5835205078125
 10
149.81051025390624
 20
12.5204345703125
 10
149.9265869140625
 20
12.4581787109375
 10
150.0437255859375
 20
12.3978271484375
 10
150.16156005859375
 20
12.3396240234375
 10
150.27974853515624
 20
12.2829345703125
 10
150.3979248046875
 20
12.228125
 10
150.51610107421874
 20
12.1748291015625
 10
150.63428955078126
 20
12.1234375
 10
150.75247802734376
 20
12.073583984375
 10
150.8706787109375
 20
12.0246337890625
 10
150.9888671875
 20
11.9762939453125
 10
151.10706787109376
 20
11.928271484375
 10
151.22528076171875
 20
11.8799072265625
 10
151.34346923828124
 20
11.8306640625
 10
151.46165771484374
 20
11.7798828125
 10
151.57987060546876
 20
11.7269287109375
 10
151.69805908203125
 20
11.6711669921875
 10
151.81624755859374
 20
11.6120361328125
 10
151.93443603515624
 20
11.5494384765625
 10
152.0526123046875
 20
11.4835205078125
 10
152.17080078125
 20
11.414794921875
 10
152.2889892578125
 20
11.34296875
 10
152.40716552734375
 20
11.2683349609375
 10
152.525
 20
11.1912353515625
 10
152.64212646484376
 20
11.1116943359375
 10
152.7582275390625
 20
11.0293701171875
 10
152.8725830078125
 20
10.943994140625
 10
152.98453369140626
 20
10.854931640625
 10
153.09334716796874
 20
10.7625
 10
153.19801025390626
 20
10.666748046875
 10
153.2985107421875
 20
10.5676513671875
 10
153.39486083984374
 20
10.4658447265625
 10
153.48707275390626
 20
10.3618896484375
 10
153.5761474609375
 20
10.2564453125
 10
153.66280517578124
 20
10.1501220703125
 10
153.7477294921875
 20
10.0431884765625
 10
153.83265380859376
 20
9.935986328125
 10
153.9179443359375
 20
9.8287109375
 10
154.00390625
 20
9.7214599609375
 10
154.09090576171874
 20
9.614208984375
 10
154.17791748046875
 20
9.5069580078125
 10
154.26494140625
 20
9.399658203125
 10
154.3515869140625
 20
9.2923828125
 10
154.43616943359376
 20
9.1851318359375
 10
154.51834716796876
 20
9.0779296875
 10
154.59739990234374
 20
8.970751953125
 10
154.67264404296876
 20
8.8636474609375
 10
154.74443359375
 20
8.7566162109375
 10
154.81171875
 20
8.649609375
 10
154.87449951171874
 20
8.5426513671875
 10
154.93382568359374
 20
8.435791015625
 10
154.98970947265624
 20
8.328955078125
 10
155.0427978515625
 20
8.2221923828125
 10
155.0934814453125
 20
8.1154052734375
 10
155.14207763671874
 20
8.008642578125
 10
155.18997802734376
 20
7.901953125
 10
155.2375244140625
 20
7.7951904296875
 10
155.284765625
 20
7.6885009765625
 10
155.33199462890624
 20
7.581787109375
 10
155.37955322265626
 20
7.475048828125
 10
155.4284912109375
 20
7.368310546875
 10
155.4791748046875
 20
7.2615478515625
 10
155.53192138671875
 20
7.154736328125
 10
155.58746337890625
 20
7.047900390625
 10
155.64644775390624
 20
6.941015625
 10
155.70924072265626
 20
6.8340576171875
 10
155.77548828125
 20
6.727099609375
 10
155.84451904296876
 20
6.6200439453125
 10
155.915625
 20
6.512939453125
 10
155.9870849609375
 20
6.405908203125
 10
156.05677490234376
 20
6.2988525390625
 10
156.12269287109376
 20
6.191845703125
 10
156.1834228515625
 20
6.0849365234375
 10
156.2375732421875
 20
5.9781005859375
 10
156.28341064453124
 20
5.8713623046875
 10
156.3198974609375
 20
5.7648193359375
 10
156.34669189453126
 20
5.6583740234375
 10
156.36416015625
 20
5.5520751953125
 10
156.37261962890625
 20
5.4462158203125
 10
156.37208251953126
 20
5.34140625
 10
156.36253662109374
 20
5.23671875
 10
156.34609375
 20
5.134326171875
 10
156.3244873046875
 20
5.0363037109375
 10
156.29346923828126
 20
4.9306640625
 10
156.2639404296875
 20
4.8402099609375
 10
156.2368896484375
 20
4.7645263671875
  0
LWPOLYLINE
  5
65
330
17
100
AcDbEntity
  8
0
100
AcDbPolyline
 90
216
 70
1
 10
192.3267822265625
 20
4.165283203125
 10
192.2076171875
 20
4.16220703125
 10
192.08846435546874
 20
4.163916015625
 10
191.9693359375
 20
4.1703857421875
 10
191.8502197265625
 20
4.181689453125
 10
191.731103515625
 20
4.1977294921875
 10
191.61202392578124
 20
4.2184814453125
 10
191.4929443359375
 20
4.2438232421875
 10
191.37388916015624
 20
4.27353515625
 10
191.25489501953126
 20
4.307470703125
 10
191.13594970703124
 20
4.34541015625
 10
191.01710205078126
 20
4.387109375
 10
190.8983642578125
 20
4.4322998046875
 10
190.77979736328126
 20
4.480712890625
 10
190.661474609375
 20
4.5320556640625
 10
190.54339599609375
 20
4.586083984375
 10
190.4257080078125
 20
4.6426025390625
 10
190.30845947265624
 20
4.7012939453125
 10
190.191845703125
 20
4.7620361328125
 10
190.07593994140626
 20
4.8245849609375
 10
189.9609619140625
 20
4.88876953125
 10
189.8470947265625
 20
4.954443359375
 10
189.7345703125
 20
5.021533203125
 10
189.62362060546874
 20
5.0898681640625
 10
189.51453857421876
 20
5.1594482421875
 10
189.40762939453126
 20
5.2302490234375
 10
189.30321044921874
 20
5.3022705078125
 10
189.2016357421875
 20
5.375390625
 10
189.1032958984375
 20
5.4496826171875
 10
189.0085693359375
 20
5.525146484375
 10
188.91790771484375
 20
5.6017822265625
 10
188.8316650390625
 20
5.67958984375
 10
188.750341796875
 20
5.7585693359375
 10
188.67430419921874
 20
5.8386962890625
 10
188.60401611328126
 20
5.919921875
 10
188.539794921875
 20
6.0021240234375
 10
188.48204345703124
 20
6.0852783203125
 10
188.4311279296875
 20
6.1692138671875
 10
188.3873291015625
 20
6.253857421875
 10
188.350927734375
 20
6.339013671875
 10
188.3220947265625
 20
6.42451171875
 10
188.30103759765626
 20
6.5102294921875
 10
188.28782958984374
 20
6.5959716796875
 10
188.28250732421876
 20
6.6815185546875
 10
188.28502197265624
 20
6.7666748046875
 10
188.2953125
 20
6.85126953125
 10
188.31317138671875
 20
6.9352294921875
 10
188.3383544921875
 20
7.0183837890625
 10
188.37061767578126
 20
7.100634765625
 10
188.40955810546876
 20
7.1819580078125
 10
188.4548095703125
 20
7.262255859375
 10
188.50589599609376
 20
7.3416259765625
 10
188.5623291015625
 20
7.420068359375
 10
188.62362060546874
 20
7.49765625
 10
188.68919677734374
 20
7.574609375
 10
188.75850830078124
 20
7.6510009765625
 10
188.83099365234375
 20
7.727001953125
 10
188.9060546875
 20
7.802880859375
 10
188.9831787109375
 20
7.87880859375
 10
189.0617919921875
 20
7.9550537109375
 10
189.14140625
 20
8.031787109375
 10
189.22152099609374
 20
8.1093017578125
 10
189.301708984375
 20
8.18779296875
 10
189.38153076171875
 20
8.2674560546875
 10
189.4606201171875
 20
8.3484375
 10
189.538671875
 20
8.4308837890625
 10
189.61536865234376
 20
8.5149169921875
 10
189.690478515625
 20
8.6005615234375
 10
189.763818359375
 20
8.6879638671875
 10
189.8352294921875
 20
8.77705078125
 10
189.90462646484374
 20
8.867822265625
 10
189.971923828125
 20
8.9602294921875
 10
190.03714599609376
 20
9.05419921875
 10
190.10032958984374
 20
9.1495849609375
 10
190.1615234375
 20
9.2463134765625
 10
190.2208740234375
 20
9.344140625
 10
190.278515625
 20
9.4429931640625
 10
190.3346435546875
 20
9.542578125
 10
190.389501953125
 20
9.64267578125
 10
190.44334716796874
 20
9.7430908203125
 10
190.49644775390624
 20
9.8435791015625
 10
190.54913330078125
 20
9.9437744140625
 10
190.601708984375
 20
10.0434326171875
 10
190.65450439453124
 20
10.1422119140625
 10
190.70784912109374
 20
10.239794921875
 10
190.76209716796876
 20
10.3358154296875
 10
190.817529296875
 20
10.4298583984375
 10
190.87447509765624
 20
10.5215576171875
 10
190.933203125
 20
10.6104736328125
 10
190.99398193359374
 20
10.696142578125
 10
191.0570068359375
 20
10.7781494140625
 10
191.12242431640624
 20
10.856005859375
 10
191.19034423828126
 20
10.9292724609375
 10
191.2608154296875
 20
10.997509765625
 10
191.333837890625
 20
11.0601806640625
 10
191.40936279296875
 20
11.1169189453125
 10
191.487255859375
 20
11.1673095703125
 10
191.56732177734375
 20
11.210986328125
 10
191.6493408203125
 20
11.247607421875
 10
191.733056640625
 20
11.276904296875
 10
191.81812744140626
 20
11.2986083984375
 10
191.90421142578126
 20
11.31259765625
 10
191.99093017578124
 20
11.3187255859375
 10
192.077880859375
 20
11.3169677734375
 10
192.1646484375
 20
11.30732421875
 10
192.25084228515624
 20
11.289892578125
 10
192.33607177734376
 20
11.2648681640625
 10
192.4199462890625
 20
11.232373046875
 10
192.50213623046875
 20
11.1927001953125
 10
192.5822998046875
 20
11.146142578125
 10
192.660205078125
 20
11.09306640625
 10
192.7355712890625
 20
11.033837890625
 10
192.80823974609376
 20
10.9688720703125
 10
192.8780517578125
 20
10.898583984375
 10
192.944921875
 20
10.8234619140625
 10
193.00880126953126
 20
10.743896484375
 10
193.06971435546876
 20
10.6603759765625
 10
193.127685546875
 20
10.5732666015625
 10
193.1828369140625
 20
10.4830322265625
 10
193.23529052734375
 20
10.390087890625
 10
193.28516845703126
 20
10.29482421875
 10
193.33277587890626
 20
10.1975830078125
 10
193.37825927734374
 20
10.0987548828125
 10
193.42186279296874
 20
9.9986572265625
 10
193.4638916015625
 20
9.8975830078125
 10
193.50460205078124
 20
9.795849609375
 10
193.544287109375
 20
9.6938232421875
 10
193.58323974609374
 20
9.59169921875
 10
193.62178955078124
 20
9.489794921875
 10
193.66019287109376
 20
9.388427734375
 10
193.6988037109375
 20
9.287890625
 10
193.737890625
 20
9.18837890625
 10
193.777783203125
 20
9.090234375
 10
193.81876220703126
 20
8.9937255859375
 10
193.8611083984375
 20
8.8990966796875
 10
193.9051025390625
 20
8.8066650390625
 10
193.9510009765625
 20
8.7166748046875
 10
193.999072265625
 20
8.62939453125
 10
194.0495361328125
 20
8.5449951171875
 10
194.10257568359376
 20
8.4637451171875
 10
194.15841064453124
 20
8.385791015625
 10
194.2171875
 20
8.3112060546875
 10
194.27901611328124
 20
8.2401611328125
 10
194.3439697265625
 20
8.17265625
 10
194.412109375
 20
8.108642578125
 10
194.48343505859376
 20
8.048046875
 10
194.55787353515626
 20
7.9907470703125
 10
194.6353759765625
 20
7.9364990234375
 10
194.71575927734375
 20
7.8851318359375
 10
194.79881591796874
 20
7.836279296875
 10
194.88428955078126
 20
7.78955078125
 10
194.97188720703124
 20
7.74453125
 10
195.06124267578124
 20
7.700830078125
 10
195.1519287109375
 20
7.657958984375
 10
195.24349365234374
 20
7.615478515625
 10
195.33541259765624
 20
7.5728271484375
 10
195.42718505859375
 20
7.529638671875
 10
195.51820068359376
 20
7.4853271484375
 10
195.60789794921874
 20
7.4395751953125
 10
195.69564208984374
 20
7.391943359375
 10
195.780810546875
 20
7.3421630859375
 10
195.8627685546875
 20
7.2899169921875
 10
195.94088134765624
 20
7.2350341796875
 10
196.0145751953125
 20
7.177294921875
 10
196.08321533203124
 20
7.11669921875
 10
196.1462646484375
 20
7.0532470703125
 10
196.203173828125
 20
6.9869873046875
 10
196.25350341796874
 20
6.9180419921875
 10
196.2968017578125
 20
6.8466064453125
 10
196.33267822265626
 20
6.7729248046875
 10
196.3608642578125
 20
6.6972900390625
 10
196.3810546875
 20
6.62001953125
 10
196.393115234375
 20
6.5414794921875
 10
196.3968994140625
 20
6.46201171875
 10
196.3923583984375
 20
6.381982421875
 10
196.37950439453124
 20
6.3017822265625
 10
196.3584228515625
 20
6.221728515625
 10
196.32928466796875
 20
6.1421630859375
 10
196.2922607421875
 20
6.0634521484375
 10
196.24761962890625
 20
5.98583984375
 10
196.1956787109375
 20
5.9094970703125
 10
196.1367431640625
 20
5.8346435546875
 10
196.071240234375
 20
5.7614501953125
 10
195.99954833984376
 20
5.6900146484375
 10
195.92208251953124
 20
5.6203857421875
 10
195.839306640625
 20
5.552587890625
 10
195.75162353515626
 20
5.486572265625
 10
195.65953369140624
 20
5.422265625
 10
195.56343994140624
 20
5.35966796875
 10
195.46378173828126
 20
5.298583984375
 10
195.36094970703124
 20
5.2389892578125
 10
195.255322265625
 20
5.1806396484375
 10
195.147314453125
 20
5.1235595703125
 10
195.03721923828124
 20
5.06748046875
 10
194.92535400390625
 20
5.0123779296875
 10
194.8119873046875
 20
4.9580810546875
 10
194.69737548828124
 20
4.9046142578125
 10
194.58175048828124
 20
4.8518310546875
 10
194.46527099609375
 20
4.7997802734375
 10
194.34810791015624
 20
4.748486328125
 10
194.23043212890624
 20
4.6979736328125
 10
194.11234130859376
 20
4.6484130859375
 10
193.9939208984375
 20
4.5999267578125
 10
193.8752685546875
 20
4.55263671875
 10
193.75643310546874
 20
4.5067626953125
 10
193.6374755859375
 20
4.462548828125
 10
193.51842041015624
 20
4.420263671875
 10
193.39932861328126
 20
4.3801513671875
 10
193.28016357421876
 20
4.342529296875
 10
193.16099853515624
 20
4.30771484375
 10
193.0418212890625
 20
4.275927734375
 10
192.92264404296876
 20
4.24755859375
 10
192.803466796875
 20
4.222802734375
 10
192.6843017578125
 20
4.202001953125
 10
192.5651123046875
 20
4.1853271484375
 10
192.445947265625
 20
4.1730712890625
  0
LWPOLYLINE
  5
66
330
17
100
AcDbEntity
  8
0
100
AcDbPolyline
 90
369
 70
1
 10
217.74208984375
 20
8.5039306640625
 10
217.7462158203125
 20
8.6700439453125
 10
217.751806640625
 20
8.7464599609375
 10
217.761474609375
 20
8.8377685546875
 10
217.7766845703125
 20
8.944287109375
 10
217.79921875
 20
9.042919921875
 10
217.829736328125
 20
9.145751953125
 10
217.8682861328125
 20
9.2506591796875
 10
217.915185546875
 20
9.3554931640625
 10
217.9697021484375
 20
9.4611083984375
 10
218.0301513671875
 20
9.5669677734375
 10
218.095166015625
 20
9.6727783203125
 10
218.162255859375
 20
9.7785400390625
 10
218.23037109375
 20
9.8843017578125
 10
218.2988525390625
 20
9.989990234375
 10
218.3659423828125
 20
10.095458984375
 10
218.4309326171875
 20
10.2000244140625
 10
218.4959228515625
 20
10.304541015625
 10
218.559521484375
 20
10.4069580078125
 10
218.621435546875
 20
10.5050048828125
 10
218.691650390625
 20
10.6107421875
 10
218.7525390625
 20
10.7013671875
 10
218.80478515625
 20
10.7771484375
 10
218.92557257905793
 20
10.941632037048885
 10
219.91193203480148
 20
12.721071599073776
 10
220.0314453125
 20
12.8851318359375
 10
220.082666015625
 20
12.9607666015625
 10
220.142236328125
 20
13.051171875
 10
220.210546875
 20
13.1566650390625
 10
220.269775390625
 20
13.2545166015625
 10
220.331103515625
 20
13.356689453125
 10
220.3938232421875
 20
13.4610107421875
 10
220.4565185546875
 20
13.5653564453125
 10
220.5216796875
 20
13.6705810546875
 10
220.588916015625
 20
13.776123046875
 10
220.658251953125
 20
13.881591796875
 10
220.730029296875
 20
13.9870361328125
 10
220.8031982421875
 20
14.0925048828125
 10
220.877783203125
 20
14.197900390625
 10
220.9540771484375
 20
14.303271484375
 10
221.0310791015625
 20
14.4086669921875
 10
221.109130859375
 20
14.5140380859375
 10
221.1875244140625
 20
14.6194091796875
 10
221.265576171875
 20
14.7247802734375
 10
221.343603515625
 20
14.830126953125
 10
221.42099609375
 20
14.935546875
 10
221.49658203125
 20
15.0409423828125
 10
221.5708251953125
 20
15.146337890625
 10
221.6426025390625
 20
15.251806640625
 10
221.7123046875
 20
15.3572998046875
 10
221.7802490234375
 20
15.462841796875
 10
221.846826171875
 20
15.5680419921875
 10
221.9126708984375
 20
15.67265625
 10
221.9795654296875
 20
15.7760009765625
 10
222.0482177734375
 20
15.8771484375
 10
222.1206787109375
 20
15.9751953125
 10
222.1980224609375
 20
16.068798828125
 10
222.281298828125
 20
16.1564453125
 10
222.3708251953125
 20
16.237451171875
 10
222.4669677734375
 20
16.3109375
 10
222.5690185546875
 20
16.376904296875
 10
222.6766357421875
 20
16.435986328125
 10
222.788427734375
 20
16.4887939453125
 10
222.9033447265625
 20
16.536572265625
 10
223.0203369140625
 20
16.5812744140625
 10
223.138720703125
 20
16.6234375
 10
223.2578125
 20
16.6646728515625
 10
223.3772705078125
 20
16.7052978515625
 10
223.496728515625
 20
16.745556640625
 10
223.616162109375
 20
16.785546875
 10
223.7356201171875
 20
16.8252685546875
 10
223.8550537109375
 20
16.8643310546875
 10
223.9744873046875
 20
16.9033935546875
 10
224.0939453125
 20
16.942138671875
 10
224.2134033203125
 20
16.9814697265625
 10
224.332861328125
 20
17.021484375
 10
224.4523193359375
 20
17.063037109375
 10
224.57177734375
 20
17.106103515625
 10
224.691259765625
 20
17.1510986328125
 10
224.8107177734375
 20
17.1982177734375
 10
224.9302001953125
 20
17.2478271484375
 10
225.0496826171875
 20
17.299267578125
 10
225.1691650390625
 20
17.3529052734375
 10
225.2886474609375
 20
17.4081298828125
 10
225.408154296875
 20
17.465478515625
 10
225.5276123046875
 20
17.524755859375
 10
225.647119140625
 20
17.5848876953125
 10
225.7666259765625
 20
17.645654296875
 10
225.8861083984375
 20
17.707080078125
 10
226.005615234375
 20
17.7691162109375
 10
226.1251220703125
 20
17.8317626953125
 10
226.2446044921875
 20
17.8937744140625
 10
226.364111328125
 20
17.9551513671875
 10
226.4836181640625
 20
18.0159912109375
 10
226.6031494140625
 20
18.075830078125
 10
226.7226318359375
 20
18.134423828125
 10
226.842138671875
 20
18.190869140625
 10
226.9616455078125
 20
18.244873046875
 10
227.0811279296875
 20
18.2969970703125
 10
227.2006591796875
 20
18.3468994140625
 10
227.3201416015625
 20
18.394970703125
 10
227.4396484375
 20
18.441796875
 10
227.5591552734375
 20
18.4880126953125
 10
227.6786376953125
 20
18.534228515625
 10
227.7981201171875
 20
18.5810546875
 10
227.917626953125
 20
18.6288330078125
 10
228.037158203125
 20
18.678125
 10
228.1566650390625
 20
18.729638671875
 10
228.2761962890625
 20
18.7829833984375
 10
228.3957275390625
 20
18.837548828125
 10
228.5152587890625
 20
18.893701171875
 10
228.634765625
 20
18.9510986328125
 10
228.754296875
 20
19.009716796875
 10
228.873828125
 20
19.069287109375
 10
228.993359375
 20
19.128857421875
 10
229.112890625
 20
19.1886962890625
 10
229.232421875
 20
19.2498291015625
 10
229.351953125
 20
19.3121826171875
 10
229.4715087890625
 20
19.3758056640625
 10
229.5910400390625
 20
19.4400390625
 10
229.710595703125
 20
19.5048583984375
 10
229.8301513671875
 20
19.570654296875
 10
229.9497314453125
 20
19.6366943359375
 10
230.069287109375
 20
19.7021728515625
 10
230.188818359375
 20
19.766064453125
 10
230.3083740234375
 20
19.828125
 10
230.4279296875
 20
19.8880126953125
 10
230.5474853515625
 20
19.9447509765625
 10
230.666650390625
 20
19.9968994140625
 10
230.784814453125
 20
20.0425537109375
 10
230.9008544921875
 20
20.0795166015625
 10
231.0134033203125
 20
20.1059814453125
 10
231.120703125
 20
20.1194580078125
 10
231.2206298828125
 20
20.1178466796875
 10
231.3108154296875
 20
20.0995849609375
 10
231.389453125
 20
20.064453125
 10
231.4558837890625
 20
20.013330078125
 10
231.5100830078125
 20
19.9478271484375
 10
231.5531005859375
 20
19.869677734375
 10
231.5866943359375
 20
19.7814453125
 10
231.6133056640625
 20
19.685888671875
 10
231.6360595703125
 20
19.585400390625
 10
231.6577880859375
 20
19.4818115234375
 10
231.679833984375
 20
19.3763671875
 10
231.7032958984375
 20
19.269970703125
 10
231.7278076171875
 20
19.1632568359375
 10
231.7526611328125
 20
19.0565185546875
 10
231.7768310546875
 20
18.9498046875
 10
231.798876953125
 20
18.843115234375
 10
231.8174560546875
 20
18.736474609375
 10
231.8322021484375
 20
18.6298828125
 10
231.8424072265625
 20
18.5233154296875
 10
231.8484619140625
 20
18.4171875
 10
231.850634765625
 20
18.3119873046875
 10
231.848291015625
 20
18.206884765625
 10
231.8421142578125
 20
18.1039794921875
 10
231.8327880859375
 20
18.0054931640625
 10
231.8154541015625
 20
17.8993408203125
 10
231.798486328125
 20
17.8083740234375
 10
231.782275390625
 20
17.7322998046875
 10
231.736572265625
 20
17.56728515625
 10
231.736572265625
 20
15.2255126953125
 10
231.8427001953125
 20
15.0598388671875
 10
231.8945556640625
 20
14.985546875
 10
231.9586181640625
 20
14.898388671875
 10
232.0355224609375
 20
14.7989013671875
 10
232.112109375
 20
14.711572265625
 10
232.196728515625
 20
14.625341796875
 10
232.288330078125
 20
14.5430419921875
 10
232.38515625
 20
14.4666259765625
 10
232.487255859375
 20
14.3947265625
 10
232.5938720703125
 20
14.328076171875
 10
232.7047119140625
 20
14.265966796875
 10
232.8186767578125
 20
14.206982421875
 10
232.934716796875
 20
14.1498046875
 10
233.0521728515625
 20
14.0931884765625
 10
233.170654296875
 20
14.0369140625
 10
233.2898193359375
 20
13.9809326171875
 10
233.4093505859375
 20
13.9243408203125
 10
233.5288818359375
 20
13.8674072265625
 10
233.6484130859375
 20
13.810498046875
 10
233.76796875
 20
13.7529541015625
 10
233.8875244140625
 20
13.694775390625
 10
234.0070556640625
 20
13.635693359375
 10
234.126611328125
 20
13.5744384765625
 10
234.2458251953125
 20
13.510693359375
 10
234.3639892578125
 20
13.4428955078125
 10
234.4803466796875
 20
13.3701904296875
 10
234.5939697265625
 20
13.2925537109375
 10
234.7037353515625
 20
13.2096923828125
 10
234.80859375
 20
13.1213134765625
 10
234.9072021484375
 20
13.0280517578125
 10
234.9988037109375
 20
12.930224609375
 10
235.0833984375
 20
12.829052734375
 10
235.1603515625
 20
12.725537109375
 10
235.229296875
 20
12.620263671875
 10
235.2891357421875
 20
12.5138916015625
 10
235.3382080078125
 20
12.40703125
 10
235.375
 20
12.3000244140625
 10
235.3975341796875
 20
12.193212890625
 10
235.402978515625
 20
12.086962890625
 10
235.3899169921875
 20
11.9816162109375
 10
235.3573486328125
 20
11.8777587890625
 10
235.3055908203125
 20
11.776025390625
 10
235.236376953125
 20
11.67734375
 10
235.1518310546875
 20
11.582568359375
 10
235.054736328125
 20
11.49296875
 10
234.9486083984375
 20
11.4087646484375
 10
234.836181640625
 20
11.3302490234375
 10
234.719921875
 20
11.25703125
 10
234.6015869140625
 20
11.188818359375
 10
234.4822021484375
 20
11.1246337890625
 10
234.3624755859375
 20
11.063623046875
 10
234.2427490234375
 20
11.0037841796875
 10
234.1230224609375
 20
10.9446044921875
 10
234.0032958984375
 20
10.8854248046875
 10
233.8835693359375
 20
10.8259521484375
 10
233.7638427734375
 20
10.7658447265625
 10
233.6441162109375
 20
10.7048095703125
 10
233.5244140625
 20
10.6428466796875
 10
233.4047119140625
 20
10.581201171875
 10
233.2849853515625
 20
10.519873046875
 10
233.165283203125
 20
10.4588134765625
 10
233.0455810546875
 20
10.3980712890625
 10
232.9259033203125
 20
10.3376708984375
 10
232.8061767578125
 20
10.2784912109375
 10
232.686474609375
 20
10.2205322265625
 10
232.5667724609375
 20
10.1626220703125
 10
232.4470947265625
 20
10.1046630859375
 10
232.3273681640625
 20
10.046728515625
 10
232.2076904296875
 20
9.9887939453125
 10
232.0880126953125
 20
9.9308349609375
 10
231.968310546875
 20
9.8716796875
 10
231.8486083984375
 20
9.811279296875
 10
231.7289306640625
 20
9.7505615234375
 10
231.6092041015625
 20
9.6895263671875
 10
231.489501953125
 20
9.6284912109375
 10
231.3697998046875
 20
9.5675048828125
 10
231.250146484375
 20
9.5064453125
 10
231.1304443359375
 20
9.446337890625
 10
231.0107666015625
 20
9.386865234375
 10
230.8914306640625
 20
9.327392578125
 10
230.772802734375
 20
9.267333984375
 10
230.655224609375
 20
9.205029296875
 10
230.5393798828125
 20
9.1395751953125
 10
230.4259521484375
 20
9.0701171875
 10
230.315673828125
 20
8.9952880859375
 10
230.2095458984375
 20
8.91484375
 10
230.1076416015625
 20
8.8283935546875
 10
230.0102294921875
 20
8.7363525390625
 10
229.9177001953125
 20
8.639892578125
 10
229.829736328125
 20
8.5399658203125
 10
229.7459228515625
 20
8.4375
 10
229.66591796875
 20
8.3333984375
 10
229.588720703125
 20
8.2283447265625
 10
229.5143310546875
 20
8.1229736328125
 10
229.4420166015625
 20
8.017529296875
 10
229.37109375
 20
7.912060546875
 10
229.30087890625
 20
7.806591796875
 10
229.2306396484375
 20
7.701123046875
 10
229.160107421875
 20
7.595654296875
 10
229.0888427734375
 20
7.4902099609375
 10
229.0165283203125
 20
7.384765625
 10
228.942822265625
 20
7.2793701171875
 10
228.8677490234375
 20
7.173974609375
 10
228.7919677734375
 20
7.0685791015625
 10
228.716162109375
 20
6.9632080078125
 10
228.640380859375
 20
6.857861328125
 10
228.5652587890625
 20
6.752490234375
 10
228.490869140625
 20
6.6470703125
 10
228.4178466796875
 20
6.5416259765625
 10
228.3459228515625
 20
6.4362060546875
 10
228.274658203125
 20
6.3307861328125
 10
228.203759765625
 20
6.225341796875
 10
228.133203125
 20
6.119873046875
 10
228.062646484375
 20
6.0144287109375
 10
227.9917236328125
 20
5.908984375
 10
227.9201171875
 20
5.803564453125
 10
227.8485107421875
 20
5.6981201171875
 10
227.7765625
 20
5.5927001953125
 10
227.7042724609375
 20
5.4872802734375
 10
227.6312744140625
 20
5.3818603515625
 10
227.557568359375
 20
5.2764892578125
 10
227.4839111328125
 20
5.17109375
 10
227.410205078125
 20
5.065673828125
 10
227.3361572265625
 20
4.9602783203125
 10
227.2625
 20
4.8548828125
 10
227.1891357421875
 20
4.749462890625
 10
227.116845703125
 20
4.6440673828125
 10
227.0455810546875
 20
4.538623046875
 10
226.975048828125
 20
4.4331787109375
 10
226.904833984375
 20
4.327734375
 10
226.8346435546875
 20
4.2222900390625
 10
226.7637451171875
 20
4.1172119140625
 10
226.691455078125
 20
4.0130615234375
 10
226.616748046875
 20
3.9107666015625
 10
226.538525390625
 20
3.811962890625
 10
226.455810546875
 20
3.7188232421875
 10
226.368212890625
 20
3.634130859375
 10
226.2754150390625
 20
3.5612548828125
 10
226.177392578125
 20
3.503369140625
 10
226.074853515625
 20
3.4632568359375
 10
225.9688720703125
 20
3.4433349609375
 10
225.861181640625
 20
3.4448974609375
 10
225.753857421875
 20
3.4677978515625
 10
225.648681640625
 20
3.510888671875
 10
225.5473388671875
 20
3.5715087890625
 10
225.4509033203125
 20
3.6470703125
 10
225.3600341796875
 20
3.7343017578125
 10
225.2747802734375
 20
3.829833984375
 10
225.1947509765625
 20
3.9308349609375
 10
225.1185302734375
 20
4.035205078125
 10
225.0451416015625
 20
4.1414306640625
 10
224.9734619140625
 20
4.2485107421875
 10
224.9028564453125
 20
4.355908203125
 10
224.832568359375
 20
4.4633056640625
 10
224.7623291015625
 20
4.570703125
 10
224.6917236328125
 20
4.678125
 10
224.6218017578125
 20
4.7855224609375
 10
224.552587890625
 20
4.892919921875
 10
224.48408203125
 20
5.000244140625
 10
224.416259765625
 20
5.1076171875
 10
224.3491455078125
 20
5.2149658203125
 10
224.2827392578125
 20
5.3222900390625
 10
224.217333984375
 20
5.429638671875
 10
224.1519775390625
 20
5.5369140625
 10
224.0865966796875
 20
5.6442626953125
 10
224.0215576171875
 20
5.7515625
 10
223.956884765625
 20
5.8588623046875
 10
223.8925537109375
 20
5.966162109375
 10
223.828564453125
 20
6.0734375
 10
223.7638916015625
 20
6.1807861328125
 10
223.698876953125
 20
6.2880859375
 10
223.6334716796875
 20
6.3953857421875
 10
223.5670654296875
 20
6.502734375
 10
223.499609375
 20
6.6100830078125
 10
223.431103515625
 20
6.717431640625
 10
223.3615478515625
 20
6.8248046875
 10
223.292333984375
 20
6.9318603515625
 10
223.2238037109375
 20
7.0380126953125
 10
223.1556396484375
 20
7.144091796875
 10
223.089599609375
 20
7.2480224609375
 10
223.027001953125
 20
7.3474853515625
 10
222.9609130859375
 20
7.454833984375
 10
222.904931640625
 20
7.546826171875
 10
222.8583251953125
 20
7.623779296875
 10
222.758915656714
 20
7.790765280468895
 10
220.36935622393548
 20
7.832475195517918
 10
220.1834228515625
 20
7.878271484375
 10
220.09775390625
 20
7.8967041015625
 10
219.995361328125
 20
7.9175537109375
 10
219.875927734375
 20
7.9407470703125
 10
219.7652099609375
 20
7.9592041015625
 10
219.6495849609375
 20
7.9771240234375
 10
219.5315185546875
 20
7.993798828125
 10
219.4134521484375
 20
8.0086181640625
 10
219.2943603515625
 20
8.0225341796875
 10
219.1749267578125
 20
8.0355224609375
 10
219.0554931640625
 20
8.0478759765625
 10
218.9360595703125
 20
8.0602294921875
 10
218.8166259765625
 20
8.074169921875
 10
218.697509765625
 20
8.091162109375
 10
218.5794921875
 20
8.1128173828125
 10
218.4614501953125
 20
8.1416015625
 10
218.3458740234375
 20
8.1771728515625
 10
218.2351806640625
 20
8.2185546875
 10
218.1157958984375
 20
8.276513671875
 10
218.0135009765625
 20
8.330859375
 10
217.927880859375
 20
8.380322265625
  0
LWPOLYLINE
  5
67
330
17
100
AcDbEntity
  8
0
100
AcDbPolyline
 90
229
 70
1
 10
168.391357421875
 20
3.7949462890625
 10
168.27625732421876
 20
3.7853759765625
 10
168.16031494140626
 20
3.7777099609375
 10
168.04368896484374
 20
3.7718017578125
 10
167.92650146484374
 20
3.7674560546875
 10
167.80885009765626
 20
3.76455078125
 10
167.69088134765624
 20
3.762890625
 10
167.57265625
 20
3.762353515625
 10
167.45423583984376
 20
3.7627685546875
 10
167.33568115234374
 20
3.76396484375
 10
167.21702880859374
 20
3.76591796875
 10
167.09830322265626
 20
3.7684814453125
 10
166.97952880859376
 20
3.771533203125
 10
166.86072998046876
 20
3.775
 10
166.74188232421875
 20
3.7787841796875
 10
166.62305908203126
 20
3.782763671875
 10
166.50421142578125
 20
3.7868896484375
 10
166.38536376953124
 20
3.7911376953125
 10
166.26654052734375
 20
3.7953857421875
 10
166.14769287109374
 20
3.7996337890625
 10
166.028857421875
 20
3.80380859375
 10
165.91002197265624
 20
3.8078369140625
 10
165.7912109375
 20
3.81171875
 10
165.67237548828126
 20
3.8154541015625
 10
165.5535400390625
 20
3.8190185546875
 10
165.434716796875
 20
3.8223876953125
 10
165.31588134765624
 20
3.8256103515625
 10
165.19705810546876
 20
3.82861328125
 10
165.07823486328124
 20
3.8314208984375
 10
164.9593994140625
 20
3.834130859375
 10
164.84058837890626
 20
3.836669921875
 10
164.7217529296875
 20
3.839111328125
 10
164.60294189453126
 20
3.8414306640625
 10
164.484130859375
 20
3.8437255859375
 10
164.36529541015625
 20
3.8459716796875
 10
164.24649658203126
 20
3.8482666015625
 10
164.12767333984374
 20
3.8505615234375
 10
164.00885009765625
 20
3.8530029296875
 10
163.8900390625
 20
3.85556640625
 10
163.771240234375
 20
3.858251953125
 10
163.6524169921875
 20
3.86123046875
 10
163.5336181640625
 20
3.864501953125
 10
163.4148193359375
 20
3.8680908203125
 10
163.2960205078125
 20
3.8720458984375
 10
163.17720947265624
 20
3.87646484375
 10
163.0584228515625
 20
3.8813232421875
 10
162.9396484375
 20
3.886767578125
 10
162.8208984375
 20
3.8928466796875
 10
162.7021728515625
 20
3.89951171875
 10
162.5835205078125
 20
3.906884765625
 10
162.46492919921874
 20
3.91494140625
 10
162.34649658203125
 20
3.9238037109375
 10
162.2282470703125
 20
3.933447265625
 10
162.1102294921875
 20
3.9439697265625
 10
161.99256591796876
 20
3.95537109375
 10
161.87537841796876
 20
3.96767578125
 10
161.7587646484375
 20
3.9809814453125
 10
161.64295654296876
 20
3.995361328125
 10
161.5281005859375
 20
4.01083984375
 10
161.414453125
 20
4.0275146484375
 10
161.302294921875
 20
4.0455322265625
 10
161.19190673828126
 20
4.0648681640625
 10
161.0836181640625
 20
4.085693359375
 10
160.97781982421876
 20
4.108154296875
 10
160.8749267578125
 20
4.132373046875
 10
160.7753173828125
 20
4.1584716796875
 10
160.67943115234374
 20
4.1865966796875
 10
160.58770751953125
 20
4.2169189453125
 10
160.5006103515625
 20
4.2495849609375
 10
160.4185546875
 20
4.2847412109375
 10
160.34197998046875
 20
4.322607421875
 10
160.27125244140626
 20
4.3632080078125
 10
160.2067138671875
 20
4.406640625
 10
160.1487060546875
 20
4.453125
 10
160.0974609375
 20
4.502685546875
 10
160.05316162109375
 20
4.5553466796875
 10
160.01595458984374
 20
4.611181640625
 10
159.98587646484376
 20
4.670166015625
 10
159.9629150390625
 20
4.732275390625
 10
159.94703369140626
 20
4.7974365234375
 10
159.9380615234375
 20
4.865673828125
 10
159.935791015625
 20
4.936865234375
 10
159.93997802734376
 20
5.0109130859375
 10
159.95030517578124
 20
5.087646484375
 10
159.96640625
 20
5.1670166015625
 10
159.9879638671875
 20
5.2487548828125
 10
160.0145751953125
 20
5.332763671875
 10
160.04581298828126
 20
5.4189208984375
 10
160.081298828125
 20
5.507080078125
 10
160.12066650390625
 20
5.5969970703125
 10
160.16353759765624
 20
5.688623046875
 10
160.20958251953124
 20
5.781689453125
 10
160.25848388671875
 20
5.876123046875
 10
160.30997314453126
 20
5.97177734375
 10
160.363818359375
 20
6.0684326171875
 10
160.4197998046875
 20
6.1660400390625
 10
160.477783203125
 20
6.2644287109375
 10
160.53763427734376
 20
6.363330078125
 10
160.59925537109376
 20
6.462646484375
 10
160.66263427734376
 20
6.56220703125
 10
160.7277099609375
 20
6.6618896484375
 10
160.79449462890625
 20
6.7614013671875
 10
160.86300048828124
 20
6.8606201171875
 10
160.93323974609376
 20
6.9593017578125
 10
161.0052978515625
 20
7.057177734375
 10
161.0791748046875
 20
7.154150390625
 10
161.15496826171875
 20
7.2497802734375
 10
161.23270263671876
 20
7.343994140625
 10
161.31243896484375
 20
7.436376953125
 10
161.39422607421875
 20
7.5267822265625
 10
161.47811279296874
 20
7.6148681640625
 10
161.564111328125
 20
7.700439453125
 10
161.65223388671876
 20
7.7831787109375
 10
161.74251708984374
 20
7.8629150390625
 10
161.83492431640624
 20
7.9393798828125
 10
161.92943115234374
 20
8.0123779296875
 10
162.0260009765625
 20
8.0817138671875
 10
162.12459716796874
 20
8.1472900390625
 10
162.2251708984375
 20
8.208935546875
 10
162.3276123046875
 20
8.2665771484375
 10
162.4318603515625
 20
8.32021484375
 10
162.53780517578124
 20
8.3697509765625
 10
162.64532470703125
 20
8.415185546875
 10
162.75433349609375
 20
8.4566650390625
 10
162.86470947265624
 20
8.494189453125
 10
162.97633056640626
 20
8.5279541015625
 10
163.08905029296875
 20
8.558056640625
 10
163.202783203125
 20
8.58466796875
 10
163.31739501953126
 20
8.6079833984375
 10
163.4327880859375
 20
8.62822265625
 10
163.54884033203126
 20
8.6456787109375
 10
163.6654541015625
 20
8.660498046875
 10
163.7825439453125
 20
8.6729248046875
 10
163.90003662109376
 20
8.683203125
 10
164.01783447265626
 20
8.6915771484375
 10
164.13590087890626
 20
8.698291015625
 10
164.2541748046875
 20
8.703515625
 10
164.37261962890625
 20
8.707421875
 10
164.491162109375
 20
8.71025390625
 10
164.6097900390625
 20
8.7121826171875
 10
164.7284912109375
 20
8.7133056640625
 10
164.84722900390625
 20
8.7137939453125
 10
164.96600341796875
 20
8.713720703125
 10
165.084765625
 20
8.71318359375
 10
165.20355224609375
 20
8.7122802734375
 10
165.322314453125
 20
8.7110107421875
 10
165.4410400390625
 20
8.709375
 10
165.55972900390626
 20
8.7074462890625
 10
165.67835693359376
 20
8.7051513671875
 10
165.7968994140625
 20
8.7024169921875
 10
165.91534423828125
 20
8.69921875
 10
166.0336181640625
 20
8.69541015625
 10
166.151708984375
 20
8.690966796875
 10
166.26956787109376
 20
8.68564453125
 10
166.38712158203126
 20
8.679345703125
 10
166.5043212890625
 20
8.6718505859375
 10
166.62108154296874
 20
8.6629638671875
 10
166.7373291015625
 20
8.65244140625
 10
166.85296630859375
 20
8.640087890625
 10
166.96788330078124
 20
8.625634765625
 10
167.0820068359375
 20
8.6088134765625
 10
167.1951904296875
 20
8.589404296875
 10
167.30736083984374
 20
8.5671142578125
 10
167.41837158203126
 20
8.5417236328125
 10
167.52811279296876
 20
8.5130126953125
 10
167.63648681640626
 20
8.4807373046875
 10
167.743359375
 20
8.44462890625
 10
167.8486572265625
 20
8.4046630859375
 10
167.95228271484376
 20
8.3606689453125
 10
168.05413818359375
 20
8.3125244140625
 10
168.15416259765624
 20
8.2601806640625
 10
168.2523193359375
 20
8.2035888671875
 10
168.3485595703125
 20
8.1428466796875
 10
168.44283447265624
 20
8.0779052734375
 10
168.5351806640625
 20
8.008984375
 10
168.62557373046874
 20
7.936083984375
 10
168.71402587890626
 20
7.85947265625
 10
168.8005615234375
 20
7.7793212890625
 10
168.88516845703126
 20
7.69580078125
 10
168.967919921875
 20
7.609228515625
 10
169.04881591796874
 20
7.519775390625
 10
169.1279052734375
 20
7.4277099609375
 10
169.20516357421874
 20
7.3333251953125
 10
169.2806396484375
 20
7.2368408203125
 10
169.35426025390626
 20
7.1385986328125
 10
169.4260009765625
 20
7.038671875
 10
169.49583740234374
 20
6.937451171875
 10
169.56361083984376
 20
6.8350830078125
 10
169.62923583984374
 20
6.731787109375
 10
169.692578125
 20
6.6277587890625
 10
169.7534423828125
 20
6.52314453125
 10
169.81163330078124
 20
6.418115234375
 10
169.8669189453125
 20
6.312939453125
 10
169.9190673828125
 20
6.207666015625
 10
169.96778564453126
 20
6.1024658203125
 10
170.01282958984376
 20
5.997509765625
 10
170.053857421875
 20
5.892919921875
 10
170.0906005859375
 20
5.7888427734375
 10
170.12276611328124
 20
5.685498046875
 10
170.14998779296874
 20
5.5830322265625
 10
170.1720458984375
 20
5.481640625
 10
170.1886474609375
 20
5.381494140625
 10
170.19954833984374
 20
5.282861328125
 10
170.2045166015625
 20
5.1859375
 10
170.20338134765626
 20
5.090966796875
 10
170.19598388671875
 20
4.99814453125
 10
170.18218994140625
 20
4.9077392578125
 10
170.1619140625
 20
4.8199951171875
 10
170.13511962890624
 20
4.735107421875
 10
170.1018310546875
 20
4.6532958984375
 10
170.06212158203124
 20
4.574853515625
 10
170.01605224609375
 20
4.499951171875
 10
169.9637939453125
 20
4.428662109375
 10
169.905517578125
 20
4.3612060546875
 10
169.84144287109376
 20
4.29765625
 10
169.771826171875
 20
4.2380615234375
 10
169.69691162109376
 20
4.1825927734375
 10
169.617041015625
 20
4.1311279296875
 10
169.53250732421876
 20
4.0836669921875
 10
169.4436767578125
 20
4.0402099609375
 10
169.350830078125
 20
4.0006103515625
 10
169.25438232421874
 20
3.96484375
 10
169.15467529296876
 20
3.9327392578125
 10
169.052001953125
 20
3.9040771484375
 10
168.9467041015625
 20
3.878759765625
 10
168.83912353515626
 20
3.85654296875
 10
168.72952880859376
 20
3.837255859375
 10
168.61820068359376
 20
3.8206787109375
 10
168.5053955078125
 20
3.8066650390625
  0
LWPOLYLINE
  5
68
330
17
100
AcDbEntity
  8
0
100
AcDbPolyline
 90
292
 70
1
 10
185.40621337890624
 20
3.29384765625
 10
185.31204833984376
 20
3.2726806640625
 10
185.2140380859375
 20
3.2542724609375
 10
185.11260986328125
 20
3.2384033203125
 10
185.00811767578125
 20
3.224853515625
 10
184.90096435546874
 20
3.2134033203125
 10
184.7915283203125
 20
3.203857421875
 10
184.680126953125
 20
3.195947265625
 10
184.5670654296875
 20
3.189501953125
 10
184.4526611328125
 20
3.184375
 10
184.33712158203124
 20
3.1803955078125
 10
184.22071533203126
 20
3.17744140625
 10
184.10360107421874
 20
3.1753662109375
 10
183.98594970703124
 20
3.174072265625
 10
183.86788330078124
 20
3.1734375
 10
183.7494873046875
 20
3.1734130859375
 10
183.63087158203126
 20
3.173974609375
 10
183.51209716796876
 20
3.1750244140625
 10
183.393212890625
 20
3.1765625
 10
183.274267578125
 20
3.1784912109375
 10
183.1552734375
 20
3.1807861328125
 10
183.036279296875
 20
3.1835205078125
 10
182.917236328125
 20
3.18662109375
 10
182.7982177734375
 20
3.1901123046875
 10
182.67918701171874
 20
3.193896484375
 10
182.56015625
 20
3.198046875
 10
182.44114990234374
 20
3.2024658203125
 10
182.32210693359374
 20
3.2071533203125
 10
182.20308837890624
 20
3.212060546875
 10
182.08409423828124
 20
3.2171875
 10
181.9650634765625
 20
3.2224853515625
 10
181.846044921875
 20
3.2278564453125
 10
181.7270263671875
 20
3.23330078125
 10
181.60802001953124
 20
3.2388427734375
 10
181.48900146484374
 20
3.2443603515625
 10
181.36998291015624
 20
3.249755859375
 10
181.2509765625
 20
3.25517578125
 10
181.131982421875
 20
3.260498046875
 10
181.0129638671875
 20
3.265673828125
 10
180.89395751953126
 20
3.270751953125
 10
180.7749755859375
 20
3.2757080078125
 10
180.65594482421875
 20
3.280517578125
 10
180.5369384765625
 20
3.2852294921875
 10
180.4179443359375
 20
3.289892578125
 10
180.29893798828124
 20
3.2945068359375
 10
180.179931640625
 20
3.2990966796875
 10
180.06092529296876
 20
3.303662109375
 10
179.941943359375
 20
3.308349609375
 10
179.82293701171875
 20
3.3131103515625
 10
179.70394287109374
 20
3.318017578125
 10
179.58497314453126
 20
3.323095703125
 10
179.4659912109375
 20
3.328369140625
 10
179.3469970703125
 20
3.3339599609375
 10
179.2280029296875
 20
3.3398193359375
 10
179.10902099609376
 20
3.3459716796875
 10
178.9900390625
 20
3.35244140625
 10
178.8710693359375
 20
3.35927734375
 10
178.75208740234376
 20
3.3664306640625
 10
178.63309326171876
 20
3.373876953125
 10
178.51409912109375
 20
3.381689453125
 10
178.39512939453124
 20
3.3897705078125
 10
178.2761474609375
 20
3.3981201171875
 10
178.157177734375
 20
3.4066650390625
 10
178.03822021484376
 20
3.4154541015625
 10
177.91925048828125
 20
3.4243408203125
 10
177.80028076171874
 20
3.4333251953125
 10
177.6813232421875
 20
3.442431640625
 10
177.56236572265624
 20
3.451513671875
 10
177.443408203125
 20
3.4605224609375
 10
177.32445068359374
 20
3.469482421875
 10
177.2054931640625
 20
3.478271484375
 10
177.0865478515625
 20
3.4869384765625
 10
176.96759033203125
 20
3.495361328125
 10
176.8486572265625
 20
3.50361328125
 10
176.729736328125
 20
3.511669921875
 10
176.6108154296875
 20
3.5195556640625
 10
176.49195556640626
 20
3.5273193359375
 10
176.3731201171875
 20
3.534912109375
 10
176.25435791015624
 20
3.54248046875
 10
176.13568115234375
 20
3.5501220703125
 10
176.017138671875
 20
3.5579345703125
 10
175.89874267578125
 20
3.5660400390625
 10
175.78057861328125
 20
3.574609375
 10
175.6626708984375
 20
3.5838623046875
 10
175.54512939453124
 20
3.5939697265625
 10
175.42799072265626
 20
3.6051513671875
 10
175.31138916015624
 20
3.6177001953125
 10
175.19537353515625
 20
3.631884765625
 10
175.080078125
 20
3.6478759765625
 10
174.965625
 20
3.666015625
 10
174.85213623046874
 20
3.6865966796875
 10
174.73975830078126
 20
3.709814453125
 10
174.62857666015626
 20
3.73603515625
 10
174.518798828125
 20
3.7655029296875
 10
174.410498046875
 20
3.7983154296875
 10
174.30379638671874
 20
3.834814453125
 10
174.19884033203124
 20
3.87509765625
 10
174.0957275390625
 20
3.919384765625
 10
173.99454345703126
 20
3.9677001953125
 10
173.89537353515624
 20
4.0201904296875
 10
173.79827880859375
 20
4.0767822265625
 10
173.703271484375
 20
4.137548828125
 10
173.6103759765625
 20
4.2023681640625
 10
173.51959228515625
 20
4.2712158203125
 10
173.4308837890625
 20
4.3439697265625
 10
173.34427490234376
 20
4.4203857421875
 10
173.25963134765624
 20
4.500341796875
 10
173.1769775390625
 20
4.5836181640625
 10
173.09625244140625
 20
4.669970703125
 10
173.01737060546876
 20
4.759130859375
 10
172.94031982421876
 20
4.8509521484375
 10
172.8650634765625
 20
4.945068359375
 10
172.79158935546874
 20
5.0412841796875
 10
172.71988525390626
 20
5.1393310546875
 10
172.6500244140625
 20
5.23896484375
 10
172.58206787109376
 20
5.3399169921875
 10
172.51612548828126
 20
5.442041015625
 10
172.45230712890626
 20
5.54501953125
 10
172.39080810546875
 20
5.64873046875
 10
172.3318603515625
 20
5.7529541015625
 10
172.2756591796875
 20
5.8574462890625
 10
172.22249755859374
 20
5.962109375
 10
172.1726806640625
 20
6.0667236328125
 10
172.126513671875
 20
6.17109375
 10
172.084326171875
 20
6.2750732421875
 10
172.04644775390625
 20
6.378466796875
 10
172.01324462890625
 20
6.4810302734375
 10
171.98502197265626
 20
6.582568359375
 10
171.962109375
 20
6.682861328125
 10
171.9447998046875
 20
6.781689453125
 10
171.9333984375
 20
6.87880859375
 10
171.92811279296876
 20
6.973974609375
 10
171.9291748046875
 20
7.06689453125
 10
171.9367431640625
 20
7.1573486328125
 10
171.95093994140626
 20
7.2449951171875
 10
171.97186279296875
 20
7.329638671875
 10
171.9994873046875
 20
7.410986328125
 10
172.033837890625
 20
7.488818359375
 10
172.0748046875
 20
7.5628662109375
 10
172.12230224609374
 20
7.6329833984375
 10
172.17613525390624
 20
7.6989501953125
 10
172.23609619140626
 20
7.76064453125
 10
172.301953125
 20
7.817919921875
 10
172.3734375
 20
7.870751953125
 10
172.45020751953126
 20
7.919091796875
 10
172.53197021484374
 20
7.96298828125
 10
172.61834716796875
 20
8.0025146484375
 10
172.70899658203126
 20
8.037744140625
 10
172.80355224609374
 20
8.068798828125
 10
172.90164794921876
 20
8.095947265625
 10
173.00296630859376
 20
8.119287109375
 10
173.107080078125
 20
8.13916015625
 10
173.21368408203125
 20
8.1558349609375
 10
173.32249755859374
 20
8.1696044921875
 10
173.4331787109375
 20
8.1807373046875
 10
173.5454833984375
 20
8.189599609375
 10
173.65914306640624
 20
8.196435546875
 10
173.77393798828126
 20
8.2015625
 10
173.88966064453126
 20
8.2052490234375
 10
174.00616455078125
 20
8.2077880859375
 10
174.1232666015625
 20
8.209423828125
 10
174.240869140625
 20
8.210400390625
 10
174.358837890625
 20
8.2109130859375
 10
174.477099609375
 20
8.2111083984375
 10
174.595556640625
 20
8.211181640625
 10
174.7141845703125
 20
8.21123046875
 10
174.8329345703125
 20
8.211279296875
 10
174.9517578125
 20
8.2114501953125
 10
175.07064208984374
 20
8.21181640625
 10
175.18956298828124
 20
8.2123291015625
 10
175.30850830078126
 20
8.2129638671875
 10
175.42745361328124
 20
8.21376953125
 10
175.54639892578126
 20
8.2147216796875
 10
175.6653564453125
 20
8.2156982421875
 10
175.7843017578125
 20
8.21669921875
 10
175.9032470703125
 20
8.2177001953125
 10
176.02220458984374
 20
8.2186279296875
 10
176.14114990234376
 20
8.219482421875
 10
176.26009521484374
 20
8.2201416015625
 10
176.379052734375
 20
8.2205810546875
 10
176.49801025390624
 20
8.220703125
 10
176.61695556640626
 20
8.220556640625
 10
176.73592529296874
 20
8.22001953125
 10
176.85489501953126
 20
8.2191650390625
 10
176.9738525390625
 20
8.21787109375
 10
177.09281005859376
 20
8.21611328125
 10
177.21177978515624
 20
8.2139404296875
 10
177.33074951171875
 20
8.21123046875
 10
177.44971923828126
 20
8.2080322265625
 10
177.56868896484374
 20
8.2042724609375
 10
177.68765869140626
 20
8.199951171875
 10
177.80662841796874
 20
8.1949951171875
 10
177.92559814453125
 20
8.1894287109375
 10
178.044580078125
 20
8.1832275390625
 10
178.16353759765624
 20
8.176318359375
 10
178.2824951171875
 20
8.168701171875
 10
178.4014892578125
 20
8.1603271484375
 10
178.520458984375
 20
8.1512451171875
 10
178.6394287109375
 20
8.1413818359375
 10
178.7583984375
 20
8.1306884765625
 10
178.87738037109375
 20
8.119189453125
 10
178.99635009765626
 20
8.106787109375
 10
179.1153076171875
 20
8.0935302734375
 10
179.2343017578125
 20
8.079345703125
 10
179.353271484375
 20
8.0642822265625
 10
179.4722412109375
 20
8.048193359375
 10
179.5912109375
 20
8.0311767578125
 10
179.7101806640625
 20
8.01318359375
 10
179.829150390625
 20
7.9941650390625
 10
179.9481201171875
 20
7.974169921875
 10
180.0671142578125
 20
7.9531005859375
 10
180.186083984375
 20
7.9309326171875
 10
180.3050537109375
 20
7.90771484375
 10
180.42403564453124
 20
7.8834228515625
 10
180.543017578125
 20
7.8579833984375
 10
180.66197509765624
 20
7.8314208984375
 10
180.7809326171875
 20
7.8037353515625
 10
180.89991455078126
 20
7.774853515625
 10
181.01888427734374
 20
7.74482421875
 10
181.137841796875
 20
7.713623046875
 10
181.25679931640624
 20
7.6812744140625
 10
181.3757568359375
 20
7.6477783203125
 10
181.49466552734376
 20
7.6131103515625
 10
181.61356201171876
 20
7.577294921875
 10
181.732421875
 20
7.54033203125
 10
181.85120849609376
 20
7.502294921875
 10
181.969921875
 20
7.46318359375
 10
182.0885498046875
 20
7.4230224609375
 10
182.20706787109376
 20
7.3818603515625
 10
182.32542724609374
 20
7.3397216796875
 10
182.443603515625
 20
7.2966552734375
 10
182.56153564453126
 20
7.252734375
 10
182.67921142578126
 20
7.20791015625
 10
182.796533203125
 20
7.162255859375
 10
182.9134521484375
 20
7.1157958984375
 10
183.029931640625
 20
7.068505859375
 10
183.1458740234375
 20
7.0204345703125
 10
183.2612060546875
 20
6.9716064453125
 10
183.3758544921875
 20
6.92197265625
 10
183.4897216796875
 20
6.871533203125
 10
183.6027099609375
 20
6.820263671875
 10
183.714697265625
 20
6.7680908203125
 10
183.82559814453126
 20
6.7149658203125
 10
183.93531494140626
 20
6.6608154296875
 10
184.043701171875
 20
6.60556640625
 10
184.150634765625
 20
6.5491455078125
 10
184.2560302734375
 20
6.4914306640625
 10
184.35972900390624
 20
6.4323486328125
 10
184.46163330078124
 20
6.3718505859375
 10
184.5615966796875
 20
6.309765625
 10
184.659521484375
 20
6.246044921875
 10
184.75526123046876
 20
6.18056640625
 10
184.84871826171874
 20
6.11328125
 10
184.93978271484374
 20
6.0441162109375
 10
185.02833251953126
 20
5.9730224609375
 10
185.1142822265625
 20
5.8999755859375
 10
185.197509765625
 20
5.824951171875
 10
185.277978515625
 20
5.74794921875
 10
185.3555908203125
 20
5.66904296875
 10
185.4302490234375
 20
5.5882568359375
 10
185.50189208984375
 20
5.505712890625
 10
185.5704345703125
 20
5.4215087890625
 10
185.63580322265625
 20
5.33583984375
 10
185.69791259765626
 20
5.248779296875
 10
185.75670166015624
 20
5.1605712890625
 10
185.812060546875
 20
5.0714599609375
 10
185.86385498046874
 20
4.981640625
 10
185.911962890625
 20
4.8913818359375
 10
185.95626220703124
 20
4.801025390625
 10
185.9965576171875
 20
4.7108642578125
 10
186.0326904296875
 20
4.621142578125
 10
186.064453125
 20
4.5322998046875
 10
186.0916015625
 20
4.444482421875
 10
186.11392822265626
 20
4.358154296875
 10
186.1311767578125
 20
4.2735595703125
 10
186.1430908203125
 20
4.191064453125
 10
186.1494384765625
 20
4.1109619140625
 10
186.15
 20
4.0335205078125
 10
186.14454345703126
 20
3.958984375
 10
186.13287353515625
 20
3.88759765625
 10
186.11483154296874
 20
3.819580078125
 10
186.0903076171875
 20
3.755126953125
 10
186.0592041015625
 20
3.6943115234375
 10
186.0215087890625
 20
3.6373291015625
 10
185.97723388671875
 20
3.5842041015625
 10
185.92647705078124
 20
3.534912109375
 10
185.8693359375
 20
3.4895263671875
 10
185.8060302734375
 20
3.44794921875
 10
185.7367431640625
 20
3.4101318359375
 10
185.66177978515626
 20
3.3759521484375
 10
185.58148193359375
 20
3.3453369140625
 10
185.4961669921875
 20
3.318017578125
  0
LWPOLYLINE
  5
69
330
17
100
AcDbEntity
  8
0
100
AcDbPolyline
 90
301
 70
1
 10
210.4156494140625
 20
2.4966552734375
 10
210.3156494140625
 20
2.4524169921875
 10
210.214111328125
 20
2.4125
 10
210.1109619140625
 20
2.37685546875
 10
210.0062744140625
 20
2.3453125
 10
209.9000732421875
 20
2.317724609375
 10
209.7924072265625
 20
2.2940185546875
 10
209.683349609375
 20
2.273876953125
 10
209.572998046875
 20
2.2571533203125
 10
209.46142578125
 20
2.2435302734375
 10
209.348681640625
 20
2.2328125
 10
209.2349609375
 20
2.224658203125
 10
209.1203125
 20
2.21884765625
 10
209.004833984375
 20
2.215087890625
 10
208.8886474609375
 20
2.2131103515625
 10
208.7718505859375
 20
2.212646484375
 10
208.654541015625
 20
2.2135009765625
 10
208.536767578125
 20
2.215380859375
 10
208.4186279296875
 20
2.2181396484375
 10
208.3002197265625
 20
2.22158203125
 10
208.18154296875
 20
2.2255126953125
 10
208.0627197265625
 20
2.2297607421875
 10
207.9437255859375
 20
2.2342529296875
 10
207.824658203125
 20
2.2387451171875
 10
207.7054931640625
 20
2.243310546875
 10
207.586279296875
 20
2.247802734375
 10
207.4670166015625
 20
2.2521728515625
 10
207.3477294921875
 20
2.2563232421875
 10
207.2284423828125
 20
2.260302734375
 10
207.109130859375
 20
2.2640869140625
 10
206.9898193359375
 20
2.2676513671875
 10
206.8705322265625
 20
2.2709716796875
 10
206.7511962890625
 20
2.2740966796875
 10
206.631884765625
 20
2.276953125
 10
206.5125732421875
 20
2.2796875
 10
206.3932861328125
 20
2.2822509765625
 10
206.273974609375
 20
2.28466796875
 10
206.154638671875
 20
2.2869384765625
 10
206.0353271484375
 20
2.2890869140625
 10
205.9160400390625
 20
2.29111328125
 10
205.7967529296875
 20
2.2930908203125
 10
205.67744140625
 20
2.29501953125
 10
205.5581298828125
 20
2.2968994140625
 10
205.438818359375
 20
2.2987548828125
 10
205.3195556640625
 20
2.3006103515625
 10
205.200244140625
 20
2.3024169921875
 10
205.08095703125
 20
2.3042724609375
 10
204.9616455078125
 20
2.30615234375
 10
204.8423583984375
 20
2.308056640625
 10
204.7230712890625
 20
2.3100341796875
 10
204.6037841796875
 20
2.3120849609375
 10
204.48450927734376
 20
2.3142822265625
 10
204.36522216796874
 20
2.3165283203125
 10
204.24593505859374
 20
2.3189208984375
 10
204.12667236328124
 20
2.321484375
 10
204.00738525390625
 20
2.32421875
 10
203.88809814453126
 20
2.3271728515625
 10
203.7688232421875
 20
2.330322265625
 10
203.64954833984376
 20
2.3337158203125
 10
203.5302734375
 20
2.33740234375
 10
203.41099853515624
 20
2.3413818359375
 10
203.2917236328125
 20
2.345654296875
 10
203.17247314453124
 20
2.350244140625
 10
203.0531982421875
 20
2.35517578125
 10
202.93394775390624
 20
2.3604736328125
 10
202.81468505859374
 20
2.36611328125
 10
202.69542236328124
 20
2.3720947265625
 10
202.576171875
 20
2.3783935546875
 10
202.45689697265624
 20
2.38505859375
 10
202.337646484375
 20
2.392041015625
 10
202.2183837890625
 20
2.39931640625
 10
202.09913330078126
 20
2.4069091796875
 10
201.9798828125
 20
2.4147216796875
 10
201.86063232421876
 20
2.4227783203125
 10
201.74139404296875
 20
2.431103515625
 10
201.6221435546875
 20
2.439501953125
 10
201.5029052734375
 20
2.4480712890625
 10
201.3836669921875
 20
2.4567138671875
 10
201.26444091796876
 20
2.4654052734375
 10
201.14520263671875
 20
2.4741455078125
 10
201.0259765625
 20
2.482861328125
 10
200.9067626953125
 20
2.4915283203125
 10
200.78756103515624
 20
2.5002197265625
 10
200.6683837890625
 20
2.5088134765625
 10
200.5492431640625
 20
2.5173583984375
 10
200.430126953125
 20
2.52587890625
 10
200.3111083984375
 20
2.534375
 10
200.1921630859375
 20
2.5429443359375
 10
200.07332763671874
 20
2.5515869140625
 10
199.95467529296874
 20
2.5604736328125
 10
199.83619384765626
 20
2.56962890625
 10
199.71800537109374
 20
2.57919921875
 10
199.60015869140625
 20
2.5893310546875
 10
199.4827392578125
 20
2.6002197265625
 10
199.36583251953124
 20
2.61201171875
 10
199.2495849609375
 20
2.62490234375
 10
199.1341552734375
 20
2.6391845703125
 10
199.01966552734376
 20
2.6550537109375
 10
198.90631103515625
 20
2.67275390625
 10
198.7943359375
 20
2.6925537109375
 10
198.68394775390624
 20
2.714697265625
 10
198.575390625
 20
2.739404296875
 10
198.46895751953124
 20
2.7669189453125
 10
198.3649658203125
 20
2.7974365234375
 10
198.26370849609376
 20
2.8312255859375
 10
198.1655517578125
 20
2.8683837890625
 10
198.070849609375
 20
2.909130859375
 10
197.97996826171874
 20
2.9534912109375
 10
197.8933349609375
 20
3.0015625
 10
197.81131591796876
 20
3.0533447265625
 10
197.7343017578125
 20
3.108740234375
 10
197.66268310546874
 20
3.1677978515625
 10
197.5968505859375
 20
3.2303466796875
 10
197.537158203125
 20
3.2962158203125
 10
197.48399658203124
 20
3.365185546875
 10
197.43763427734376
 20
3.4369873046875
 10
197.39840087890624
 20
3.511328125
 10
197.3665283203125
 20
3.5879150390625
 10
197.34222412109375
 20
3.6663818359375
 10
197.32569580078126
 20
3.7464111328125
 10
197.3170166015625
 20
3.8275634765625
 10
197.31629638671876
 20
3.9094970703125
 10
197.3235595703125
 20
3.9918212890625
 10
197.338720703125
 20
4.0741455078125
 10
197.3617431640625
 20
4.1561767578125
 10
197.3924560546875
 20
4.2375244140625
 10
197.43067626953126
 20
4.31787109375
 10
197.47618408203124
 20
4.3969482421875
 10
197.5286865234375
 20
4.474560546875
 10
197.58787841796874
 20
4.55048828125
 10
197.65343017578124
 20
4.6245361328125
 10
197.724951171875
 20
4.6966064453125
 10
197.80203857421876
 20
4.7665771484375
 10
197.88433837890625
 20
4.8343994140625
 10
197.9714111328125
 20
4.9
 10
198.0628173828125
 20
4.9634521484375
 10
198.15819091796874
 20
5.0247802734375
 10
198.25711669921876
 20
5.0840576171875
 10
198.3592041015625
 20
5.141357421875
 10
198.4640869140625
 20
5.19677734375
 10
198.57139892578124
 20
5.2504150390625
 10
198.68084716796875
 20
5.30244140625
 10
198.7921142578125
 20
5.3529541015625
 10
198.904931640625
 20
5.4020751953125
 10
199.0190673828125
 20
5.4500244140625
 10
199.13428955078126
 20
5.4968994140625
 10
199.25040283203126
 20
5.542822265625
 10
199.367236328125
 20
5.587939453125
 10
199.48468017578125
 20
5.632421875
 10
199.602587890625
 20
5.6763916015625
 10
199.720849609375
 20
5.7199462890625
 10
199.839404296875
 20
5.7632568359375
 10
199.9581787109375
 20
5.8063720703125
 10
200.077099609375
 20
5.849462890625
 10
200.196142578125
 20
5.8926025390625
 10
200.315283203125
 20
5.935888671875
 10
200.43448486328126
 20
5.9793701171875
 10
200.5537109375
 20
6.02314453125
 10
200.6729736328125
 20
6.0672607421875
 10
200.79224853515626
 20
6.111767578125
 10
200.91153564453126
 20
6.156689453125
 10
201.03084716796874
 20
6.20205078125
 10
201.15013427734374
 20
6.2478271484375
 10
201.26944580078126
 20
6.2940185546875
 10
201.38875732421874
 20
6.34052734375
 10
201.5080810546875
 20
6.3873291015625
 10
201.62740478515624
 20
6.4343017578125
 10
201.746728515625
 20
6.4813232421875
 10
201.86605224609374
 20
6.5283447265625
 10
201.9853759765625
 20
6.57509765625
 10
202.1046875
 20
6.621533203125
 10
202.22401123046876
 20
6.6673583984375
 10
202.3433349609375
 20
6.7125244140625
 10
202.462646484375
 20
6.75673828125
 10
202.58197021484375
 20
6.7999267578125
 10
202.70128173828124
 20
6.841796875
 10
202.82059326171876
 20
6.8822021484375
 10
202.9399169921875
 20
6.921044921875
 10
203.0592529296875
 20
6.9580810546875
 10
203.17857666015624
 20
6.9931884765625
 10
203.2978759765625
 20
7.02626953125
 10
203.41719970703124
 20
7.0572509765625
 10
203.53651123046876
 20
7.08603515625
 10
203.65582275390625
 20
7.1125732421875
 10
203.77513427734374
 20
7.1368408203125
 10
203.89444580078126
 20
7.1588623046875
 10
204.01373291015625
 20
7.1786376953125
 10
204.13304443359374
 20
7.196240234375
 10
204.25235595703126
 20
7.21171875
 10
204.37166748046874
 20
7.2251220703125
 10
204.490966796875
 20
7.236572265625
 10
204.61026611328126
 20
7.24609375
 10
204.72955322265625
 20
7.2539306640625
 10
204.848876953125
 20
7.260107421875
 10
204.9681396484375
 20
7.2647705078125
 10
205.087451171875
 20
7.268017578125
 10
205.2067626953125
 20
7.269970703125
 10
205.3260498046875
 20
7.2707763671875
 10
205.4453369140625
 20
7.2705322265625
 10
205.5646484375
 20
7.269287109375
 10
205.683935546875
 20
7.2672607421875
 10
205.80322265625
 20
7.264453125
 10
205.9225341796875
 20
7.260986328125
 10
206.041845703125
 20
7.25693359375
 10
206.1611328125
 20
7.2523681640625
 10
206.2804443359375
 20
7.24736328125
 10
206.3997314453125
 20
7.2419677734375
 10
206.5190673828125
 20
7.2362548828125
 10
206.6383544921875
 20
7.2302490234375
 10
206.757666015625
 20
7.2240478515625
 10
206.8769775390625
 20
7.2176025390625
 10
206.9962646484375
 20
7.210986328125
 10
207.1156005859375
 20
7.204248046875
 10
207.2348876953125
 20
7.197314453125
 10
207.35419921875
 20
7.190283203125
 10
207.4735107421875
 20
7.18310546875
 10
207.5928466796875
 20
7.175732421875
 10
207.712158203125
 20
7.1682373046875
 10
207.8314697265625
 20
7.1605224609375
 10
207.9507568359375
 20
7.1526123046875
 10
208.070068359375
 20
7.144482421875
 10
208.189404296875
 20
7.1360595703125
 10
208.3087158203125
 20
7.1274169921875
 10
208.42802734375
 20
7.1184814453125
 10
208.5473388671875
 20
7.1092529296875
 10
208.6666748046875
 20
7.09970703125
 10
208.7860107421875
 20
7.0897705078125
 10
208.905322265625
 20
7.0795166015625
 10
209.024658203125
 20
7.0689208984375
 10
209.143994140625
 20
7.05791015625
 10
209.2633056640625
 20
7.0466064453125
 10
209.3826171875
 20
7.034912109375
 10
209.5019287109375
 20
7.0228759765625
 10
209.62119140625
 20
7.0104736328125
 10
209.7404541015625
 20
6.9976806640625
 10
209.859619140625
 20
6.984423828125
 10
209.9787109375
 20
6.970654296875
 10
210.097705078125
 20
6.95634765625
 10
210.2164794921875
 20
6.94140625
 10
210.33505859375
 20
6.925732421875
 10
210.453271484375
 20
6.9092041015625
 10
210.5711181640625
 20
6.89169921875
 10
210.6884033203125
 20
6.872998046875
 10
210.8050048828125
 20
6.8530029296875
 10
210.9207763671875
 20
6.831396484375
 10
211.035498046875
 20
6.80810546875
 10
211.1489990234375
 20
6.7827880859375
 10
211.2609619140625
 20
6.7552978515625
 10
211.3711181640625
 20
6.7253662109375
 10
211.4791748046875
 20
6.6927490234375
 10
211.5847900390625
 20
6.65732421875
 10
211.6876220703125
 20
6.618798828125
 10
211.7872802734375
 20
6.5770263671875
 10
211.8833740234375
 20
6.5319091796875
 10
211.9755126953125
 20
6.483203125
 10
212.0632568359375
 20
6.430859375
 10
212.1462158203125
 20
6.3748779296875
 10
212.2239990234375
 20
6.31513671875
 10
212.2961669921875
 20
6.251708984375
 10
212.3624267578125
 20
6.184619140625
 10
212.4223876953125
 20
6.113916015625
 10
212.4757568359375
 20
6.0397216796875
 10
212.522265625
 20
5.9621826171875
 10
212.5617431640625
 20
5.881494140625
 10
212.593994140625
 20
5.7977783203125
 10
212.6188720703125
 20
5.7113037109375
 10
212.6364013671875
 20
5.622216796875
 10
212.646484375
 20
5.5308349609375
 10
212.649267578125
 20
5.437255859375
 10
212.6447998046875
 20
5.3418212890625
 10
212.6333251953125
 20
5.2447021484375
 10
212.6149658203125
 20
5.1461669921875
 10
212.5900634765625
 20
5.04638671875
 10
212.55888671875
 20
4.94560546875
 10
212.52177734375
 20
4.843896484375
 10
212.4790771484375
 20
4.7416259765625
 10
212.43125
 20
4.6388916015625
 10
212.3786376953125
 20
4.5358642578125
 10
212.321630859375
 20
4.432763671875
 10
212.2606689453125
 20
4.3297119140625
 10
212.19609375
 20
4.2268798828125
 10
212.1283447265625
 20
4.124462890625
 10
212.0577392578125
 20
4.0226318359375
 10
211.9845947265625
 20
3.92158203125
 10
211.9092529296875
 20
3.8215087890625
 10
211.831982421875
 20
3.7226318359375
 10
211.7529541015625
 20
3.6251708984375
 10
211.672412109375
 20
3.52939453125
 10
211.59052734375
 20
3.4355224609375
 10
211.507373046875
 20
3.34375
 10
211.422998046875
 20
3.2544189453125
 10
211.337548828125
 20
3.1677490234375
 10
211.2509521484375
 20
3.083984375
 10
211.1632568359375
 20
3.0033935546875
 10
211.0743896484375
 20
2.926220703125
 10
210.984326171875
 20
2.8527099609375
 10
210.893017578125
 20
2.782958984375
 10
210.8004150390625
 20
2.717236328125
 10
210.706396484375
 20
2.6556884765625
 10
210.610986328125
 20
2.5983154296875
 10
210.5140625
 20
2.5453125
  0
LWPOLYLINE
  5
6A
330
17
100
AcDbEntity
  8
0
100
AcDbPolyline
 90
218
 70
1
 10
223.367236328125
 20
1.9735107421875
 10
223.2842041015625
 20
1.9343505859375
 10
223.196435546875
 20
1.8994384765625
 10
223.104345703125
 20
1.868505859375
 10
223.0082763671875
 20
1.84150390625
 10
222.908642578125
 20
1.8181884765625
 10
222.805810546875
 20
1.79833984375
 10
222.7001220703125
 20
1.7817138671875
 10
222.5919677734375
 20
1.76806640625
 10
222.4817138671875
 20
1.75712890625
 10
222.3696044921875
 20
1.7486572265625
 10
222.25595703125
 20
1.74228515625
 10
222.141015625
 20
1.737841796875
 10
222.0250244140625
 20
1.7349853515625
 10
221.9081787109375
 20
1.73349609375
 10
221.790673828125
 20
1.733154296875
 10
221.67265625
 20
1.733740234375
 10
221.55419921875
 20
1.7350830078125
 10
221.43544921875
 20
1.736962890625
 10
221.3164794921875
 20
1.739208984375
 10
221.1972900390625
 20
1.7418212890625
 10
221.07802734375
 20
1.7445556640625
 10
220.9586669921875
 20
1.74736328125
 10
220.8392822265625
 20
1.7502197265625
 10
220.7198486328125
 20
1.7530517578125
 10
220.6003662109375
 20
1.755810546875
 10
220.480908203125
 20
1.7584716796875
 10
220.36142578125
 20
1.7610107421875
 10
220.241943359375
 20
1.7634521484375
 10
220.122509765625
 20
1.7657958984375
 10
220.00302734375
 20
1.768017578125
 10
219.8835693359375
 20
1.770166015625
 10
219.7640869140625
 20
1.772216796875
 10
219.6446533203125
 20
1.7742431640625
 10
219.5251708984375
 20
1.776220703125
 10
219.4057373046875
 20
1.7781494140625
 10
219.286279296875
 20
1.780078125
 10
219.166796875
 20
1.78203125
 10
219.04736328125
 20
1.784033203125
 10
218.9279052734375
 20
1.7860595703125
 10
218.8084716796875
 20
1.788232421875
 10
218.6889892578125
 20
1.7905029296875
 10
218.56953125
 20
1.792919921875
 10
218.45009765625
 20
1.7954833984375
 10
218.3306396484375
 20
1.7982177734375
 10
218.21123046875
 20
1.801220703125
 10
218.0917724609375
 20
1.8045166015625
 10
217.9723388671875
 20
1.8081298828125
 10
217.852880859375
 20
1.812060546875
 10
217.7334716796875
 20
1.816455078125
 10
217.6140625
 20
1.8213134765625
 10
217.49462890625
 20
1.82666015625
 10
217.375244140625
 20
1.832568359375
 10
217.2559326171875
 20
1.8391357421875
 10
217.136669921875
 20
1.8464599609375
 10
217.017529296875
 20
1.854541015625
 10
216.8985107421875
 20
1.863525390625
 10
216.779638671875
 20
1.8734375
 10
216.6610595703125
 20
1.8844482421875
 10
216.5427734375
 20
1.8967041015625
 10
216.42490234375
 20
1.91025390625
 10
216.3075439453125
 20
1.925341796875
 10
216.190869140625
 20
1.9420166015625
 10
216.0749755859375
 20
1.96044921875
 10
215.9600830078125
 20
1.9808837890625
 10
215.84638671875
 20
2.003466796875
 10
215.73408203125
 20
2.02841796875
 10
215.6234130859375
 20
2.0558349609375
 10
215.5146240234375
 20
2.085986328125
 10
215.4080322265625
 20
2.11904296875
 10
215.3038818359375
 20
2.155126953125
 10
215.202587890625
 20
2.194482421875
 10
215.104345703125
 20
2.2371337890625
 10
215.0094970703125
 20
2.283349609375
 10
214.9184326171875
 20
2.3331298828125
 10
214.8314208984375
 20
2.38662109375
 10
214.7487548828125
 20
2.4437744140625
 10
214.67080078125
 20
2.504638671875
 10
214.597705078125
 20
2.569189453125
 10
214.52978515625
 20
2.637451171875
 10
214.4672607421875
 20
2.709228515625
 10
214.4103271484375
 20
2.7844970703125
 10
214.359130859375
 20
2.863037109375
 10
214.3137939453125
 20
2.9447509765625
 10
214.2744140625
 20
3.029345703125
 10
214.240966796875
 20
3.116748046875
 10
214.2135498046875
 20
3.206689453125
 10
214.1920654296875
 20
3.2989501953125
 10
214.176513671875
 20
3.3933349609375
 10
214.1667724609375
 20
3.48955078125
 10
214.162744140625
 20
3.58740234375
 10
214.1643310546875
 20
3.6866455078125
 10
214.1713134765625
 20
3.787109375
 10
214.1836181640625
 20
3.8885498046875
 10
214.2009765625
 20
3.9907958984375
 10
214.2233154296875
 20
4.0937255859375
 10
214.2504150390625
 20
4.1970458984375
 10
214.282080078125
 20
4.30068359375
 10
214.318212890625
 20
4.40439453125
 10
214.3586181640625
 20
4.50810546875
 10
214.403173828125
 20
4.611572265625
 10
214.4517578125
 20
4.7146728515625
 10
214.50419921875
 20
4.8172119140625
 10
214.5604736328125
 20
4.9190673828125
 10
214.62041015625
 20
5.0199951171875
 10
214.6839599609375
 20
5.1198486328125
 10
214.751025390625
 20
5.2183837890625
 10
214.8215576171875
 20
5.3154052734375
 10
214.8954345703125
 20
5.410693359375
 10
214.972607421875
 20
5.5040283203125
 10
215.052978515625
 20
5.595166015625
 10
215.1364501953125
 20
5.6838134765625
 10
215.222998046875
 20
5.7697998046875
 10
215.312451171875
 20
5.852880859375
 10
215.404736328125
 20
5.9328369140625
 10
215.4997314453125
 20
6.00947265625
 10
215.5972900390625
 20
6.0825439453125
 10
215.6972900390625
 20
6.1519287109375
 10
215.7995361328125
 20
6.21748046875
 10
215.9039306640625
 20
6.279052734375
 10
216.010302734375
 20
6.33662109375
 10
216.118505859375
 20
6.3901123046875
 10
216.2283447265625
 20
6.4394775390625
 10
216.3396240234375
 20
6.484814453125
 10
216.4522705078125
 20
6.526123046875
 10
216.566064453125
 20
6.5635009765625
 10
216.6808837890625
 20
6.597021484375
 10
216.7965576171875
 20
6.6269287109375
 10
216.9130126953125
 20
6.6532958984375
 10
217.0301025390625
 20
6.676416015625
 10
217.1476806640625
 20
6.6963623046875
 10
217.26572265625
 20
6.7134033203125
 10
217.3841064453125
 20
6.7277587890625
 10
217.5027587890625
 20
6.7396240234375
 10
217.621630859375
 20
6.74921875
 10
217.740673828125
 20
6.756689453125
 10
217.8598388671875
 20
6.762255859375
 10
217.9790771484375
 20
6.7660888671875
 10
218.0984130859375
 20
6.768359375
 10
218.2177978515625
 20
6.769189453125
 10
218.3371826171875
 20
6.76875
 10
218.456591796875
 20
6.7671142578125
 10
218.576025390625
 20
6.7643310546875
 10
218.695458984375
 20
6.7604736328125
 10
218.8149169921875
 20
6.755517578125
 10
218.9343505859375
 20
6.7496337890625
 10
219.05380859375
 20
6.7427490234375
 10
219.1732177734375
 20
6.73486328125
 10
219.2926025390625
 20
6.7259521484375
 10
219.4120361328125
 20
6.7160400390625
 10
219.53134765625
 20
6.7050048828125
 10
219.6506591796875
 20
6.6928466796875
 10
219.7698486328125
 20
6.67939453125
 10
219.88896484375
 20
6.6646728515625
 10
220.0079345703125
 20
6.6484619140625
 10
220.126708984375
 20
6.63076171875
 10
220.2452880859375
 20
6.61142578125
 10
220.3635498046875
 20
6.5903564453125
 10
220.481494140625
 20
6.5674072265625
 10
220.5989501953125
 20
6.5424072265625
 10
220.7159423828125
 20
6.515185546875
 10
220.832275390625
 20
6.485693359375
 10
220.9478759765625
 20
6.4537353515625
 10
221.0626220703125
 20
6.419140625
 10
221.1764404296875
 20
6.3818115234375
 10
221.2890869140625
 20
6.341552734375
 10
221.400537109375
 20
6.29833984375
 10
221.510595703125
 20
6.251904296875
 10
221.6191650390625
 20
6.2022705078125
 10
221.7260498046875
 20
6.1493408203125
 10
221.83115234375
 20
6.0930419921875
 10
221.9343017578125
 20
6.0333740234375
 10
222.035400390625
 20
5.9703369140625
 10
222.1343505859375
 20
5.903857421875
 10
222.231005859375
 20
5.834033203125
 10
222.325341796875
 20
5.7609130859375
 10
222.417236328125
 20
5.684619140625
 10
222.506640625
 20
5.605224609375
 10
222.593505859375
 20
5.5229248046875
 10
222.67783203125
 20
5.4378173828125
 10
222.759619140625
 20
5.350048828125
 10
222.83876953125
 20
5.25986328125
 10
222.915380859375
 20
5.167431640625
 10
222.9894775390625
 20
5.07294921875
 10
223.0610107421875
 20
4.9765625
 10
223.1300537109375
 20
4.8785400390625
 10
223.1966064453125
 20
4.779052734375
 10
223.2607666015625
 20
4.6782958984375
 10
223.3224365234375
 20
4.5764892578125
 10
223.3817138671875
 20
4.4738037109375
 10
223.4385498046875
 20
4.3703857421875
 10
223.4928955078125
 20
4.266455078125
 10
223.54462890625
 20
4.162158203125
 10
223.59384765625
 20
4.0576904296875
 10
223.6402587890625
 20
3.9531982421875
 10
223.6838134765625
 20
3.8489013671875
 10
223.72421875
 20
3.7448974609375
 10
223.76142578125
 20
3.6414306640625
 10
223.7950927734375
 20
3.5386474609375
 10
223.8250244140625
 20
3.4367919921875
 10
223.850927734375
 20
3.3360107421875
 10
223.8725341796875
 20
3.2365966796875
 10
223.889501953125
 20
3.138720703125
 10
223.9015869140625
 20
3.0426025390625
 10
223.9084716796875
 20
2.94853515625
 10
223.9098388671875
 20
2.8567626953125
 10
223.905517578125
 20
2.7675537109375
 10
223.8952392578125
 20
2.6811279296875
 10
223.878759765625
 20
2.597705078125
 10
223.85595703125
 20
2.517578125
 10
223.826806640625
 20
2.4409423828125
 10
223.7911376953125
 20
2.3680419921875
 10
223.7489990234375
 20
2.2990478515625
 10
223.7005126953125
 20
2.23408203125
 10
223.6456787109375
 20
2.17333984375
 10
223.584716796875
 20
2.116845703125
 10
223.517822265625
 20
2.0647216796875
 10
223.4452392578125
 20
2.016943359375
  0
LWPOLYLINE
  5
6B
330
17
100
AcDbEntity
  8
0
100
AcDbPolyline
 90
164
 70
1
 10
238.188720703125
 20
9.706103515625
 10
238.252880859375
 20
9.539453125
 10
238.2790771484375
 20
9.4626953125
 10
238.307958984375
 20
9.371044921875
 10
238.3387939453125
 20
9.2640869140625
 10
238.3616455078125
 20
9.1650634765625
 10
238.381689453125
 20
9.062060546875
 10
238.398583984375
 20
8.9577880859375
 10
238.413037109375
 20
8.8535888671875
 10
238.4264404296875
 20
8.7506591796875
 10
238.4395263671875
 20
8.6517578125
 10
238.458154296875
 20
8.5450439453125
 10
238.475146484375
 20
8.453515625
 10
238.490869140625
 20
8.3769287109375
 10
238.53479810926584
 20
8.210520053089477
 10
238.4251627697122
 20
1.9295156566880904
 10
238.36796875
 20
1.7777099609375
 10
238.3408203125
 20
1.7082275390625
 10
238.3079833984375
 20
1.6270263671875
 10
238.2698486328125
 20
1.5358154296875
 10
238.2257568359375
 20
1.4447021484375
 10
238.185205078125
 20
1.363623046875
 10
238.1489990234375
 20
1.2943115234375
 10
238.0590302273334
 20
1.142931771654912
 10
231.1186681420169
 20
1.2640762424794503
 10
230.9325439453125
 20
1.3073974609375
 10
230.8468017578125
 20
1.323046875
 10
230.744287109375
 20
1.339599609375
 10
230.6247314453125
 20
1.35703125
 10
230.5138671875
 20
1.368115234375
 10
230.3981201171875
 20
1.3780517578125
 10
230.2799560546875
 20
1.387060546875
 10
230.161767578125
 20
1.395458984375
 10
230.042529296875
 20
1.4048095703125
 10
229.9229736328125
 20
1.4157470703125
 10
229.803369140625
 20
1.4281494140625
 10
229.683837890625
 20
1.4421875
 10
229.5642822265625
 20
1.4574462890625
 10
229.4447021484375
 20
1.4736328125
 10
229.3251708984375
 20
1.4907470703125
 10
229.205615234375
 20
1.5091064453125
 10
229.0864013671875
 20
1.529296875
 10
228.967919921875
 20
1.5523193359375
 10
228.850830078125
 20
1.5793212890625
 10
228.736181640625
 20
1.6118896484375
 10
228.6253662109375
 20
1.651806640625
 10
228.5201416015625
 20
1.7003662109375
 10
228.4226318359375
 20
1.758154296875
 10
228.3341796875
 20
1.825048828125
 10
228.25654296875
 20
1.901123046875
 10
228.1907470703125
 20
1.9857421875
 10
228.1371826171875
 20
2.077587890625
 10
228.0955078125
 20
2.1748779296875
 10
228.0649658203125
 20
2.2760498046875
 10
228.044189453125
 20
2.3798583984375
 10
228.032470703125
 20
2.485400390625
 10
228.028759765625
 20
2.5917724609375
 10
228.0323974609375
 20
2.6983154296875
 10
228.043359375
 20
2.8047607421875
 10
228.0623291015625
 20
2.9111083984375
 10
228.0896484375
 20
3.0173583984375
 10
228.126025390625
 20
3.1234375
 10
228.171484375
 20
3.2294189453125
 10
228.225634765625
 20
3.335205078125
 10
228.28818359375
 20
3.4409423828125
 10
228.3580322265625
 20
3.5465576171875
 10
228.4334716796875
 20
3.652099609375
 10
228.512744140625
 20
3.757568359375
 10
228.594482421875
 20
3.863037109375
 10
228.67724609375
 20
3.9684814453125
 10
228.7599853515625
 20
4.073876953125
 10
228.8417236328125
 20
4.179345703125
 10
228.921337890625
 20
4.284814453125
 10
228.998193359375
 20
4.3903564453125
 10
229.072216796875
 20
4.4958984375
 10
229.142431640625
 20
4.601513671875
 10
229.2088134765625
 20
4.707177734375
 10
229.2710205078125
 20
4.812890625
 10
229.3290283203125
 20
4.918701171875
 10
229.383544921875
 20
5.024560546875
 10
229.4352783203125
 20
5.1304443359375
 10
229.4845703125
 20
5.236328125
 10
229.533154296875
 20
5.3422607421875
 10
229.5817626953125
 20
5.4482177734375
 10
229.63173828125
 20
5.5541015625
 10
229.683837890625
 20
5.6599853515625
 10
229.738720703125
 20
5.7658203125
 10
229.796728515625
 20
5.871630859375
 10
229.8585693359375
 20
5.9773681640625
 10
229.923583984375
 20
6.083056640625
 10
229.9913330078125
 20
6.1886962890625
 10
230.0612060546875
 20
6.2943359375
 10
230.1328125
 20
6.3999267578125
 10
230.205126953125
 20
6.505517578125
 10
230.277783203125
 20
6.6111328125
 10
230.349755859375
 20
6.716748046875
 10
230.4213623046875
 20
6.8223388671875
 10
230.4929931640625
 20
6.9276123046875
 10
230.5653076171875
 20
7.0322998046875
 10
230.639013671875
 20
7.1360107421875
 10
230.7151611328125
 20
7.2381591796875
 10
230.794775390625
 20
7.3380859375
 10
230.879296875
 20
7.4351318359375
 10
230.9690185546875
 20
7.5287109375
 10
231.0643310546875
 20
7.61875
 10
231.16484375
 20
7.705322265625
 10
231.270263671875
 20
7.788134765625
 10
231.380224609375
 20
7.8677734375
 10
231.4936767578125
 20
7.944873046875
 10
231.609521484375
 20
8.0197509765625
 10
231.7271484375
 20
8.092431640625
 10
231.8457763671875
 20
8.1626220703125
 10
231.9651123046875
 20
8.2300537109375
 10
232.0848388671875
 20
8.2952880859375
 10
232.204541015625
 20
8.3576904296875
 10
232.32421875
 20
8.4166748046875
 10
232.443896484375
 20
8.4722900390625
 10
232.5635986328125
 20
8.5251220703125
 10
232.6832763671875
 20
8.5757568359375
 10
232.802978515625
 20
8.6248291015625
 10
232.92265625
 20
8.6720458984375
 10
233.042333984375
 20
8.718017578125
 10
233.1619873046875
 20
8.7630859375
 10
233.281689453125
 20
8.8075439453125
 10
233.4013671875
 20
8.8513427734375
 10
233.521044921875
 20
8.89453125
 10
233.6407470703125
 20
8.937109375
 10
233.7604248046875
 20
8.9793701171875
 10
233.880126953125
 20
9.0213134765625
 10
233.9998046875
 20
9.0638916015625
 10
234.119482421875
 20
9.107080078125
 10
234.2391845703125
 20
9.1511962890625
 10
234.3588623046875
 20
9.196875
 10
234.478564453125
 20
9.2444091796875
 10
234.5982666015625
 20
9.2941162109375
 10
234.71796875
 20
9.3463134765625
 10
234.8377197265625
 20
9.4004150390625
 10
234.957421875
 20
9.4569580078125
 10
235.0771484375
 20
9.5156494140625
 10
235.196875
 20
9.5755859375
 10
235.3166015625
 20
9.6364990234375
 10
235.436328125
 20
9.697705078125
 10
235.5560546875
 20
9.758935546875
 10
235.67578125
 20
9.8197998046875
 10
235.7955078125
 20
9.878857421875
 10
235.915234375
 20
9.935693359375
 10
236.0349853515625
 20
9.990087890625
 10
236.1547119140625
 20
10.0413818359375
 10
236.2744384765625
 20
10.089501953125
 10
236.394140625
 20
10.133349609375
 10
236.5138671875
 20
10.171875
 10
236.63359375
 20
10.205126953125
 10
236.7532958984375
 20
10.2316162109375
 10
236.872998046875
 20
10.249951171875
 10
236.9926513671875
 20
10.2586669921875
 10
237.1123291015625
 20
10.2556640625
 10
237.231640625
 20
10.2405029296875
 10
237.3498779296875
 20
10.2135986328125
 10
237.4680908203125
 20
10.1729736328125
 10
237.583837890625
 20
10.1215576171875
 10
237.6947509765625
 20
10.0624267578125
 10
237.814306640625
 20
9.985791015625
 10
237.916796875
 20
9.9156005859375
 10
238.0025634765625
 20
9.853369140625
  0
ENDSEC
  0
SECTION
  2
OBJECTS
  0
DICTIONARY
  5
A
330
0
100
AcDbDictionary
281
1
  3
ACAD_COLOR
350
B
  3
ACAD_GROUP
350
C
  3
ACAD_LAYOUT
350
D
  3
ACAD_MATERIAL
350
E
  3
ACAD_MLEADERSTYLE
350
F
  3
ACAD_MLINESTYLE
350
10
  3
ACAD_PLOTSETTINGS
350
11
  3
ACAD_PLOTSTYLENAME
350
12
  3
ACAD_SCALELIST
350
14
  3
ACAD_TABLESTYLE
350
15
  3
ACAD_VISUALSTYLE
350
16
  3
EZDXF_META
350
2D
  0
DICTIONARY
  5
B
330
A
100
AcDbDictionary
281
1
  0
DICTIONARY
  5
C
330
A
100
AcDbDictionary
281
1
  0
DICTIONARY
  5
D
330
A
100
AcDbDictionary
281
1
  3
Model
350
1A
  3
Layout1
350
1E
  0
DICTIONARY
  5
E
330
A
100
AcDbDictionary
281
1
  3
ByBlock
350
1F
  3
ByLayer
350
20
  3
Global
350
21
  0
DICTIONARY
  5
F
330
A
100
AcDbDictionary
281
1
  3
Standard
350
2C
  0
DICTIONARY
  5
10
330
A
100
AcDbDictionary
281
1
  3
Standard
350
22
  0
DICTIONARY
  5
11
330
A
100
AcDbDictionary
281
1
  0
ACDBDICTIONARYWDFLT
  5
12
330
A
100
AcDbDictionary
281
1
  3
Normal
350
13
100
AcDbDictionaryWithDefault
340
13
  0
ACDBPLACEHOLDER
  5
13
330
12
  0
DICTIONARY
  5
14
330
A
100
AcDbDictionary
281
1
  0
DICTIONARY
  5
15
330
A
100
AcDbDictionary
281
1
  0
DICTIONARY
  5
16
330
A
100
AcDbDictionary
281
1
  0
LAYOUT
  5
1A
330
D
100
AcDbPlotSettings
  1

  4
A3
  6

 40
7.5
 41
20.0
 42
7.5
 43
20.0
 44
420.0
 45
297.0
 46
0.0
 47
0.0
 48
0.0
 49
0.0
140
0.0
141
0.0
142
1.0
143
1.0
 70
1024
 72
1
 73
0
 74
5
  7

 75
16
 76
0
 77
2
 78
300
147
1.0
148
0.0
149
0.0
100
AcDbLayout
  1
Model
 70
1
 71
0
 10
0.0
 20
0.0
 11
420.0
 21
297.0
 12
0.0
 22
0.0
 32
0.0
 14
1e+20
 24
1e+20
 34
1e+20
 15
-1e+20
 25
-1e+20
 35
-1e+20
146
0.0
 13
0.0
 23
0.0
 33
0.0
 16
1.0
 26
0.0
 36
0.0
 17
0.0
 27
1.0
 37
0.0
 76
1
330
17
  0
LAYOUT
  5
1E
330
D
100
AcDbPlotSettings
  1

  4
A3
  6

 40
7.5
 41
20.0
 42
7.5
 43
20.0
 44
420.0
 45
297.0
 46
0.0
 47
0.0
 48
0.0
 49
0.0
140
0.0
141
0.0
142
1.0
143
1.0
 70
0
 72
1
 73
0
 74
5
  7

 75
16
 76
0
 77
2
 78
300
147
1.0
148
0.0
149
0.0
100
AcDbLayout
  1
Layout1
 70
1
 71
1
 10
0.0
 20
0.0
 11
420.0
 21
297.0
 12
0.0
 22
0.0
 32
0.0
 14
1e+20
 24
1e+20
 34
1e+20
 15
-1e+20
 25
-1e+20
 35
-1e+20
146
0.0
 13
0.0
 23
0.0
 33
0.0
 16
1.0
 26
0.0
 36
0.0
 17
0.0
 27
1.0
 37
0.0
 76
1
330
1B
  0
MATERIAL
  5
1F
102
{ACAD_REACTORS
330
E
102
}
330
E
100
AcDbMaterial
  1
ByBlock
  2

 70
0
 40
1.0
 71
1
 41
1.0
 91
-1023410177
 42
1.0
 72
1
  3

 73
1
 74
1
 75
1
 44
0.5
 73
0
 45
1.0
 46
1.0
 77
1
  4

 78
1
 79
1
170
1
 48
1.0
171
1
  6

172
1
173
1
174
1
140
1.0
141
1.0
175
1
  7

176
1
177
1
178
1
143
1.0
179
1
  8

270
1
271
1
272
1
145
1.0
146
1.0
273
1
  9

274
1
275
1
276
1
 42
1.0
 72
1
  3

 73
1
 74
1
 75
1
 94
63
  0
MATERIAL
  5
20
102
{ACAD_REACTORS
330
E
102
}
330
E
100
AcDbMaterial
  1
ByLayer
  2

 70
0
 40
1.0
 71
1
 41
1.0
 91
-1023410177
 42
1.0
 72
1
  3

 73
1
 74
1
 75
1
 44
0.5
 73
0
 45
1.0
 46
1.0
 77
1
  4

 78
1
 79
1
170
1
 48
1.0
171
1
  6

172
1
173
1
174
1
140
1.0
141
1.0
175
1
  7

176
1
177
1
178
1
143
1.0
179
1
  8

270
1
271
1
272
1
145
1.0
146
1.0
273
1
  9

274
1
275
1
276
1
 42
1.0
 72
1
  3

 73
1
 74
1
 75
1
 94
63
  0
MATERIAL
  5
21
102
{ACAD_REACTORS
330
E
102
}
330
E
100
AcDbMaterial
  1
Global
  2

 70
0
 40
1.0
 71
1
 41
1.0
 91
-1023410177
 42
1.0
 72
1
  3

 73
1
 74
1
 75
1
 44
0.5
 73
0
 45
1.0
 46
1.0
 77
1
  4

 78
1
 79
1
170
1
 48
1.0
171
1
  6

172
1
173
1
174
1
140
1.0
141
1.0
175
1
  7

176
1
177
1
178
1
143
1.0
179
1
  8

270
1
271
1
272
1
145
1.0
146
1.0
273
1
  9

274
1
275
1
276
1
 42
1.0
 72
1
  3

 73
1
 74
1
 75
1
 94
63
  0
MLINESTYLE
  5
22
102
{ACAD_REACTORS
330
10
102
}
330
10
100
AcDbMlineStyle
  2
Standard
 70
0
  3

 62
256
 51
90.0
 52
90.0
 71
2
 49
0.5
 62
256
  6
BYLAYER
 49
-0.5
 62
256
  6
BYLAYER
  0
MLEADERSTYLE
  5
2C
102
{ACAD_REACTORS
330
F
102
}
330
F
100
AcDbMLeaderStyle
179
2
170
2
171
1
172
0
 90
2
 40
0.0
 41
0.0
173
1
 91
-1056964608
 92
-2
290
1
 42
2.0
291
1
 43
8.0
  3
Standard
 44
4.0
300

342
29
174
1
175
1
176
0
178
1
 93
-1056964608
 45
4.0
292
0
297
0
 46
4.0
 94
-1056964608
 47
1.0
 49
1.0
140
1.0
294
1
141
0.0
177
0
142
1.0
295
0
296
0
143
3.75
271
0
272
9
273
9
  0
DICTIONARY
  5
2D
330
A
100
AcDbDictionary
280
1
281
1
  3
CREATED_BY_EZDXF
350
2E
  3
WRITTEN_BY_EZDXF
350
6E
  0
DICTIONARYVAR
  5
2E
330
2D
100
DictionaryVariables
280
0
  1
1.4.4 @ 2026-07-16T10:10:48.842080+00:00
  0
DICTIONARYVAR
  5
6E
330
2D
100
DictionaryVariables
280
0
  1
1.4.4 @ 2026-07-16T10:10:49.415312+00:00
  0
ENDSEC
  0
EOF
